I0,I1,I2,I3
-1.109926,2.015336,0.000000,3.644356
-0.871583,1.922499,0.000000,3.644356
-0.398180,1.533609,0.000000,3.644356
-0.111369,1.068984,0.000000,3.644356
-0.271973,1.539488,0.000000,3.644356
-0.239357,1.500173,0.000000,3.644356
-0.206016,1.261195,0.000000,3.644356
-0.289287,1.445533,0.000000,3.644356
-0.256871,1.383417,0.000000,3.644356
-0.203734,1.345713,0.000000,3.644356
-0.262871,1.396956,0.000000,3.644356
-0.177212,1.320974,0.000000,3.644356
-0.192028,1.349511,0.000000,3.644356
-0.291838,1.404466,0.000000,3.644356
-0.245160,1.382952,0.000000,3.644356
-0.183682,1.341285,0.000000,3.644356
-0.263106,1.368559,0.000000,3.644356
-0.257998,1.388421,0.000000,3.644356
-0.258587,1.395145,0.000000,3.644356
-0.144080,1.338886,0.000000,3.644356
-0.136751,1.309278,0.000000,3.644356
-0.254270,1.389109,0.000000,3.644356
-0.268567,1.379588,0.000000,3.644356
-0.183682,1.341285,0.000000,3.644356
-0.189054,1.352357,0.000000,3.644356
-0.267999,1.372883,0.000000,3.644356
-0.182840,1.362595,0.000000,3.644356
-0.185424,1.352859,0.000000,3.644356
-0.174311,1.358881,0.000000,3.644356
-0.195841,1.344431,0.000000,3.644356
-0.190649,1.368491,0.000000,3.644356
-0.177958,1.358409,0.000000,3.644356
-0.257440,1.385913,0.000000,3.644356
-0.253719,1.386598,0.000000,3.644356
-0.254270,1.389109,0.000000,3.644356
-0.253719,1.386598,0.000000,3.644356
-0.191249,1.370833,0.000000,3.644356
-0.259734,1.404377,0.000000,3.644356
-0.273465,1.388087,0.000000,3.644356
-0.185424,1.352859,0.000000,3.644356
-0.266009,1.389536,0.000000,3.644356
-0.187744,1.347700,0.000000,3.644356
-0.194929,1.370314,0.000000,3.644356
-0.183682,1.341285,0.000000,3.644356
-0.195036,1.365792,0.000000,3.644356
-0.180358,1.367807,0.000000,3.644356
-0.191562,1.342609,0.000000,3.644356
-0.183300,1.369495,0.000000,3.644356
-0.181155,1.351013,0.000000,3.644356
-0.139531,1.341797,0.000000,3.644356
-0.253172,1.379871,0.000000,3.644356
-0.248317,1.375540,0.000000,3.644356
-0.187105,1.364452,0.000000,3.644356
-0.184779,1.350523,0.000000,3.644356
-0.144852,1.317765,0.000000,3.644356
-0.254811,1.391632,0.000000,3.644356
-0.256876,1.379186,0.000000,3.644356
-0.180671,1.379225,0.000000,3.644356
-0.241446,1.383606,0.000000,3.644356
-0.259430,1.369260,0.000000,3.644356
-0.187956,1.343119,0.000000,3.644356
-0.131976,1.335509,0.000000,3.644356
-0.191369,1.366310,0.000000,3.644356
-0.190766,1.363946,0.000000,3.644356
-0.181155,1.351013,0.000000,3.644356
-0.251410,1.372388,0.000000,3.644356
-0.243526,1.366965,0.000000,3.644356
-0.184779,1.350523,0.000000,3.644356
-0.191771,1.377726,0.000000,3.644356
-0.254841,1.395833,0.000000,3.644356
-0.198086,1.362902,0.000000,3.644356
-0.185877,1.359761,0.000000,3.644356
-0.187569,1.371341,0.000000,3.644356
-0.179030,1.367650,0.000000,3.644356
-0.186497,1.362100,0.000000,3.644356
-0.245199,1.378700,0.000000,3.644356
-0.231829,1.397249,0.000000,3.644356
-0.182227,1.360254,0.000000,3.644356
-0.175812,1.339927,0.000000,3.644356
-0.256876,1.379186,0.000000,3.644356
-0.152340,1.347334,0.000000,3.644356
-0.180744,1.344108,0.000000,3.644356
-0.177958,1.358409,0.000000,3.644356
-0.192684,1.351844,0.000000,3.644356
-0.185877,1.359761,0.000000,3.644356
-0.244587,1.380479,0.000000,3.644356
-0.191133,1.335715,0.000000,3.644356
-0.248898,1.378037,0.000000,3.644356
-0.142362,1.327393,0.000000,3.644356
-0.252597,1.377363,0.000000,3.644356
-0.261724,1.387724,0.000000,3.644356
-0.182840,1.362595,0.000000,3.644356
-0.181487,1.322809,0.000000,3.644356
-0.143801,1.343643,0.000000,3.644356
-0.177958,1.358409,0.000000,3.644356
-0.180505,1.348688,0.000000,3.644356
-0.148723,1.347738,0.000000,3.644356
-0.253719,1.386598,0.000000,3.644356
-0.181792,1.353351,0.000000,3.644356
-0.184779,1.350523,0.000000,3.644356
-0.153760,1.328444,0.000000,3.644356
-0.262278,1.390244,0.000000,3.644356
-0.181792,1.353351,0.000000,3.644356
-0.267975,1.377073,0.000000,3.644356
-0.237732,1.384249,0.000000,3.644356
-0.233300,1.409009,0.000000,3.644356
-0.251614,1.399027,0.000000,3.644356
-0.173688,1.356563,0.000000,3.644356
-0.264862,1.380303,0.000000,3.644356
-0.253172,1.379871,0.000000,3.644356
-0.184779,1.350523,0.000000,3.644356
-0.246577,1.363826,0.000000,3.644356
-0.243440,1.371247,0.000000,3.644356
-0.170661,1.359345,0.000000,3.644356
-0.186974,1.368999,0.000000,3.644356
-0.141483,1.348518,0.000000,3.644356
-0.176885,1.349168,0.000000,3.644356
-0.240349,1.374368,0.000000,3.644356
-0.148070,1.345488,0.000000,3.644356
-0.185424,1.352859,0.000000,3.644356
-0.193328,1.354191,0.000000,3.644356
-0.251474,1.368128,0.000000,3.644356
-0.174311,1.358881,0.000000,3.644356
-0.251474,1.368128,0.000000,3.644356
-0.251474,1.368128,0.000000,3.644356
-0.175812,1.339927,0.000000,3.644356
-0.252597,1.377363,0.000000,3.644356
-0.193328,1.354191,0.000000,3.644356
-0.245160,1.382952,0.000000,3.644356
-0.165378,1.348230,0.000000,3.644356
-0.185424,1.352859,0.000000,3.644356
-0.181155,1.351013,0.000000,3.644356
-0.177958,1.358409,0.000000,3.644356
-0.177527,1.351494,0.000000,3.644356
-0.284797,1.408593,0.000000,3.644356
-0.196964,1.353667,0.000000,3.644356
-0.251166,1.400754,0.000000,3.644356
-0.168998,1.347780,0.000000,3.644356
-0.195651,1.348991,0.000000,3.644356
-0.192231,1.344953,0.000000,3.644356
-0.297464,1.387009,0.000000,3.644356
-0.186859,1.333881,0.000000,3.644356
-0.177527,1.351494,0.000000,3.644356
-0.181155,1.351013,0.000000,3.644356
-0.175432,1.333007,0.000000,3.644356
-0.180505,1.348688,0.000000,3.644356
-0.247800,1.368799,0.000000,3.644356
-0.176479,1.342250,0.000000,3.644356
-0.170046,1.357024,0.000000,3.644356
-0.185877,1.359761,0.000000,3.644356
-0.272308,1.383068,0.000000,3.644356
-0.142743,1.322650,0.000000,3.644356
-0.182584,1.332047,0.000000,3.644356
-0.245160,1.382952,0.000000,3.644356
-0.193175,1.358743,0.000000,3.644356
-0.263681,1.375285,0.000000,3.644356
-0.145738,1.350398,0.000000,3.644356
-0.250018,1.391522,0.000000,3.644356
-0.186497,1.362100,0.000000,3.644356
-0.244623,1.376203,0.000000,3.644356
-0.177958,1.358409,0.000000,3.644356
-0.253719,1.386598,0.000000,3.644356
-0.238636,1.362659,0.000000,3.644356
-0.244038,1.373717,0.000000,3.644356
-0.237732,1.384249,0.000000,3.644356
-0.187569,1.371341,0.000000,3.644356
-0.174311,1.358881,0.000000,3.644356
-0.247195,1.366305,0.000000,3.644356
-0.226037,1.383638,0.000000,3.644356
-0.181155,1.351013,0.000000,3.644356
-0.184351,1.343618,0.000000,3.644356
-0.243053,1.360218,0.000000,3.644356
-0.256876,1.379186,0.000000,3.644356
-0.264278,1.377788,0.000000,3.644356
-0.179407,1.339450,0.000000,3.644356
-0.176885,1.349168,0.000000,3.644356
-0.173898,1.351967,0.000000,3.644356
-0.176479,1.342250,0.000000,3.644356
-0.183300,1.369495,0.000000,3.644356
-0.248396,1.371305,0.000000,3.644356
-0.245199,1.378700,0.000000,3.644356
-0.191133,1.335715,0.000000,3.644356
-0.179407,1.339450,0.000000,3.644356
-0.234556,1.387375,0.000000,3.644356
-0.258283,1.360028,0.000000,3.644356
-0.177527,1.351494,0.000000,3.644356
-0.246577,1.363826,0.000000,3.644356
-0.193175,1.358743,0.000000,3.644356
-0.181155,1.351013,0.000000,3.644356
-0.232897,1.379938,0.000000,3.644356
-0.243440,1.371247,0.000000,3.644356
-0.253754,1.390846,0.000000,3.644356
-0.294936,1.397028,0.000000,3.644356
-0.242293,1.362015,0.000000,3.644356
-0.187569,1.371341,0.000000,3.644356
-0.132640,1.337749,0.000000,3.644356
-0.245721,1.385441,0.000000,3.644356
-0.153412,1.356575,0.000000,3.644356
-0.247405,1.401423,0.000000,3.644356
-0.179407,1.339450,0.000000,3.644356
-0.181155,1.351013,0.000000,3.644356
-0.183279,1.334377,0.000000,3.644356
-0.242916,1.364482,0.000000,3.644356
-0.177958,1.358409,0.000000,3.644356
-0.252075,1.370633,0.000000,3.644356
-0.240881,1.381130,0.000000,3.644356
-0.257440,1.385913,0.000000,3.644356
-0.253156,1.384102,0.000000,3.644356
-0.259430,1.369260,0.000000,3.644356
-0.190440,1.333374,0.000000,3.644356
-0.235479,1.370072,0.000000,3.644356
-0.131976,1.335509,0.000000,3.644356
-0.134881,1.332922,0.000000,3.644356
-0.194719,1.335196,0.000000,3.644356
-0.130978,1.326259,0.000000,3.644356
-0.177527,1.351494,0.000000,3.644356
-0.253172,1.379871,0.000000,3.644356
-0.241497,1.379352,0.000000,3.644356
-0.249439,1.384775,0.000000,3.644356
-0.247724,1.373058,0.000000,3.644356
-0.253156,1.384102,0.000000,3.644356
-0.193780,1.337446,0.000000,3.644356
-0.244038,1.373717,0.000000,3.644356
-0.184779,1.350523,0.000000,3.644356
-0.192684,1.351844,0.000000,3.644356
-0.178575,1.360738,0.000000,3.644356
-0.182840,1.362595,0.000000,3.644356
-0.257440,1.385913,0.000000,3.644356
-0.184351,1.343618,0.000000,3.644356
-0.247195,1.366305,0.000000,3.644356
-0.249439,1.384775,0.000000,3.644356
-0.252597,1.377363,0.000000,3.644356
-0.244623,1.376203,0.000000,3.644356
-0.253156,1.384102,0.000000,3.644356
-0.190881,1.340279,0.000000,3.644356
-0.178575,1.360738,0.000000,3.644356
-0.260577,1.378492,0.000000,3.644356
-0.126723,1.324379,0.000000,3.644356
-0.192891,1.347310,0.000000,3.644356
-0.264877,1.384510,0.000000,3.644356
-0.185877,1.359761,0.000000,3.644356
-0.181602,1.357926,0.000000,3.644356
-0.193175,1.358743,0.000000,3.644356
-0.168998,1.347780,0.000000,3.644356
-0.244587,1.380479,0.000000,3.644356
-0.191249,1.370833,0.000000,3.644356
-0.230830,1.388000,0.000000,3.644356
-0.252009,1.374869,0.000000,3.644356
-0.145738,1.350398,0.000000,3.644356
-0.141655,1.325161,0.000000,3.644356
-0.184779,1.350523,0.000000,3.644356
-0.180082,1.341772,0.000000,3.644356
-0.176230,1.346854,0.000000,3.644356
-0.184125,1.348198,0.000000,3.644356
-0.240929,1.376854,0.000000,3.644356
-0.174311,1.358881,0.000000,3.644356
-0.242916,1.364482,0.000000,3.644356
-0.177958,1.358409,0.000000,3.644356
-0.177527,1.351494,0.000000,3.644356
-0.244038,1.373717,0.000000,3.644356
-0.255699,1.374188,0.000000,3.644356
-0.241497,1.379352,0.000000,3.644356
-0.146126,1.357380,0.000000,3.644356
-0.238636,1.362659,0.000000,3.644356
-0.189273,1.347822,0.000000,3.644356
-0.182700,1.367164,0.000000,3.644356
-0.242002,1.386095,0.000000,3.644356
-0.187956,1.343119,0.000000,3.644356
-0.188072,1.378237,0.000000,3.644356
-0.190881,1.340279,0.000000,3.644356
-0.174740,1.330686,0.000000,3.644356
-0.185877,1.359761,0.000000,3.644356
-0.177958,1.358409,0.000000,3.644356
-0.249439,1.384775,0.000000,3.644356
-0.256871,1.383417,0.000000,3.644356
-0.189273,1.347822,0.000000,3.644356
-0.191249,1.370833,0.000000,3.644356
-0.184351,1.343618,0.000000,3.644356
-0.253156,1.384102,0.000000,3.644356
-0.131301,1.333281,0.000000,3.644356
-0.257440,1.385913,0.000000,3.644356
-0.174740,1.330686,0.000000,3.644356
-0.252075,1.370633,0.000000,3.644356
-0.187956,1.343119,0.000000,3.644356
-0.183888,1.371839,0.000000,3.644356
-0.187569,1.371341,0.000000,3.644356
-0.146308,1.334014,0.000000,3.644356
-0.189694,1.354705,0.000000,3.644356
-0.181155,1.351013,0.000000,3.644356
-0.180505,1.348688,0.000000,3.644356
-0.237732,1.384249,0.000000,3.644356
-0.189054,1.352357,0.000000,3.644356
-0.184779,1.350523,0.000000,3.644356
-0.180744,1.344108,0.000000,3.644356
-0.174522,1.354309,0.000000,3.644356
-0.174311,1.358881,0.000000,3.644356
-0.184779,1.350523,0.000000,3.644356
-0.265450,1.387017,0.000000,3.644356
-0.181155,1.351013,0.000000,3.644356
-0.185877,1.359761,0.000000,3.644356
-0.181155,1.351013,0.000000,3.644356
-0.242916,1.364482,0.000000,3.644356
-0.182227,1.360254,0.000000,3.644356
-0.173898,1.351967,0.000000,3.644356
-0.189054,1.352357,0.000000,3.644356
-0.246282,1.392188,0.000000,3.644356
-0.178310,1.330212,0.000000,3.644356
-0.256994,1.355045,0.000000,3.644356
-0.131976,1.335509,0.000000,3.644356
-0.184351,1.343618,0.000000,3.644356
-0.181155,1.351013,0.000000,3.644356
-0.177527,1.351494,0.000000,3.644356
-0.184779,1.350523,0.000000,3.644356
-0.176885,1.349168,0.000000,3.644356
-0.173688,1.356563,0.000000,3.644356
-0.247724,1.373058,0.000000,3.644356
-0.178575,1.360738,0.000000,3.644356
-0.243440,1.371247,0.000000,3.644356
-0.182227,1.360254,0.000000,3.644356
-0.188405,1.350021,0.000000,3.644356
-0.145506,1.355124,0.000000,3.644356
-0.253719,1.386598,0.000000,3.644356
-0.193328,1.354191,0.000000,3.644356
-0.178575,1.360738,0.000000,3.644356
-0.145610,1.331793,0.000000,3.644356
-0.176885,1.349168,0.000000,3.644356
-0.137863,1.348892,0.000000,3.644356
-0.232897,1.379938,0.000000,3.644356
-0.181155,1.351013,0.000000,3.644356
-0.185877,1.359761,0.000000,3.644356
-0.190151,1.361595,0.000000,3.644356
-0.251166,1.400754,0.000000,3.644356
-0.171543,1.338081,0.000000,3.644356
-0.183682,1.341285,0.000000,3.644356
-0.174761,1.365804,0.000000,3.644356
-0.169638,1.350098,0.000000,3.644356
-0.234016,1.384882,0.000000,3.644356
-0.256473,1.348301,0.000000,3.644356
-0.241450,1.387900,0.000000,3.644356
-0.249995,1.387275,0.000000,3.644356
-0.250238,1.363159,0.000000,3.644356
-0.253156,1.384102,0.000000,3.644356
-0.177527,1.351494,0.000000,3.644356
-0.181602,1.357926,0.000000,3.644356
-0.169269,1.343180,0.000000,3.644356
-0.142034,1.320393,0.000000,3.644356
-0.240881,1.381130,0.000000,3.644356
-0.176885,1.349168,0.000000,3.644356
-0.177527,1.351494,0.000000,3.644356
-0.145103,1.348133,0.000000,3.644356
-0.261160,1.385217,0.000000,3.644356
-0.173898,1.351967,0.000000,3.644356
-0.251410,1.372388,0.000000,3.644356
-0.234871,1.367624,0.000000,3.644356
-0.267975,1.377073,0.000000,3.644356
-0.185424,1.352859,0.000000,3.644356
-0.190038,1.366164,0.000000,3.644356
-0.188405,1.350021,0.000000,3.644356
-0.185877,1.359761,0.000000,3.644356
-0.177527,1.351494,0.000000,3.644356
-0.157326,1.328026,0.000000,3.644356
-0.188244,1.354620,0.000000,3.644356
-0.230077,1.359014,0.000000,3.644356
-0.181155,1.351013,0.000000,3.644356
-0.252582,1.381617,0.000000,3.644356
-0.181155,1.351013,0.000000,3.644356
-0.145103,1.348133,0.000000,3.644356
-0.136584,1.344396,0.000000,3.644356
-0.146998,1.336247,0.000000,3.644356
-0.286283,1.389360,0.000000,3.644356
-0.173263,1.349637,0.000000,3.644356
-0.178575,1.360738,0.000000,3.644356
-0.174311,1.358881,0.000000,3.644356
-0.148388,1.317372,0.000000,3.644356
-0.256871,1.383417,0.000000,3.644356
-0.245160,1.382952,0.000000,3.644356
-0.250862,1.365638,0.000000,3.644356
-0.247701,1.377357,0.000000,3.644356
-0.185424,1.352859,0.000000,3.644356
-0.177328,1.356092,0.000000,3.644356
-0.170046,1.357024,0.000000,3.644356
-0.229751,1.383025,0.000000,3.644356
-0.172526,1.335811,0.000000,3.644356
-0.133515,1.316656,0.000000,3.644356
-0.247405,1.401423,0.000000,3.644356
-0.141655,1.325161,0.000000,3.644356
-0.138458,1.332556,0.000000,3.644356
-0.180505,1.348688,0.000000,3.644356
-0.137229,1.346638,0.000000,3.644356
-0.228703,1.373781,0.000000,3.644356
-0.179407,1.339450,0.000000,3.644356
-0.184351,1.343618,0.000000,3.644356
-0.143057,1.329640,0.000000,3.644356
-0.174921,1.361214,0.000000,3.644356
-0.248898,1.378037,0.000000,3.644356
-0.180505,1.348688,0.000000,3.644356
-0.134538,1.325903,0.000000,3.644356
-0.175812,1.339927,0.000000,3.644356
-0.187956,1.343119,0.000000,3.644356
-0.180744,1.344108,0.000000,3.644356
-0.252582,1.381617,0.000000,3.644356
-0.249439,1.384775,0.000000,3.644356
-0.181792,1.353351,0.000000,3.644356
-0.262484,1.366059,0.000000,3.644356
-0.173263,1.349637,0.000000,3.644356
-0.240881,1.381130,0.000000,3.644356
-0.176479,1.342250,0.000000,3.644356
-0.182840,1.362595,0.000000,3.644356
-0.172615,1.347322,0.000000,3.644356
-0.234016,1.384882,0.000000,3.644356
-0.176111,1.335343,0.000000,3.644356
-0.249439,1.384775,0.000000,3.644356
-0.142890,1.364758,0.000000,3.644356
-0.173524,1.345060,0.000000,3.644356
-0.185449,1.329236,0.000000,3.644356
-0.131976,1.335509,0.000000,3.644356
-0.182840,1.362595,0.000000,3.644356
-0.170470,1.328840,0.000000,3.644356
-0.246818,1.394679,0.000000,3.644356
-0.249715,1.356405,0.000000,3.644356
-0.247724,1.373058,0.000000,3.644356
-0.181792,1.353351,0.000000,3.644356
-0.244038,1.373717,0.000000,3.644356
-0.149485,1.326610,0.000000,3.644356
-0.246347,1.396475,0.000000,3.644356
-0.247121,1.370588,0.000000,3.644356
-0.238269,1.391010,0.000000,3.644356
-0.173263,1.349637,0.000000,3.644356
-0.255699,1.374188,0.000000,3.644356
-0.184779,1.350523,0.000000,3.644356
-0.242916,1.364482,0.000000,3.644356
-0.251410,1.372388,0.000000,3.644356
-0.178310,1.330212,0.000000,3.644356
-0.245160,1.382952,0.000000,3.644356
-0.240881,1.381130,0.000000,3.644356
-0.242293,1.362015,0.000000,3.644356
-0.183300,1.369495,0.000000,3.644356
-0.244587,1.380479,0.000000,3.644356
-0.233463,1.382404,0.000000,3.644356
-0.248871,1.382290,0.000000,3.644356
-0.254528,1.364959,0.000000,3.644356
-0.181155,1.351013,0.000000,3.644356
-0.177958,1.358409,0.000000,3.644356
-0.246577,1.363826,0.000000,3.644356
-0.255093,1.371708,0.000000,3.644356
-0.244587,1.380479,0.000000,3.644356
-0.191361,1.347191,0.000000,3.644356
-0.232390,1.373163,0.000000,3.644356
-0.246073,1.357070,0.000000,3.644356
-0.238636,1.362659,0.000000,3.644356
-0.167592,1.331605,0.000000,3.644356
-0.233463,1.382404,0.000000,3.644356
-0.195523,1.372667,0.000000,3.644356
-0.237723,1.388542,0.000000,3.644356
-0.138798,1.327771,0.000000,3.644356
-0.255093,1.371708,0.000000,3.644356
-0.184779,1.350523,0.000000,3.644356
-0.247724,1.373058,0.000000,3.644356
-0.166013,1.350549,0.000000,3.644356
-0.243075,1.395336,0.000000,3.644356
-0.186497,1.362100,0.000000,3.644356
-0.185877,1.359761,0.000000,3.644356
-0.181602,1.357926,0.000000,3.644356
-0.191361,1.347191,0.000000,3.644356
-0.136584,1.344396,0.000000,3.644356
-0.171543,1.338081,0.000000,3.644356
-0.183682,1.341285,0.000000,3.644356
-0.138458,1.332556,0.000000,3.644356
-0.245160,1.382952,0.000000,3.644356
-0.139821,1.337018,0.000000,3.644356
-0.174311,1.358881,0.000000,3.644356
-0.198606,1.369786,0.000000,3.644356
-0.190151,1.361595,0.000000,3.644356
-0.179030,1.367650,0.000000,3.644356
-0.248317,1.375540,0.000000,3.644356
-0.173688,1.356563,0.000000,3.644356
-0.230245,1.354681,0.000000,3.644356
-0.245430,1.354594,0.000000,3.644356
-0.137229,1.346638,0.000000,3.644356
-0.147406,1.343252,0.000000,3.644356
-0.231317,1.363922,0.000000,3.644356
-0.249439,1.384775,0.000000,3.644356
-0.254811,1.391632,0.000000,3.644356
-0.165015,1.341300,0.000000,3.644356
-0.232968,1.375638,0.000000,3.644356
-0.248293,1.379817,0.000000,3.644356
-0.184351,1.343618,0.000000,3.644356
-0.174311,1.358881,0.000000,3.644356
-0.173263,1.349637,0.000000,3.644356
-0.177958,1.358409,0.000000,3.644356
-0.181155,1.351013,0.000000,3.644356
-0.230296,1.385506,0.000000,3.644356
-0.143801,1.343643,0.000000,3.644356
-0.291309,1.401901,0.000000,3.644356
-0.177958,1.358409,0.000000,3.644356
-0.260583,1.382722,0.000000,3.644356
-0.241497,1.379352,0.000000,3.644356
-0.249439,1.384775,0.000000,3.644356
-0.242003,1.390365,0.000000,3.644356
-0.137229,1.346638,0.000000,3.644356
-0.194322,1.367975,0.000000,3.644356
-0.246881,1.398943,0.000000,3.644356
-0.240303,1.378668,0.000000,3.644356
-0.253754,1.390846,0.000000,3.644356
-0.177601,1.327905,0.000000,3.644356
-0.169418,1.354717,0.000000,3.644356
-0.239758,1.371895,0.000000,3.644356
-0.239878,1.402731,0.000000,3.644356
-0.234977,1.363296,0.000000,3.644356
-0.143057,1.329640,0.000000,3.644356
-0.250238,1.363159,0.000000,3.644356
-0.181602,1.357926,0.000000,3.644356
-0.232390,1.373163,0.000000,3.644356
-0.180082,1.341772,0.000000,3.644356
-0.173263,1.349637,0.000000,3.644356
-0.248317,1.375540,0.000000,3.644356
-0.247724,1.373058,0.000000,3.644356
-0.255699,1.374188,0.000000,3.644356
-0.236601,1.379307,0.000000,3.644356
-0.243440,1.371247,0.000000,3.644356
-0.180505,1.348688,0.000000,3.644356
-0.140485,1.339269,0.000000,3.644356
-0.176479,1.342250,0.000000,3.644356
-0.194322,1.367975,0.000000,3.644356
-0.255699,1.374188,0.000000,3.644356
-0.245430,1.354594,0.000000,3.644356
-0.183279,1.334377,0.000000,3.644356
-0.223319,1.393489,0.000000,3.644356
-0.187744,1.347700,0.000000,3.644356
-0.188642,1.380582,0.000000,3.644356
-0.127417,1.326605,0.000000,3.644356
-0.178575,1.360738,0.000000,3.644356
-0.259430,1.369260,0.000000,3.644356
-0.172215,1.340393,0.000000,3.644356
-0.181602,1.357926,0.000000,3.644356
-0.177937,1.323291,0.000000,3.644356
-0.130978,1.326259,0.000000,3.644356
-0.182840,1.362595,0.000000,3.644356
-0.174740,1.330686,0.000000,3.644356
-0.176230,1.346854,0.000000,3.644356
-0.139531,1.341797,0.000000,3.644356
-0.181602,1.357926,0.000000,3.644356
-0.176885,1.349168,0.000000,3.644356
-0.242002,1.386095,0.000000,3.644356
-0.196878,1.330009,0.000000,3.644356
-0.183888,1.371839,0.000000,3.644356
-0.173263,1.349637,0.000000,3.644356
-0.167950,1.338536,0.000000,3.644356
-0.231799,1.370700,0.000000,3.644356
-0.249439,1.384775,0.000000,3.644356
-0.189054,1.352357,0.000000,3.644356
-0.145211,1.324776,0.000000,3.644356
-0.187744,1.347700,0.000000,3.644356
-0.146308,1.334014,0.000000,3.644356
-0.239758,1.371895,0.000000,3.644356
-0.180744,1.344108,0.000000,3.644356
-0.237232,1.377495,0.000000,3.644356
-0.186974,1.368999,0.000000,3.644356
-0.182227,1.360254,0.000000,3.644356
-0.240881,1.381130,0.000000,3.644356
-0.178157,1.353836,0.000000,3.644356
-0.190766,1.363946,0.000000,3.644356
-0.183682,1.341285,0.000000,3.644356
-0.183682,1.341285,0.000000,3.644356
-0.247800,1.368799,0.000000,3.644356
-0.170046,1.357024,0.000000,3.644356
-0.244587,1.380479,0.000000,3.644356
-0.265450,1.387017,0.000000,3.644356
-0.137050,1.316292,0.000000,3.644356
-0.239758,1.371895,0.000000,3.644356
-0.181602,1.357926,0.000000,3.644356
-0.181602,1.357926,0.000000,3.644356
-0.240881,1.381130,0.000000,3.644356
-0.144113,1.315538,0.000000,3.644356
-0.182700,1.367164,0.000000,3.644356
-0.171167,1.331149,0.000000,3.644356
-0.189527,1.359256,0.000000,3.644356
-0.147406,1.343252,0.000000,3.644356
-0.186497,1.362100,0.000000,3.644356
-0.192231,1.344953,0.000000,3.644356
-0.249995,1.387275,0.000000,3.644356
-0.184125,1.348198,0.000000,3.644356
-0.179696,1.334864,0.000000,3.644356
-0.181155,1.351013,0.000000,3.644356
-0.176479,1.342250,0.000000,3.644356
-0.253156,1.384102,0.000000,3.644356
-0.129364,1.345109,0.000000,3.644356
-0.177958,1.358409,0.000000,3.644356
-0.189054,1.352357,0.000000,3.644356
-0.176885,1.349168,0.000000,3.644356
-0.186057,1.355209,0.000000,3.644356
-0.176230,1.346854,0.000000,3.644356
-0.238269,1.391010,0.000000,3.644356
-0.250238,1.363159,0.000000,3.644356
-0.183682,1.341285,0.000000,3.644356
-0.241793,1.355247,0.000000,3.644356
-0.245160,1.382952,0.000000,3.644356
-0.242543,1.392845,0.000000,3.644356
-0.253156,1.384102,0.000000,3.644356
-0.244587,1.380479,0.000000,3.644356
-0.237171,1.381772,0.000000,3.644356
-0.298293,1.420679,0.000000,3.644356
-0.129364,1.345109,0.000000,3.644356
-0.188152,1.373696,0.000000,3.644356
-0.180082,1.341772,0.000000,3.644356
-0.246818,1.394679,0.000000,3.644356
-0.186974,1.368999,0.000000,3.644356
-0.252582,1.381617,0.000000,3.644356
-0.243075,1.395336,0.000000,3.644356
-0.184895,1.385641,0.000000,3.644356
-0.253754,1.390846,0.000000,3.644356
-0.250018,1.391522,0.000000,3.644356
-0.253156,1.384102,0.000000,3.644356
-0.255450,1.402565,0.000000,3.644356
-0.191249,1.370833,0.000000,3.644356
-0.259215,1.401875,0.000000,3.644356
-0.275859,1.406538,0.000000,3.644356
-0.247405,1.401423,0.000000,3.644356
-0.252313,1.409986,0.000000,3.644356
-0.318606,1.425763,0.000000,3.644356
-0.271565,1.404750,0.000000,3.644356
-0.260881,1.413609,0.000000,3.644356
-0.287927,1.410966,0.000000,3.644356
-0.262028,1.422841,0.000000,3.644356
-0.344489,1.466059,0.000000,3.644356
-0.328638,1.500903,0.000000,3.644356
-0.116367,1.412574,0.000000,3.644356
0.036476,1.382009,0.000000,3.644356
0.038466,1.412524,0.000000,3.644356
0.070556,1.426897,0.000000,3.644356
0.065158,1.436251,0.000000,3.644356
0.046610,1.474817,0.000000,3.644356
-0.012628,1.531727,0.000000,3.644356
-0.117799,1.607447,0.000000,3.644356
-0.244425,1.667755,0.000000,3.644356
-0.343441,1.736822,0.000000,3.644356
-0.467126,1.784552,0.000000,3.644356
-0.575909,1.838372,0.000000,3.644356
-0.563789,1.849177,0.000000,3.644356
-0.623313,1.889720,0.000000,3.644356
-0.634487,1.936649,0.000000,3.644356
-0.612869,1.945770,0.000000,3.644356
-0.624210,1.978697,0.000000,3.644356
-0.713504,2.013080,0.000000,3.644356
-0.789722,2.085304,0.000000,3.644356
-0.913891,2.109453,0.000000,3.644356
-0.987011,2.107592,0.000000,3.644356
-1.057806,2.166302,0.000000,3.644356
-1.095024,2.187061,0.000000,3.644356
-1.165333,2.169687,0.000000,3.644356
-1.179299,2.167091,0.000000,3.644356
-1.185050,2.116517,0.000000,3.644356
-1.184142,2.132605,0.000000,3.644356
-1.189240,2.124823,0.000000,3.644356
-1.189240,2.124823,0.000000,3.644356
-1.195986,2.118172,0.000000,3.644356
-1.217654,2.108671,0.000000,3.644356
-1.213007,2.108471,0.000000,3.644356
-1.205925,2.123225,0.000000,3.644356
-1.201668,2.114953,0.000000,3.644356
-1.234876,2.090745,0.000000,3.644356
-1.214337,2.096972,0.000000,3.644356
-1.214013,2.105022,0.000000,3.644356
-1.223633,2.097346,0.000000,3.644356
-1.202695,2.111508,0.000000,3.644356
-1.217654,2.108671,0.000000,3.644356
-1.229259,2.094053,0.000000,3.644356
-1.250257,2.100330,0.000000,3.644356
-1.219860,2.084519,0.000000,3.644356
-1.245607,2.100193,0.000000,3.644356
-1.244096,2.119782,0.000000,3.644356
-1.269408,2.113448,0.000000,3.644356
-1.239879,2.102283,0.000000,3.644356
-1.226058,2.131856,0.000000,3.644356
-1.263734,2.123411,0.000000,3.644356
-1.291111,2.109747,0.000000,3.644356
-1.302419,2.102784,0.000000,3.644356
-1.297768,2.094728,0.000000,3.644356
-1.302419,2.094728,0.000000,3.644356
-1.302419,2.102784,0.000000,3.644356
-1.302419,2.110841,0.000000,3.644356
-1.293116,2.094728,0.000000,3.644356
-1.293116,2.094728,0.000000,3.644356
-1.288465,2.078614,0.000000,3.644356
-1.283813,2.070557,0.000000,3.644356
-1.330328,2.070558,0.000000,3.644356
-1.325677,2.062501,0.000000,3.644356
-1.269859,2.046387,0.000000,3.644356
-1.316374,2.038331,0.000000,3.644356
-1.311722,2.046388,0.000000,3.644356
-1.274510,2.046387,0.000000,3.644356
-1.307071,2.046388,0.000000,3.644356
-1.311722,2.054444,0.000000,3.644356
-1.311722,2.046388,0.000000,3.644356
-1.321025,2.046388,0.000000,3.644356
-1.321025,2.046388,0.000000,3.644356
-1.325677,2.046388,0.000000,3.644356
-1.348934,2.006104,0.000000,3.644356
-1.367540,1.973878,0.000000,3.644356
-1.339631,1.925538,0.000000,3.644356
-1.265207,1.844972,0.000000,3.644356
-1.130314,1.716065,0.000000,3.644356
-1.032632,1.571046,0.000000,3.644356
-0.800057,1.361573,0.000000,3.644356
-0.502361,1.111817,0.000000,3.644356
-0.776800,0.862061,0.000000,3.644356
-0.655861,0.547852,0.000000,3.644356
-0.730286,0.330323,0.000000,3.644356
-0.851225,0.233643,0.000000,3.644356
-1.083800,0.177247,0.000000,3.644356
-1.046588,0.161134,0.000000,3.644356
-1.316375,0.153077,0.000000,3.644356
-1.632677,0.145021,0.000000,3.644356
-1.558253,0.145021,0.000000,3.644356
-1.683844,0.145021,0.000000,3.644356
-1.739662,0.153078,0.000000,3.644356
-1.776874,0.153078,0.000000,3.644356
-1.772223,0.153078,0.000000,3.644356
-1.762920,0.161134,0.000000,3.644356
-1.748965,0.161134,0.000000,3.644356
-1.753616,0.169191,0.000000,3.644356
-1.735011,0.161134,0.000000,3.644356
-1.739662,0.161134,0.000000,3.644356
-1.735011,0.145021,0.000000,3.644356
-1.730359,0.145021,0.000000,3.644356
-1.702450,0.120851,0.000000,3.644356
-1.655935,0.000001,0.000000,3.644356
-1.586162,0.024171,0.000000,3.644356
-1.474527,0.008058,0.000000,3.644356
-1.437315,-0.016112,0.000000,3.644356
-1.460572,-0.024169,0.000000,3.644356
-1.255906,-0.040282,0.000000,3.644356
-1.023331,-0.080566,0.000000,3.644356
-0.832619,-0.104736,0.000000,3.644356
-1.023331,-0.136962,0.000000,3.644356
-0.827968,-0.185302,0.000000,3.644356
-0.688423,-0.225585,0.000000,3.644356
-0.627953,-0.281982,0.000000,3.644356
-0.558181,-0.338378,0.000000,3.644356
-0.502363,-0.378662,0.000000,3.644356
-0.497711,-0.410888,0.000000,3.644356
-0.483757,-0.410888,0.000000,3.644356
-0.483757,-0.418945,0.000000,3.644356
-0.502363,-0.386718,0.000000,3.644356
-0.507014,-0.386718,0.000000,3.644356
-0.511666,-0.378662,0.000000,3.644356
-0.502363,-0.370605,0.000000,3.644356
-0.539575,-0.338378,0.000000,3.644356
-0.539575,-0.338378,0.000000,3.644356
-0.576787,-0.298095,0.000000,3.644356
-0.646559,-0.249755,0.000000,3.644356
-0.655862,-0.217529,0.000000,3.644356
-0.693074,-0.193359,0.000000,3.644356
-0.739589,-0.153076,0.000000,3.644356
-0.855877,-0.120849,0.000000,3.644356
-1.004725,-0.088622,0.000000,3.644356
-1.107058,-0.064452,0.000000,3.644356
-1.069846,-0.056396,0.000000,3.644356
-1.027982,-0.024169,0.000000,3.644356
-1.181482,-0.008056,0.000000,3.644356
-1.376845,0.008058,0.000000,3.644356
-1.432663,0.032228,0.000000,3.644356
-1.441966,0.040284,0.000000,3.644356
-1.539647,0.056398,0.000000,3.644356
-1.590814,0.040285,0.000000,3.644356
-1.600117,0.088624,0.000000,3.644356
-1.604768,0.120851,0.000000,3.644356
-1.632677,0.072511,0.000000,3.644356
-1.655935,-0.024169,0.000000,3.644356
-1.697798,0.112794,0.000000,3.644356
-1.711753,0.145021,0.000000,3.644356
-1.721056,0.177248,0.000000,3.644356
-1.711753,0.177248,0.000000,3.644356
-1.721056,0.185304,0.000000,3.644356
-1.702450,0.193361,0.000000,3.644356
-1.711753,0.201417,0.000000,3.644356
-1.693147,0.193361,0.000000,3.644356
-1.702450,0.193361,0.000000,3.644356
-1.641980,0.185304,0.000000,3.644356
-1.525693,0.185304,0.000000,3.644356
-1.362890,0.193360,0.000000,3.644356
-1.311724,0.209474,0.000000,3.644356
-0.762846,0.225587,0.000000,3.644356
-0.883785,0.273926,0.000000,3.644356
-0.641907,0.378663,0.000000,3.644356
-0.581437,0.563965,0.000000,3.644356
-0.590740,0.781494,0.000000,3.644356
-0.739588,1.023194,0.000000,3.644356
-0.995421,1.192384,0.000000,3.644356
-0.590740,1.377686,0.000000,3.644356
-0.990769,1.498536,0.000000,3.644356
-1.018678,1.611329,0.000000,3.644356
-1.065193,1.691895,0.000000,3.644356
-1.121011,1.764405,0.000000,3.644356
-1.186132,1.804688,0.000000,3.644356
-1.251253,1.861085,0.000000,3.644356
-1.283813,1.885255,0.000000,3.644356
-1.297768,1.901368,0.000000,3.644356
-1.321025,1.941651,0.000000,3.644356
-1.311722,1.981934,0.000000,3.644356
-1.321025,1.998048,0.000000,3.644356
-1.288465,2.038331,0.000000,3.644356
-1.288465,2.038331,0.000000,3.644356
-1.241950,2.038331,0.000000,3.644356
-1.224385,2.075764,0.000000,3.644356
-1.160510,2.046424,0.000000,3.644356
-1.085615,2.078072,0.000000,3.644356
-0.946481,2.025324,0.000000,3.644356
-0.777516,1.937744,0.000000,3.644356
-0.507585,1.773102,0.000000,3.644356
-0.371054,1.561304,0.000000,3.644356
0.113205,1.221812,0.000000,3.644356
0.026132,1.071861,0.000000,3.644356
0.274018,0.857514,0.000000,3.644356
0.529821,0.772627,0.000000,3.644356
0.804807,0.739162,0.000000,3.644356
0.969048,0.821981,0.000000,3.644356
1.575545,0.526142,0.000000,3.644356
1.532599,0.693541,0.000000,3.644356
1.747883,0.634483,0.000000,3.644356
1.884077,0.608088,0.000000,3.644356
1.964110,0.599219,0.000000,3.644356
2.044778,0.523782,0.000000,3.644356
2.147099,0.452639,0.000000,3.644356
2.239908,0.353092,0.000000,3.644356
2.225764,0.283605,0.000000,3.644356
2.291102,0.168316,0.000000,3.644356
2.244075,0.087489,0.000000,3.644356
2.201310,-0.021359,0.000000,3.644356
2.099089,-0.081387,0.000000,3.644356
1.920695,-0.116801,0.000000,3.644356
1.720272,-0.269529,0.000000,3.644356
1.440773,-0.248536,0.000000,3.644356
1.178304,-0.676095,0.000000,3.644356
0.797086,-0.359683,0.000000,3.644356
0.482936,-0.516058,0.000000,3.644356
0.240991,-0.725079,0.000000,3.644356
0.080063,-0.961992,0.000000,3.644356
-0.071418,-1.472325,0.000000,3.644356
-0.175110,-1.583881,0.000000,3.644356
-0.259333,-1.491672,0.000000,3.644356
-0.407784,-1.711699,0.000000,3.644356
-0.477374,-1.761633,0.000000,3.644356
-0.576055,-1.791111,0.000000,3.644356
-0.650210,-1.840180,0.000000,3.644356
-0.756367,-1.889322,0.000000,3.644356
-0.782401,-1.868645,0.000000,3.644356
-0.867467,-1.908867,0.000000,3.644356
-0.885136,-1.905848,0.000000,3.644356
-0.943097,-1.856294,0.000000,3.644356
-0.951447,-1.772734,0.000000,3.644356
-0.991366,-1.745396,0.000000,3.644356
-0.966439,-1.663516,0.000000,3.644356
-0.992483,-1.580457,0.000000,3.644356
-1.095002,-1.452722,0.000000,3.644356
-1.042163,-1.426360,0.000000,3.644356
-1.135837,-1.318080,0.000000,3.644356
-1.115294,-1.249316,0.000000,3.644356
-1.078543,-1.111781,0.000000,3.644356
-1.052841,-1.045598,0.000000,3.644356
-1.042043,-0.942371,0.000000,3.644356
-1.142061,-0.969884,0.000000,3.644356
-1.168869,-0.945195,0.000000,3.644356
-1.163743,-0.877874,0.000000,3.644356
-1.252944,-0.951905,0.000000,3.644356
-1.171813,-0.859241,0.000000,3.644356
-1.166730,-0.865492,0.000000,3.644356
-1.230924,-0.949571,0.000000,3.644356
-1.148187,-0.850920,0.000000,3.644356
-1.152293,-0.853755,0.000000,3.644356
-1.148965,-0.865970,0.000000,3.644356
-1.225809,-0.956165,0.000000,3.644356
-1.144099,-0.856975,0.000000,3.644356
-1.159722,-0.874860,0.000000,3.644356
-0.996878,-0.712787,0.000000,3.644356
-1.158039,-0.868809,0.000000,3.644356
-1.148684,-0.850820,0.000000,3.644356
-1.004614,-0.725131,0.000000,3.644356
-0.980961,-0.710278,0.000000,3.644356
-1.140506,-0.854022,0.000000,3.644356
-0.989644,-0.706937,0.000000,3.644356
-1.145075,-0.847886,0.000000,3.644356
-0.986490,-0.710556,0.000000,3.644356
-1.209459,-0.931733,0.000000,3.644356
-1.004852,-0.716832,0.000000,3.644356
-1.146170,-0.869106,0.000000,3.644356
-1.148684,-0.850820,0.000000,3.644356
-0.981848,-0.702753,0.000000,3.644356
-0.994962,-0.715460,0.000000,3.644356
-1.148684,-0.850820,0.000000,3.644356
-1.145075,-0.847886,0.000000,3.644356
-0.987512,-0.717838,0.000000,3.644356
-1.148684,-0.850820,0.000000,3.644356
-1.147693,-0.859929,0.000000,3.644356
-0.997365,-0.719301,0.000000,3.644356
-1.146395,-0.853902,0.000000,3.644356
-1.156860,-0.847556,0.000000,3.644356
-1.223769,-0.943625,0.000000,3.644356
-0.995388,-0.690715,0.000000,3.644356
-1.133591,-0.863179,0.000000,3.644356
-0.978803,-0.721108,0.000000,3.644356
-0.987914,-0.701363,0.000000,3.644356
-0.980326,-0.711930,0.000000,3.644356
-1.149997,-0.856846,0.000000,3.644356
-0.993424,-0.701614,0.000000,3.644356
-1.134248,-0.839083,0.000000,3.644356
-0.980735,-0.718478,0.000000,3.644356
-0.977134,-0.715534,0.000000,3.644356
-1.231940,-0.955854,0.000000,3.644356
-1.217662,-0.943924,0.000000,3.644356
-1.140506,-0.854022,0.000000,3.644356
-1.149611,-0.841726,0.000000,3.644356
-1.000495,-0.715711,0.000000,3.644356
-1.150157,-0.841635,0.000000,3.644356
-1.154660,-0.835448,0.000000,3.644356
-0.994962,-0.715460,0.000000,3.644356
-1.137857,-0.842017,0.000000,3.644356
-1.134248,-0.839083,0.000000,3.644356
-1.124061,-0.830076,0.000000,3.644356
-0.967588,-0.674680,0.000000,3.644356
-0.968930,-0.657380,0.000000,3.644356
-0.867216,-0.518052,0.000000,3.644356
-0.777852,-0.476466,0.000000,3.644356
-0.755698,-0.450540,0.000000,3.644356
-0.837171,-0.472252,0.000000,3.644356
-0.764243,-0.439744,0.000000,3.644356
-0.825072,-0.416983,0.000000,3.644356
-0.818051,-0.392892,0.000000,3.644356
-0.805883,-0.349968,0.000000,3.644356
-0.784124,-0.232886,0.000000,3.644356
-0.736114,-0.127218,0.000000,3.644356
-0.789975,0.010443,0.000000,3.644356
-0.835969,0.194512,0.000000,3.644356
-0.877086,0.381798,0.000000,3.644356
-0.979712,0.549332,0.000000,3.644356
-1.002253,0.795193,0.000000,3.644356
-1.407938,0.910007,0.000000,3.644356
-1.461986,1.127900,0.000000,3.644356
-1.337684,1.402102,0.000000,3.644356
-1.362411,1.639780,0.000000,3.644356
-1.306389,1.887372,0.000000,3.644356
-1.231458,1.984368,0.000000,3.644356
-1.129134,2.093711,0.000000,3.644356
1.037283,-2.094727,0.000000,3.644356
0.944253,-1.998047,0.000000,3.644356
0.846572,-1.820801,0.000000,3.644356
0.734936,-1.554932,0.000000,3.644356
0.837269,-1.248780,0.000000,3.644356
0.279089,-0.974854,0.000000,3.644356
0.074423,-0.886230,0.000000,3.644356
-0.083728,-1.055420,0.000000,3.644356
-0.339561,-1.361572,0.000000,3.644356
-0.176758,-1.627441,0.000000,3.644356
-0.330258,-1.844970,0.000000,3.644356
-0.400031,-1.989990,0.000000,3.644356
-0.427940,-2.086669,0.000000,3.644356
-0.400031,-2.102783,0.000000,3.644356
-0.404683,-2.094726,0.000000,3.644356
-0.423288,-1.989990,0.000000,3.644356
-0.409334,-1.788574,0.000000,3.644356
-0.320955,-1.611328,0.000000,3.644356
-0.339561,-1.345459,0.000000,3.644356
-0.097682,-1.031250,0.000000,3.644356
-0.344212,-0.708984,0.000000,3.644356
-0.479105,-0.410888,0.000000,3.644356
-0.646559,-0.169189,0.000000,3.644356
-0.930301,-0.072509,0.000000,3.644356
-0.962861,-0.008056,0.000000,3.644356
-1.428011,0.048341,0.000000,3.644356
-1.502435,0.064454,0.000000,3.644356
-1.669890,0.024171,0.000000,3.644356
-1.739662,0.201417,0.000000,3.644356
-1.730359,0.209474,0.000000,3.644356
-1.744313,0.209474,0.000000,3.644356
-1.702450,0.209474,0.000000,3.644356
-1.590814,0.193361,0.000000,3.644356
-1.367542,0.201417,0.000000,3.644356
-1.232648,0.209474,0.000000,3.644356
-0.725634,0.241700,0.000000,3.644356
-0.762846,0.314210,0.000000,3.644356
-0.609347,0.451172,0.000000,3.644356
-0.595392,0.652588,0.000000,3.644356
-0.632604,0.854004,0.000000,3.644356
-0.804709,1.063477,0.000000,3.644356
-0.879133,1.192383,0.000000,3.644356
-0.567482,1.329346,0.000000,3.644356
-0.795406,1.466309,0.000000,3.644356
-1.018678,1.571046,0.000000,3.644356
-1.065193,1.635499,0.000000,3.644356
-1.186132,1.667725,0.000000,3.644356
-1.107056,1.724122,0.000000,3.644356
-1.111708,1.740235,0.000000,3.644356
-1.144268,1.756348,0.000000,3.644356
-1.148920,1.780518,0.000000,3.644356
-1.153571,1.772462,0.000000,3.644356
-1.190783,1.804688,0.000000,3.644356
-1.186132,1.812745,0.000000,3.644356
-1.195435,1.812745,0.000000,3.644356
-1.241950,1.828858,0.000000,3.644356
-1.246601,1.836915,0.000000,3.644356
-1.255904,1.869141,0.000000,3.644356
-1.255904,1.869141,0.000000,3.644356
-1.260556,1.869141,0.000000,3.644356
-1.279162,1.861085,0.000000,3.644356
-1.265207,1.869141,0.000000,3.644356
-1.260556,1.861085,0.000000,3.644356
-1.251253,1.853028,0.000000,3.644356
-1.214041,1.828858,0.000000,3.644356
-1.241950,1.844972,0.000000,3.644356
-1.204738,1.812745,0.000000,3.644356
-1.200086,1.804688,0.000000,3.644356
-1.158223,1.788575,0.000000,3.644356
-1.097753,1.732178,0.000000,3.644356
-1.023329,1.675782,0.000000,3.644356
-1.014026,1.635499,0.000000,3.644356
-1.130314,1.595216,0.000000,3.644356
-1.097753,1.554932,0.000000,3.644356
-1.079147,1.522706,0.000000,3.644356
-1.088450,1.522706,0.000000,3.644356
-1.083799,1.522706,0.000000,3.644356
-1.023329,1.538819,0.000000,3.644356
-1.027981,1.514649,0.000000,3.644356
-1.014026,1.490479,0.000000,3.644356
-1.004723,1.482423,0.000000,3.644356
-1.055890,1.498536,0.000000,3.644356
-0.990769,1.482423,0.000000,3.644356
-1.009375,1.490479,0.000000,3.644356
-1.004723,1.474366,0.000000,3.644356
-0.893087,1.450196,0.000000,3.644356
-0.888436,1.434083,0.000000,3.644356
-0.865178,1.409913,0.000000,3.644356
-0.688421,1.369629,0.000000,3.644356
-0.595391,1.337403,0.000000,3.644356
-0.679118,1.329346,0.000000,3.644356
-0.660512,1.305176,0.000000,3.644356
-0.562831,1.256836,0.000000,3.644356
-0.511664,1.264893,0.000000,3.644356
-0.553528,1.232666,0.000000,3.644356
-0.725634,1.192383,0.000000,3.644356
-0.697725,1.176270,0.000000,3.644356
-0.669815,1.144043,0.000000,3.644356
-0.823315,1.095704,0.000000,3.644356
-0.948906,1.071534,0.000000,3.644356
-0.818664,1.015137,0.000000,3.644356
-0.907042,1.023194,0.000000,3.644356
-0.804709,0.966797,0.000000,3.644356
-0.767497,0.950684,0.000000,3.644356
-0.758194,0.926514,0.000000,3.644356
-0.753543,0.910401,0.000000,3.644356
-0.716331,0.886231,0.000000,3.644356
-0.702376,0.886231,0.000000,3.644356
-0.660513,0.805664,0.000000,3.644356
-0.641907,0.717041,0.000000,3.644356
-0.609346,0.652588,0.000000,3.644356
-0.604695,0.604248,0.000000,3.644356
-0.613998,0.604249,0.000000,3.644356
-0.613998,0.596192,0.000000,3.644356
-0.613998,0.620362,0.000000,3.644356
-0.613998,0.596192,0.000000,3.644356
-0.609346,0.596192,0.000000,3.644356
-0.613998,0.580079,0.000000,3.644356
-0.623301,0.572022,0.000000,3.644356
-0.651210,0.459229,0.000000,3.644356
-0.697725,0.346436,0.000000,3.644356
-0.693074,0.338379,0.000000,3.644356
-0.693074,0.346436,0.000000,3.644356
-0.711680,0.314210,0.000000,3.644356
-0.730286,0.306153,0.000000,3.644356
-0.720983,0.314210,0.000000,3.644356
-0.744240,0.281983,0.000000,3.644356
-0.776801,0.273926,0.000000,3.644356
-0.790755,0.257813,0.000000,3.644356
-0.823316,0.241700,0.000000,3.644356
-0.855876,0.241700,0.000000,3.644356
-0.948906,0.225587,0.000000,3.644356
-0.995421,0.201417,0.000000,3.644356
-1.121012,0.201417,0.000000,3.644356
-1.181482,0.193360,0.000000,3.644356
-1.102406,0.185304,0.000000,3.644356
-0.925649,0.177247,0.000000,3.644356
-1.144270,0.177247,0.000000,3.644356
-1.465223,0.169191,0.000000,3.644356
-1.534996,0.153077,0.000000,3.644356
-1.660586,0.145021,0.000000,3.644356
-1.530344,0.153077,0.000000,3.644356
-1.614071,0.161134,0.000000,3.644356
-1.711753,0.145021,0.000000,3.644356
-1.762920,0.145021,0.000000,3.644356
-1.730359,0.153078,0.000000,3.644356
-1.762920,0.161134,0.000000,3.644356
-1.739662,0.161134,0.000000,3.644356
-1.744313,0.161134,0.000000,3.644356
-1.730359,0.161134,0.000000,3.644356
-1.721056,0.145021,0.000000,3.644356
-1.697798,0.120851,0.000000,3.644356
-1.637329,-0.056395,0.000000,3.644356
-1.502435,0.008058,0.000000,3.644356
-1.418708,-0.016112,0.000000,3.644356
-1.344284,-0.048339,0.000000,3.644356
-0.888437,-0.088622,0.000000,3.644356
-1.032634,-0.145019,0.000000,3.644356
-0.730286,-0.241699,0.000000,3.644356
-0.479105,-0.386718,0.000000,3.644356
-0.390727,-0.620361,0.000000,3.644356
-0.353515,-0.926513,0.000000,3.644356
-0.334909,-1.208496,0.000000,3.644356
-0.004653,-1.474365,0.000000,3.644356
-0.316304,-1.691894,0.000000,3.644356
-0.344213,-1.885253,0.000000,3.644356
-0.367470,-2.030273,0.000000,3.644356
-0.390728,-2.151123,0.000000,3.644356
-0.367471,-2.215576,0.000000,3.644356
-0.344213,-2.255859,0.000000,3.644356
-0.362819,-2.167236,0.000000,3.644356
-0.362819,-2.022216,0.000000,3.644356
-0.269789,-1.812744,0.000000,3.644356
-0.148849,-1.506591,0.000000,3.644356
-0.176758,-1.160156,0.000000,3.644356
0.204665,-0.950684,0.000000,3.644356
0.534922,-1.095703,0.000000,3.644356
0.600043,-1.474366,0.000000,3.644356
1.032632,-1.828858,0.000000,3.644356
1.125662,-2.078614,0.000000,3.644356
1.125662,-2.215577,0.000000,3.644356
1.237298,-2.223634,0.000000,3.644356
-1.326123,2.040289,0.000000,3.644356
-1.327809,1.786016,0.000000,3.644356
-1.348536,1.326443,0.000000,3.644356
-1.348458,0.788844,0.000000,3.644356
-0.878908,0.435389,0.000000,3.644356
-0.822762,-0.038684,0.000000,3.644356
-0.851668,-0.379379,0.000000,3.644356
-0.890621,-0.627011,0.000000,3.644356
-1.263966,-1.168780,0.000000,3.644356
-1.185647,-1.268328,0.000000,3.644356
-1.197685,-1.510566,0.000000,3.644356
-1.099432,-1.648665,0.000000,3.644356
-0.999370,-1.862525,0.000000,3.644356
-0.925563,-1.952537,0.000000,3.644356
-0.820223,-1.948069,0.000000,3.644356
-0.685196,-1.934989,0.000000,3.644356
-0.514606,-1.813754,0.000000,3.644356
-0.384987,-1.721726,0.000000,3.644356
-0.155462,-1.444155,0.000000,3.644356
-0.051831,-1.504585,0.000000,3.644356
0.227734,-0.784023,0.000000,3.644356
0.529218,-0.593929,0.000000,3.644356
0.878424,-0.448397,0.000000,3.644356
1.246226,-0.294200,0.000000,3.644356
1.650488,-0.669770,0.000000,3.644356
1.846443,-0.310735,0.000000,3.644356
2.087738,-0.242057,0.000000,3.644356
2.202787,-0.059409,0.000000,3.644356
2.308471,0.019162,0.000000,3.644356
2.362348,0.099559,0.000000,3.644356
2.401132,0.181085,0.000000,3.644356
2.295247,0.325028,0.000000,3.644356
2.218143,0.472597,0.000000,3.644356
2.087860,0.579225,0.000000,3.644356
1.959711,0.622389,0.000000,3.644356
1.849730,0.646013,0.000000,3.644356
1.692938,0.665733,0.000000,3.644356
1.469457,0.741821,0.000000,3.644356
1.411781,0.586481,0.000000,3.644356
0.957577,0.805085,0.000000,3.644356
0.744080,0.792982,0.000000,3.644356
0.550119,0.804923,0.000000,3.644356
0.360587,0.882788,0.000000,3.644356
0.183025,0.988483,0.000000,3.644356
0.049620,1.137567,0.000000,3.644356
-0.041883,1.282634,0.000000,3.644356
-0.262319,1.456319,0.000000,3.644356
-0.291660,1.494577,0.000000,3.644356
-0.171667,1.508020,0.000000,3.644356
-0.019297,1.476087,0.000000,3.644356
-0.001342,1.515041,0.000000,3.644356
-0.005087,1.513468,0.000000,3.644356
-0.087054,1.513374,0.000000,3.644356
0.057875,1.459625,0.000000,3.644356
0.066715,1.431993,0.000000,3.644356
0.088876,1.393115,0.000000,3.644356
0.053220,1.376925,0.000000,3.644356
-0.228142,1.417200,0.000000,3.644356
-0.239714,1.376218,0.000000,3.644356
-0.128667,1.242341,0.000000,3.644356
0.079478,1.051322,0.000000,3.644356
0.193962,0.925558,0.000000,3.644356
0.314160,0.857321,0.000000,3.644356
0.368275,0.829007,0.000000,3.644356
0.411495,0.814344,0.000000,3.644356
0.429915,0.822325,0.000000,3.644356
0.468346,0.799546,0.000000,3.644356
0.460737,0.804318,0.000000,3.644356
0.452435,0.809191,0.000000,3.644356
0.456611,0.816081,0.000000,3.644356
0.522340,0.776102,0.000000,3.644356
0.500633,0.789292,0.000000,3.644356
0.546722,0.759693,0.000000,3.644356
0.558737,0.761970,0.000000,3.644356
0.477202,0.803769,0.000000,3.644356
0.494834,0.792832,0.000000,3.644356
0.496960,0.791500,0.000000,3.644356
0.524422,0.774697,0.000000,3.644356
0.530320,0.761150,0.000000,3.644356
0.480561,0.792155,0.000000,3.644356
0.504565,0.777294,0.000000,3.644356
0.554333,0.766027,0.000000,3.644356
0.486644,0.788420,0.000000,3.644356
0.488739,0.796590,0.000000,3.644356
0.488739,0.796590,0.000000,3.644356
0.548812,0.768417,0.000000,3.644356
0.496669,0.791725,0.000000,3.644356
0.492610,0.803681,0.000000,3.644356
0.491149,0.804575,0.000000,3.644356
0.502483,0.788211,0.000000,3.644356
0.480561,0.792155,0.000000,3.644356
0.534265,0.758686,0.000000,3.644356
0.502483,0.788211,0.000000,3.644356
0.460986,0.813618,0.000000,3.644356
0.438943,0.826961,0.000000,3.644356
0.418048,0.838764,0.000000,3.644356
0.369283,0.848325,0.000000,3.644356
0.379052,0.842273,0.000000,3.644356
0.326184,0.862895,0.000000,3.644356
0.345741,0.860116,0.000000,3.644356
0.307876,0.888901,0.000000,3.644356
0.300584,0.884778,0.000000,3.644356
0.271135,0.918543,0.000000,3.644356
0.241533,0.942716,0.000000,3.644356
0.218102,0.934853,0.000000,3.644356
0.215291,0.944734,0.000000,3.644356
0.213384,0.942691,0.000000,3.644356
0.211190,0.946928,0.000000,3.644356
0.157873,0.981666,0.000000,3.644356
0.190449,0.973672,0.000000,3.644356
0.074428,1.078837,0.000000,3.644356
0.037541,1.167731,0.000000,3.644356
-0.087695,1.263092,0.000000,3.644356
-0.213378,1.421957,0.000000,3.644356
-0.160444,1.488403,0.000000,3.644356
0.046610,1.474817,0.000000,3.644356
0.046880,1.453738,0.000000,3.644356
0.000348,1.461698,0.000000,3.644356
-0.098270,1.549654,0.000000,3.644356
-0.104458,1.560291,0.000000,3.644356
-0.106054,1.567634,0.000000,3.644356
-0.129394,1.578760,0.000000,3.644356
-0.212709,1.625313,0.000000,3.644356
-0.217073,1.624734,0.000000,3.644356
-0.322625,1.669626,0.000000,3.644356
-0.346651,1.705461,0.000000,3.644356
-0.337344,1.709587,0.000000,3.644356
-0.457344,1.803804,0.000000,3.644356
-0.475259,1.840101,0.000000,3.644356
-0.636849,1.909197,0.000000,3.644356
-0.602933,1.946699,0.000000,3.644356
-0.655588,2.010217,0.000000,3.644356
-0.812526,2.096474,0.000000,3.644356
-0.965878,2.191889,0.000000,3.644356
-1.088178,2.223766,0.000000,3.644356
-1.189454,2.212347,0.000000,3.644356
-1.290754,2.164556,0.000000,3.644356
-1.358237,2.143067,0.000000,3.644356
-1.367540,2.078614,0.000000,3.644356
-1.395449,1.998048,0.000000,3.644356
-1.279162,1.828858,0.000000,3.644356
-1.148920,1.579102,0.000000,3.644356
-0.600043,1.248780,0.000000,3.644356
-0.851224,0.878174,0.000000,3.644356
-0.679119,0.451172,0.000000,3.644356
-0.832619,0.241700,0.000000,3.644356
-1.107058,0.161134,0.000000,3.644356
-1.139618,0.136964,0.000000,3.644356
-1.600117,0.120851,0.000000,3.644356
-1.730359,0.136964,0.000000,3.644356
-1.846647,0.136964,0.000000,3.644356
-1.818738,0.136964,0.000000,3.644356
-1.790828,0.136964,0.000000,3.644356
-1.730359,0.096681,0.000000,3.644356
-1.511738,-0.032225,0.000000,3.644356
-1.321027,-0.096679,0.000000,3.644356
-0.948907,-0.225585,0.000000,3.644356
-0.493060,-0.539794,0.000000,3.644356
-0.348864,-1.103759,0.000000,3.644356
-0.330258,-1.627441,0.000000,3.644356
-0.404682,-2.054443,0.000000,3.644356
-0.404683,-2.360595,0.000000,3.644356
-0.339562,-2.368652,0.000000,3.644356
-0.372122,-2.183349,0.000000,3.644356
-0.413985,-1.748290,0.000000,3.644356
-0.148849,-1.208496,0.000000,3.644356
0.479104,-1.079590,0.000000,3.644356
0.823315,-1.619385,0.000000,3.644356
1.181480,-2.126954,0.000000,3.644356
1.251252,-2.376710,0.000000,3.644356
-1.398888,2.257776,0.000000,3.644356
-1.391434,1.649975,0.000000,3.644356
-1.385242,0.749471,0.000000,3.644356
-0.878094,-0.077894,0.000000,3.644356
-1.062753,-0.744823,0.000000,3.644356
-1.348332,-1.430413,0.000000,3.644356
-1.243246,-1.768955,0.000000,3.644356
-0.944006,-2.069221,0.000000,3.644356
-0.551675,-1.912676,0.000000,3.644356
-0.169269,-1.446309,0.000000,3.644356
0.072806,-1.373288,0.000000,3.644356
0.502431,-0.636080,0.000000,3.644356
0.899336,-0.449116,0.000000,3.644356
1.028946,-0.362050,0.000000,3.644356
1.031360,-0.349124,0.000000,3.644356
1.030371,-0.327847,0.000000,3.644356
1.078144,-0.278904,0.000000,3.644356
1.154593,-0.279831,0.000000,3.644356
1.247264,-0.302017,0.000000,3.644356
1.460575,-0.641849,0.000000,3.644356
1.529090,-0.645545,0.000000,3.644356
1.521476,-0.547552,0.000000,3.644356
1.494883,-0.565885,0.000000,3.644356
1.499228,-0.657689,0.000000,3.644356
1.473286,-0.557967,0.000000,3.644356
1.480580,-0.564947,0.000000,3.644356
1.470327,-0.647771,0.000000,3.644356
1.461481,-0.562818,0.000000,3.644356
1.486304,-0.575963,0.000000,3.644356
1.488693,-0.658590,0.000000,3.644356
1.461481,-0.657726,0.000000,3.644356
1.480832,-0.646919,0.000000,3.644356
1.468743,-0.569814,0.000000,3.644356
1.472060,-0.643821,0.000000,3.644356
1.478182,-0.564351,0.000000,3.644356
1.469409,-0.656294,0.000000,3.644356
1.467584,-0.637427,0.000000,3.644356
1.480768,-0.660043,0.000000,3.644356
1.460654,-0.653148,0.000000,3.644356
1.470269,-0.565869,0.000000,3.644356
1.455676,-0.551959,0.000000,3.644356
1.460654,-0.653148,0.000000,3.644356
1.464140,-0.645296,0.000000,3.644356
1.457071,-0.651344,0.000000,3.644356
1.453638,-0.646103,0.000000,3.644356
1.435216,-0.648290,0.000000,3.644356
1.428005,-0.710872,0.000000,3.644356
1.423865,-0.704583,0.000000,3.644356
1.429908,-0.707035,0.000000,3.644356
1.404509,-0.701972,0.000000,3.644356
1.394677,-0.707088,0.000000,3.644356
1.395779,-0.698757,0.000000,3.644356
1.367696,-0.658421,0.000000,3.644356
1.341319,-0.661413,0.000000,3.644356
1.346752,-0.659137,0.000000,3.644356
1.281278,-0.478285,0.000000,3.644356
1.285375,-0.500067,0.000000,3.644356
1.281397,-0.490918,0.000000,3.644356
1.241576,-0.301094,0.000000,3.644356
1.268661,-0.478556,0.000000,3.644356
1.265356,-0.480765,0.000000,3.644356
1.262758,-0.487551,0.000000,3.644356
1.270033,-0.481754,0.000000,3.644356
1.235104,-0.303558,0.000000,3.644356
1.230279,-0.299456,0.000000,3.644356
1.214442,-0.192413,0.000000,3.644356
1.256173,-0.497948,0.000000,3.644356
1.259966,-0.475247,0.000000,3.644356
1.268828,-0.491148,0.000000,3.644356
1.263449,-0.492151,0.000000,3.644356
1.249542,-0.495793,0.000000,3.644356
1.189344,-0.194335,0.000000,3.644356
1.206551,-0.310923,0.000000,3.644356
1.167668,-0.305611,0.000000,3.644356
1.102728,-0.207978,0.000000,3.644356
1.108782,-0.193046,0.000000,3.644356
1.047801,-0.269528,0.000000,3.644356
1.008440,-0.317608,0.000000,3.644356
0.910059,-0.375439,0.000000,3.644356
0.844017,-0.402286,0.000000,3.644356
0.739858,-0.424705,0.000000,3.644356
0.610721,-0.494297,0.000000,3.644356
0.503192,-0.531462,0.000000,3.644356
0.387559,-0.609346,0.000000,3.644356
0.306714,-0.690887,0.000000,3.644356
0.188142,-0.823461,0.000000,3.644356
0.139867,-0.899351,0.000000,3.644356
0.085168,-0.914369,0.000000,3.644356
0.010948,-1.087680,0.000000,3.644356
-0.135308,-1.584769,0.000000,3.644356
-0.186494,-1.507980,0.000000,3.644356
-0.285834,-1.595166,0.000000,3.644356
-0.391365,-1.739984,0.000000,3.644356
-0.483048,-1.740853,0.000000,3.644356
-0.626855,-1.797158,0.000000,3.644356
-0.753093,-1.869946,0.000000,3.644356
-0.894983,-1.852113,0.000000,3.644356
-0.966854,-1.665673,0.000000,3.644356
-1.072988,-1.327763,0.000000,3.644356
-1.057011,-1.081047,0.000000,3.644356
-0.955257,-0.732830,0.000000,3.644356
-0.716642,-0.193550,0.000000,3.644356
-0.816016,0.229206,0.000000,3.644356
-1.044454,0.701903,0.000000,3.644356
-1.567255,1.014609,0.000000,3.644356
-1.379553,1.544206,0.000000,3.644356
-1.207323,1.891251,0.000000,3.644356
-1.083002,2.062240,0.000000,3.644356
0.911693,-1.965821,0.000000,3.644356
0.767497,-1.651612,0.000000,3.644356
0.572134,-1.256836,0.000000,3.644356
0.162802,-0.902344,0.000000,3.644356
-0.069773,-0.942627,0.000000,3.644356
-0.325606,-1.353515,0.000000,3.644356
-0.465152,-1.748290,0.000000,3.644356
-0.446546,-1.981933,0.000000,3.644356
-0.381425,-2.006103,0.000000,3.644356
-0.409334,-1.804687,0.000000,3.644356
-0.320955,-1.393798,0.000000,3.644356
-0.018607,-0.886230,0.000000,3.644356
-0.502363,-0.322265,0.000000,3.644356
-0.832619,-0.048339,0.000000,3.644356
-0.925649,0.048341,0.000000,3.644356
-1.488481,0.104738,0.000000,3.644356
-1.688495,0.209474,0.000000,3.644356
-1.665238,0.233644,0.000000,3.644356
-1.609420,0.209474,0.000000,3.644356
-1.376845,0.209474,0.000000,3.644356
-1.134966,0.225587,0.000000,3.644356
-0.916346,0.290040,0.000000,3.644356
-0.576786,0.483399,0.000000,3.644356
-0.586089,0.781494,0.000000,3.644356
-0.851224,1.127930,0.000000,3.644356
-0.613997,1.377686,0.000000,3.644356
-1.074496,1.579102,0.000000,3.644356
-1.111708,1.756348,0.000000,3.644356
-1.279162,1.909425,0.000000,3.644356
-1.246601,1.989991,0.000000,3.644356
-1.283813,2.022218,0.000000,3.644356
-1.241950,2.054444,0.000000,3.644356
-1.222836,2.083400,0.000000,3.644356
-1.114339,2.090240,0.000000,3.644356
-1.097377,2.103382,0.000000,3.644356
-1.054091,2.124440,0.000000,3.644356
-0.978211,2.060898,0.000000,3.644356
-0.927986,2.003612,0.000000,3.644356
-0.838131,2.048934,0.000000,3.644356
-0.764696,2.024560,0.000000,3.644356
-0.747921,2.010990,0.000000,3.644356
-0.741231,1.996269,0.000000,3.644356
-0.696550,1.981774,0.000000,3.644356
-0.707754,1.995385,0.000000,3.644356
-0.691229,1.983637,0.000000,3.644356
-0.697846,1.996297,0.000000,3.644356
-0.675230,1.989139,0.000000,3.644356
-0.653687,1.998536,0.000000,3.644356
-0.690448,1.986463,0.000000,3.644356
-0.698654,1.993451,0.000000,3.644356
-0.659252,2.014073,0.000000,3.644356
-0.707280,2.019994,0.000000,3.644356
-0.742028,1.993342,0.000000,3.644356
-0.701868,1.979897,0.000000,3.644356
-0.747077,2.013932,0.000000,3.644356
-0.704404,2.011146,0.000000,3.644356
-0.744975,2.002166,0.000000,3.644356
-0.725346,1.983893,0.000000,3.644356
-0.703204,1.994418,0.000000,3.644356
-0.750867,2.019814,0.000000,3.644356
-0.724367,2.011364,0.000000,3.644356
-0.715191,2.007336,0.000000,3.644356
-0.694455,2.012049,0.000000,3.644356
-0.711453,2.001363,0.000000,3.644356
-0.747077,2.013932,0.000000,3.644356
-0.750347,2.000157,0.000000,3.644356
-0.736676,1.995326,0.000000,3.644356
-0.764840,1.999947,0.000000,3.644356
-0.729663,2.005182,0.000000,3.644356
-0.691603,2.003194,0.000000,3.644356
-0.709800,2.009248,0.000000,3.644356
-0.737471,1.992412,0.000000,3.644356
-0.696151,2.004173,0.000000,3.644356
-0.696979,2.001332,0.000000,3.644356
-0.742522,2.012990,0.000000,3.644356
-0.696979,2.001332,0.000000,3.644356
-0.741667,2.015931,0.000000,3.644356
-0.686224,2.005045,0.000000,3.644356
-0.783822,2.025180,0.000000,3.644356
-0.743812,2.029712,0.000000,3.644356
-0.702730,2.019027,0.000000,3.644356
-0.711461,2.003549,0.000000,3.644356
-0.705247,2.008294,0.000000,3.644356
-0.745444,2.021822,0.000000,3.644356
-0.749532,2.003097,0.000000,3.644356
-0.698654,1.993451,0.000000,3.644356
-0.702348,1.999454,0.000000,3.644356
-0.706079,2.003266,0.000000,3.644356
-0.701529,2.002299,0.000000,3.644356
-0.687941,1.997173,0.000000,3.644356
-0.736676,1.995326,0.000000,3.644356
-0.694104,1.992484,0.000000,3.644356
-0.711453,2.001363,0.000000,3.644356
-0.763271,2.007849,0.000000,3.644356
-0.755425,2.020745,0.000000,3.644356
-0.751152,1.997230,0.000000,3.644356
-0.700328,1.985571,0.000000,3.644356
-0.684507,2.012916,0.000000,3.644356
-0.685113,1.988310,0.000000,3.644356
-0.740417,2.001236,0.000000,3.644356
-0.711453,2.001363,0.000000,3.644356
-0.745444,2.021822,0.000000,3.644356
-0.694455,2.012049,0.000000,3.644356
-0.716006,2.002318,0.000000,3.644356
-0.692429,2.000365,0.000000,3.644356
-0.741231,1.996269,0.000000,3.644356
-0.750867,2.019814,0.000000,3.644356
-0.672590,2.002071,0.000000,3.644356
-0.709800,2.009248,0.000000,3.644356
-0.701529,2.002299,0.000000,3.644356
-0.750347,2.000157,0.000000,3.644356
-0.732562,2.014021,0.000000,3.644356
-0.694455,2.012049,0.000000,3.644356
-0.679100,2.014747,0.000000,3.644356
-0.713107,1.993478,0.000000,3.644356
-0.694897,1.989659,0.000000,3.644356
-0.690448,1.986463,0.000000,3.644356
-0.744975,2.002166,0.000000,3.644356
-0.692143,1.978587,0.000000,3.644356
-0.696151,2.004173,0.000000,3.644356
-0.701529,2.002299,0.000000,3.644356
-0.685380,2.007883,0.000000,3.644356
-0.708554,1.992523,0.000000,3.644356
-0.704791,1.988729,0.000000,3.644356
-0.737115,2.014976,0.000000,3.644356
-0.693299,1.995318,0.000000,3.644356
-0.696979,2.001332,0.000000,3.644356
-0.725130,2.002172,0.000000,3.644356
-0.705655,1.983683,0.000000,3.644356
-0.708954,2.012113,0.000000,3.644356
-0.706901,2.000408,0.000000,3.644356
-0.746310,2.018884,0.000000,3.644356
-0.701529,2.002299,0.000000,3.644356
-0.706901,2.000408,0.000000,3.644356
-0.703204,1.994418,0.000000,3.644356
-0.701529,2.002299,0.000000,3.644356
-0.721738,2.017924,0.000000,3.644356
-0.751937,1.992259,0.000000,3.644356
-0.687334,2.021779,0.000000,3.644356
-0.752479,2.011921,0.000000,3.644356
-0.699854,2.010180,0.000000,3.644356
-0.711453,2.001363,0.000000,3.644356
-0.742522,2.012990,0.000000,3.644356
-0.759468,2.001993,0.000000,3.644356
-0.725957,2.003466,0.000000,3.644356
-0.691229,1.983637,0.000000,3.644356
-0.688752,1.994339,0.000000,3.644356
-0.691603,2.003194,0.000000,3.644356
-0.738309,1.987437,0.000000,3.644356
-0.757036,2.012851,0.000000,3.644356
-0.724279,2.007133,0.000000,3.644356
-0.757140,2.014846,0.000000,3.644356
-0.702348,1.999454,0.000000,3.644356
-0.687941,1.997173,0.000000,3.644356
-0.699449,1.990614,0.000000,3.644356
-0.699854,2.010180,0.000000,3.644356
-0.764093,2.004899,0.000000,3.644356
-0.682576,1.999013,0.000000,3.644356
-0.699854,2.010180,0.000000,3.644356
-0.725957,2.003466,0.000000,3.644356
-0.742522,2.012990,0.000000,3.644356
-0.750347,2.000157,0.000000,3.644356
-0.739599,2.004158,0.000000,3.644356
-0.761057,1.994095,0.000000,3.644356
-0.743363,2.010060,0.000000,3.644356
-0.701529,2.002299,0.000000,3.644356
-0.749119,2.025725,0.000000,3.644356
-0.699002,2.013029,0.000000,3.644356
-0.710208,1.984638,0.000000,3.644356
-0.694104,1.992484,0.000000,3.644356
-0.693299,1.995318,0.000000,3.644356
-0.705247,2.008294,0.000000,3.644356
-0.706079,2.003266,0.000000,3.644356
-0.745786,1.997211,0.000000,3.644356
-0.696979,2.001332,0.000000,3.644356
-0.712269,1.998504,0.000000,3.644356
-0.687941,1.997173,0.000000,3.644356
-0.688752,1.994339,0.000000,3.644356
-0.693299,1.995318,0.000000,3.644356
-0.692759,2.019926,0.000000,3.644356
-0.741231,1.996269,0.000000,3.644356
-0.679772,1.990142,0.000000,3.644356
-0.704878,1.986537,0.000000,3.644356
-0.735044,2.003216,0.000000,3.644356
-0.709800,2.009248,0.000000,3.644356
-0.751143,1.995203,0.000000,3.644356
-0.688752,1.994339,0.000000,3.644356
-0.687941,1.997173,0.000000,3.644356
-0.711453,2.001363,0.000000,3.644356
-0.706423,1.980840,0.000000,3.644356
-0.702730,2.019027,0.000000,3.644356
-0.694104,1.992484,0.000000,3.644356
-0.742028,1.993342,0.000000,3.644356
-0.677134,2.003062,0.000000,3.644356
-0.687056,2.002215,0.000000,3.644356
-0.696979,2.001332,0.000000,3.644356
-0.703204,1.994418,0.000000,3.644356
-0.689051,2.013908,0.000000,3.644356
-0.727154,2.015981,0.000000,3.644356
-0.687941,1.997173,0.000000,3.644356
-0.693299,1.995318,0.000000,3.644356
-0.707714,1.997561,0.000000,3.644356
-0.687941,1.997173,0.000000,3.644356
-0.696979,2.001332,0.000000,3.644356
-0.706901,2.000408,0.000000,3.644356
-0.696979,2.001332,0.000000,3.644356
-0.699854,2.010180,0.000000,3.644356
-0.739599,2.004158,0.000000,3.644356
-0.696979,2.001332,0.000000,3.644356
-0.701529,2.002299,0.000000,3.644356
-0.717323,2.034580,0.000000,3.644356
-0.698654,1.993451,0.000000,3.644356
-0.739599,2.004158,0.000000,3.644356
-0.722988,1.994650,0.000000,3.644356
-0.702348,1.999454,0.000000,3.644356
-0.754908,2.001075,0.000000,3.644356
-0.749532,2.003097,0.000000,3.644356
-0.746586,1.994272,0.000000,3.644356
-0.704002,1.991569,0.000000,3.644356
-0.688184,2.016753,0.000000,3.644356
-0.722988,1.994650,0.000000,3.644356
-0.688752,1.994339,0.000000,3.644356
-0.687056,2.002215,0.000000,3.644356
-0.699854,2.010180,0.000000,3.644356
-0.704404,2.011146,0.000000,3.644356
-0.745444,2.021822,0.000000,3.644356
-0.730029,2.024828,0.000000,3.644356
-0.669150,2.015546,0.000000,3.644356
-0.699449,1.990614,0.000000,3.644356
-0.654258,1.976255,0.000000,3.644356
-0.680197,1.967773,0.000000,3.644356
-0.622168,1.947564,0.000000,3.644356
-0.627393,1.945888,0.000000,3.644356
-0.586953,1.934075,0.000000,3.644356
-0.600511,1.937377,0.000000,3.644356
-0.588553,1.887400,0.000000,3.644356
-0.561534,1.867185,0.000000,3.644356
-0.563942,1.806761,0.000000,3.644356
-0.502897,1.747456,0.000000,3.644356
-0.293046,1.607153,0.000000,3.644356
-0.048716,1.437866,0.000000,3.644356
-0.071073,1.312306,0.000000,3.644356
-0.109571,1.195510,0.000000,3.644356
0.128170,0.995180,0.000000,3.644356
0.326338,0.831487,0.000000,3.644356
0.540281,0.764967,0.000000,3.644356
0.748002,0.741452,0.000000,3.644356
0.936272,0.771768,0.000000,3.644356
1.478047,0.556073,0.000000,3.644356
1.606546,0.610661,0.000000,3.644356
1.672548,0.696244,0.000000,3.644356
1.887067,0.611332,0.000000,3.644356
2.025946,0.592519,0.000000,3.644356
2.125851,0.454338,0.000000,3.644356
2.220042,0.325378,0.000000,3.644356
2.267956,0.159942,0.000000,3.644356
2.216136,0.054505,0.000000,3.644356
2.096545,-0.027806,0.000000,3.644356
1.941979,-0.133748,0.000000,3.644356
1.722077,-0.296733,0.000000,3.644356
1.399341,-0.290539,0.000000,3.644356
1.118478,-0.680984,0.000000,3.644356
0.700344,-0.375817,0.000000,3.644356
0.359660,-0.610986,0.000000,3.644356
0.136698,-0.889706,0.000000,3.644356
-0.008460,-1.080708,0.000000,3.644356
-0.204776,-1.625564,0.000000,3.644356
-0.396411,-1.732122,0.000000,3.644356
-0.527376,-1.765351,0.000000,3.644356
-0.725512,-1.869557,0.000000,3.644356
-0.887501,-1.829311,0.000000,3.644356
-0.981356,-1.558004,0.000000,3.644356
-1.024867,-1.222766,0.000000,3.644356
-0.895379,-0.753596,0.000000,3.644356
-0.740902,-0.313628,0.000000,3.644356
-0.838706,0.121451,0.000000,3.644356
-1.048969,0.707586,0.000000,3.644356
-1.544861,1.116473,0.000000,3.644356
-1.397891,1.667885,0.000000,3.644356
-1.168195,2.022647,0.000000,3.644356
1.009374,-2.094727,0.000000,3.644356
0.814011,-1.844971,0.000000,3.644356
0.576785,-1.409912,0.000000,3.644356
0.218620,-0.966797,0.000000,3.644356
-0.051167,-0.950683,0.000000,3.644356
-0.330258,-1.369629,0.000000,3.644356
-0.460500,-1.740234,0.000000,3.644356
-0.437243,-2.006103,0.000000,3.644356
-0.418637,-2.086669,0.000000,3.644356
-0.404682,-1.998046,0.000000,3.644356
-0.409334,-1.804687,0.000000,3.644356
-0.367470,-1.409912,0.000000,3.644356
-0.018607,-1.023193,0.000000,3.644356
-0.358166,-0.628418,0.000000,3.644356
-0.488408,-0.370605,0.000000,3.644356
-0.595393,-0.225585,0.000000,3.644356
-0.790756,-0.120849,0.000000,3.644356
-1.130315,-0.040282,0.000000,3.644356
-0.907043,0.008057,0.000000,3.644356
-1.265209,0.024171,0.000000,3.644356
-1.479178,0.064454,0.000000,3.644356
-1.641980,0.161134,0.000000,3.644356
-1.721056,0.153078,0.000000,3.644356
-1.730359,0.185304,0.000000,3.644356
-1.730359,0.185304,0.000000,3.644356
-1.730359,0.185304,0.000000,3.644356
-1.735011,0.193361,0.000000,3.644356
-1.711753,0.193361,0.000000,3.644356
-1.730359,0.185304,0.000000,3.644356
-1.739662,0.185304,0.000000,3.644356
-1.730359,0.193361,0.000000,3.644356
-1.735011,0.193361,0.000000,3.644356
-1.748965,0.185304,0.000000,3.644356
-1.735011,0.185304,0.000000,3.644356
-1.735011,0.185304,0.000000,3.644356
-1.735011,0.185304,0.000000,3.644356
-1.744313,0.177248,0.000000,3.644356
-1.735011,0.177248,0.000000,3.644356
-1.739662,0.177248,0.000000,3.644356
-1.735011,0.177248,0.000000,3.644356
-1.739662,0.185304,0.000000,3.644356
-1.744313,0.177248,0.000000,3.644356
-1.739662,0.177248,0.000000,3.644356
-1.739662,0.177248,0.000000,3.644356
-1.730359,0.177248,0.000000,3.644356
-1.735011,0.185304,0.000000,3.644356
-1.739662,0.185304,0.000000,3.644356
-1.739662,0.185304,0.000000,3.644356
-1.739662,0.185304,0.000000,3.644356
-1.735011,0.185304,0.000000,3.644356
-1.735011,0.177248,0.000000,3.644356
-1.735011,0.185304,0.000000,3.644356
-1.735011,0.177248,0.000000,3.644356
-1.739662,0.177248,0.000000,3.644356
-1.739662,0.177248,0.000000,3.644356
-1.753616,0.177248,0.000000,3.644356
-1.730359,0.177248,0.000000,3.644356
-1.744313,0.177248,0.000000,3.644356
-1.748965,0.177248,0.000000,3.644356
-1.744313,0.177248,0.000000,3.644356
-1.735011,0.185304,0.000000,3.644356
-1.744313,0.185304,0.000000,3.644356
-1.744313,0.177248,0.000000,3.644356
-1.758268,0.169191,0.000000,3.644356
-1.739662,0.169191,0.000000,3.644356
-1.730359,0.161134,0.000000,3.644356
-1.730359,0.153078,0.000000,3.644356
-1.688495,0.112794,0.000000,3.644356
-1.632678,-0.016112,0.000000,3.644356
-1.432663,-0.016112,0.000000,3.644356
-1.344284,-0.064452,0.000000,3.644356
-0.818665,-0.112792,0.000000,3.644356
-0.790756,-0.048339,0.000000,3.644356
-0.804710,-0.096679,0.000000,3.644356
-1.088452,-0.088622,0.000000,3.644356
-1.023331,-0.128905,0.000000,3.644356
-0.902392,-0.145019,0.000000,3.644356
-0.841922,-0.161132,0.000000,3.644356
-0.660514,-0.257812,0.000000,3.644356
-0.567484,-0.314208,0.000000,3.644356
-0.455848,-0.483398,0.000000,3.644356
-0.376772,-0.652588,0.000000,3.644356
-0.358166,-0.837890,0.000000,3.644356
-0.297697,-1.063476,0.000000,3.644356
-0.395379,-1.313232,0.000000,3.644356
-0.065122,-1.522705,0.000000,3.644356
-0.390728,-1.716064,0.000000,3.644356
-0.311652,-1.909423,0.000000,3.644356
-0.386076,-2.014160,0.000000,3.644356
-0.400031,-2.143066,0.000000,3.644356
-0.376774,-2.231689,0.000000,3.644356
-0.344213,-2.239746,0.000000,3.644356
-0.386077,-2.151123,0.000000,3.644356
-0.358167,-1.998046,0.000000,3.644356
-0.218622,-1.772460,0.000000,3.644356
-0.227925,-1.490478,0.000000,3.644356
-0.200016,-1.176269,0.000000,3.644356
0.116287,-0.982910,0.000000,3.644356
0.372119,-0.990967,0.000000,3.644356
0.567482,-1.152100,0.000000,3.644356
0.548876,-1.426026,0.000000,3.644356
1.074496,-1.643555,0.000000,3.644356
0.925648,-1.820801,0.000000,3.644356
1.083799,-1.989991,0.000000,3.644356
1.037283,-2.086671,0.000000,3.644356
1.097753,-2.175294,0.000000,3.644356
1.148919,-2.199464,0.000000,3.644356
1.214040,-2.223634,0.000000,3.644356
-1.247539,2.122798,0.000000,3.644356
-1.297415,1.992915,0.000000,3.644356
-1.306878,1.811181,0.000000,3.644356
-1.410310,1.461091,0.000000,3.644356
-1.277080,1.109773,0.000000,3.644356
-1.303539,0.662367,0.000000,3.644356
-0.858102,0.341931,0.000000,3.644356
-0.816630,-0.188644,0.000000,3.644356
-0.925889,-0.558072,0.000000,3.644356
-1.226899,-1.063166,0.000000,3.644356
-1.171193,-1.263658,0.000000,3.644356
-1.202214,-1.585042,0.000000,3.644356
-1.028253,-1.843412,0.000000,3.644356
-0.917676,-2.023411,0.000000,3.644356
-0.636768,-1.933798,0.000000,3.644356
-0.410125,-1.755773,0.000000,3.644356
-0.123696,-1.431195,0.000000,3.644356
0.052342,-1.389159,0.000000,3.644356
0.394947,-0.708217,0.000000,3.644356
0.834390,-0.451904,0.000000,3.644356
1.205555,-0.381280,0.000000,3.644356
1.595017,-0.621513,0.000000,3.644356
1.829191,-0.238338,0.000000,3.644356
2.069639,-0.253598,0.000000,3.644356
2.228974,-0.047563,0.000000,3.644356
2.353041,0.091333,0.000000,3.644356
2.425707,0.198006,0.000000,3.644356
2.298604,0.300365,0.000000,3.644356
2.212798,0.462027,0.000000,3.644356
2.065010,0.585956,0.000000,3.644356
1.951023,0.636329,0.000000,3.644356
1.789302,0.661092,0.000000,3.644356
1.493926,0.797476,0.000000,3.644356
1.480109,0.596617,0.000000,3.644356
0.992854,0.816493,0.000000,3.644356
0.742388,0.805479,0.000000,3.644356
0.505831,0.814774,0.000000,3.644356
0.309431,0.920900,0.000000,3.644356
0.139672,1.075396,0.000000,3.644356
-0.047967,1.251605,0.000000,3.644356
-0.286048,1.485478,0.000000,3.644356
-0.019296,1.447767,0.000000,3.644356
0.040145,1.511464,0.000000,3.644356
-0.185512,1.647319,0.000000,3.644356
-0.024185,1.548329,0.000000,3.644356
-0.078262,1.510334,0.000000,3.644356
0.091094,1.382581,0.000000,3.644356
0.092044,1.266161,0.000000,3.644356
-0.186628,1.263645,0.000000,3.644356
0.086574,1.012219,0.000000,3.644356
0.326726,0.831971,0.000000,3.644356
0.477756,0.784473,0.000000,3.644356
0.647484,0.750892,0.000000,3.644356
0.806008,0.743388,0.000000,3.644356
0.864250,0.786244,0.000000,3.644356
0.832648,0.800608,0.000000,3.644356
0.846108,0.790200,0.000000,3.644356
0.824624,0.782480,0.000000,3.644356
0.807938,0.760266,0.000000,3.644356
0.812929,0.765175,0.000000,3.644356
0.786047,0.766582,0.000000,3.644356
0.787263,0.774313,0.000000,3.644356
0.798005,0.755374,0.000000,3.644356
0.777601,0.762683,0.000000,3.644356
0.761555,0.764149,0.000000,3.644356
0.777309,0.764185,0.000000,3.644356
0.755847,0.749690,0.000000,3.644356
0.767461,0.740255,0.000000,3.644356
0.741596,0.750402,0.000000,3.644356
0.746768,0.735140,0.000000,3.644356
0.731175,0.748400,0.000000,3.644356
0.737002,0.743783,0.000000,3.644356
0.736230,0.734512,0.000000,3.644356
0.741392,0.751741,0.000000,3.644356
0.728301,0.742375,0.000000,3.644356
0.718942,0.747052,0.000000,3.644356
0.731175,0.748400,0.000000,3.644356
0.714366,0.740421,0.000000,3.644356
0.695010,0.754731,0.000000,3.644356
0.667160,0.764775,0.000000,3.644356
0.676695,0.758792,0.000000,3.644356
0.690947,0.758452,0.000000,3.644356
0.692150,0.748431,0.000000,3.644356
0.707707,0.736872,0.000000,3.644356
0.686443,0.751772,0.000000,3.644356
0.676238,0.748480,0.000000,3.644356
0.659174,0.770926,0.000000,3.644356
0.686443,0.751772,0.000000,3.644356
0.654706,0.764222,0.000000,3.644356
0.658577,0.761642,0.000000,3.644356
0.686268,0.752867,0.000000,3.644356
0.650238,0.757518,0.000000,3.644356
0.611940,0.764540,0.000000,3.644356
0.654108,0.754938,0.000000,3.644356
0.688695,0.761422,0.000000,3.644356
0.670015,0.754930,0.000000,3.644356
0.628551,0.772923,0.000000,3.644356
0.667589,0.746413,0.000000,3.644356
0.646161,0.760997,0.000000,3.644356
0.666915,0.765766,0.000000,3.644356
0.666318,0.756482,0.000000,3.644356
0.654108,0.754938,0.000000,3.644356
0.666131,0.757489,0.000000,3.644356
0.658577,0.761642,0.000000,3.644356
0.660980,0.770122,0.000000,3.644356
0.646965,0.769381,0.000000,3.644356
0.668968,0.763972,0.000000,3.644356
0.646709,0.770284,0.000000,3.644356
0.620245,0.768732,0.000000,3.644356
0.679794,0.747990,0.000000,3.644356
0.648405,0.758359,0.000000,3.644356
0.634508,0.768674,0.000000,3.644356
0.657979,0.752358,0.000000,3.644356
0.663045,0.768346,0.000000,3.644356
0.670369,0.752894,0.000000,3.644356
0.665865,0.746214,0.000000,3.644356
0.640958,0.784758,0.000000,3.644356
0.648201,0.759259,0.000000,3.644356
0.665720,0.747198,0.000000,3.644356
0.685795,0.742492,0.000000,3.644356
0.668345,0.754690,0.000000,3.644356
0.686443,0.751772,0.000000,3.644356
0.654478,0.765166,0.000000,3.644356
0.672209,0.752100,0.000000,3.644356
0.638393,0.766115,0.000000,3.644356
0.683937,0.743258,0.000000,3.644356
0.642825,0.772843,0.000000,3.644356
0.642825,0.772843,0.000000,3.644356
0.652079,0.756690,0.000000,3.644356
0.668734,0.764983,0.000000,3.644356
0.664016,0.747034,0.000000,3.644356
0.638393,0.766115,0.000000,3.644356
0.626972,0.783897,0.000000,3.644356
0.656755,0.762461,0.000000,3.644356
0.665583,0.748202,0.000000,3.644356
0.670786,0.763186,0.000000,3.644356
0.637379,0.786402,0.000000,3.644356
0.669211,0.762981,0.000000,3.644356
0.667723,0.745408,0.000000,3.644356
0.631368,0.790649,0.000000,3.644356
0.680559,0.756202,0.000000,3.644356
0.645161,0.781305,0.000000,3.644356
0.625223,0.773900,0.000000,3.644356
0.670369,0.752894,0.000000,3.644356
0.678245,0.746662,0.000000,3.644356
0.632119,0.760252,0.000000,3.644356
0.662447,0.759062,0.000000,3.644356
0.632965,0.779663,0.000000,3.644356
0.678082,0.747693,0.000000,3.644356
0.684244,0.754706,0.000000,3.644356
0.687918,0.739576,0.000000,3.644356
0.624659,0.775472,0.000000,3.644356
0.681939,0.745092,0.000000,3.644356
0.678730,0.756973,0.000000,3.644356
0.664284,0.758267,0.000000,3.644356
0.666915,0.765766,0.000000,3.644356
0.645164,0.770231,0.000000,3.644356
0.656835,0.773660,0.000000,3.644356
0.692772,0.757714,0.000000,3.644356
0.674657,0.760606,0.000000,3.644356
0.672388,0.751091,0.000000,3.644356
0.689652,0.739891,0.000000,3.644356
0.681939,0.745092,0.000000,3.644356
0.673007,0.730730,0.000000,3.644356
0.650836,0.766801,0.000000,3.644356
0.656529,0.763406,0.000000,3.644356
0.631546,0.750966,0.000000,3.644356
0.623791,0.756105,0.000000,3.644356
0.581845,0.775254,0.000000,3.644356
0.574022,0.780289,0.000000,3.644356
0.561839,0.778548,0.000000,3.644356
0.571737,0.771981,0.000000,3.644356
0.565513,0.766230,0.000000,3.644356
0.546521,0.788210,0.000000,3.644356
0.559324,0.770760,0.000000,3.644356
0.572791,0.762864,0.000000,3.644356
0.497613,0.800592,0.000000,3.644356
0.453056,0.818483,0.000000,3.644356
0.419798,0.837515,0.000000,3.644356
0.399682,0.840054,0.000000,3.644356
0.353170,0.848453,0.000000,3.644356
0.319857,0.856780,0.000000,3.644356
0.314097,0.879174,0.000000,3.644356
0.281844,0.903968,0.000000,3.644356
0.250656,0.939145,0.000000,3.644356
0.220360,0.943564,0.000000,3.644356
0.200106,0.961155,0.000000,3.644356
0.188248,0.993922,0.000000,3.644356
0.164705,1.011563,0.000000,3.644356
0.080744,1.069134,0.000000,3.644356
0.053052,1.115129,0.000000,3.644356
-0.004397,1.176151,0.000000,3.644356
-0.015894,1.224427,0.000000,3.644356
-0.151576,1.333377,0.000000,3.644356
-0.257744,1.421030,0.000000,3.644356
-0.357660,1.502549,0.000000,3.644356
0.020169,1.400969,0.000000,3.644356
0.049365,1.482388,0.000000,3.644356
-0.117659,1.564816,0.000000,3.644356
-0.234914,1.685805,0.000000,3.644356
-0.448049,1.803674,0.000000,3.644356
-0.534476,1.784802,0.000000,3.644356
-0.510188,1.808584,0.000000,3.644356
-0.448825,1.767580,0.000000,3.644356
-0.553458,1.815252,0.000000,3.644356
-0.548172,1.819491,0.000000,3.644356
-0.525807,1.835748,0.000000,3.644356
-0.571765,1.817533,0.000000,3.644356
-0.574483,1.823753,0.000000,3.644356
-0.580963,1.853590,0.000000,3.644356
-0.578664,1.844576,0.000000,3.644356
-0.590418,1.853269,0.000000,3.644356
-0.593466,1.876216,0.000000,3.644356
-0.583263,1.862605,0.000000,3.644356
-0.573584,1.856347,0.000000,3.644356
-0.574786,1.890293,0.000000,3.644356
-0.568200,1.896863,0.000000,3.644356
-0.599866,1.921480,0.000000,3.644356
-0.619015,1.940113,0.000000,3.644356
-0.611703,1.950878,0.000000,3.644356
-0.642950,2.002017,0.000000,3.644356
-0.668318,2.037935,0.000000,3.644356
-0.748338,2.057281,0.000000,3.644356
-0.893712,2.107995,0.000000,3.644356
-1.006453,2.107097,0.000000,3.644356
-1.061291,2.174927,0.000000,3.644356
-1.154681,2.203977,0.000000,3.644356
-1.202520,2.208136,0.000000,3.644356
-1.300212,2.142107,0.000000,3.644356
-1.348934,2.126954,0.000000,3.644356
-1.358237,2.070558,0.000000,3.644356
-1.367540,2.006104,0.000000,3.644356
-1.293116,1.885255,0.000000,3.644356
-1.037284,1.659669,0.000000,3.644356
-0.897739,1.377686,0.000000,3.644356
-0.972163,1.015137,0.000000,3.644356
-0.674467,0.644532,0.000000,3.644356
-0.762846,0.290040,0.000000,3.644356
-1.027982,0.169190,0.000000,3.644356
-1.004725,0.145020,0.000000,3.644356
-1.600117,0.128908,0.000000,3.644356
-1.679192,0.128908,0.000000,3.644356
-1.837344,0.128908,0.000000,3.644356
-1.823389,0.145021,0.000000,3.644356
-1.786177,0.153078,0.000000,3.644356
-1.753616,0.128908,0.000000,3.644356
-1.688496,0.000001,0.000000,3.644356
-1.493132,-0.016112,0.000000,3.644356
-1.432663,-0.048339,0.000000,3.644356
-0.883786,-0.209472,0.000000,3.644356
-0.972164,-0.185302,0.000000,3.644356
-0.595393,-0.362548,0.000000,3.644356
-0.423287,-0.612304,0.000000,3.644356
-0.362818,-0.854003,0.000000,3.644356
-0.293046,-1.087646,0.000000,3.644356
-0.395379,-1.297119,0.000000,3.644356
-0.009304,-1.514648,0.000000,3.644356
-0.311652,-1.651611,0.000000,3.644356
-0.432591,-1.764404,0.000000,3.644356
-0.311652,-1.885253,0.000000,3.644356
-0.339561,-1.965820,0.000000,3.644356
-0.395379,-2.006103,0.000000,3.644356
-0.404683,-2.110839,0.000000,3.644356
-0.400031,-2.094726,0.000000,3.644356
-0.404683,-2.135009,0.000000,3.644356
-0.381425,-2.183349,0.000000,3.644356
-0.376774,-2.175292,0.000000,3.644356
-0.381425,-2.175292,0.000000,3.644356
-0.353516,-2.215576,0.000000,3.644356
-0.358168,-2.207519,0.000000,3.644356
-0.353516,-2.207519,0.000000,3.644356
-0.358168,-2.199462,0.000000,3.644356
-0.386077,-2.175292,0.000000,3.644356
-0.390728,-2.151123,0.000000,3.644356
-0.381425,-2.143066,0.000000,3.644356
-0.386077,-2.143066,0.000000,3.644356
-0.386077,-2.143066,0.000000,3.644356
-0.353516,-2.159179,0.000000,3.644356
-0.344213,-2.175292,0.000000,3.644356
-0.353516,-2.175292,0.000000,3.644356
-0.362819,-2.183349,0.000000,3.644356
-0.362819,-2.167236,0.000000,3.644356
-0.362819,-2.151123,0.000000,3.644356
-0.390728,-2.078613,0.000000,3.644356
-0.413985,-2.030273,0.000000,3.644356
-0.404682,-1.949706,0.000000,3.644356
-0.376773,-1.804687,0.000000,3.644356
-0.334910,-1.740234,0.000000,3.644356
-0.372122,-1.579101,0.000000,3.644356
-0.381424,-1.426025,0.000000,3.644356
-0.162804,-1.393799,0.000000,3.644356
-0.162804,-1.393799,0.000000,3.644356
-0.013956,-1.297119,0.000000,3.644356
-0.093031,-1.240722,0.000000,3.644356
-0.088380,-1.168213,0.000000,3.644356
-0.395379,-1.063476,0.000000,3.644356
-0.339561,-0.942627,0.000000,3.644356
-0.297697,-0.829834,0.000000,3.644356
-0.358166,-0.660644,0.000000,3.644356
-0.386075,-0.491455,0.000000,3.644356
-0.511666,-0.330322,0.000000,3.644356
-0.586090,-0.209472,0.000000,3.644356
-0.739589,-0.136962,0.000000,3.644356
-0.958210,-0.072509,0.000000,3.644356
-1.069846,-0.032226,0.000000,3.644356
-1.186133,0.016114,0.000000,3.644356
-1.446617,0.040284,0.000000,3.644356
-1.488481,0.064454,0.000000,3.644356
-1.665238,0.032228,0.000000,3.644356
-1.707101,0.201417,0.000000,3.644356
-1.711753,0.217531,0.000000,3.644356
-1.660586,0.209474,0.000000,3.644356
-1.595465,0.209474,0.000000,3.644356
-1.260557,0.209474,0.000000,3.644356
-1.018679,0.225587,0.000000,3.644356
-0.841922,0.306153,0.000000,3.644356
-0.562831,0.563965,0.000000,3.644356
-0.637255,0.942627,0.000000,3.644356
-0.753542,1.305176,0.000000,3.644356
-1.069844,1.635499,0.000000,3.644356
-1.209389,1.853028,0.000000,3.644356
-1.274510,1.981934,0.000000,3.644356
-1.190783,2.014161,0.000000,3.644356
-1.019797,2.012729,0.000000,3.644356
-0.811880,1.933684,0.000000,3.644356
-0.457637,1.688107,0.000000,3.644356
-0.017465,1.320101,0.000000,3.644356
-0.052396,1.096316,0.000000,3.644356
0.355185,0.796987,0.000000,3.644356
0.729263,0.737875,0.000000,3.644356
1.024787,0.816907,0.000000,3.644356
1.622420,0.605018,0.000000,3.644356
1.837005,0.616748,0.000000,3.644356
1.985317,0.553130,0.000000,3.644356
2.187167,0.348510,0.000000,3.644356
2.246368,0.159633,0.000000,3.644356
2.183261,0.047846,0.000000,3.644356
2.042049,-0.049968,0.000000,3.644356
1.861002,-0.172973,0.000000,3.644356
1.609059,-0.239070,0.000000,3.644356
1.358997,-0.377795,0.000000,3.644356
1.026131,-0.353350,0.000000,3.644356
0.754932,-0.422191,0.000000,3.644356
0.516680,-0.518358,0.000000,3.644356
0.359461,-0.620449,0.000000,3.644356
0.264755,-0.743023,0.000000,3.644356
0.227629,-0.796171,0.000000,3.644356
0.216594,-0.810213,0.000000,3.644356
0.163249,-0.885744,0.000000,3.644356
0.125778,-0.887752,0.000000,3.644356
0.101079,-0.888969,0.000000,3.644356
0.079258,-0.902974,0.000000,3.644356
0.035262,-1.043954,0.000000,3.644356
-0.087432,-1.566794,0.000000,3.644356
-0.065681,-1.587311,0.000000,3.644356
-0.046768,-1.472572,0.000000,3.644356
-0.083705,-1.594754,0.000000,3.644356
-0.076544,-1.600692,0.000000,3.644356
-0.081254,-1.554234,0.000000,3.644356
-0.082721,-1.586514,0.000000,3.644356
-0.059435,-1.475697,0.000000,3.644356
-0.082072,-1.558813,0.000000,3.644356
-0.048413,-1.458678,0.000000,3.644356
-0.047644,-1.454091,0.000000,3.644356
-0.017093,-1.438589,0.000000,3.644356
0.002034,-1.226046,0.000000,3.644356
0.020149,-1.193771,0.000000,3.644356
0.069967,-1.010251,0.000000,3.644356
0.089046,-0.908443,0.000000,3.644356
0.103997,-0.883505,0.000000,3.644356
0.094727,-0.891600,0.000000,3.644356
0.106771,-0.853916,0.000000,3.644356
0.109788,-0.903516,0.000000,3.644356
0.134991,-0.908673,0.000000,3.644356
0.145937,-0.904542,0.000000,3.644356
0.150407,-0.862918,0.000000,3.644356
0.169128,-0.870837,0.000000,3.644356
0.179623,-0.855064,0.000000,3.644356
0.189576,-0.859860,0.000000,3.644356
0.188036,-0.851095,0.000000,3.644356
0.193130,-0.834268,0.000000,3.644356
0.192244,-0.854711,0.000000,3.644356
0.191811,-0.832041,0.000000,3.644356
0.201356,-0.841421,0.000000,3.644356
0.223954,-0.813653,0.000000,3.644356
0.237908,-0.789770,0.000000,3.644356
0.277795,-0.766501,0.000000,3.644356
0.272172,-0.757328,0.000000,3.644356
0.263243,-0.774139,0.000000,3.644356
0.249478,-0.767926,0.000000,3.644356
0.260891,-0.779487,0.000000,3.644356
0.251327,-0.770405,0.000000,3.644356
0.253121,-0.774371,0.000000,3.644356
0.253667,-0.765084,0.000000,3.644356
0.261710,-0.765556,0.000000,3.644356
0.252848,-0.779014,0.000000,3.644356
0.260976,-0.780900,0.000000,3.644356
0.253667,-0.765084,0.000000,3.644356
0.275207,-0.777768,0.000000,3.644356
0.284195,-0.759593,0.000000,3.644356
0.251042,-0.775047,0.000000,3.644356
0.282402,-0.755709,0.000000,3.644356
0.252848,-0.779014,0.000000,3.644356
0.234103,-0.787988,0.000000,3.644356
0.261437,-0.770200,0.000000,3.644356
0.272589,-0.751369,0.000000,3.644356
0.247415,-0.768593,0.000000,3.644356
0.268551,-0.752822,0.000000,3.644356
0.284901,-0.745657,0.000000,3.644356
0.257595,-0.766950,0.000000,3.644356
0.278341,-0.757214,0.000000,3.644356
0.270843,-0.747455,0.000000,3.644356
0.280372,-0.756464,0.000000,3.644356
0.290943,-0.746848,0.000000,3.644356
0.272589,-0.751369,0.000000,3.644356
0.288480,-0.753410,0.000000,3.644356
0.288690,-0.748763,0.000000,3.644356
0.263703,-0.766257,0.000000,3.644356
0.262255,-0.756269,0.000000,3.644356
0.268551,-0.752822,0.000000,3.644356
0.284901,-0.745657,0.000000,3.644356
0.288900,-0.744117,0.000000,3.644356
0.272328,-0.756013,0.000000,3.644356
0.257523,-0.768356,0.000000,3.644356
0.272593,-0.748034,0.000000,3.644356
0.263503,-0.769495,0.000000,3.644356
0.266064,-0.759495,0.000000,3.644356
0.274853,-0.745990,0.000000,3.644356
0.270571,-0.752098,0.000000,3.644356
0.283394,-0.737129,0.000000,3.644356
0.263073,-0.742339,0.000000,3.644356
0.253667,-0.765084,0.000000,3.644356
0.286678,-0.749535,0.000000,3.644356
0.287202,-0.743756,0.000000,3.644356
0.267631,-0.768069,0.000000,3.644356
0.245351,-0.769255,0.000000,3.644356
0.257000,-0.776234,0.000000,3.644356
0.282650,-0.751064,0.000000,3.644356
0.263265,-0.772817,0.000000,3.644356
0.234959,-0.774059,0.000000,3.644356
0.261710,-0.765556,0.000000,3.644356
0.261164,-0.774843,0.000000,3.644356
0.234103,-0.787988,0.000000,3.644356
0.254916,-0.776921,0.000000,3.644356
0.237288,-0.799052,0.000000,3.644356
0.244533,-0.783185,0.000000,3.644356
0.239431,-0.798413,0.000000,3.644356
0.219970,-0.816543,0.000000,3.644356
0.195581,-0.840276,0.000000,3.644356
0.186157,-0.858229,0.000000,3.644356
0.165267,-0.889941,0.000000,3.644356
0.151644,-0.860479,0.000000,3.644356
0.139602,-0.901375,0.000000,3.644356
0.112507,-0.851161,0.000000,3.644356
0.103121,-0.881585,0.000000,3.644356
0.099286,-0.866434,0.000000,3.644356
0.084713,-0.897924,0.000000,3.644356
0.052495,-1.018802,0.000000,3.644356
0.047356,-1.035785,0.000000,3.644356
-0.002141,-1.232698,0.000000,3.644356
-0.000368,-1.252316,0.000000,3.644356
-0.072907,-1.554647,0.000000,3.644356
-0.047738,-1.579721,0.000000,3.644356
-0.085138,-1.600258,0.000000,3.644356
-0.086980,-1.586287,0.000000,3.644356
-0.108455,-1.565479,0.000000,3.644356
-0.090367,-1.608273,0.000000,3.644356
-0.105924,-1.529618,0.000000,3.644356
-0.107671,-1.584054,0.000000,3.644356
-0.104119,-1.542629,0.000000,3.644356
-0.104977,-1.616647,0.000000,3.644356
-0.121963,-1.569118,0.000000,3.644356
-0.115074,-1.555745,0.000000,3.644356
-0.114600,-1.490957,0.000000,3.644356
-0.141751,-1.646311,0.000000,3.644356
-0.126208,-1.507581,0.000000,3.644356
-0.124509,-1.499426,0.000000,3.644356
-0.143507,-1.530190,0.000000,3.644356
-0.129731,-1.486110,0.000000,3.644356
-0.130643,-1.471104,0.000000,3.644356
-0.132132,-1.535849,0.000000,3.644356
-0.139602,-1.493459,0.000000,3.644356
-0.152369,-1.533021,0.000000,3.644356
-0.145321,-1.519781,0.000000,3.644356
-0.159169,-1.420849,0.000000,3.644356
-0.194990,-1.517949,0.000000,3.644356
-0.258078,-1.563919,0.000000,3.644356
-0.250567,-1.490131,0.000000,3.644356
-0.338811,-1.689581,0.000000,3.644356
-0.401154,-1.743236,0.000000,3.644356
-0.446079,-1.770531,0.000000,3.644356
-0.526843,-1.762713,0.000000,3.644356
-0.576603,-1.805536,0.000000,3.644356
-0.730090,-1.879046,0.000000,3.644356
-0.794593,-1.868531,0.000000,3.644356
-0.866957,-1.881403,0.000000,3.644356
-0.926394,-1.748565,0.000000,3.644356
-0.974573,-1.601721,0.000000,3.644356
-1.108565,-1.322947,0.000000,3.644356
-1.101616,-1.198712,0.000000,3.644356
-0.973064,-0.900893,0.000000,3.644356
-1.153485,-0.862956,0.000000,3.644356
-0.771291,-0.317401,0.000000,3.644356
-0.754111,-0.075068,0.000000,3.644356
-0.859933,0.290126,0.000000,3.644356
-1.003082,0.596834,0.000000,3.644356
-0.973843,0.949852,0.000000,3.644356
-1.538324,1.055964,0.000000,3.644356
-1.332857,1.420071,0.000000,3.644356
-1.382839,1.673973,0.000000,3.644356
-1.277875,1.878074,0.000000,3.644356
-1.226045,1.976802,0.000000,3.644356
-1.200625,2.055965,0.000000,3.644356
1.116359,-2.167237,0.000000,3.644356
1.046586,-2.094727,0.000000,3.644356
0.967511,-2.030274,0.000000,3.644356
0.883784,-1.909424,0.000000,3.644356
0.869830,-1.740235,0.000000,3.644356
0.688421,-1.514649,0.000000,3.644356
0.823315,-1.297120,0.000000,3.644356
0.279089,-1.071533,0.000000,3.644356
0.274438,-0.918457,0.000000,3.644356
0.069772,-0.902344,0.000000,3.644356
-0.060470,-1.023193,0.000000,3.644356
-0.176758,-1.224609,0.000000,3.644356
-0.065122,-1.426025,0.000000,3.644356
-0.218622,-1.603271,0.000000,3.644356
-0.320955,-1.740234,0.000000,3.644356
-0.320955,-1.853027,0.000000,3.644356
-0.381425,-1.973876,0.000000,3.644356
-0.418637,-2.038330,0.000000,3.644356
-0.418637,-2.094726,0.000000,3.644356
-0.400031,-2.126953,0.000000,3.644356
-0.390728,-2.126953,0.000000,3.644356
-0.372122,-2.167236,0.000000,3.644356
-0.367471,-2.151123,0.000000,3.644356
-0.395380,-2.094726,0.000000,3.644356
-0.390728,-2.070556,0.000000,3.644356
-0.404682,-1.989990,0.000000,3.644356
-0.404682,-1.949706,0.000000,3.644356
-0.353516,-1.812744,0.000000,3.644356
-0.320955,-1.708007,0.000000,3.644356
-0.381425,-1.579101,0.000000,3.644356
-0.255834,-1.417968,0.000000,3.644356
-0.093031,-1.289062,0.000000,3.644356
-0.106986,-1.127929,0.000000,3.644356
-0.372121,-0.982910,0.000000,3.644356
-0.316303,-0.837890,0.000000,3.644356
-0.325606,-0.717041,0.000000,3.644356
-0.395378,-0.612304,0.000000,3.644356
-0.427939,-0.491455,0.000000,3.644356
-0.460499,-0.451171,0.000000,3.644356
-0.488408,-0.394775,0.000000,3.644356
-0.525620,-0.346435,0.000000,3.644356
-0.511666,-0.322265,0.000000,3.644356
-0.558181,-0.314208,0.000000,3.644356
-0.534923,-0.298095,0.000000,3.644356
-0.530272,-0.298095,0.000000,3.644356
-0.548878,-0.290039,0.000000,3.644356
-0.558181,-0.322265,0.000000,3.644356
-0.520969,-0.314209,0.000000,3.644356
-0.497711,-0.330322,0.000000,3.644356
-0.548878,-0.330322,0.000000,3.644356
-0.544226,-0.338378,0.000000,3.644356
-0.530272,-0.354492,0.000000,3.644356
-0.530272,-0.338378,0.000000,3.644356
-0.520969,-0.370605,0.000000,3.644356
-0.497711,-0.402832,0.000000,3.644356
-0.483757,-0.427001,0.000000,3.644356
-0.479105,-0.427002,0.000000,3.644356
-0.437242,-0.499511,0.000000,3.644356
-0.423287,-0.539795,0.000000,3.644356
-0.413984,-0.547851,0.000000,3.644356
-0.386075,-0.612304,0.000000,3.644356
-0.376772,-0.612304,0.000000,3.644356
-0.334909,-0.660644,0.000000,3.644356
-0.344212,-0.725097,0.000000,3.644356
-0.372121,-0.717041,0.000000,3.644356
-0.320954,-0.781494,0.000000,3.644356
-0.325606,-0.821777,0.000000,3.644356
-0.307000,-0.821777,0.000000,3.644356
-0.293045,-0.878173,0.000000,3.644356
-0.302348,-0.894287,0.000000,3.644356
-0.297697,-0.918457,0.000000,3.644356
-0.302348,-0.926513,0.000000,3.644356
-0.316303,-0.974853,0.000000,3.644356
-0.302349,-0.990966,0.000000,3.644356
-0.325606,-1.007080,0.000000,3.644356
-0.320955,-1.031250,0.000000,3.644356
-0.358167,-1.071533,0.000000,3.644356
-0.358167,-1.047363,0.000000,3.644356
-0.358167,-1.039306,0.000000,3.644356
-0.358167,-1.063476,0.000000,3.644356
-0.358167,-1.055419,0.000000,3.644356
-0.395379,-1.039306,0.000000,3.644356
-0.358167,-1.055419,0.000000,3.644356
-0.358167,-1.055419,0.000000,3.644356
-0.339561,-1.063476,0.000000,3.644356
-0.353515,-1.055420,0.000000,3.644356
-0.367470,-1.087646,0.000000,3.644356
-0.358167,-1.087646,0.000000,3.644356
-0.344212,-1.047363,0.000000,3.644356
-0.362818,-1.095703,0.000000,3.644356
-0.362818,-1.087646,0.000000,3.644356
-0.362818,-1.087646,0.000000,3.644356
-0.400030,-1.135986,0.000000,3.644356
-0.395379,-1.119873,0.000000,3.644356
-0.404682,-1.144042,0.000000,3.644356
-0.390727,-1.144042,0.000000,3.644356
-0.400030,-1.176269,0.000000,3.644356
-0.409333,-1.208496,0.000000,3.644356
-0.279091,-1.208496,0.000000,3.644356
-0.283743,-1.232666,0.000000,3.644356
-0.274440,-1.256836,0.000000,3.644356
-0.004653,-1.297119,0.000000,3.644356
-0.102334,-1.313232,0.000000,3.644356
-0.013956,-1.345459,0.000000,3.644356
-0.083728,-1.385742,0.000000,3.644356
-0.079077,-1.426025,0.000000,3.644356
-0.162804,-1.490478,0.000000,3.644356
-0.316304,-1.562988,0.000000,3.644356
-0.325607,-1.603271,0.000000,3.644356
-0.423288,-1.675781,0.000000,3.644356
-0.395379,-1.772460,0.000000,3.644356
-0.316304,-1.893310,0.000000,3.644356
-0.372122,-1.998046,0.000000,3.644356
-0.400031,-2.062500,0.000000,3.644356
-0.400031,-2.006103,0.000000,3.644356
-0.404682,-2.054443,0.000000,3.644356
-0.409334,-2.030273,0.000000,3.644356
-0.413985,-2.062500,0.000000,3.644356
-0.404682,-2.030273,0.000000,3.644356
-0.400031,-2.054443,0.000000,3.644356
-0.409334,-2.086669,0.000000,3.644356
-0.404683,-2.102783,0.000000,3.644356
-0.381425,-2.135009,0.000000,3.644356
-0.376774,-2.167236,0.000000,3.644356
-0.344213,-2.183349,0.000000,3.644356
-0.348865,-2.215576,0.000000,3.644356
-0.376774,-2.183349,0.000000,3.644356
-0.372122,-2.159179,0.000000,3.644356
-0.386076,-2.062500,0.000000,3.644356
-0.330258,-1.933593,0.000000,3.644356
-0.367470,-1.732177,0.000000,3.644356
-0.172107,-1.498535,0.000000,3.644356
-0.213970,-1.200439,0.000000,3.644356
0.083726,-0.990967,0.000000,3.644356
0.381422,-0.999024,0.000000,3.644356
0.604694,-1.208496,0.000000,3.644356
1.032632,-1.546876,0.000000,3.644356
0.958208,-1.828858,0.000000,3.644356
1.093102,-2.046387,0.000000,3.644356
1.088450,-2.183350,0.000000,3.644356
1.181480,-2.231690,0.000000,3.644356
-1.248754,2.201354,0.000000,3.644356
-1.318059,2.004267,0.000000,3.644356
-1.319455,1.689121,0.000000,3.644356
-1.370890,1.359640,0.000000,3.644356
-1.307005,1.042187,0.000000,3.644356
-0.941409,0.759193,0.000000,3.644356
-0.887332,0.365155,0.000000,3.644356
-0.814008,-0.008484,0.000000,3.644356
-0.847151,-0.341902,0.000000,3.644356
-0.884412,-0.546840,0.000000,3.644356
-1.017821,-0.797781,0.000000,3.644356
-1.172305,-1.089338,0.000000,3.644356
-1.095229,-1.155138,0.000000,3.644356
-1.207463,-1.399069,0.000000,3.644356
-1.114388,-1.528834,0.000000,3.644356
-1.046714,-1.680930,0.000000,3.644356
-1.001046,-1.860700,0.000000,3.644356
-0.927209,-1.950840,0.000000,3.644356
-0.799256,-1.956764,0.000000,3.644356
-0.624471,-1.906807,0.000000,3.644356
-0.430749,-1.784118,0.000000,3.644356
-0.265855,-1.689887,0.000000,3.644356
-0.048711,-1.553143,0.000000,3.644356
0.260853,-0.796183,0.000000,3.644356
0.696982,-0.517026,0.000000,3.644356
1.189636,-0.399767,0.000000,3.644356
1.691298,-0.596843,0.000000,3.644356
2.048594,-0.193641,0.000000,3.644356
2.320298,-0.012454,0.000000,3.644356
2.440972,0.146262,0.000000,3.644356
2.338403,0.405199,0.000000,3.644356
2.005546,0.606783,0.000000,3.644356
1.602667,0.745832,0.000000,3.644356
1.287783,0.592043,0.000000,3.644356
0.428638,0.904299,0.000000,3.644356
0.029728,1.274649,0.000000,3.644356
-0.486391,1.838691,0.000000,3.644356
-0.679745,2.134384,0.000000,3.644356
-1.009058,2.328920,0.000000,3.644356
-1.291222,2.291211,0.000000,3.644356
-1.409404,2.183351,0.000000,3.644356
-1.390798,2.014161,0.000000,3.644356
-1.172177,1.740235,0.000000,3.644356
-0.888436,1.345460,0.000000,3.644356
-0.930300,0.934571,0.000000,3.644356
-0.674468,0.475342,0.000000,3.644356
-0.823316,0.241700,0.000000,3.644356
-1.074497,0.177247,0.000000,3.644356
-1.051240,0.153077,0.000000,3.644356
-1.307072,0.153077,0.000000,3.644356
-1.502435,0.145021,0.000000,3.644356
-1.558253,0.145021,0.000000,3.644356
-1.637329,0.145021,0.000000,3.644356
-1.702450,0.153078,0.000000,3.644356
-1.739662,0.161134,0.000000,3.644356
-1.735011,0.169191,0.000000,3.644356
-1.735011,0.169191,0.000000,3.644356
-1.735011,0.169191,0.000000,3.644356
-1.721056,0.177248,0.000000,3.644356
-1.697798,0.169191,0.000000,3.644356
-1.697798,0.169191,0.000000,3.644356
-1.688495,0.177247,0.000000,3.644356
-1.646632,0.177247,0.000000,3.644356
-1.618723,0.177247,0.000000,3.644356
-1.562905,0.177247,0.000000,3.644356
-1.474526,0.177247,0.000000,3.644356
-1.381496,0.177247,0.000000,3.644356
-1.414057,0.177247,0.000000,3.644356
-1.395451,0.185304,0.000000,3.644356
-1.181482,0.193360,0.000000,3.644356
-0.962861,0.193360,0.000000,3.644356
-0.902391,0.193360,0.000000,3.644356
-0.888437,0.185303,0.000000,3.644356
-0.897740,0.185303,0.000000,3.644356
-0.888437,0.193360,0.000000,3.644356
-0.953558,0.193360,0.000000,3.644356
-0.851225,0.193360,0.000000,3.644356
-0.855876,0.193360,0.000000,3.644356
-0.930300,0.193360,0.000000,3.644356
-0.916346,0.193360,0.000000,3.644356
-0.916346,0.193360,0.000000,3.644356
-0.907043,0.193360,0.000000,3.644356
-1.060543,0.201417,0.000000,3.644356
-1.055891,0.193360,0.000000,3.644356
-1.148921,0.209474,0.000000,3.644356
-1.158224,0.209474,0.000000,3.644356
-1.116361,0.209474,0.000000,3.644356
-1.051239,0.225587,0.000000,3.644356
-1.000073,0.217530,0.000000,3.644356
-0.953558,0.225587,0.000000,3.644356
-0.962861,0.225587,0.000000,3.644356
-0.874482,0.241700,0.000000,3.644356
-0.832619,0.241700,0.000000,3.644356
-0.814013,0.249757,0.000000,3.644356
-0.804710,0.257813,0.000000,3.644356
-0.776801,0.265870,0.000000,3.644356
-0.762846,0.273926,0.000000,3.644356
-0.758195,0.281983,0.000000,3.644356
-0.767498,0.257813,0.000000,3.644356
-0.758195,0.265870,0.000000,3.644356
-0.772149,0.265870,0.000000,3.644356
-0.776801,0.249756,0.000000,3.644356
-0.772149,0.265870,0.000000,3.644356
-0.758195,0.257813,0.000000,3.644356
-0.767498,0.265870,0.000000,3.644356
-0.781452,0.265870,0.000000,3.644356
-0.800058,0.241700,0.000000,3.644356
-0.772149,0.265870,0.000000,3.644356
-0.767498,0.265870,0.000000,3.644356
-0.781452,0.257813,0.000000,3.644356
-0.767498,0.265870,0.000000,3.644356
-0.762846,0.257813,0.000000,3.644356
-0.781452,0.257813,0.000000,3.644356
-0.762846,0.265870,0.000000,3.644356
-0.772149,0.265870,0.000000,3.644356
-0.786104,0.257813,0.000000,3.644356
-0.776801,0.273926,0.000000,3.644356
-0.809361,0.249757,0.000000,3.644356
-0.781452,0.265870,0.000000,3.644356
-0.767498,0.265870,0.000000,3.644356
-0.795407,0.249757,0.000000,3.644356
-0.776801,0.257813,0.000000,3.644356
-0.814013,0.241700,0.000000,3.644356
-0.790755,0.249756,0.000000,3.644356
-0.786104,0.257813,0.000000,3.644356
-0.781452,0.257813,0.000000,3.644356
-0.781452,0.249756,0.000000,3.644356
-0.786104,0.249756,0.000000,3.644356
-0.772149,0.265870,0.000000,3.644356
-0.786104,0.273926,0.000000,3.644356
-0.795407,0.249757,0.000000,3.644356
-0.776801,0.257813,0.000000,3.644356
-0.776801,0.257813,0.000000,3.644356
-0.786104,0.241700,0.000000,3.644356
-0.781452,0.257813,0.000000,3.644356
-0.776801,0.257813,0.000000,3.644356
-0.781452,0.257813,0.000000,3.644356
-0.772149,0.257813,0.000000,3.644356
-0.776801,0.257813,0.000000,3.644356
-0.776801,0.257813,0.000000,3.644356
-0.800058,0.249757,0.000000,3.644356
-0.781452,0.265870,0.000000,3.644356
-0.772149,0.257813,0.000000,3.644356
-0.804710,0.241700,0.000000,3.644356
-0.790755,0.249756,0.000000,3.644356
-0.776801,0.257813,0.000000,3.644356
-0.776801,0.265870,0.000000,3.644356
-0.786104,0.241700,0.000000,3.644356
-0.781452,0.257813,0.000000,3.644356
-0.772149,0.257813,0.000000,3.644356
-0.786104,0.249756,0.000000,3.644356
-0.804710,0.249757,0.000000,3.644356
-0.772149,0.265870,0.000000,3.644356
-0.786104,0.257813,0.000000,3.644356
-0.776801,0.257813,0.000000,3.644356
-0.781452,0.257813,0.000000,3.644356
-0.804710,0.249757,0.000000,3.644356
-0.809361,0.241700,0.000000,3.644356
-0.818664,0.241700,0.000000,3.644356
-0.795407,0.241700,0.000000,3.644356
-0.800058,0.249757,0.000000,3.644356
-0.827967,0.249757,0.000000,3.644356
-0.837270,0.241700,0.000000,3.644356
-0.818664,0.241700,0.000000,3.644356
-0.846573,0.249757,0.000000,3.644356
-0.879134,0.241700,0.000000,3.644356
-0.911694,0.233643,0.000000,3.644356
-0.972164,0.225587,0.000000,3.644356
-1.004724,0.217530,0.000000,3.644356
-1.004725,0.209473,0.000000,3.644356
-1.093103,0.217530,0.000000,3.644356
-1.111709,0.201417,0.000000,3.644356
-1.214042,0.185304,0.000000,3.644356
-0.920997,0.177247,0.000000,3.644356
-1.158224,0.169190,0.000000,3.644356
-1.493132,0.161134,0.000000,3.644356
-1.516390,0.145021,0.000000,3.644356
-1.595465,0.145021,0.000000,3.644356
-1.767571,0.136964,0.000000,3.644356
-1.832692,0.145021,0.000000,3.644356
-1.744313,0.177248,0.000000,3.644356
-1.753616,0.169191,0.000000,3.644356
-1.758268,0.177248,0.000000,3.644356
-1.748965,0.177248,0.000000,3.644356
-1.767571,0.161134,0.000000,3.644356
-1.753616,0.169191,0.000000,3.644356
-1.753616,0.161134,0.000000,3.644356
-1.748965,0.161134,0.000000,3.644356
-1.735011,0.145021,0.000000,3.644356
-1.730359,0.120851,0.000000,3.644356
-1.688496,0.000001,0.000000,3.644356
-1.534996,0.000001,0.000000,3.644356
-1.414057,-0.032225,0.000000,3.644356
-1.167527,-0.064452,0.000000,3.644356
-0.962861,-0.153075,0.000000,3.644356
-0.711680,-0.273925,0.000000,3.644356
-0.446545,-0.547851,0.000000,3.644356
-0.334909,-0.950683,0.000000,3.644356
-0.344212,-1.321289,0.000000,3.644356
-0.148850,-1.691894,0.000000,3.644356
-0.348864,-1.998046,0.000000,3.644356
-0.386077,-2.167236,0.000000,3.644356
-0.400031,-2.263916,0.000000,3.644356
-0.348865,-2.296142,0.000000,3.644356
-0.372122,-2.223632,0.000000,3.644356
-0.386076,-2.078613,0.000000,3.644356
-0.279092,-1.853027,0.000000,3.644356
-0.251182,-1.571044,0.000000,3.644356
-0.088380,-1.264892,0.000000,3.644356
0.074423,-0.999023,0.000000,3.644356
0.320953,-0.974854,0.000000,3.644356
0.548876,-1.127930,0.000000,3.644356
0.544225,-1.401856,0.000000,3.644356
1.190783,-1.667725,0.000000,3.644356
0.986117,-1.893311,0.000000,3.644356
1.097753,-2.054444,0.000000,3.644356
1.097753,-2.199464,0.000000,3.644356
1.195434,-2.263917,0.000000,3.644356
1.246601,-2.263917,0.000000,3.644356
-1.324790,2.066423,0.000000,3.644356
-1.348502,1.816957,0.000000,3.644356
-1.411887,1.381383,0.000000,3.644356
-1.407112,0.827152,0.000000,3.644356
-0.891933,0.421784,0.000000,3.644356
-0.839673,-0.148393,0.000000,3.644356
-0.984152,-0.613276,0.000000,3.644356
-1.375702,-1.274260,0.000000,3.644356
-1.288976,-1.471245,0.000000,3.644356
-1.150815,-1.727316,0.000000,3.644356
-0.941315,-1.973571,0.000000,3.644356
-0.720290,-1.979181,0.000000,3.644356
-0.452387,-1.764448,0.000000,3.644356
-0.125492,-1.398766,0.000000,3.644356
0.190646,-0.821792,0.000000,3.644356
0.601551,-0.573915,0.000000,3.644356
1.114628,-0.433928,0.000000,3.644356
1.651846,-0.397015,0.000000,3.644356
2.035809,-0.219932,0.000000,3.644356
2.292033,-0.055023,0.000000,3.644356
2.431407,0.072341,0.000000,3.644356
2.438787,0.231536,0.000000,3.644356
2.214824,0.497144,0.000000,3.644356
1.979471,0.694522,0.000000,3.644356
1.589242,0.760115,0.000000,3.644356
1.439275,0.547341,0.000000,3.644356
0.683914,0.837864,0.000000,3.644356
0.409983,0.855514,0.000000,3.644356
0.092945,1.134783,0.000000,3.644356
-0.218993,1.487458,0.000000,3.644356
-0.004100,1.612617,0.000000,3.644356
-0.496097,1.876009,0.000000,3.644356
-0.631259,2.050097,0.000000,3.644356
-0.818980,2.139164,0.000000,3.644356
-1.017626,2.144448,0.000000,3.644356
-1.103984,2.213065,0.000000,3.644356
-1.125901,2.177192,0.000000,3.644356
-1.200361,2.166908,0.000000,3.644356
-1.269528,2.127127,0.000000,3.644356
-1.291349,2.131372,0.000000,3.644356
-1.311722,2.110841,0.000000,3.644356
-1.297768,2.078614,0.000000,3.644356
-1.330328,2.054444,0.000000,3.644356
-1.321025,2.046388,0.000000,3.644356
-1.372192,2.046388,0.000000,3.644356
-1.339631,2.014161,0.000000,3.644356
-1.344283,1.998048,0.000000,3.644356
-1.358237,1.981935,0.000000,3.644356
-1.334980,1.949708,0.000000,3.644356
-1.334980,1.949708,0.000000,3.644356
-1.330328,1.941651,0.000000,3.644356
-1.321025,1.933595,0.000000,3.644356
-1.330328,1.933595,0.000000,3.644356
-1.325677,1.933595,0.000000,3.644356
-1.316374,1.917481,0.000000,3.644356
-1.316374,1.925538,0.000000,3.644356
-1.330328,1.949708,0.000000,3.644356
-1.330328,1.933595,0.000000,3.644356
-1.321025,1.933595,0.000000,3.644356
-1.321025,1.933595,0.000000,3.644356
-1.334980,1.957765,0.000000,3.644356
-1.330328,1.949708,0.000000,3.644356
-1.330328,1.949708,0.000000,3.644356
-1.334980,1.949708,0.000000,3.644356
-1.334980,1.949708,0.000000,3.644356
-1.334980,1.949708,0.000000,3.644356
-1.330328,1.949708,0.000000,3.644356
-1.334980,1.949708,0.000000,3.644356
-1.334980,1.949708,0.000000,3.644356
-1.330328,1.949708,0.000000,3.644356
-1.325677,1.957765,0.000000,3.644356
-1.316374,1.973878,0.000000,3.644356
-1.321025,1.998048,0.000000,3.644356
-1.325677,1.998048,0.000000,3.644356
-1.334980,2.006104,0.000000,3.644356
-1.330328,2.006104,0.000000,3.644356
-1.297768,2.054444,0.000000,3.644356
-1.293116,2.054444,0.000000,3.644356
-1.251253,2.078614,0.000000,3.644356
-1.152940,2.060822,0.000000,3.644356
-0.961858,2.045325,0.000000,3.644356
-0.626950,1.823378,0.000000,3.644356
-0.503028,1.718388,0.000000,3.644356
-0.576951,1.856633,0.000000,3.644356
-0.378654,1.645510,0.000000,3.644356
-0.196207,1.574578,0.000000,3.644356
0.108671,1.323204,0.000000,3.644356
-0.205614,1.366134,0.000000,3.644356
-0.058015,1.167448,0.000000,3.644356
0.133875,0.992937,0.000000,3.644356
0.382493,0.838332,0.000000,3.644356
0.613288,0.737997,0.000000,3.644356
0.817018,0.749057,0.000000,3.644356
0.961726,0.816905,0.000000,3.644356
1.578278,0.513377,0.000000,3.644356
1.584063,0.664737,0.000000,3.644356
1.715191,0.689420,0.000000,3.644356
1.891906,0.632447,0.000000,3.644356
1.986163,0.550085,0.000000,3.644356
2.160978,0.440801,0.000000,3.644356
2.233036,0.274463,0.000000,3.644356
2.288701,0.125980,0.000000,3.644356
2.170389,0.006558,0.000000,3.644356
2.008136,-0.073219,0.000000,3.644356
1.806159,-0.222995,0.000000,3.644356
1.455559,-0.226767,0.000000,3.644356
1.140360,-0.602289,0.000000,3.644356
0.649476,-0.442950,0.000000,3.644356
0.269493,-0.680891,0.000000,3.644356
0.056712,-1.018162,0.000000,3.644356
-0.220774,-1.716374,0.000000,3.644356
-0.382289,-1.782208,0.000000,3.644356
-0.598949,-1.780964,0.000000,3.644356
-0.811287,-1.807352,0.000000,3.644356
-0.964487,-1.633533,0.000000,3.644356
-0.976811,-1.262747,0.000000,3.644356
-0.891834,-0.743375,0.000000,3.644356
-0.720692,-0.248469,0.000000,3.644356
-0.815262,0.229952,0.000000,3.644356
-1.042109,0.729713,0.000000,3.644356
-1.436802,1.135034,0.000000,3.644356
-1.358076,1.631295,0.000000,3.644356
-1.164503,1.962650,0.000000,3.644356
1.037283,-2.078614,0.000000,3.644356
0.814011,-1.844971,0.000000,3.644356
0.674467,-1.482422,0.000000,3.644356
0.358165,-1.063477,0.000000,3.644356
0.083726,-0.862060,0.000000,3.644356
-0.144198,-1.127929,0.000000,3.644356
-0.009304,-1.554931,0.000000,3.644356
-0.358167,-1.877197,0.000000,3.644356
-0.441894,-2.030273,0.000000,3.644356
-0.409334,-1.981933,0.000000,3.644356
-0.404682,-1.756347,0.000000,3.644356
-0.390727,-1.256835,0.000000,3.644356
-0.423287,-0.708984,0.000000,3.644356
-0.525620,-0.249755,0.000000,3.644356
-0.860528,-0.032226,0.000000,3.644356
-1.121012,0.048341,0.000000,3.644356
-1.479178,0.112794,0.000000,3.644356
-1.683844,0.209474,0.000000,3.644356
-1.665238,0.225587,0.000000,3.644356
-1.623374,0.217531,0.000000,3.644356
-1.465223,0.201417,0.000000,3.644356
-1.265209,0.209474,0.000000,3.644356
-0.739589,0.241700,0.000000,3.644356
-0.688422,0.338379,0.000000,3.644356
-0.572134,0.580079,0.000000,3.644356
-0.613998,0.870118,0.000000,3.644356
-0.855876,1.119874,0.000000,3.644356
-0.558179,1.281006,0.000000,3.644356
-0.767497,1.401856,0.000000,3.644356
-1.041935,1.482423,0.000000,3.644356
-1.097753,1.587159,0.000000,3.644356
-1.139617,1.643555,0.000000,3.644356
-1.041935,1.691895,0.000000,3.644356
-1.134965,1.756348,0.000000,3.644356
-1.134965,1.756348,0.000000,3.644356
-1.190783,1.788575,0.000000,3.644356
-1.176829,1.780518,0.000000,3.644356
-1.186132,1.796632,0.000000,3.644356
-1.181480,1.788575,0.000000,3.644356
-1.162874,1.796632,0.000000,3.644356
-1.162874,1.796632,0.000000,3.644356
-1.167526,1.796632,0.000000,3.644356
-1.195435,1.804688,0.000000,3.644356
-1.200086,1.804688,0.000000,3.644356
-1.190783,1.796632,0.000000,3.644356
-1.186132,1.796632,0.000000,3.644356
-1.186132,1.788575,0.000000,3.644356
-1.158223,1.788575,0.000000,3.644356
-1.176829,1.772462,0.000000,3.644356
-1.134965,1.748292,0.000000,3.644356
-1.111708,1.708009,0.000000,3.644356
-1.065193,1.675782,0.000000,3.644356
-1.046587,1.603272,0.000000,3.644356
-1.083799,1.482423,0.000000,3.644356
-0.693073,1.345459,0.000000,3.644356
-0.702376,1.127930,0.000000,3.644356
-0.916345,0.999024,0.000000,3.644356
-0.725634,0.886231,0.000000,3.644356
-0.669816,0.837891,0.000000,3.644356
-0.660513,0.854004,0.000000,3.644356
-0.679119,0.854004,0.000000,3.644356
-0.665164,0.845948,0.000000,3.644356
-0.669816,0.854004,0.000000,3.644356
-0.679119,0.862061,0.000000,3.644356
-0.665164,0.837891,0.000000,3.644356
-0.665164,0.854004,0.000000,3.644356
-0.674467,0.878174,0.000000,3.644356
-0.669816,0.854004,0.000000,3.644356
-0.665164,0.829834,0.000000,3.644356
-0.688422,0.870118,0.000000,3.644356
-0.707028,0.870118,0.000000,3.644356
-0.707028,0.862061,0.000000,3.644356
-0.665164,0.862061,0.000000,3.644356
-0.674467,0.870118,0.000000,3.644356
-0.720982,0.886231,0.000000,3.644356
-0.674467,0.886231,0.000000,3.644356
-0.679119,0.870118,0.000000,3.644356
-0.734937,0.886231,0.000000,3.644356
-0.693073,0.886231,0.000000,3.644356
-0.744240,0.910401,0.000000,3.644356
-0.711679,0.902344,0.000000,3.644356
-0.711679,0.886231,0.000000,3.644356
-0.688422,0.870118,0.000000,3.644356
-0.697725,0.902344,0.000000,3.644356
-0.725634,0.902344,0.000000,3.644356
-0.730285,0.910401,0.000000,3.644356
-0.725634,0.910401,0.000000,3.644356
-0.748891,0.934571,0.000000,3.644356
-0.758194,0.934571,0.000000,3.644356
-0.748891,0.934571,0.000000,3.644356
-0.762846,0.926514,0.000000,3.644356
-0.758194,0.942627,0.000000,3.644356
-0.753543,0.918458,0.000000,3.644356
-0.753543,0.926514,0.000000,3.644356
-0.767497,0.950684,0.000000,3.644356
-0.730285,0.926514,0.000000,3.644356
-0.753543,0.934571,0.000000,3.644356
-0.753543,0.926514,0.000000,3.644356
-0.781452,0.942627,0.000000,3.644356
-0.823315,0.966797,0.000000,3.644356
-0.753543,0.942627,0.000000,3.644356
-0.744240,0.958741,0.000000,3.644356
-0.846573,1.007081,0.000000,3.644356
-0.939603,1.079591,0.000000,3.644356
-0.925648,1.079590,0.000000,3.644356
-0.865179,1.160157,0.000000,3.644356
-0.544225,1.216553,0.000000,3.644356
-0.581437,1.281006,0.000000,3.644356
-0.669815,1.369629,0.000000,3.644356
-0.800057,1.442139,0.000000,3.644356
-1.000072,1.522706,0.000000,3.644356
-1.097753,1.603272,0.000000,3.644356
-1.023329,1.708008,0.000000,3.644356
-1.162874,1.772462,0.000000,3.644356
-1.237298,1.877198,0.000000,3.644356
-1.288465,1.957765,0.000000,3.644356
-1.334980,1.989991,0.000000,3.644356
-1.330328,1.957765,0.000000,3.644356
-1.334980,1.998048,0.000000,3.644356
-1.362889,1.981935,0.000000,3.644356
-1.344283,1.965821,0.000000,3.644356
-1.325677,1.989991,0.000000,3.644356
-1.344283,1.965821,0.000000,3.644356
-1.353586,1.981934,0.000000,3.644356
-1.353586,1.981934,0.000000,3.644356
-1.321025,1.965821,0.000000,3.644356
-1.316374,1.981934,0.000000,3.644356
-1.325677,1.981934,0.000000,3.644356
-1.321025,1.981934,0.000000,3.644356
-1.311722,1.965821,0.000000,3.644356
-1.339631,1.957765,0.000000,3.644356
-1.348934,1.965821,0.000000,3.644356
-1.302419,1.949708,0.000000,3.644356
-1.334980,1.957765,0.000000,3.644356
-1.334980,1.949708,0.000000,3.644356
-1.334980,1.949708,0.000000,3.644356
-1.348934,1.965821,0.000000,3.644356
-1.321025,1.981934,0.000000,3.644356
-1.302419,1.965821,0.000000,3.644356
-1.334980,1.949708,0.000000,3.644356
-1.334980,1.949708,0.000000,3.644356
-1.330328,1.949708,0.000000,3.644356
-1.330328,1.949708,0.000000,3.644356
-1.334980,1.941651,0.000000,3.644356
-1.330328,1.949708,0.000000,3.644356
-1.330328,1.941651,0.000000,3.644356
-1.330328,1.941651,0.000000,3.644356
-1.334980,1.949708,0.000000,3.644356
-1.316374,1.917481,0.000000,3.644356
-1.311722,1.893311,0.000000,3.644356
-1.265207,1.861085,0.000000,3.644356
-1.209389,1.812745,0.000000,3.644356
-1.144268,1.724122,0.000000,3.644356
-1.172177,1.619385,0.000000,3.644356
-1.009375,1.450196,0.000000,3.644356
-0.525619,1.256836,0.000000,3.644356
-0.851224,1.079590,0.000000,3.644356
-0.846573,0.950684,0.000000,3.644356
-0.720982,0.862061,0.000000,3.644356
-0.711679,0.862061,0.000000,3.644356
-0.660513,0.829834,0.000000,3.644356
-0.688422,0.886231,0.000000,3.644356
-0.711679,0.862061,0.000000,3.644356
-0.683770,0.862061,0.000000,3.644356
-0.688422,0.862061,0.000000,3.644356
-0.674467,0.878174,0.000000,3.644356
-0.683770,0.862061,0.000000,3.644356
-0.730285,0.886231,0.000000,3.644356
-0.683770,0.878174,0.000000,3.644356
-0.697725,0.902344,0.000000,3.644356
-0.683770,0.870118,0.000000,3.644356
-0.697725,0.894288,0.000000,3.644356
-0.683770,0.854004,0.000000,3.644356
-0.697725,0.894288,0.000000,3.644356
-0.739588,0.886231,0.000000,3.644356
-0.693073,0.878174,0.000000,3.644356
-0.693073,0.886231,0.000000,3.644356
-0.697725,0.870118,0.000000,3.644356
-0.734937,0.910401,0.000000,3.644356
-0.688422,0.878174,0.000000,3.644356
-0.707028,0.870118,0.000000,3.644356
-0.720982,0.870118,0.000000,3.644356
-0.716331,0.886231,0.000000,3.644356
-0.711679,0.886231,0.000000,3.644356
-0.725634,0.894288,0.000000,3.644356
-0.688422,0.886231,0.000000,3.644356
-0.683770,0.862061,0.000000,3.644356
-0.716331,0.902344,0.000000,3.644356
-0.688422,0.886231,0.000000,3.644356
-0.716331,0.886231,0.000000,3.644356
-0.711679,0.886231,0.000000,3.644356
-0.683770,0.870118,0.000000,3.644356
-0.688422,0.878174,0.000000,3.644356
-0.693073,0.886231,0.000000,3.644356
-0.716331,0.894288,0.000000,3.644356
-0.716331,0.894288,0.000000,3.644356
-0.693073,0.878174,0.000000,3.644356
-0.679119,0.870118,0.000000,3.644356
-0.693073,0.878174,0.000000,3.644356
-0.716331,0.886231,0.000000,3.644356
-0.711679,0.870118,0.000000,3.644356
-0.716331,0.870118,0.000000,3.644356
-0.753543,0.902344,0.000000,3.644356
-0.697725,0.886231,0.000000,3.644356
-0.693073,0.886231,0.000000,3.644356
-0.697725,0.894288,0.000000,3.644356
-0.720982,0.894288,0.000000,3.644356
-0.683770,0.870118,0.000000,3.644356
-0.716331,0.870118,0.000000,3.644356
-0.716331,0.886231,0.000000,3.644356
-0.697725,0.894288,0.000000,3.644356
-0.711679,0.894288,0.000000,3.644356
-0.683770,0.854004,0.000000,3.644356
-0.683770,0.862061,0.000000,3.644356
-0.697725,0.902344,0.000000,3.644356
-0.707028,0.886231,0.000000,3.644356
-0.716331,0.886231,0.000000,3.644356
-0.693073,0.886231,0.000000,3.644356
-0.711679,0.886231,0.000000,3.644356
-0.711679,0.862061,0.000000,3.644356
-0.711679,0.878174,0.000000,3.644356
-0.693073,0.886231,0.000000,3.644356
-0.697725,0.886231,0.000000,3.644356
-0.707028,0.862061,0.000000,3.644356
-0.693073,0.894288,0.000000,3.644356
-0.693073,0.886231,0.000000,3.644356
-0.711679,0.886231,0.000000,3.644356
-0.720982,0.886231,0.000000,3.644356
-0.711679,0.886231,0.000000,3.644356
-0.683770,0.862061,0.000000,3.644356
-0.720982,0.886231,0.000000,3.644356
-0.716331,0.886231,0.000000,3.644356
-0.683770,0.854004,0.000000,3.644356
-0.716331,0.878174,0.000000,3.644356
-0.711679,0.894288,0.000000,3.644356
-0.730285,0.886231,0.000000,3.644356
-0.711679,0.886231,0.000000,3.644356
-0.688422,0.886231,0.000000,3.644356
-0.693073,0.878174,0.000000,3.644356
-0.730285,0.910401,0.000000,3.644356
-0.711679,0.886231,0.000000,3.644356
-0.716331,0.886231,0.000000,3.644356
-0.716331,0.886231,0.000000,3.644356
-0.688422,0.894288,0.000000,3.644356
-0.716331,0.894288,0.000000,3.644356
-0.711679,0.886231,0.000000,3.644356
-0.693073,0.862061,0.000000,3.644356
-0.739588,0.886231,0.000000,3.644356
-0.697725,0.894288,0.000000,3.644356
-0.739588,0.902344,0.000000,3.644356
-0.739588,0.910401,0.000000,3.644356
-0.711679,0.878174,0.000000,3.644356
-0.688422,0.878174,0.000000,3.644356
-0.725634,0.910401,0.000000,3.644356
-0.702376,0.886231,0.000000,3.644356
-0.697725,0.894288,0.000000,3.644356
-0.707028,0.886231,0.000000,3.644356
-0.702376,0.902344,0.000000,3.644356
-0.674467,0.870118,0.000000,3.644356
-0.748891,0.910401,0.000000,3.644356
-0.720982,0.894288,0.000000,3.644356
-0.702376,0.902344,0.000000,3.644356
-0.739588,0.902344,0.000000,3.644356
-0.739588,0.902344,0.000000,3.644356
-0.748891,0.918458,0.000000,3.644356
-0.697725,0.918458,0.000000,3.644356
-0.697725,0.910401,0.000000,3.644356
-0.693073,0.886231,0.000000,3.644356
-0.720982,0.894288,0.000000,3.644356
-0.744240,0.918458,0.000000,3.644356
-0.702376,0.910401,0.000000,3.644356
-0.720982,0.894288,0.000000,3.644356
-0.702376,0.894288,0.000000,3.644356
-0.720982,0.902344,0.000000,3.644356
-0.707028,0.886231,0.000000,3.644356
-0.720982,0.894288,0.000000,3.644356
-0.683770,0.862061,0.000000,3.644356
-0.720982,0.894288,0.000000,3.644356
-0.725634,0.886231,0.000000,3.644356
-0.711679,0.886231,0.000000,3.644356
-0.739588,0.886231,0.000000,3.644356
-0.711679,0.894288,0.000000,3.644356
-0.744240,0.918458,0.000000,3.644356
-0.716331,0.902344,0.000000,3.644356
-0.725634,0.894288,0.000000,3.644356
-0.720982,0.894288,0.000000,3.644356
-0.674467,0.854004,0.000000,3.644356
-0.739588,0.894288,0.000000,3.644356
-0.683770,0.854004,0.000000,3.644356
-0.716331,0.886231,0.000000,3.644356
-0.669816,0.854004,0.000000,3.644356
-0.683770,0.862061,0.000000,3.644356
-0.716331,0.886231,0.000000,3.644356
-0.688422,0.862061,0.000000,3.644356
-0.711679,0.878174,0.000000,3.644356
-0.665164,0.854004,0.000000,3.644356
-0.674467,0.862061,0.000000,3.644356
-0.744240,0.910401,0.000000,3.644356
-0.683770,0.862061,0.000000,3.644356
-0.702376,0.902344,0.000000,3.644356
-0.711679,0.878174,0.000000,3.644356
-0.720982,0.894288,0.000000,3.644356
-0.711679,0.886231,0.000000,3.644356
-0.693073,0.886231,0.000000,3.644356
-0.707028,0.878174,0.000000,3.644356
-0.679119,0.862061,0.000000,3.644356
-0.711679,0.886231,0.000000,3.644356
-0.716331,0.886231,0.000000,3.644356
-0.720982,0.902344,0.000000,3.644356
-0.688422,0.886231,0.000000,3.644356
-0.739588,0.902344,0.000000,3.644356
-0.693073,0.894288,0.000000,3.644356
-0.683770,0.878174,0.000000,3.644356
-0.711679,0.886231,0.000000,3.644356
-0.707028,0.886231,0.000000,3.644356
-0.720982,0.894288,0.000000,3.644356
-0.683770,0.886231,0.000000,3.644356
-0.716331,0.894288,0.000000,3.644356
-0.716331,0.886231,0.000000,3.644356
-0.707028,0.886231,0.000000,3.644356
-0.720982,0.894288,0.000000,3.644356
-0.720982,0.894288,0.000000,3.644356
-0.748891,0.902344,0.000000,3.644356
-0.748891,0.910401,0.000000,3.644356
-0.716331,0.878174,0.000000,3.644356
-0.720982,0.894288,0.000000,3.644356
-0.720982,0.886231,0.000000,3.644356
-0.716331,0.910401,0.000000,3.644356
-0.711679,0.894288,0.000000,3.644356
-0.711679,0.902344,0.000000,3.644356
-0.683770,0.886231,0.000000,3.644356
-0.697725,0.910401,0.000000,3.644356
-0.688422,0.886231,0.000000,3.644356
-0.725634,0.902344,0.000000,3.644356
-0.702376,0.902344,0.000000,3.644356
-0.720982,0.894288,0.000000,3.644356
-0.693073,0.886231,0.000000,3.644356
-0.697725,0.910401,0.000000,3.644356
-0.744240,0.902344,0.000000,3.644356
-0.725634,0.902344,0.000000,3.644356
-0.744240,0.918458,0.000000,3.644356
-0.744240,0.894288,0.000000,3.644356
-0.702376,0.886231,0.000000,3.644356
-0.720982,0.910401,0.000000,3.644356
-0.702376,0.894288,0.000000,3.644356
-0.716331,0.902344,0.000000,3.644356
-0.720982,0.910401,0.000000,3.644356
-0.693073,0.894288,0.000000,3.644356
-0.716331,0.902344,0.000000,3.644356
-0.697725,0.894288,0.000000,3.644356
-0.693073,0.878174,0.000000,3.644356
-0.730285,0.918458,0.000000,3.644356
-0.739588,0.910401,0.000000,3.644356
-0.753543,0.910401,0.000000,3.644356
-0.720982,0.894288,0.000000,3.644356
-0.683770,0.878174,0.000000,3.644356
-0.697725,0.886231,0.000000,3.644356
-0.720982,0.894288,0.000000,3.644356
-0.693073,0.886231,0.000000,3.644356
-0.720982,0.894288,0.000000,3.644356
-0.716331,0.886231,0.000000,3.644356
-0.711679,0.894288,0.000000,3.644356
-0.716331,0.886231,0.000000,3.644356
-0.734937,0.894288,0.000000,3.644356
-0.683770,0.870118,0.000000,3.644356
-0.702376,0.894288,0.000000,3.644356
-0.679119,0.886231,0.000000,3.644356
-0.730285,0.886231,0.000000,3.644356
-0.716331,0.886231,0.000000,3.644356
-0.697725,0.870118,0.000000,3.644356
-0.716331,0.894288,0.000000,3.644356
-0.697725,0.894288,0.000000,3.644356
-0.720982,0.902344,0.000000,3.644356
-0.711679,0.894288,0.000000,3.644356
-0.711679,0.886231,0.000000,3.644356
-0.674467,0.870118,0.000000,3.644356
-0.739588,0.910401,0.000000,3.644356
-0.711679,0.894288,0.000000,3.644356
-0.716331,0.886231,0.000000,3.644356
-0.716331,0.894288,0.000000,3.644356
-0.739588,0.886231,0.000000,3.644356
-0.716331,0.902344,0.000000,3.644356
-0.716331,0.886231,0.000000,3.644356
-0.748891,0.910401,0.000000,3.644356
-0.725634,0.910401,0.000000,3.644356
-0.697725,0.894288,0.000000,3.644356
-0.720982,0.902344,0.000000,3.644356
-0.716331,0.894288,0.000000,3.644356
-0.693073,0.886231,0.000000,3.644356
-0.707028,0.886231,0.000000,3.644356
-0.711679,0.894288,0.000000,3.644356
-0.716331,0.886231,0.000000,3.644356
-0.720982,0.902344,0.000000,3.644356
-0.744240,0.894288,0.000000,3.644356
-0.739588,0.886231,0.000000,3.644356
-0.697725,0.902344,0.000000,3.644356
-0.716331,0.894288,0.000000,3.644356
-0.725634,0.902344,0.000000,3.644356
-0.702376,0.894288,0.000000,3.644356
-0.693073,0.894288,0.000000,3.644356
-0.720982,0.894288,0.000000,3.644356
-0.744240,0.918458,0.000000,3.644356
-0.734937,0.934571,0.000000,3.644356
-0.758194,0.950684,0.000000,3.644356
-0.781452,0.950684,0.000000,3.644356
-0.707028,0.902344,0.000000,3.644356
-0.753543,0.926514,0.000000,3.644356
-0.786103,0.950684,0.000000,3.644356
-0.827967,0.966797,0.000000,3.644356
-0.758194,0.942627,0.000000,3.644356
-0.790755,0.950684,0.000000,3.644356
-0.730285,0.926514,0.000000,3.644356
-0.827967,0.982911,0.000000,3.644356
-0.790755,0.958741,0.000000,3.644356
-0.893088,0.990967,0.000000,3.644356
-0.786103,0.966797,0.000000,3.644356
-0.781452,0.950684,0.000000,3.644356
-0.800058,0.966797,0.000000,3.644356
-0.762846,0.950684,0.000000,3.644356
-0.781452,0.958741,0.000000,3.644356
-0.800058,0.974854,0.000000,3.644356
-0.762846,0.958741,0.000000,3.644356
-0.790755,0.966797,0.000000,3.644356
-0.772149,0.950684,0.000000,3.644356
-0.786103,0.958741,0.000000,3.644356
-0.800058,0.974854,0.000000,3.644356
-0.758194,0.942627,0.000000,3.644356
-0.795406,0.982911,0.000000,3.644356
-0.786103,0.966797,0.000000,3.644356
-0.790755,0.958741,0.000000,3.644356
-0.790755,0.974854,0.000000,3.644356
-0.841921,1.015137,0.000000,3.644356
-0.800058,0.982911,0.000000,3.644356
-0.790755,1.007081,0.000000,3.644356
-0.846573,1.023194,0.000000,3.644356
-0.907042,1.039307,0.000000,3.644356
-0.860527,1.039307,0.000000,3.644356
-0.925648,1.079590,0.000000,3.644356
-0.958209,1.087647,0.000000,3.644356
-0.855876,1.144044,0.000000,3.644356
-0.693073,1.160157,0.000000,3.644356
-0.707028,1.168213,0.000000,3.644356
-0.539573,1.208496,0.000000,3.644356
-0.558179,1.240723,0.000000,3.644356
-0.493058,1.248780,0.000000,3.644356
-0.520967,1.289063,0.000000,3.644356
-0.567482,1.305176,0.000000,3.644356
-0.776800,1.377686,0.000000,3.644356
-0.781451,1.393799,0.000000,3.644356
-0.781451,1.385743,0.000000,3.644356
-0.874481,1.434083,0.000000,3.644356
-0.883784,1.466309,0.000000,3.644356
-1.065193,1.498536,0.000000,3.644356
-1.069844,1.546876,0.000000,3.644356
-1.093102,1.562989,0.000000,3.644356
-1.102405,1.595216,0.000000,3.644356
-1.209389,1.627442,0.000000,3.644356
-1.186132,1.635499,0.000000,3.644356
-1.018678,1.691895,0.000000,3.644356
-1.023329,1.699952,0.000000,3.644356
-1.107056,1.708009,0.000000,3.644356
-1.121011,1.748292,0.000000,3.644356
-1.139617,1.756348,0.000000,3.644356
-1.148920,1.764405,0.000000,3.644356
-1.190783,1.788575,0.000000,3.644356
-1.195435,1.828858,0.000000,3.644356
-1.251253,1.853028,0.000000,3.644356
-1.241950,1.861085,0.000000,3.644356
-1.288465,1.877198,0.000000,3.644356
-1.293116,1.885255,0.000000,3.644356
-1.302419,1.901368,0.000000,3.644356
-1.302419,1.901368,0.000000,3.644356
-1.316374,1.925538,0.000000,3.644356
-1.330328,1.949708,0.000000,3.644356
-1.325677,1.941651,0.000000,3.644356
-1.334980,1.949708,0.000000,3.644356
-1.330328,1.949708,0.000000,3.644356
-1.334980,1.949708,0.000000,3.644356
-1.334980,1.949708,0.000000,3.644356
-1.330328,1.957765,0.000000,3.644356
-1.334980,1.949708,0.000000,3.644356
-1.334980,1.941651,0.000000,3.644356
-1.330328,1.957765,0.000000,3.644356
-1.307071,1.957765,0.000000,3.644356
-1.334980,1.957765,0.000000,3.644356
-1.311722,1.949708,0.000000,3.644356
-1.321025,1.981934,0.000000,3.644356
-1.334980,1.957765,0.000000,3.644356
-1.321025,1.981934,0.000000,3.644356
-1.325677,1.981934,0.000000,3.644356
-1.330328,1.989991,0.000000,3.644356
-1.334980,1.998048,0.000000,3.644356
-1.330328,1.998048,0.000000,3.644356
-1.334980,1.989991,0.000000,3.644356
-1.325677,1.989991,0.000000,3.644356
-1.325677,1.998048,0.000000,3.644356
-1.334980,1.989991,0.000000,3.644356
-1.325677,1.998048,0.000000,3.644356
-1.334980,1.998048,0.000000,3.644356
-1.330328,1.998048,0.000000,3.644356
-1.358237,2.030274,0.000000,3.644356
-1.302419,2.038331,0.000000,3.644356
-1.307071,2.038331,0.000000,3.644356
-1.293116,2.038331,0.000000,3.644356
-1.260556,2.062501,0.000000,3.644356
-1.269859,2.078614,0.000000,3.644356
-1.202024,2.088795,0.000000,3.644356
-1.130188,2.084502,0.000000,3.644356
-1.072697,2.095215,0.000000,3.644356
-0.963589,2.040610,0.000000,3.644356
-0.793562,1.953999,0.000000,3.644356
-0.549963,1.828531,0.000000,3.644356
-0.474556,1.672359,0.000000,3.644356
0.053816,1.330478,0.000000,3.644356
-0.104199,1.184438,0.000000,3.644356
0.182427,0.899111,0.000000,3.644356
0.489428,0.758992,0.000000,3.644356
0.814389,0.733518,0.000000,3.644356
0.994144,0.860937,0.000000,3.644356
1.609635,0.554680,0.000000,3.644356
1.689124,0.699801,0.000000,3.644356
1.919427,0.588260,0.000000,3.644356
2.080646,0.494225,0.000000,3.644356
2.224060,0.271417,0.000000,3.644356
2.273868,0.133640,0.000000,3.644356
2.168312,0.014057,0.000000,3.644356
2.007615,-0.086307,0.000000,3.644356
1.792068,-0.234556,0.000000,3.644356
1.434254,-0.242685,0.000000,3.644356
1.172974,-0.678892,0.000000,3.644356
0.693274,-0.412732,0.000000,3.644356
0.350178,-0.612048,0.000000,3.644356
0.141746,-0.884317,0.000000,3.644356
0.017243,-0.978168,0.000000,3.644356
-0.197410,-1.570437,0.000000,3.644356
-0.392263,-1.785355,0.000000,3.644356
-0.539880,-1.756715,0.000000,3.644356
-0.714545,-1.858874,0.000000,3.644356
-0.876927,-1.854953,0.000000,3.644356
-0.974736,-1.682556,0.000000,3.644356
-0.980407,-1.451560,0.000000,3.644356
-1.078924,-1.162795,0.000000,3.644356
-0.958359,-0.793251,0.000000,3.644356
-0.763353,-0.370351,0.000000,3.644356
-0.763740,-0.050307,0.000000,3.644356
-0.908391,0.396059,0.000000,3.644356
-1.053505,0.812984,0.000000,3.644356
-1.525675,1.098290,0.000000,3.644356
-1.421489,1.546390,0.000000,3.644356
-1.291841,1.908571,0.000000,3.644356
-1.203459,2.066196,0.000000,3.644356
1.079147,-2.143067,0.000000,3.644356
0.934950,-2.006104,0.000000,3.644356
0.874481,-1.812745,0.000000,3.644356
0.674467,-1.530762,0.000000,3.644356
0.851224,-1.256837,0.000000,3.644356
0.325604,-0.990967,0.000000,3.644356
0.120938,-0.886230,0.000000,3.644356
-0.037213,-0.982910,0.000000,3.644356
-0.153501,-1.184326,0.000000,3.644356
-0.320955,-1.345459,0.000000,3.644356
0.023256,-1.514648,0.000000,3.644356
-0.381425,-1.683837,0.000000,3.644356
-0.293046,-1.796630,0.000000,3.644356
-0.339561,-1.909423,0.000000,3.644356
-0.372122,-1.965820,0.000000,3.644356
-0.400031,-2.014160,0.000000,3.644356
-0.413985,-2.054443,0.000000,3.644356
-0.409334,-2.062500,0.000000,3.644356
-0.409334,-2.078613,0.000000,3.644356
-0.413986,-2.094726,0.000000,3.644356
-0.404683,-2.102783,0.000000,3.644356
-0.409334,-2.102783,0.000000,3.644356
-0.404683,-2.094726,0.000000,3.644356
-0.409334,-2.086669,0.000000,3.644356
-0.400031,-2.094726,0.000000,3.644356
-0.400031,-2.078613,0.000000,3.644356
-0.400031,-2.094726,0.000000,3.644356
-0.409334,-2.094726,0.000000,3.644356
-0.404683,-2.094726,0.000000,3.644356
-0.413985,-2.078613,0.000000,3.644356
-0.409334,-2.070556,0.000000,3.644356
-0.409334,-2.070556,0.000000,3.644356
-0.409334,-2.062500,0.000000,3.644356
-0.409334,-2.054443,0.000000,3.644356
-0.409334,-2.062500,0.000000,3.644356
-0.404682,-2.054443,0.000000,3.644356
-0.395379,-2.062500,0.000000,3.644356
-0.395379,-2.062500,0.000000,3.644356
-0.404682,-2.054443,0.000000,3.644356
-0.413985,-2.062500,0.000000,3.644356
-0.404682,-2.046386,0.000000,3.644356
-0.400031,-2.054443,0.000000,3.644356
-0.404682,-2.062500,0.000000,3.644356
-0.409334,-2.062500,0.000000,3.644356
-0.409334,-2.054443,0.000000,3.644356
-0.409334,-2.062500,0.000000,3.644356
-0.409334,-2.062500,0.000000,3.644356
-0.409334,-2.062500,0.000000,3.644356
-0.404682,-2.062500,0.000000,3.644356
-0.409334,-2.062500,0.000000,3.644356
-0.409334,-2.054443,0.000000,3.644356
-0.404682,-2.062500,0.000000,3.644356
-0.395379,-2.062500,0.000000,3.644356
-0.400031,-2.070556,0.000000,3.644356
-0.413985,-2.070556,0.000000,3.644356
-0.413985,-2.062500,0.000000,3.644356
-0.409334,-2.062500,0.000000,3.644356
-0.413985,-2.078613,0.000000,3.644356
-0.409334,-2.062500,0.000000,3.644356
-0.409334,-2.062500,0.000000,3.644356
-0.409334,-2.062500,0.000000,3.644356
-0.400031,-2.062500,0.000000,3.644356
-0.409334,-2.070556,0.000000,3.644356
-0.404682,-2.070556,0.000000,3.644356
-0.409334,-2.054443,0.000000,3.644356
-0.395379,-2.078613,0.000000,3.644356
-0.404682,-2.062500,0.000000,3.644356
-0.409334,-2.070556,0.000000,3.644356
-0.413985,-2.070556,0.000000,3.644356
-0.409334,-2.062500,0.000000,3.644356
-0.404682,-2.054443,0.000000,3.644356
-0.409334,-2.054443,0.000000,3.644356
-0.409334,-2.062500,0.000000,3.644356
-0.404682,-2.062500,0.000000,3.644356
-0.404682,-2.054443,0.000000,3.644356
-0.413985,-2.054443,0.000000,3.644356
-0.400031,-2.070556,0.000000,3.644356
-0.404682,-2.054443,0.000000,3.644356
-0.400031,-2.070556,0.000000,3.644356
-0.413985,-2.062500,0.000000,3.644356
-0.409334,-2.062500,0.000000,3.644356
-0.400031,-2.062500,0.000000,3.644356
-0.400031,-2.062500,0.000000,3.644356
-0.413985,-2.054443,0.000000,3.644356
-0.409334,-2.070556,0.000000,3.644356
-0.404682,-2.054443,0.000000,3.644356
-0.404682,-2.054443,0.000000,3.644356
-0.409334,-2.062500,0.000000,3.644356
-0.400031,-2.054443,0.000000,3.644356
-0.409334,-2.062500,0.000000,3.644356
-0.404682,-2.054443,0.000000,3.644356
-0.404682,-2.062500,0.000000,3.644356
-0.400031,-2.054443,0.000000,3.644356
-0.404682,-2.054443,0.000000,3.644356
-0.404682,-2.062500,0.000000,3.644356
-0.413985,-2.070556,0.000000,3.644356
-0.395379,-2.070556,0.000000,3.644356
-0.409334,-2.054443,0.000000,3.644356
-0.395380,-2.094726,0.000000,3.644356
-0.409334,-2.094726,0.000000,3.644356
-0.400031,-2.094726,0.000000,3.644356
-0.404683,-2.102783,0.000000,3.644356
-0.381425,-2.102783,0.000000,3.644356
-0.404683,-2.102783,0.000000,3.644356
-0.409334,-2.102783,0.000000,3.644356
-0.400031,-2.110839,0.000000,3.644356
-0.381425,-2.126953,0.000000,3.644356
-0.386077,-2.135009,0.000000,3.644356
-0.386077,-2.143066,0.000000,3.644356
-0.390728,-2.135009,0.000000,3.644356
-0.390728,-2.126953,0.000000,3.644356
-0.372122,-2.167236,0.000000,3.644356
-0.362819,-2.159179,0.000000,3.644356
-0.395380,-2.094726,0.000000,3.644356
-0.390728,-2.070556,0.000000,3.644356
-0.413985,-1.973876,0.000000,3.644356
-0.409334,-1.909423,0.000000,3.644356
-0.344213,-1.740234,0.000000,3.644356
-0.330258,-1.546875,0.000000,3.644356
-0.172107,-1.321289,0.000000,3.644356
-0.013955,-1.087646,0.000000,3.644356
-0.367469,-0.870117,0.000000,3.644356
-0.418636,-0.604248,0.000000,3.644356
-0.441893,-0.451171,0.000000,3.644356
-0.558181,-0.298095,0.000000,3.644356
-0.669817,-0.201415,0.000000,3.644356
-0.758195,-0.145019,0.000000,3.644356
-0.883786,-0.104736,0.000000,3.644356
-1.009376,-0.080566,0.000000,3.644356
-1.116361,-0.072509,0.000000,3.644356
-1.023331,-0.088622,0.000000,3.644356
-1.055891,-0.064452,0.000000,3.644356
-0.860528,-0.064452,0.000000,3.644356
-0.879134,-0.064452,0.000000,3.644356
-0.781453,-0.056396,0.000000,3.644356
-0.781453,-0.064452,0.000000,3.644356
-0.814013,-0.056396,0.000000,3.644356
-0.790756,-0.056396,0.000000,3.644356
-0.818665,-0.056396,0.000000,3.644356
-0.809362,-0.056396,0.000000,3.644356
-0.818665,-0.048339,0.000000,3.644356
-0.804710,-0.056396,0.000000,3.644356
-0.795407,-0.056396,0.000000,3.644356
-0.795407,-0.056396,0.000000,3.644356
-0.781453,-0.056396,0.000000,3.644356
-0.776801,-0.064452,0.000000,3.644356
-0.781453,-0.072509,0.000000,3.644356
-0.781453,-0.056396,0.000000,3.644356
-0.860528,-0.072509,0.000000,3.644356
-1.051240,-0.072509,0.000000,3.644356
-1.032634,-0.072509,0.000000,3.644356
-0.744241,-0.064452,0.000000,3.644356
-0.748892,-0.064452,0.000000,3.644356
-0.855877,-0.080566,0.000000,3.644356
-1.041937,-0.080566,0.000000,3.644356
-1.125664,-0.096679,0.000000,3.644356
-1.027982,-0.080566,0.000000,3.644356
-0.827968,-0.080566,0.000000,3.644356
-0.860528,-0.072509,0.000000,3.644356
-1.027982,-0.072509,0.000000,3.644356
-1.004725,-0.080566,0.000000,3.644356
-1.004725,-0.072509,0.000000,3.644356
-0.995422,-0.080566,0.000000,3.644356
-1.000073,-0.080566,0.000000,3.644356
-1.097755,-0.096679,0.000000,3.644356
-1.000073,-0.080566,0.000000,3.644356
-1.083800,-0.096679,0.000000,3.644356
-1.079149,-0.088622,0.000000,3.644356
-1.060543,-0.104735,0.000000,3.644356
-1.046588,-0.104735,0.000000,3.644356
-1.037285,-0.112792,0.000000,3.644356
-0.972164,-0.112792,0.000000,3.644356
-0.948907,-0.120849,0.000000,3.644356
-0.930301,-0.128905,0.000000,3.644356
-0.888437,-0.136962,0.000000,3.644356
-0.846574,-0.145019,0.000000,3.644356
-0.800059,-0.169189,0.000000,3.644356
-0.772150,-0.169189,0.000000,3.644356
-0.730286,-0.185302,0.000000,3.644356
-0.711680,-0.201415,0.000000,3.644356
-0.665165,-0.233642,0.000000,3.644356
-0.665165,-0.257812,0.000000,3.644356
-0.516317,-0.298095,0.000000,3.644356
-0.497711,-0.330322,0.000000,3.644356
-0.483757,-0.435058,0.000000,3.644356
-0.451196,-0.483398,0.000000,3.644356
-0.413984,-0.547851,0.000000,3.644356
-0.418636,-0.555908,0.000000,3.644356
-0.386075,-0.604248,0.000000,3.644356
-0.307000,-0.676758,0.000000,3.644356
-0.311651,-0.676758,0.000000,3.644356
-0.353515,-0.773437,0.000000,3.644356
-0.330257,-0.789550,0.000000,3.644356
-0.325606,-0.854003,0.000000,3.644356
-0.307000,-0.878173,0.000000,3.644356
-0.302348,-0.942627,0.000000,3.644356
-0.293045,-0.958740,0.000000,3.644356
-0.316303,-0.982910,0.000000,3.644356
-0.330258,-0.999023,0.000000,3.644356
-0.358167,-1.039306,0.000000,3.644356
-0.362818,-1.111816,0.000000,3.644356
-0.390727,-1.127929,0.000000,3.644356
-0.395379,-1.152099,0.000000,3.644356
-0.279091,-1.248779,0.000000,3.644356
0.004650,-1.321289,0.000000,3.644356
-0.013956,-1.361572,0.000000,3.644356
-0.018607,-1.426025,0.000000,3.644356
-0.232576,-1.530761,0.000000,3.644356
-0.316304,-1.611328,0.000000,3.644356
-0.423288,-1.635497,0.000000,3.644356
-0.418637,-1.619384,0.000000,3.644356
-0.418637,-1.627441,0.000000,3.644356
-0.418637,-1.627441,0.000000,3.644356
-0.427940,-1.651611,0.000000,3.644356
-0.376773,-1.635497,0.000000,3.644356
-0.376773,-1.643554,0.000000,3.644356
-0.381425,-1.643554,0.000000,3.644356
-0.372122,-1.643554,0.000000,3.644356
-0.386076,-1.659667,0.000000,3.644356
-0.381425,-1.635497,0.000000,3.644356
-0.390728,-1.667724,0.000000,3.644356
-0.390728,-1.667724,0.000000,3.644356
-0.386076,-1.675781,0.000000,3.644356
-0.390728,-1.675781,0.000000,3.644356
-0.390728,-1.683837,0.000000,3.644356
-0.395379,-1.699951,0.000000,3.644356
-0.386076,-1.691894,0.000000,3.644356
-0.395379,-1.716064,0.000000,3.644356
-0.339561,-1.716064,0.000000,3.644356
-0.344213,-1.732177,0.000000,3.644356
-0.348864,-1.748291,0.000000,3.644356
-0.344213,-1.732177,0.000000,3.644356
-0.344213,-1.740234,0.000000,3.644356
-0.320955,-1.772460,0.000000,3.644356
-0.320955,-1.780517,0.000000,3.644356
-0.320955,-1.788574,0.000000,3.644356
-0.320955,-1.836914,0.000000,3.644356
-0.325607,-1.836914,0.000000,3.644356
-0.348864,-1.861084,0.000000,3.644356
-0.344213,-1.893310,0.000000,3.644356
-0.344213,-1.909423,0.000000,3.644356
-0.367470,-1.901367,0.000000,3.644356
-0.395379,-2.054443,0.000000,3.644356
-0.409334,-2.054443,0.000000,3.644356
-0.409334,-2.054443,0.000000,3.644356
-0.400031,-2.078613,0.000000,3.644356
-0.404683,-2.102783,0.000000,3.644356
-0.404683,-2.110839,0.000000,3.644356
-0.386077,-2.167236,0.000000,3.644356
-0.386077,-2.167236,0.000000,3.644356
-0.381425,-2.159179,0.000000,3.644356
-0.358168,-2.207519,0.000000,3.644356
-0.358168,-2.207519,0.000000,3.644356
-0.353516,-2.207519,0.000000,3.644356
-0.381425,-2.159179,0.000000,3.644356
-0.381425,-2.151123,0.000000,3.644356
-0.376774,-2.151123,0.000000,3.644356
-0.381425,-2.143066,0.000000,3.644356
-0.395380,-2.102783,0.000000,3.644356
-0.400031,-2.102783,0.000000,3.644356
-0.404682,-2.070556,0.000000,3.644356
-0.400031,-2.054443,0.000000,3.644356
-0.400031,-2.014160,0.000000,3.644356
-0.390728,-2.006103,0.000000,3.644356
-0.381425,-2.006103,0.000000,3.644356
-0.376773,-1.989990,0.000000,3.644356
-0.386076,-1.989990,0.000000,3.644356
-0.362819,-1.989990,0.000000,3.644356
-0.386076,-1.989990,0.000000,3.644356
-0.386076,-1.981933,0.000000,3.644356
-0.381425,-2.006103,0.000000,3.644356
-0.386076,-1.998046,0.000000,3.644356
-0.376773,-2.006103,0.000000,3.644356
-0.390728,-2.006103,0.000000,3.644356
-0.395379,-2.014160,0.000000,3.644356
-0.413985,-2.054443,0.000000,3.644356
-0.413985,-2.054443,0.000000,3.644356
-0.413986,-2.102783,0.000000,3.644356
-0.395380,-2.118896,0.000000,3.644356
-0.395380,-2.143066,0.000000,3.644356
-0.395380,-2.126953,0.000000,3.644356
-0.367471,-2.167236,0.000000,3.644356
-0.367471,-2.151123,0.000000,3.644356
-0.390728,-2.094726,0.000000,3.644356
-0.413985,-2.054443,0.000000,3.644356
-0.409334,-1.989990,0.000000,3.644356
-0.404682,-1.965820,0.000000,3.644356
-0.348864,-1.820800,0.000000,3.644356
-0.320955,-1.756347,0.000000,3.644356
-0.325607,-1.796630,0.000000,3.644356
-0.330258,-1.836914,0.000000,3.644356
-0.320955,-1.820800,0.000000,3.644356
-0.316304,-1.788574,0.000000,3.644356
-0.325607,-1.804687,0.000000,3.644356
-0.325607,-1.812744,0.000000,3.644356
-0.320955,-1.812744,0.000000,3.644356
-0.316304,-1.812744,0.000000,3.644356
-0.325607,-1.812744,0.000000,3.644356
-0.316304,-1.812744,0.000000,3.644356
-0.320955,-1.820800,0.000000,3.644356
-0.320955,-1.812744,0.000000,3.644356
-0.320955,-1.804687,0.000000,3.644356
-0.325607,-1.820800,0.000000,3.644356
-0.325607,-1.820800,0.000000,3.644356
-0.325607,-1.836914,0.000000,3.644356
-0.325607,-1.804687,0.000000,3.644356
-0.325607,-1.812744,0.000000,3.644356
-0.320955,-1.820800,0.000000,3.644356
-0.325607,-1.812744,0.000000,3.644356
-0.325607,-1.812744,0.000000,3.644356
-0.320955,-1.820800,0.000000,3.644356
-0.325607,-1.820800,0.000000,3.644356
-0.320955,-1.820800,0.000000,3.644356
-0.330258,-1.820800,0.000000,3.644356
-0.325607,-1.828857,0.000000,3.644356
-0.325607,-1.828857,0.000000,3.644356
-0.325607,-1.820800,0.000000,3.644356
-0.325607,-1.836914,0.000000,3.644356
-0.320955,-1.828857,0.000000,3.644356
-0.325607,-1.820800,0.000000,3.644356
-0.325607,-1.836914,0.000000,3.644356
-0.348864,-1.861084,0.000000,3.644356
-0.325607,-1.853027,0.000000,3.644356
-0.344213,-1.861084,0.000000,3.644356
-0.344213,-1.885253,0.000000,3.644356
-0.348864,-1.917480,0.000000,3.644356
-0.367470,-1.925537,0.000000,3.644356
-0.372122,-1.917480,0.000000,3.644356
-0.395379,-2.046386,0.000000,3.644356
-0.413985,-2.078613,0.000000,3.644356
-0.409334,-2.054443,0.000000,3.644356
-0.400031,-2.102783,0.000000,3.644356
-0.400031,-2.110839,0.000000,3.644356
-0.386077,-2.151123,0.000000,3.644356
-0.386077,-2.159179,0.000000,3.644356
-0.381425,-2.159179,0.000000,3.644356
-0.353516,-2.223632,0.000000,3.644356
-0.348865,-2.207519,0.000000,3.644356
-0.376774,-2.159179,0.000000,3.644356
-0.386076,-2.110839,0.000000,3.644356
-0.372122,-1.989990,0.000000,3.644356
-0.362819,-1.965820,0.000000,3.644356
-0.376773,-1.989990,0.000000,3.644356
-0.362819,-1.965820,0.000000,3.644356
-0.362819,-1.949706,0.000000,3.644356
-0.353516,-1.949707,0.000000,3.644356
-0.358167,-1.941650,0.000000,3.644356
-0.334910,-1.925537,0.000000,3.644356
-0.325607,-1.909423,0.000000,3.644356
-0.320955,-1.893310,0.000000,3.644356
-0.307001,-1.853027,0.000000,3.644356
-0.246531,-1.804687,0.000000,3.644356
-0.474455,-1.740234,0.000000,3.644356
-0.344213,-1.667724,0.000000,3.644356
-0.186061,-1.562988,0.000000,3.644356
0.004650,-1.434082,0.000000,3.644356
-0.125592,-1.313232,0.000000,3.644356
-0.190713,-1.176269,0.000000,3.644356
-0.023258,-1.047363,0.000000,3.644356
0.120938,-0.950684,0.000000,3.644356
0.232574,-0.934570,0.000000,3.644356
0.400028,-0.990967,0.000000,3.644356
0.539573,-1.127930,0.000000,3.644356
0.502361,-1.281006,0.000000,3.644356
0.976814,-1.466309,0.000000,3.644356
1.121011,-1.611329,0.000000,3.644356
0.897739,-1.748291,0.000000,3.644356
1.000072,-1.885255,0.000000,3.644356
1.065193,-1.973878,0.000000,3.644356
1.014026,-2.054444,0.000000,3.644356
1.060541,-2.118897,0.000000,3.644356
1.093101,-2.175294,0.000000,3.644356
1.144268,-2.191407,0.000000,3.644356
1.195434,-2.215577,0.000000,3.644356
-1.231477,2.129642,0.000000,3.644356
-1.292807,2.045886,0.000000,3.644356
-1.299886,1.908549,0.000000,3.644356
-1.316385,1.766013,0.000000,3.644356
-1.384220,1.517071,0.000000,3.644356
-1.282439,1.253353,0.000000,3.644356
-1.389400,0.851566,0.000000,3.644356
-0.874652,0.659617,0.000000,3.644356
-0.852968,0.240922,0.000000,3.644356
-0.813640,-0.126110,0.000000,3.644356
-0.868479,-0.441075,0.000000,3.644356
-0.903430,-0.633037,0.000000,3.644356
-1.309196,-1.180879,0.000000,3.644356
-1.113038,-1.196218,0.000000,3.644356
-1.215638,-1.484162,0.000000,3.644356
-1.218148,-1.527432,0.000000,3.644356
-1.017581,-1.777423,0.000000,3.644356
-0.959979,-1.889267,0.000000,3.644356
-0.892074,-1.982389,0.000000,3.644356
-0.736998,-1.940628,0.000000,3.644356
-0.605271,-1.882979,0.000000,3.644356
-0.457047,-1.780512,0.000000,3.644356
-0.329999,-1.715206,0.000000,3.644356
-0.146571,-1.440457,0.000000,3.644356
-0.040209,-1.463547,0.000000,3.644356
0.184458,-0.853198,0.000000,3.644356
0.327418,-0.723189,0.000000,3.644356
0.663496,-0.493902,0.000000,3.644356
0.961934,-0.432025,0.000000,3.644356
1.237219,-0.213015,0.000000,3.644356
1.557835,-0.615043,0.000000,3.644356
1.772289,-0.346594,0.000000,3.644356
1.938007,-0.232264,0.000000,3.644356
2.106559,-0.240412,0.000000,3.644356
2.195415,-0.056376,0.000000,3.644356
2.291853,0.016898,0.000000,3.644356
2.353561,0.087421,0.000000,3.644356
2.384078,0.139474,0.000000,3.644356
2.329192,0.321983,0.000000,3.644356
2.267135,0.385218,0.000000,3.644356
2.091389,0.587833,0.000000,3.644356
1.941039,0.660764,0.000000,3.644356
1.737525,0.689044,0.000000,3.644356
1.447668,0.744232,0.000000,3.644356
1.350919,0.577412,0.000000,3.644356
0.750252,0.819255,0.000000,3.644356
0.453952,0.847731,0.000000,3.644356
0.173438,1.054709,0.000000,3.644356
-0.003590,1.241982,0.000000,3.644356
-0.230329,1.495153,0.000000,3.644356
-0.065924,1.586341,0.000000,3.644356
-0.140805,1.728023,0.000000,3.644356
-0.606898,1.934022,0.000000,3.644356
-0.618178,2.000395,0.000000,3.644356
-0.677386,2.040015,0.000000,3.644356
-0.796346,2.080126,0.000000,3.644356
-0.884555,2.106355,0.000000,3.644356
-0.893548,2.142062,0.000000,3.644356
-0.974689,2.069489,0.000000,3.644356
-0.974414,2.074119,0.000000,3.644356
-0.979980,2.071495,0.000000,3.644356
-0.975381,2.070798,0.000000,3.644356
-0.975642,2.066156,0.000000,3.644356
-0.938650,2.077523,0.000000,3.644356
-0.972190,2.085408,0.000000,3.644356
-0.967676,2.056776,0.000000,3.644356
-0.987648,2.057560,0.000000,3.644356
-0.978706,2.051552,0.000000,3.644356
-0.951081,2.064501,0.000000,3.644356
-0.973195,2.054170,0.000000,3.644356
-0.930846,2.102025,0.000000,3.644356
-0.869395,2.093682,0.000000,3.644356
-0.894112,2.061872,0.000000,3.644356
-0.802264,2.005982,0.000000,3.644356
-0.727908,1.968830,0.000000,3.644356
-0.621282,1.930816,0.000000,3.644356
-0.567636,1.876851,0.000000,3.644356
-0.542475,1.784201,0.000000,3.644356
-0.297230,1.604168,0.000000,3.644356
0.111848,1.320518,0.000000,3.644356
-0.187050,1.249272,0.000000,3.644356
0.134712,0.975911,0.000000,3.644356
0.297527,0.856377,0.000000,3.644356
0.395019,0.814280,0.000000,3.644356
0.354383,0.855921,0.000000,3.644356
0.368223,0.847613,0.000000,3.644356
0.373292,0.845967,0.000000,3.644356
0.350354,0.858247,0.000000,3.644356
0.337659,0.864723,0.000000,3.644356
0.338892,0.865741,0.000000,3.644356
0.337659,0.864723,0.000000,3.644356
0.321546,0.864634,0.000000,3.644356
0.335412,0.856324,0.000000,3.644356
0.317454,0.876241,0.000000,3.644356
0.333011,0.866524,0.000000,3.644356
0.316899,0.866349,0.000000,3.644356
0.316798,0.875651,0.000000,3.644356
0.316798,0.875651,0.000000,3.644356
0.315796,0.868397,0.000000,3.644356
0.314446,0.876498,0.000000,3.644356
0.317454,0.876241,0.000000,3.644356
0.339979,0.863814,0.000000,3.644356
0.319147,0.874797,0.000000,3.644356
0.319805,0.875386,0.000000,3.644356
0.338892,0.865741,0.000000,3.644356
0.341700,0.862419,0.000000,3.644356
0.322565,0.871956,0.000000,3.644356
0.322154,0.874523,0.000000,3.644356
0.344040,0.852196,0.000000,3.644356
0.328958,0.868805,0.000000,3.644356
0.350940,0.858701,0.000000,3.644356
0.327318,0.860909,0.000000,3.644356
0.334241,0.858245,0.000000,3.644356
0.327874,0.870757,0.000000,3.644356
0.336567,0.866647,0.000000,3.644356
0.346326,0.860572,0.000000,3.644356
0.358411,0.853596,0.000000,3.644356
0.358972,0.854007,0.000000,3.644356
0.327900,0.861454,0.000000,3.644356
0.333011,0.866524,0.000000,3.644356
0.331365,0.858616,0.000000,3.644356
0.352657,0.857303,0.000000,3.644356
0.306453,0.871738,0.000000,3.644356
0.348634,0.859639,0.000000,3.644356
0.311129,0.870080,0.000000,3.644356
0.309372,0.880848,0.000000,3.644356
0.312744,0.877933,0.000000,3.644356
0.308691,0.880215,0.000000,3.644356
0.319147,0.874797,0.000000,3.644356
0.340566,0.855008,0.000000,3.644356
0.310638,0.860165,0.000000,3.644356
0.330212,0.860570,0.000000,3.644356
0.325587,0.862331,0.000000,3.644356
0.327848,0.880060,0.000000,3.644356
0.329526,0.878633,0.000000,3.644356
0.321495,0.873937,0.000000,3.644356
0.320952,0.864067,0.000000,3.644356
0.314446,0.876498,0.000000,3.644356
0.316798,0.875651,0.000000,3.644356
0.341700,0.862419,0.000000,3.644356
0.324905,0.871087,0.000000,3.644356
0.289963,0.899426,0.000000,3.644356
0.291765,0.888640,0.000000,3.644356
0.305228,0.901757,0.000000,3.644356
0.301289,0.885455,0.000000,3.644356
0.272121,0.906942,0.000000,3.644356
0.221646,0.951246,0.000000,3.644356
0.185980,0.978690,0.000000,3.644356
0.117429,1.046079,0.000000,3.644356
0.050058,1.115267,0.000000,3.644356
0.006833,1.194684,0.000000,3.644356
-0.138836,1.358144,0.000000,3.644356
-0.301903,1.513386,0.000000,3.644356
-0.027792,1.501155,0.000000,3.644356
-0.124038,1.619931,0.000000,3.644356
-0.371715,1.785389,0.000000,3.644356
-0.645194,1.968841,0.000000,3.644356
-0.672794,2.058573,0.000000,3.644356
-0.868697,2.148515,0.000000,3.644356
-0.989063,2.124237,0.000000,3.644356
-0.949973,2.044565,0.000000,3.644356
-0.957679,2.081897,0.000000,3.644356
-1.007694,2.058156,0.000000,3.644356
-1.002568,2.084164,0.000000,3.644356
-1.062100,2.106315,0.000000,3.644356
-1.011721,2.118068,0.000000,3.644356
-1.034703,2.139640,0.000000,3.644356
-1.039016,2.107704,0.000000,3.644356
-1.025440,2.129211,0.000000,3.644356
-1.034703,2.139640,0.000000,3.644356
-1.072699,2.131249,0.000000,3.644356
-1.058472,2.165550,0.000000,3.644356
-1.094966,2.168167,0.000000,3.644356
-1.131295,2.165651,0.000000,3.644356
-1.137104,2.162607,0.000000,3.644356
-1.171670,2.169158,0.000000,3.644356
-1.208324,2.165355,0.000000,3.644356
-1.282090,2.125451,0.000000,3.644356
-1.334980,2.126954,0.000000,3.644356
-1.316374,2.086671,0.000000,3.644356
-1.353586,2.070558,0.000000,3.644356
-1.358237,2.006104,0.000000,3.644356
-1.325677,1.901368,0.000000,3.644356
-1.172177,1.764405,0.000000,3.644356
-1.023329,1.554932,0.000000,3.644356
-0.781451,1.305176,0.000000,3.644356
-0.934951,0.982911,0.000000,3.644356
-0.674467,0.612305,0.000000,3.644356
-0.707028,0.370606,0.000000,3.644356
-0.846573,0.225587,0.000000,3.644356
-1.111709,0.177247,0.000000,3.644356
-1.074497,0.161134,0.000000,3.644356
-1.334981,0.145021,0.000000,3.644356
-1.711753,0.136964,0.000000,3.644356
-1.600117,0.145021,0.000000,3.644356
-1.697798,0.145021,0.000000,3.644356
-1.772223,0.153078,0.000000,3.644356
-1.767571,0.153078,0.000000,3.644356
-1.776874,0.153078,0.000000,3.644356
-1.776874,0.153078,0.000000,3.644356
-1.762920,0.161134,0.000000,3.644356
-1.748965,0.153078,0.000000,3.644356
-1.739662,0.145021,0.000000,3.644356
-1.693147,0.056398,0.000000,3.644356
-1.534996,0.000001,0.000000,3.644356
-1.414057,-0.024169,0.000000,3.644356
-1.134967,-0.080565,0.000000,3.644356
-0.934952,-0.169189,0.000000,3.644356
-0.632605,-0.330322,0.000000,3.644356
-0.409333,-0.660644,0.000000,3.644356
-0.325606,-1.039306,0.000000,3.644356
-0.423288,-1.466308,0.000000,3.644356
-0.237228,-1.756347,0.000000,3.644356
-0.316304,-2.038330,0.000000,3.644356
-0.395380,-2.223632,0.000000,3.644356
-0.376774,-2.280029,0.000000,3.644356
-0.348865,-2.304199,0.000000,3.644356
-0.372122,-2.207519,0.000000,3.644356
-0.362819,-2.054443,0.000000,3.644356
-0.279092,-1.853027,0.000000,3.644356
-0.339561,-1.587158,0.000000,3.644356
0.032559,-1.321289,0.000000,3.644356
-0.018607,-1.087646,0.000000,3.644356
0.204665,-0.958740,0.000000,3.644356
0.418634,-1.023194,0.000000,3.644356
0.604694,-1.224610,0.000000,3.644356
0.627952,-1.450196,0.000000,3.644356
1.167526,-1.659669,0.000000,3.644356
0.930299,-1.820801,0.000000,3.644356
1.102405,-1.949708,0.000000,3.644356
1.046587,-2.046387,0.000000,3.644356
1.046586,-2.135010,0.000000,3.644356
1.097753,-2.191407,0.000000,3.644356
1.153571,-2.215577,0.000000,3.644356
1.158222,-2.207520,0.000000,3.644356
-1.231503,2.211462,0.000000,3.644356
-1.272761,2.088575,0.000000,3.644356
-1.288497,1.969438,0.000000,3.644356
-1.297139,1.866211,0.000000,3.644356
-1.362242,1.696400,0.000000,3.644356
-1.398624,1.507017,0.000000,3.644356
-1.271883,1.313647,0.000000,3.644356
-1.324340,1.060939,0.000000,3.644356
-1.161630,0.809586,0.000000,3.644356
-0.826268,0.684687,0.000000,3.644356
-0.918917,0.368172,0.000000,3.644356
-0.848796,0.160719,0.000000,3.644356
-0.801755,-0.032017,0.000000,3.644356
-0.840325,-0.247192,0.000000,3.644356
-0.792071,-0.291221,0.000000,3.644356
-0.840715,-0.403069,0.000000,3.644356
-0.817508,-0.433575,0.000000,3.644356
-0.830927,-0.430285,0.000000,3.644356
-0.812431,-0.425960,0.000000,3.644356
-0.818472,-0.424322,0.000000,3.644356
-0.812062,-0.416682,0.000000,3.644356
-0.823202,-0.417800,0.000000,3.644356
-0.823641,-0.399197,0.000000,3.644356
-0.842881,-0.393962,0.000000,3.644356
-0.831041,-0.397569,0.000000,3.644356
-0.814092,-0.405243,0.000000,3.644356
-0.800799,-0.375886,0.000000,3.644356
-0.854905,-0.385732,0.000000,3.644356
-0.827644,-0.383283,0.000000,3.644356
-0.820840,-0.368677,0.000000,3.644356
-0.834534,-0.379244,0.000000,3.644356
-0.805736,-0.383533,0.000000,3.644356
-0.836980,-0.358452,0.000000,3.644356
-0.823835,-0.380614,0.000000,3.644356
-0.826279,-0.352812,0.000000,3.644356
-0.840480,-0.342418,0.000000,3.644356
-0.831220,-0.360291,0.000000,3.644356
-0.825263,-0.343507,0.000000,3.644356
-0.820381,-0.336004,0.000000,3.644356
-0.821433,-0.340868,0.000000,3.644356
-0.817602,-0.338230,0.000000,3.644356
-0.813954,-0.342681,0.000000,3.644356
-0.810892,-0.303076,0.000000,3.644356
-0.808745,-0.323810,0.000000,3.644356
-0.803356,-0.305006,0.000000,3.644356
-0.809253,-0.307426,0.000000,3.644356
-0.794326,-0.267266,0.000000,3.644356
-0.800106,-0.293137,0.000000,3.644356
-0.800721,-0.283854,0.000000,3.644356
-0.803971,-0.295724,0.000000,3.644356
-0.789272,-0.283257,0.000000,3.644356
-0.798920,-0.267699,0.000000,3.644356
-0.801481,-0.281704,0.000000,3.644356
-0.804763,-0.293565,0.000000,3.644356
-0.818780,-0.294711,0.000000,3.644356
-0.803815,-0.288600,0.000000,3.644356
-0.794475,-0.274418,0.000000,3.644356
-0.800106,-0.293137,0.000000,3.644356
-0.801900,-0.295971,0.000000,3.644356
-0.799636,-0.265553,0.000000,3.644356
-0.800873,-0.311467,0.000000,3.644356
-0.785259,-0.273505,0.000000,3.644356
-0.795458,-0.292686,0.000000,3.644356
-0.795458,-0.292686,0.000000,3.644356
-0.802234,-0.279551,0.000000,3.644356
-0.799830,-0.272694,0.000000,3.644356
-0.804587,-0.286441,0.000000,3.644356
-0.803971,-0.295724,0.000000,3.644356
-0.797018,-0.288411,0.000000,3.644356
-0.795334,-0.285541,0.000000,3.644356
-0.790595,-0.271852,0.000000,3.644356
-0.803356,-0.305006,0.000000,3.644356
-0.805353,-0.284281,0.000000,3.644356
-0.794564,-0.287675,0.000000,3.644356
-0.808453,-0.289028,0.000000,3.644356
-0.790782,-0.279015,0.000000,3.644356
-0.800721,-0.283854,0.000000,3.644356
-0.796240,-0.290549,0.000000,3.644356
-0.798199,-0.269843,0.000000,3.644356
-0.791483,-0.282933,0.000000,3.644356
-0.804763,-0.293565,0.000000,3.644356
-0.795421,-0.279437,0.000000,3.644356
-0.795209,-0.272284,0.000000,3.644356
-0.786965,-0.289604,0.000000,3.644356
-0.786581,-0.262112,0.000000,3.644356
-0.791863,-0.260441,0.000000,3.644356
-0.790454,-0.264689,0.000000,3.644356
-0.786581,-0.262112,0.000000,3.644356
-0.784773,-0.253223,0.000000,3.644356
-0.773513,-0.229086,0.000000,3.644356
-0.766441,-0.229150,0.000000,3.644356
-0.770748,-0.215175,0.000000,3.644356
-0.792024,-0.221531,0.000000,3.644356
-0.765823,-0.231207,0.000000,3.644356
-0.792404,-0.251154,0.000000,3.644356
-0.783968,-0.248148,0.000000,3.644356
-0.787977,-0.257885,0.000000,3.644356
-0.770341,-0.231685,0.000000,3.644356
-0.784534,-0.238862,0.000000,3.644356
-0.786122,-0.249006,0.000000,3.644356
-0.767660,-0.225032,0.000000,3.644356
-0.762962,-0.210084,0.000000,3.644356
-0.788518,-0.248598,0.000000,3.644356
-0.765823,-0.231207,0.000000,3.644356
-0.788695,-0.216902,0.000000,3.644356
-0.754250,-0.230835,0.000000,3.644356
-0.772456,-0.208961,0.000000,3.644356
-0.760172,-0.203460,0.000000,3.644356
-0.764079,-0.205984,0.000000,3.644356
-0.766441,-0.229150,0.000000,3.644356
-0.788695,-0.216902,0.000000,3.644356
-0.772015,-0.218253,0.000000,3.644356
-0.767986,-0.208509,0.000000,3.644356
-0.764188,-0.213225,0.000000,3.644356
-0.766932,-0.219860,0.000000,3.644356
-0.773973,-0.219248,0.000000,3.644356
-0.768678,-0.213677,0.000000,3.644356
-0.782009,-0.261635,0.000000,3.644356
-0.776934,-0.209391,0.000000,3.644356
-0.782681,-0.237190,0.000000,3.644356
-0.784632,-0.246042,0.000000,3.644356
-0.781912,-0.232101,0.000000,3.644356
-0.770832,-0.222395,0.000000,3.644356
-0.766339,-0.221918,0.000000,3.644356
-0.775333,-0.222850,0.000000,3.644356
-0.788279,-0.226195,0.000000,3.644356
-0.785172,-0.236754,0.000000,3.644356
-0.769717,-0.233753,0.000000,3.644356
-0.785805,-0.234646,0.000000,3.644356
-0.767520,-0.217800,0.000000,3.644356
-0.784091,-0.255329,0.000000,3.644356
-0.777650,-0.246046,0.000000,3.644356
-0.780745,-0.243486,0.000000,3.644356
-0.782709,-0.259535,0.000000,3.644356
-0.766588,-0.236383,0.000000,3.644356
-0.782041,-0.239291,0.000000,3.644356
-0.787977,-0.257885,0.000000,3.644356
-0.787282,-0.260000,0.000000,3.644356
-0.782681,-0.237190,0.000000,3.644356
-0.787763,-0.243544,0.000000,3.644356
-0.784091,-0.255329,0.000000,3.644356
-0.784959,-0.260406,0.000000,3.644356
-0.796168,-0.277301,0.000000,3.644356
-0.788509,-0.285375,0.000000,3.644356
-0.786588,-0.239715,0.000000,3.644356
-0.776145,-0.235813,0.000000,3.644356
-0.784959,-0.260406,0.000000,3.644356
-0.780880,-0.250678,0.000000,3.644356
-0.770341,-0.231685,0.000000,3.644356
-0.790595,-0.271852,0.000000,3.644356
-0.788279,-0.226195,0.000000,3.644356
-0.788518,-0.248598,0.000000,3.644356
-0.800177,-0.256266,0.000000,3.644356
-0.793250,-0.256186,0.000000,3.644356
-0.772973,-0.238374,0.000000,3.644356
-0.782532,-0.230001,0.000000,3.644356
-0.778141,-0.236756,0.000000,3.644356
-0.777400,-0.231642,0.000000,3.644356
-0.801541,-0.251966,0.000000,3.644356
-0.770832,-0.222395,0.000000,3.644356
-0.776859,-0.240930,0.000000,3.644356
-0.787977,-0.257885,0.000000,3.644356
-0.792044,-0.267603,0.000000,3.644356
-0.772578,-0.254875,0.000000,3.644356
-0.783402,-0.257433,0.000000,3.644356
-0.786150,-0.278571,0.000000,3.644356
-0.797029,-0.308848,0.000000,3.644356
-0.798354,-0.276985,0.000000,3.644356
-0.793250,-0.256186,0.000000,3.644356
-0.798014,-0.293415,0.000000,3.644356
-0.785259,-0.273505,0.000000,3.644356
-0.787740,-0.287490,0.000000,3.644356
-0.793736,-0.276550,0.000000,3.644356
-0.799830,-0.272694,0.000000,3.644356
-0.795209,-0.272284,0.000000,3.644356
-0.791323,-0.269728,0.000000,3.644356
-0.805944,-0.274996,0.000000,3.644356
-0.789272,-0.283257,0.000000,3.644356
-0.800721,-0.283854,0.000000,3.644356
-0.801481,-0.281704,0.000000,3.644356
-0.800106,-0.293137,0.000000,3.644356
-0.806113,-0.282118,0.000000,3.644356
-0.800034,-0.313615,0.000000,3.644356
-0.790030,-0.281138,0.000000,3.644356
-0.808635,-0.296142,0.000000,3.644356
-0.818610,-0.308271,0.000000,3.644356
-0.812407,-0.319321,0.000000,3.644356
-0.825934,-0.329812,0.000000,3.644356
-0.814110,-0.314954,0.000000,3.644356
-0.830020,-0.343919,0.000000,3.644356
-0.841925,-0.377510,0.000000,3.644356
-0.830250,-0.350967,0.000000,3.644356
-0.842936,-0.375249,0.000000,3.644356
-0.814092,-0.405243,0.000000,3.644356
-0.848869,-0.417836,0.000000,3.644356
-0.834723,-0.404918,0.000000,3.644356
-0.818669,-0.431379,0.000000,3.644356
-0.830327,-0.413857,0.000000,3.644356
-0.822077,-0.420008,0.000000,3.644356
-0.821274,-0.436306,0.000000,3.644356
-0.827435,-0.436963,0.000000,3.644356
-0.829769,-0.432514,0.000000,3.644356
-0.838891,-0.452212,0.000000,3.644356
-0.811815,-0.449351,0.000000,3.644356
-0.826628,-0.453240,0.000000,3.644356
-0.842900,-0.471476,0.000000,3.644356
-0.842900,-0.471476,0.000000,3.644356
-0.779741,-0.449814,0.000000,3.644356
-0.825441,-0.464871,0.000000,3.644356
-0.808193,-0.465158,0.000000,3.644356
-0.789697,-0.467477,0.000000,3.644356
-0.788474,-0.460440,0.000000,3.644356
-0.841631,-0.473737,0.000000,3.644356
-0.836832,-0.480209,0.000000,3.644356
-0.807066,-0.490761,0.000000,3.644356
-0.821890,-0.502005,0.000000,3.644356
-0.830449,-0.521899,0.000000,3.644356
-0.795551,-0.514983,0.000000,3.644356
-0.970005,-0.692993,0.000000,3.644356
-1.144915,-0.855316,0.000000,3.644356
-1.251685,-0.990159,0.000000,3.644356
-1.274815,-1.020835,0.000000,3.644356
-1.233168,-1.034306,0.000000,3.644356
-1.181677,-1.051133,0.000000,3.644356
-1.163714,-1.057169,0.000000,3.644356
-1.049237,-1.023018,0.000000,3.644356
-1.070712,-1.093877,0.000000,3.644356
-1.129016,-1.205687,0.000000,3.644356
-1.176418,-1.345232,0.000000,3.644356
-1.196698,-1.407896,0.000000,3.644356
-1.149746,-1.464642,0.000000,3.644356
-1.156181,-1.494287,0.000000,3.644356
-1.068450,-1.625358,0.000000,3.644356
-1.020900,-1.735314,0.000000,3.644356
-1.000155,-1.839235,0.000000,3.644356
-0.933628,-1.864419,0.000000,3.644356
-0.894458,-1.975365,0.000000,3.644356
-0.780617,-1.933483,0.000000,3.644356
-0.705792,-1.926714,0.000000,3.644356
-0.577548,-1.856918,0.000000,3.644356
-0.486375,-1.771865,0.000000,3.644356
-0.382619,-1.750663,0.000000,3.644356
-0.213109,-1.453161,0.000000,3.644356
-0.119970,-1.451013,0.000000,3.644356
-0.060296,-1.559523,0.000000,3.644356
0.156355,-0.825901,0.000000,3.644356
0.254875,-0.810464,0.000000,3.644356
0.430227,-0.630158,0.000000,3.644356
0.690813,-0.484618,0.000000,3.644356
0.918457,-0.436125,0.000000,3.644356
1.135027,-0.321648,0.000000,3.644356
1.268771,-0.194855,0.000000,3.644356
1.530910,-0.651790,0.000000,3.644356
1.628215,-0.499586,0.000000,3.644356
1.694751,-0.328942,0.000000,3.644356
1.775866,-0.236015,0.000000,3.644356
1.846077,-0.150296,0.000000,3.644356
1.964387,-0.249642,0.000000,3.644356
2.008321,-0.239967,0.000000,3.644356
2.040920,-0.192774,0.000000,3.644356
2.078882,-0.131914,0.000000,3.644356
2.109197,-0.082594,0.000000,3.644356
2.150992,-0.048084,0.000000,3.644356
2.181045,-0.003786,0.000000,3.644356
2.206929,-0.002904,0.000000,3.644356
2.238318,0.018938,0.000000,3.644356
2.268871,0.007973,0.000000,3.644356
2.303821,0.027688,0.000000,3.644356
2.308540,0.060173,0.000000,3.644356
2.299854,0.099824,0.000000,3.644356
2.299284,0.112170,0.000000,3.644356
2.367942,0.132073,0.000000,3.644356
2.361273,0.155805,0.000000,3.644356
2.358071,0.172506,0.000000,3.644356
2.353216,0.229420,0.000000,3.644356
2.277993,0.259733,0.000000,3.644356
2.272165,0.263764,0.000000,3.644356
2.267665,0.324686,0.000000,3.644356
2.262144,0.361168,0.000000,3.644356
2.252424,0.328008,0.000000,3.644356
2.255459,0.356671,0.000000,3.644356
2.256772,0.373208,0.000000,3.644356
2.247820,0.358210,0.000000,3.644356
2.249885,0.378663,0.000000,3.644356
2.253508,0.368774,0.000000,3.644356
2.258134,0.385439,0.000000,3.644356
2.250427,0.354358,0.000000,3.644356
2.255139,0.370986,0.000000,3.644356
2.254135,0.377039,0.000000,3.644356
2.251497,0.380871,0.000000,3.644356
2.260651,0.348952,0.000000,3.644356
2.258742,0.361083,0.000000,3.644356
2.247820,0.358210,0.000000,3.644356
2.264266,0.324658,0.000000,3.644356
2.253966,0.344455,0.000000,3.644356
2.246360,0.345990,0.000000,3.644356
2.261712,0.328546,0.000000,3.644356
2.252295,0.342269,0.000000,3.644356
2.247378,0.325730,0.000000,3.644356
2.247124,0.350002,0.000000,3.644356
2.254493,0.362725,0.000000,3.644356
2.247124,0.350002,0.000000,3.644356
2.251534,0.334053,0.000000,3.644356
2.260820,0.334616,0.000000,3.644356
2.262490,0.336810,0.000000,3.644356
2.245691,0.323584,0.000000,3.644356
2.258255,0.338496,0.000000,3.644356
2.263442,0.316397,0.000000,3.644356
2.258327,0.299888,0.000000,3.644356
2.267620,0.300325,0.000000,3.644356
2.265975,0.312496,0.000000,3.644356
2.256685,0.312009,0.000000,3.644356
2.264266,0.324658,0.000000,3.644356
2.265917,0.298159,0.000000,3.644356
2.254979,0.324121,0.000000,3.644356
2.252424,0.328008,0.000000,3.644356
2.260908,0.320298,0.000000,3.644356
2.255841,0.318065,0.000000,3.644356
2.253271,0.297672,0.000000,3.644356
2.260039,0.302042,0.000000,3.644356
2.257516,0.305950,0.000000,3.644356
2.251618,0.319811,0.000000,3.644356
2.254152,0.315910,0.000000,3.644356
2.251534,0.334053,0.000000,3.644356
2.264266,0.324658,0.000000,3.644356
2.255815,0.303802,0.000000,3.644356
2.257516,0.305950,0.000000,3.644356
2.251618,0.319811,0.000000,3.644356
2.254881,0.338402,0.000000,3.644356
2.258375,0.324199,0.000000,3.644356
2.244861,0.315422,0.000000,3.644356
2.251618,0.319811,0.000000,3.644356
2.257498,0.330260,0.000000,3.644356
2.256685,0.312009,0.000000,3.644356
2.261761,0.314228,0.000000,3.644356
2.259125,0.293825,0.000000,3.644356
2.253104,0.283443,0.000000,3.644356
2.245881,0.254901,0.000000,3.644356
2.287040,0.193370,0.000000,3.644356
2.312321,0.127800,0.000000,3.644356
2.224858,0.102641,0.000000,3.644356
2.091042,-0.038555,0.000000,3.644356
1.883656,-0.148354,0.000000,3.644356
1.566626,-0.151917,0.000000,3.644356
1.488452,-0.392077,0.000000,3.644356
1.610627,-0.306478,0.000000,3.644356
1.453908,-0.470252,0.000000,3.644356
1.475987,-0.571658,0.000000,3.644356
1.343172,-0.696549,0.000000,3.644356
1.243656,-0.663294,0.000000,3.644356
0.994751,-0.212023,0.000000,3.644356
0.890925,-0.332912,0.000000,3.644356
0.709303,-0.450118,0.000000,3.644356
0.530727,-0.524726,0.000000,3.644356
0.347057,-0.627471,0.000000,3.644356
0.211037,-0.788201,0.000000,3.644356
0.114369,-0.922071,0.000000,3.644356
0.048364,-0.935159,0.000000,3.644356
-0.119432,-1.645538,0.000000,3.644356
-0.175368,-1.495337,0.000000,3.644356
-0.267816,-1.513690,0.000000,3.644356
-0.442005,-1.750389,0.000000,3.644356
-0.537109,-1.777596,0.000000,3.644356
-0.692649,-1.817584,0.000000,3.644356
-0.845514,-1.865031,0.000000,3.644356
-0.930083,-1.718865,0.000000,3.644356
-0.997092,-1.474469,0.000000,3.644356
-1.052561,-1.174249,0.000000,3.644356
-0.965463,-0.800006,0.000000,3.644356
-0.736608,-0.342111,0.000000,3.644356
-0.727449,0.028720,0.000000,3.644356
-0.915622,0.515274,0.000000,3.644356
-0.970303,0.979846,0.000000,3.644356
-1.253495,1.312010,0.000000,3.644356
-1.331686,1.677569,0.000000,3.644356
-1.224288,1.937826,0.000000,3.644356
-1.113327,2.088232,0.000000,3.644356
0.986117,-2.030274,0.000000,3.644356
0.832617,-1.836915,0.000000,3.644356
0.846572,-1.571045,0.000000,3.644356
0.674467,-1.256836,0.000000,3.644356
0.237226,-0.982910,0.000000,3.644356
0.074423,-0.870117,0.000000,3.644356
-0.102334,-1.055420,0.000000,3.644356
-0.358167,-1.369628,0.000000,3.644356
-0.241880,-1.635498,0.000000,3.644356
-0.339561,-1.877197,0.000000,3.644356
-0.437243,-2.006103,0.000000,3.644356
-0.400031,-2.078613,0.000000,3.644356
-0.367470,-2.070556,0.000000,3.644356
-0.409334,-1.933593,0.000000,3.644356
-0.395379,-1.780517,0.000000,3.644356
-0.307000,-1.522705,0.000000,3.644356
-0.246531,-1.248779,0.000000,3.644356
-0.386075,-0.926513,0.000000,3.644356
-0.353515,-0.636474,0.000000,3.644356
-0.451196,-0.394775,0.000000,3.644356
-0.590741,-0.241699,0.000000,3.644356
-0.734938,-0.145019,0.000000,3.644356
-0.916346,-0.096679,0.000000,3.644356
-1.107058,-0.064452,0.000000,3.644356
-0.888437,-0.056396,0.000000,3.644356
-0.800059,-0.056396,0.000000,3.644356
-0.823316,-0.048339,0.000000,3.644356
-0.897740,-0.056396,0.000000,3.644356
-0.790756,-0.064452,0.000000,3.644356
-0.888437,-0.072509,0.000000,3.644356
-0.753543,-0.072509,0.000000,3.644356
-1.121012,-0.096679,0.000000,3.644356
-1.069846,-0.104735,0.000000,3.644356
-0.967513,-0.136962,0.000000,3.644356
-0.851225,-0.161132,0.000000,3.644356
-0.725635,-0.201415,0.000000,3.644356
-0.641908,-0.273925,0.000000,3.644356
-0.534923,-0.330322,0.000000,3.644356
-0.511666,-0.394775,0.000000,3.644356
-0.493060,-0.410888,0.000000,3.644356
-0.507014,-0.394775,0.000000,3.644356
-0.502363,-0.378662,0.000000,3.644356
-0.507014,-0.386718,0.000000,3.644356
-0.520969,-0.362548,0.000000,3.644356
-0.507014,-0.402832,0.000000,3.644356
-0.497711,-0.402832,0.000000,3.644356
-0.493060,-0.402832,0.000000,3.644356
-0.502363,-0.410888,0.000000,3.644356
-0.497711,-0.378662,0.000000,3.644356
-0.502363,-0.394775,0.000000,3.644356
-0.497711,-0.386718,0.000000,3.644356
-0.497711,-0.394775,0.000000,3.644356
-0.507014,-0.386718,0.000000,3.644356
-0.488408,-0.402832,0.000000,3.644356
-0.502363,-0.370605,0.000000,3.644356
-0.502363,-0.394775,0.000000,3.644356
-0.502363,-0.394775,0.000000,3.644356
-0.502363,-0.386718,0.000000,3.644356
-0.493060,-0.394775,0.000000,3.644356
-0.493060,-0.402832,0.000000,3.644356
-0.507014,-0.394775,0.000000,3.644356
-0.502363,-0.402832,0.000000,3.644356
-0.497711,-0.370605,0.000000,3.644356
-0.511666,-0.378662,0.000000,3.644356
-0.497711,-0.394775,0.000000,3.644356
-0.497711,-0.402832,0.000000,3.644356
-0.511666,-0.370605,0.000000,3.644356
-0.502363,-0.378662,0.000000,3.644356
-0.483757,-0.410888,0.000000,3.644356
-0.488408,-0.402832,0.000000,3.644356
-0.502363,-0.386718,0.000000,3.644356
-0.502363,-0.394775,0.000000,3.644356
-0.488408,-0.410888,0.000000,3.644356
-0.497711,-0.394775,0.000000,3.644356
-0.511666,-0.386718,0.000000,3.644356
-0.511666,-0.386718,0.000000,3.644356
-0.493060,-0.418945,0.000000,3.644356
-0.502363,-0.410888,0.000000,3.644356
-0.502363,-0.378662,0.000000,3.644356
-0.488408,-0.402832,0.000000,3.644356
-0.497711,-0.410888,0.000000,3.644356
-0.502363,-0.394775,0.000000,3.644356
-0.483757,-0.418945,0.000000,3.644356
-0.497711,-0.402832,0.000000,3.644356
-0.474454,-0.427002,0.000000,3.644356
-0.493060,-0.402832,0.000000,3.644356
-0.483757,-0.427001,0.000000,3.644356
-0.488408,-0.427001,0.000000,3.644356
-0.488408,-0.427001,0.000000,3.644356
-0.479105,-0.427002,0.000000,3.644356
-0.465151,-0.435058,0.000000,3.644356
-0.488408,-0.410888,0.000000,3.644356
-0.474454,-0.427002,0.000000,3.644356
-0.507014,-0.370605,0.000000,3.644356
-0.544226,-0.330322,0.000000,3.644356
-0.553529,-0.273925,0.000000,3.644356
-0.660514,-0.225585,0.000000,3.644356
-0.697726,-0.177245,0.000000,3.644356
-0.758195,-0.153076,0.000000,3.644356
-0.869831,-0.112792,0.000000,3.644356
-1.125664,-0.064452,0.000000,3.644356
-0.837270,-0.016113,0.000000,3.644356
-1.153573,-0.016112,0.000000,3.644356
-1.051240,-0.032226,0.000000,3.644356
-1.176830,-0.016112,0.000000,3.644356
-1.097755,-0.040282,0.000000,3.644356
-1.260557,-0.024169,0.000000,3.644356
-1.293118,-0.016112,0.000000,3.644356
-1.307072,-0.008056,0.000000,3.644356
-1.441966,0.008058,0.000000,3.644356
-1.460572,0.024171,0.000000,3.644356
-1.451269,0.024171,0.000000,3.644356
-1.488481,0.048341,0.000000,3.644356
-1.600117,0.136964,0.000000,3.644356
-1.688495,0.120851,0.000000,3.644356
-1.711753,0.201417,0.000000,3.644356
-1.688495,0.209474,0.000000,3.644356
-1.660586,0.209474,0.000000,3.644356
-1.586162,0.201417,0.000000,3.644356
-1.311724,0.209474,0.000000,3.644356
-0.818664,0.241700,0.000000,3.644356
-0.679119,0.370606,0.000000,3.644356
-0.576786,0.757325,0.000000,3.644356
-0.888436,1.240723,0.000000,3.644356
-1.074496,1.643555,0.000000,3.644356
-1.214041,1.901368,0.000000,3.644356
-1.200086,1.981934,0.000000,3.644356
-0.996086,1.959491,0.000000,3.644356
-0.644723,1.790052,0.000000,3.644356
-0.214851,1.419756,0.000000,3.644356
-0.043328,1.072000,0.000000,3.644356
0.414802,0.755703,0.000000,3.644356
0.849680,0.749519,0.000000,3.644356
1.130991,0.822557,0.000000,3.644356
1.597161,0.693256,0.000000,3.644356
1.921273,0.579019,0.000000,3.644356
2.113905,0.442067,0.000000,3.644356
2.219469,0.229277,0.000000,3.644356
2.264879,0.082913,0.000000,3.644356
2.134985,-0.037751,0.000000,3.644356
1.958337,-0.107090,0.000000,3.644356
1.764993,-0.270617,0.000000,3.644356
1.484934,-0.253429,0.000000,3.644356
1.262213,-0.610160,0.000000,3.644356
0.924407,-0.222164,0.000000,3.644356
0.654650,-0.467664,0.000000,3.644356
0.396407,-0.584284,0.000000,3.644356
0.246331,-0.741714,0.000000,3.644356
0.142859,-0.896965,0.000000,3.644356
0.083686,-0.960209,0.000000,3.644356
0.039577,-1.052962,0.000000,3.644356
-0.090085,-1.584230,0.000000,3.644356
-0.111946,-1.606916,0.000000,3.644356
-0.092457,-1.571133,0.000000,3.644356
-0.082933,-1.540280,0.000000,3.644356
-0.071076,-1.568594,0.000000,3.644356
-0.063021,-1.545841,0.000000,3.644356
0.000351,-1.247721,0.000000,3.644356
0.028112,-1.194996,0.000000,3.644356
0.082464,-0.979124,0.000000,3.644356
0.140249,-0.891826,0.000000,3.644356
0.151262,-0.899118,0.000000,3.644356
0.181826,-0.870626,0.000000,3.644356
0.194177,-0.847650,0.000000,3.644356
0.192604,-0.850073,0.000000,3.644356
0.178468,-0.868971,0.000000,3.644356
0.172309,-0.861115,0.000000,3.644356
0.173576,-0.847218,0.000000,3.644356
0.177725,-0.850908,0.000000,3.644356
0.176930,-0.860177,0.000000,3.644356
0.180173,-0.816503,0.000000,3.644356
0.186149,-0.846962,0.000000,3.644356
0.189576,-0.859860,0.000000,3.644356
0.199469,-0.837322,0.000000,3.644356
0.191066,-0.841314,0.000000,3.644356
0.190693,-0.845950,0.000000,3.644356
0.211302,-0.846119,0.000000,3.644356
0.219039,-0.830466,0.000000,3.644356
0.209734,-0.810148,0.000000,3.644356
0.222116,-0.809613,0.000000,3.644356
0.239574,-0.792262,0.000000,3.644356
0.228629,-0.807797,0.000000,3.644356
0.261710,-0.765556,0.000000,3.644356
0.265321,-0.773430,0.000000,3.644356
0.259654,-0.766256,0.000000,3.644356
0.282650,-0.751064,0.000000,3.644356
0.266826,-0.748898,0.000000,3.644356
0.273614,-0.769214,0.000000,3.644356
0.269480,-0.770672,0.000000,3.644356
0.259350,-0.772307,0.000000,3.644356
0.264505,-0.754252,0.000000,3.644356
0.264024,-0.760207,0.000000,3.644356
0.241515,-0.765919,0.000000,3.644356
0.272068,-0.760657,0.000000,3.644356
0.252848,-0.779014,0.000000,3.644356
0.263243,-0.774139,0.000000,3.644356
0.274357,-0.755279,0.000000,3.644356
0.282650,-0.751064,0.000000,3.644356
0.282898,-0.746419,0.000000,3.644356
0.299236,-0.742633,0.000000,3.644356
0.359253,-0.671267,0.000000,3.644356
0.373192,-0.645271,0.000000,3.644356
0.387899,-0.632702,0.000000,3.644356
0.363515,-0.641428,0.000000,3.644356
0.369723,-0.647264,0.000000,3.644356
0.354354,-0.660194,0.000000,3.644356
0.394610,-0.633152,0.000000,3.644356
0.419021,-0.614862,0.000000,3.644356
0.419142,-0.605560,0.000000,3.644356
0.410977,-0.611131,0.000000,3.644356
0.428798,-0.584777,0.000000,3.644356
0.406098,-0.613397,0.000000,3.644356
0.454827,-0.575640,0.000000,3.644356
0.435496,-0.587166,0.000000,3.644356
0.470975,-0.571112,0.000000,3.644356
0.433687,-0.596392,0.000000,3.644356
0.409459,-0.606556,0.000000,3.644356
0.351878,-0.647785,0.000000,3.644356
0.381541,-0.631489,0.000000,3.644356
0.325239,-0.671204,0.000000,3.644356
0.300046,-0.702979,0.000000,3.644356
0.254212,-0.755797,0.000000,3.644356
0.223053,-0.802023,0.000000,3.644356
0.197501,-0.844388,0.000000,3.644356
0.159331,-0.904722,0.000000,3.644356
0.114482,-0.942124,0.000000,3.644356
0.073697,-0.901683,0.000000,3.644356
-0.083055,-1.542961,0.000000,3.644356
-0.134571,-1.644370,0.000000,3.644356
-0.174048,-1.481515,0.000000,3.644356
-0.177907,-1.465142,0.000000,3.644356
-0.158578,-1.434848,0.000000,3.644356
-0.183500,-1.455145,0.000000,3.644356
-0.207229,-1.483663,0.000000,3.644356
-0.200586,-1.490176,0.000000,3.644356
-0.260518,-1.572896,0.000000,3.644356
-0.251458,-1.603315,0.000000,3.644356
-0.249955,-1.518367,0.000000,3.644356
-0.271052,-1.547632,0.000000,3.644356
-0.371713,-1.801117,0.000000,3.644356
-0.430467,-1.745049,0.000000,3.644356
-0.483601,-1.750318,0.000000,3.644356
-0.556905,-1.781213,0.000000,3.644356
-0.665930,-1.823264,0.000000,3.644356
-0.775269,-1.860862,0.000000,3.644356
-0.889808,-1.865567,0.000000,3.644356
-0.977111,-1.681854,0.000000,3.644356
-1.022717,-1.396613,0.000000,3.644356
-1.069778,-1.152162,0.000000,3.644356
-1.033907,-0.827045,0.000000,3.644356
-0.674381,-0.269443,0.000000,3.644356
-0.805049,0.073950,0.000000,3.644356
-0.996478,0.526787,0.000000,3.644356
-1.078955,1.051272,0.000000,3.644356
-1.296873,1.447435,0.000000,3.644356
-1.328556,1.793875,0.000000,3.644356
-1.203791,2.055251,0.000000,3.644356
1.079147,-2.143067,0.000000,3.644356
0.920996,-1.981934,0.000000,3.644356
0.823315,-1.732178,0.000000,3.644356
0.618649,-1.393799,0.000000,3.644356
0.269786,-1.079590,0.000000,3.644356
0.181408,-0.894287,0.000000,3.644356
-0.032561,-0.974853,0.000000,3.644356
-0.190713,-1.224609,0.000000,3.644356
0.018605,-1.490478,0.000000,3.644356
-0.437243,-1.732177,0.000000,3.644356
-0.339561,-1.901367,0.000000,3.644356
-0.418637,-2.022216,0.000000,3.644356
-0.400031,-2.110839,0.000000,3.644356
-0.372122,-2.118896,0.000000,3.644356
-0.367471,-2.094726,0.000000,3.644356
-0.423288,-1.998046,0.000000,3.644356
-0.413985,-1.893310,0.000000,3.644356
-0.316304,-1.643554,0.000000,3.644356
-0.330258,-1.345459,0.000000,3.644356
-0.102334,-1.039306,0.000000,3.644356
-0.344212,-0.660644,0.000000,3.644356
-0.511666,-0.346435,0.000000,3.644356
-0.697726,-0.128906,0.000000,3.644356
-1.125664,-0.032226,0.000000,3.644356
-1.037285,0.024171,0.000000,3.644356
-1.488481,0.072511,0.000000,3.644356
-1.600117,0.096681,0.000000,3.644356
-1.744313,0.209474,0.000000,3.644356
-1.725707,0.217531,0.000000,3.644356
-1.702450,0.217531,0.000000,3.644356
-1.655935,0.201417,0.000000,3.644356
-1.428011,0.201417,0.000000,3.644356
-1.279163,0.225587,0.000000,3.644356
-0.865179,0.257813,0.000000,3.644356
-0.651210,0.402833,0.000000,3.644356
-0.595392,0.708985,0.000000,3.644356
-0.711679,1.047364,0.000000,3.644356
-0.623300,1.377686,0.000000,3.644356
-1.088450,1.635499,0.000000,3.644356
-1.139617,1.820801,0.000000,3.644356
-1.307071,1.957765,0.000000,3.644356
-1.330328,2.046388,0.000000,3.644356
-1.237298,2.078614,0.000000,3.644356
-1.124598,2.086994,0.000000,3.644356
-0.980752,2.097415,0.000000,3.644356
-0.790182,1.989483,0.000000,3.644356
-0.497077,1.788164,0.000000,3.644356
-0.155903,1.496690,0.000000,3.644356
-0.260774,1.342263,0.000000,3.644356
0.065472,1.033868,0.000000,3.644356
0.413179,0.821590,0.000000,3.644356
0.693529,0.734301,0.000000,3.644356
0.919416,0.767631,0.000000,3.644356
1.276004,0.714289,0.000000,3.644356
1.616762,0.583543,0.000000,3.644356
1.548441,0.768367,0.000000,3.644356
1.710888,0.725125,0.000000,3.644356
1.878161,0.626123,0.000000,3.644356
1.946086,0.595172,0.000000,3.644356
1.984608,0.614359,0.000000,3.644356
1.986353,0.556089,0.000000,3.644356
2.067933,0.544916,0.000000,3.644356
2.093346,0.564733,0.000000,3.644356
2.133811,0.502371,0.000000,3.644356
2.143330,0.477698,0.000000,3.644356
2.154955,0.493084,0.000000,3.644356
2.169153,0.463024,0.000000,3.644356
2.158856,0.475713,0.000000,3.644356
2.168103,0.476726,0.000000,3.644356
2.158856,0.475713,0.000000,3.644356
2.161413,0.497901,0.000000,3.644356
2.161295,0.490032,0.000000,3.644356
2.149608,0.474699,0.000000,3.644356
2.145566,0.484212,0.000000,3.644356
2.115035,0.540646,0.000000,3.644356
2.113443,0.553970,0.000000,3.644356
2.110766,0.550029,0.000000,3.644356
2.095117,0.543998,0.000000,3.644356
2.057852,0.561447,0.000000,3.644356
2.052892,0.558329,0.000000,3.644356
2.026665,0.556111,0.000000,3.644356
2.027472,0.646693,0.000000,3.644356
1.950574,0.594021,0.000000,3.644356
1.913979,0.623179,0.000000,3.644356
1.845584,0.646464,0.000000,3.644356
1.748224,0.638744,0.000000,3.644356
1.607847,0.714440,0.000000,3.644356
1.522952,0.682855,0.000000,3.644356
1.396702,0.626170,0.000000,3.644356
1.417925,0.497378,0.000000,3.644356
0.834329,0.862478,0.000000,3.644356
0.819204,0.788154,0.000000,3.644356
0.752228,0.760055,0.000000,3.644356
0.670771,0.771488,0.000000,3.644356
0.571307,0.781615,0.000000,3.644356
0.455908,0.807440,0.000000,3.644356
0.405150,0.837431,0.000000,3.644356
0.396075,0.832430,0.000000,3.644356
0.397859,0.831149,0.000000,3.644356
0.338653,0.864334,0.000000,3.644356
0.322500,0.873567,0.000000,3.644356
0.291776,0.899814,0.000000,3.644356
0.262316,0.921100,0.000000,3.644356
0.218913,0.943901,0.000000,3.644356
0.225526,0.957094,0.000000,3.644356
0.125340,1.017403,0.000000,3.644356
0.103243,1.049255,0.000000,3.644356
0.051955,1.105926,0.000000,3.644356
0.017965,1.172078,0.000000,3.644356
-0.035567,1.234266,0.000000,3.644356
-0.178786,1.368014,0.000000,3.644356
-0.271587,1.449404,0.000000,3.644356
-0.372441,1.533135,0.000000,3.644356
-0.159388,1.492841,0.000000,3.644356
0.039131,1.482693,0.000000,3.644356
-0.200168,1.613482,0.000000,3.644356
-0.222747,1.659373,0.000000,3.644356
-0.356978,1.762565,0.000000,3.644356
-0.604947,1.897385,0.000000,3.644356
-0.609113,1.933500,0.000000,3.644356
-0.639953,2.003302,0.000000,3.644356
-0.707092,2.052156,0.000000,3.644356
-0.865131,2.114408,0.000000,3.644356
-1.058905,2.157100,0.000000,3.644356
-1.130204,2.182430,0.000000,3.644356
-1.194731,2.165147,0.000000,3.644356
-1.254047,2.111027,0.000000,3.644356
-1.334980,2.110841,0.000000,3.644356
-1.334980,2.030274,0.000000,3.644356
-1.330328,1.885255,0.000000,3.644356
-1.111708,1.667725,0.000000,3.644356
-0.953557,1.321290,0.000000,3.644356
-0.911694,0.902344,0.000000,3.644356
-0.679119,0.418946,0.000000,3.644356
-0.953558,0.177247,0.000000,3.644356
-1.376845,0.120851,0.000000,3.644356
-1.767571,0.112794,0.000000,3.644356
-1.828040,0.112794,0.000000,3.644356
-1.804783,0.120851,0.000000,3.644356
-1.725707,0.096681,0.000000,3.644356
-1.409405,-0.056395,0.000000,3.644356
-0.814013,-0.153075,0.000000,3.644356
-0.553529,-0.418945,0.000000,3.644356
-0.339560,-0.910400,0.000000,3.644356
-0.390727,-1.458251,0.000000,3.644356
-0.386076,-1.901367,0.000000,3.644356
-0.358168,-2.175292,0.000000,3.644356
-0.372122,-2.271972,0.000000,3.644356
-0.372122,-2.247802,0.000000,3.644356
-0.372122,-2.070556,0.000000,3.644356
-0.227925,-1.764404,0.000000,3.644356
0.032559,-1.385742,0.000000,3.644356
0.013954,-1.055420,0.000000,3.644356
0.339559,-0.974854,0.000000,3.644356
0.632603,-1.224610,0.000000,3.644356
1.037284,-1.587159,0.000000,3.644356
1.014026,-1.885255,0.000000,3.644356
1.130313,-2.102784,0.000000,3.644356
1.130313,-2.215577,0.000000,3.644356
1.181480,-2.207520,0.000000,3.644356
-1.272636,2.088062,0.000000,3.644356
-1.281886,1.850653,0.000000,3.644356
-1.391720,1.485013,0.000000,3.644356
-1.262190,1.119280,0.000000,3.644356
-1.283936,0.646969,0.000000,3.644356
-0.861383,0.295286,0.000000,3.644356
-0.822061,-0.137863,0.000000,3.644356
-0.878898,-0.451153,0.000000,3.644356
-0.909900,-0.655583,0.000000,3.644356
-1.328495,-1.187094,0.000000,3.644356
-1.158309,-1.223451,0.000000,3.644356
-1.202149,-1.464714,0.000000,3.644356
-1.125670,-1.581335,0.000000,3.644356
-1.041109,-1.673505,0.000000,3.644356
-1.011761,-1.822292,0.000000,3.644356
-0.948283,-1.862203,0.000000,3.644356
-0.931691,-1.942688,0.000000,3.644356
-0.846942,-1.975231,0.000000,3.644356
-0.776944,-1.904140,0.000000,3.644356
-0.724491,-1.928830,0.000000,3.644356
-0.642727,-1.888437,0.000000,3.644356
-0.624427,-1.860404,0.000000,3.644356
-0.547638,-1.812002,0.000000,3.644356
-0.515916,-1.806042,0.000000,3.644356
-0.491175,-1.769715,0.000000,3.644356
-0.457807,-1.764294,0.000000,3.644356
-0.437283,-1.764724,0.000000,3.644356
-0.440454,-1.759163,0.000000,3.644356
-0.440001,-1.777574,0.000000,3.644356
-0.444877,-1.762033,0.000000,3.644356
-0.453069,-1.765517,0.000000,3.644356
-0.446751,-1.762350,0.000000,3.644356
-0.459317,-1.754333,0.000000,3.644356
-0.462542,-1.763059,0.000000,3.644356
-0.497269,-1.776845,0.000000,3.644356
-0.534046,-1.794415,0.000000,3.644356
-0.596590,-1.813674,0.000000,3.644356
-0.647182,-1.846159,0.000000,3.644356
-0.757326,-1.873238,0.000000,3.644356
-0.874285,-1.883123,0.000000,3.644356
-0.961153,-1.690352,0.000000,3.644356
-1.084042,-1.252721,0.000000,3.644356
-0.989527,-0.964341,0.000000,3.644356
-1.196523,-1.340237,0.000000,3.644356
-1.130961,-1.196824,0.000000,3.644356
-1.076457,-1.074650,0.000000,3.644356
-1.074104,-1.083651,0.000000,3.644356
-1.053323,-1.051706,0.000000,3.644356
-1.026249,-1.019597,0.000000,3.644356
-1.051660,-1.000128,0.000000,3.644356
-1.034611,-0.984274,0.000000,3.644356
-1.118046,-1.024439,0.000000,3.644356
-1.012547,-0.973694,0.000000,3.644356
-1.032316,-0.966374,0.000000,3.644356
-1.041351,-0.990686,0.000000,3.644356
-1.098946,-1.017712,0.000000,3.644356
-1.046655,-0.985082,0.000000,3.644356
-1.093466,-1.023598,0.000000,3.644356
-1.021051,-0.998366,0.000000,3.644356
-1.090044,-1.020415,0.000000,3.644356
-1.111220,-1.018118,0.000000,3.644356
-1.043267,-0.981894,0.000000,3.644356
-1.012349,-1.000584,0.000000,3.644356
-1.106372,-1.030222,0.000000,3.644356
-1.040627,-0.984691,0.000000,3.644356
-1.119407,-1.009206,0.000000,3.644356
-1.107807,-1.014958,0.000000,3.644356
-1.036493,-0.975518,0.000000,3.644356
-1.045899,-0.979089,0.000000,3.644356
-1.034611,-0.984274,0.000000,3.644356
-1.023035,-0.989655,0.000000,3.644356
-1.041716,-0.969939,0.000000,3.644356
-1.090087,-1.020401,0.000000,3.644356
-1.165268,-1.062403,0.000000,3.644356
-1.096210,-1.020658,0.000000,3.644356
-1.094866,-1.008419,0.000000,3.644356
-1.078422,-1.025954,0.000000,3.644356
-1.007651,-0.958625,0.000000,3.644356
-1.072500,-0.998343,0.000000,3.644356
-1.117117,-1.045977,0.000000,3.644356
-1.139935,-1.028115,0.000000,3.644356
-1.087331,-0.995994,0.000000,3.644356
-1.144731,-1.015777,0.000000,3.644356
-1.142459,-0.997238,0.000000,3.644356
-1.145438,-1.021979,0.000000,3.644356
-1.126960,-1.021564,0.000000,3.644356
-1.141284,-1.012653,0.000000,3.644356
-1.120107,-1.015368,0.000000,3.644356
-1.161963,-1.031396,0.000000,3.644356
-1.086649,-1.017236,0.000000,3.644356
-1.103685,-1.005678,0.000000,3.644356
-1.062709,-1.022319,0.000000,3.644356
-1.057255,-1.027864,0.000000,3.644356
-1.102078,-1.134541,0.000000,3.644356
-1.182651,-1.295702,0.000000,3.644356
-1.216737,-1.446125,0.000000,3.644356
-1.131095,-1.637127,0.000000,3.644356
-0.974213,-1.951362,0.000000,3.644356
-0.778217,-1.992876,0.000000,3.644356
-0.503762,-1.791902,0.000000,3.644356
-0.550630,-1.790139,0.000000,3.644356
-0.447479,-1.782941,0.000000,3.644356
-0.410568,-1.761625,0.000000,3.644356
-0.304122,-1.714363,0.000000,3.644356
-0.196853,-1.432187,0.000000,3.644356
-0.122050,-1.507427,0.000000,3.644356
-0.049091,-1.558770,0.000000,3.644356
0.152871,-0.874072,0.000000,3.644356
0.312807,-0.734430,0.000000,3.644356
0.597283,-0.538105,0.000000,3.644356
0.911123,-0.461206,0.000000,3.644356
1.218474,-0.326690,0.000000,3.644356
1.511582,-0.624751,0.000000,3.644356
1.757589,-0.429811,0.000000,3.644356
1.911560,-0.211713,0.000000,3.644356
2.118979,-0.189362,0.000000,3.644356
2.202621,-0.065323,0.000000,3.644356
2.300549,0.052962,0.000000,3.644356
2.353320,0.093738,0.000000,3.644356
2.400125,0.193971,0.000000,3.644356
2.302043,0.329354,0.000000,3.644356
2.194355,0.486540,0.000000,3.644356
1.957718,0.570041,0.000000,3.644356
1.809085,0.692893,0.000000,3.644356
1.447181,0.801456,0.000000,3.644356
1.322725,0.579787,0.000000,3.644356
0.645864,0.826103,0.000000,3.644356
0.278770,0.968544,0.000000,3.644356
0.015513,1.260462,0.000000,3.644356
-0.355012,1.637454,0.000000,3.644356
-0.251190,1.806466,0.000000,3.644356
-0.697424,2.101772,0.000000,3.644356
-0.927584,2.218436,0.000000,3.644356
-1.148409,2.273857,0.000000,3.644356
-1.285964,2.227115,0.000000,3.644356
-1.372192,2.159181,0.000000,3.644356
-1.372192,2.086671,0.000000,3.644356
-1.367540,1.949708,0.000000,3.644356
-1.176829,1.756348,0.000000,3.644356
-1.083799,1.490479,0.000000,3.644356
-0.507013,1.152100,0.000000,3.644356
-0.772149,0.757325,0.000000,3.644356
-0.702377,0.394776,0.000000,3.644356
-0.879134,0.217530,0.000000,3.644356
-1.214042,0.161134,0.000000,3.644356
-1.134967,0.145020,0.000000,3.644356
-1.721056,0.136964,0.000000,3.644356
-1.679192,0.120851,0.000000,3.644356
-1.809435,0.136964,0.000000,3.644356
-1.818738,0.145021,0.000000,3.644356
-1.790828,0.153078,0.000000,3.644356
-1.767571,0.153078,0.000000,3.644356
-1.744313,0.128908,0.000000,3.644356
-1.683844,-0.008055,0.000000,3.644356
-1.525693,0.008058,0.000000,3.644356
-1.414057,-0.016112,0.000000,3.644356
-1.418708,-0.032225,0.000000,3.644356
-1.041937,-0.072509,0.000000,3.644356
-0.809362,-0.080566,0.000000,3.644356
-0.990770,-0.104735,0.000000,3.644356
-1.046588,-0.120849,0.000000,3.644356
-0.962861,-0.128905,0.000000,3.644356
-0.995422,-0.120849,0.000000,3.644356
-1.004725,-0.112792,0.000000,3.644356
-0.934952,-0.120849,0.000000,3.644356
-0.893089,-0.136962,0.000000,3.644356
-0.948907,-0.120849,0.000000,3.644356
-0.920998,-0.120849,0.000000,3.644356
-0.939604,-0.120849,0.000000,3.644356
-0.958210,-0.120849,0.000000,3.644356
-0.967513,-0.112792,0.000000,3.644356
-0.962861,-0.112792,0.000000,3.644356
-0.939604,-0.112792,0.000000,3.644356
-0.944255,-0.112792,0.000000,3.644356
-0.958210,-0.120849,0.000000,3.644356
-0.962861,-0.120849,0.000000,3.644356
-0.920998,-0.128905,0.000000,3.644356
-0.930301,-0.128905,0.000000,3.644356
-0.930301,-0.128905,0.000000,3.644356
-1.004725,-0.112792,0.000000,3.644356
-0.916346,-0.136962,0.000000,3.644356
-0.907043,-0.136962,0.000000,3.644356
-0.930301,-0.120849,0.000000,3.644356
-0.972164,-0.120849,0.000000,3.644356
-0.920998,-0.128905,0.000000,3.644356
-0.948907,-0.128905,0.000000,3.644356
-0.902392,-0.136962,0.000000,3.644356
-0.930301,-0.120849,0.000000,3.644356
-0.920998,-0.128905,0.000000,3.644356
-0.939604,-0.120849,0.000000,3.644356
-0.911695,-0.128905,0.000000,3.644356
-0.925649,-0.136962,0.000000,3.644356
-0.897740,-0.128905,0.000000,3.644356
-0.925649,-0.128905,0.000000,3.644356
-0.907043,-0.120849,0.000000,3.644356
-0.948907,-0.120849,0.000000,3.644356
-0.925649,-0.128905,0.000000,3.644356
-0.920998,-0.136962,0.000000,3.644356
-0.916346,-0.120849,0.000000,3.644356
-0.883786,-0.145019,0.000000,3.644356
-0.920998,-0.128905,0.000000,3.644356
-0.911695,-0.128905,0.000000,3.644356
-0.874483,-0.136962,0.000000,3.644356
-0.925649,-0.128905,0.000000,3.644356
-0.907043,-0.120849,0.000000,3.644356
-0.911695,-0.120849,0.000000,3.644356
-0.907043,-0.128905,0.000000,3.644356
-0.916346,-0.128905,0.000000,3.644356
-0.902392,-0.128905,0.000000,3.644356
-0.851225,-0.145019,0.000000,3.644356
-0.930301,-0.136962,0.000000,3.644356
-0.916346,-0.128905,0.000000,3.644356
-0.893089,-0.136962,0.000000,3.644356
-0.916346,-0.128905,0.000000,3.644356
-0.888437,-0.128905,0.000000,3.644356
-0.916346,-0.120849,0.000000,3.644356
-0.879134,-0.145019,0.000000,3.644356
-0.911695,-0.120849,0.000000,3.644356
-0.874483,-0.136962,0.000000,3.644356
-0.902392,-0.128905,0.000000,3.644356
-0.907043,-0.128905,0.000000,3.644356
-0.874483,-0.136962,0.000000,3.644356
-0.879134,-0.136962,0.000000,3.644356
-0.916346,-0.128905,0.000000,3.644356
-0.869831,-0.136962,0.000000,3.644356
-0.907043,-0.136962,0.000000,3.644356
-0.874483,-0.136962,0.000000,3.644356
-0.948907,-0.120849,0.000000,3.644356
-0.883786,-0.136962,0.000000,3.644356
-0.911695,-0.128905,0.000000,3.644356
-0.916346,-0.128905,0.000000,3.644356
-0.874483,-0.145019,0.000000,3.644356
-0.948907,-0.120849,0.000000,3.644356
-0.902392,-0.136962,0.000000,3.644356
-0.916346,-0.120849,0.000000,3.644356
-0.883786,-0.136962,0.000000,3.644356
-0.911695,-0.128905,0.000000,3.644356
-0.851225,-0.145019,0.000000,3.644356
-0.939604,-0.128905,0.000000,3.644356
-0.925649,-0.128905,0.000000,3.644356
-0.902392,-0.136962,0.000000,3.644356
-0.874483,-0.136962,0.000000,3.644356
-0.916346,-0.136962,0.000000,3.644356
-0.869831,-0.136962,0.000000,3.644356
-0.916346,-0.120849,0.000000,3.644356
-0.930301,-0.136962,0.000000,3.644356
-0.883786,-0.136962,0.000000,3.644356
-0.888437,-0.136962,0.000000,3.644356
-0.916346,-0.128905,0.000000,3.644356
-0.865180,-0.136962,0.000000,3.644356
-0.939604,-0.128905,0.000000,3.644356
-0.869831,-0.145019,0.000000,3.644356
-0.893089,-0.128905,0.000000,3.644356
-0.939604,-0.120849,0.000000,3.644356
-0.888437,-0.128905,0.000000,3.644356
-0.897740,-0.128905,0.000000,3.644356
-0.879134,-0.128906,0.000000,3.644356
-0.869831,-0.145019,0.000000,3.644356
-0.925649,-0.136962,0.000000,3.644356
-0.893089,-0.136962,0.000000,3.644356
-0.925649,-0.128905,0.000000,3.644356
-0.907043,-0.128905,0.000000,3.644356
-0.907043,-0.128905,0.000000,3.644356
-0.869831,-0.145019,0.000000,3.644356
-0.911695,-0.128905,0.000000,3.644356
-0.860528,-0.145019,0.000000,3.644356
-0.911695,-0.128905,0.000000,3.644356
-0.911695,-0.136962,0.000000,3.644356
-0.874483,-0.145019,0.000000,3.644356
-0.911695,-0.136962,0.000000,3.644356
-0.916346,-0.120849,0.000000,3.644356
-0.911695,-0.136962,0.000000,3.644356
-0.883786,-0.136962,0.000000,3.644356
-0.907043,-0.128905,0.000000,3.644356
-0.920998,-0.128905,0.000000,3.644356
-0.893089,-0.136962,0.000000,3.644356
-0.911695,-0.128905,0.000000,3.644356
-0.907043,-0.136962,0.000000,3.644356
-0.911695,-0.128905,0.000000,3.644356
-0.902392,-0.128905,0.000000,3.644356
-0.902392,-0.136962,0.000000,3.644356
-0.869831,-0.136962,0.000000,3.644356
-0.888437,-0.136962,0.000000,3.644356
-0.874483,-0.128906,0.000000,3.644356
-0.907043,-0.120849,0.000000,3.644356
-0.883786,-0.136962,0.000000,3.644356
-0.916346,-0.128905,0.000000,3.644356
-0.907043,-0.136962,0.000000,3.644356
-0.930301,-0.120849,0.000000,3.644356
-0.907043,-0.128905,0.000000,3.644356
-0.907043,-0.128905,0.000000,3.644356
-0.939604,-0.128905,0.000000,3.644356
-0.916346,-0.128905,0.000000,3.644356
-0.911695,-0.136962,0.000000,3.644356
-0.939604,-0.120849,0.000000,3.644356
-0.869831,-0.128906,0.000000,3.644356
-0.920998,-0.136962,0.000000,3.644356
-0.865180,-0.145019,0.000000,3.644356
-0.920998,-0.128905,0.000000,3.644356
-0.911695,-0.128905,0.000000,3.644356
-0.911695,-0.136962,0.000000,3.644356
-0.944255,-0.128905,0.000000,3.644356
-0.897740,-0.128905,0.000000,3.644356
-0.860528,-0.145019,0.000000,3.644356
-0.907043,-0.128905,0.000000,3.644356
-0.939604,-0.128905,0.000000,3.644356
-0.944255,-0.128905,0.000000,3.644356
-0.916346,-0.120849,0.000000,3.644356
-0.874483,-0.128906,0.000000,3.644356
-0.911695,-0.128905,0.000000,3.644356
-0.907043,-0.136962,0.000000,3.644356
-0.888437,-0.136962,0.000000,3.644356
-0.939604,-0.128905,0.000000,3.644356
-0.874483,-0.145019,0.000000,3.644356
-0.907043,-0.120849,0.000000,3.644356
-0.930301,-0.128905,0.000000,3.644356
-0.902392,-0.136962,0.000000,3.644356
-0.916346,-0.136962,0.000000,3.644356
-0.865180,-0.145019,0.000000,3.644356
-0.874483,-0.145019,0.000000,3.644356
-0.920998,-0.128905,0.000000,3.644356
-0.916346,-0.128905,0.000000,3.644356
-0.911695,-0.128905,0.000000,3.644356
-0.907043,-0.128905,0.000000,3.644356
-0.874483,-0.136962,0.000000,3.644356
-0.911695,-0.128905,0.000000,3.644356
-0.939604,-0.128905,0.000000,3.644356
-0.920998,-0.128905,0.000000,3.644356
-0.958210,-0.128905,0.000000,3.644356
-0.930301,-0.128905,0.000000,3.644356
-0.874483,-0.136962,0.000000,3.644356
-0.902392,-0.128905,0.000000,3.644356
-0.874483,-0.145019,0.000000,3.644356
-0.920998,-0.128905,0.000000,3.644356
-0.953558,-0.120849,0.000000,3.644356
-0.860528,-0.145019,0.000000,3.644356
-0.939604,-0.120849,0.000000,3.644356
-0.907043,-0.128905,0.000000,3.644356
-0.907043,-0.128905,0.000000,3.644356
-0.874483,-0.136962,0.000000,3.644356
-0.907043,-0.128905,0.000000,3.644356
-0.902392,-0.136962,0.000000,3.644356
-0.911695,-0.128905,0.000000,3.644356
-0.888437,-0.128905,0.000000,3.644356
-0.893089,-0.128905,0.000000,3.644356
-0.916346,-0.128905,0.000000,3.644356
-0.879134,-0.136962,0.000000,3.644356
-0.944255,-0.120849,0.000000,3.644356
-0.916346,-0.128905,0.000000,3.644356
-0.911695,-0.128905,0.000000,3.644356
-0.879134,-0.145019,0.000000,3.644356
-0.883786,-0.136962,0.000000,3.644356
-0.907043,-0.128905,0.000000,3.644356
-0.907043,-0.128905,0.000000,3.644356
-0.883786,-0.136962,0.000000,3.644356
-0.920998,-0.128905,0.000000,3.644356
-0.916346,-0.136962,0.000000,3.644356
-0.916346,-0.128905,0.000000,3.644356
-0.883786,-0.136962,0.000000,3.644356
-0.902392,-0.128905,0.000000,3.644356
-0.907043,-0.128905,0.000000,3.644356
-0.893089,-0.128905,0.000000,3.644356
-0.907043,-0.128905,0.000000,3.644356
-0.907043,-0.128905,0.000000,3.644356
-0.902392,-0.136962,0.000000,3.644356
-0.911695,-0.128905,0.000000,3.644356
-0.902392,-0.136962,0.000000,3.644356
-0.832619,-0.153075,0.000000,3.644356
-0.879134,-0.136962,0.000000,3.644356
-0.888437,-0.128905,0.000000,3.644356
-0.925649,-0.128905,0.000000,3.644356
-0.874483,-0.128906,0.000000,3.644356
-0.907043,-0.128905,0.000000,3.644356
-0.888437,-0.145019,0.000000,3.644356
-0.897740,-0.128905,0.000000,3.644356
-0.925649,-0.136962,0.000000,3.644356
-0.916346,-0.128905,0.000000,3.644356
-0.869831,-0.136962,0.000000,3.644356
-0.934952,-0.120849,0.000000,3.644356
-0.865180,-0.128906,0.000000,3.644356
-0.907043,-0.128905,0.000000,3.644356
-0.911695,-0.128905,0.000000,3.644356
-0.920998,-0.120849,0.000000,3.644356
-0.888437,-0.128905,0.000000,3.644356
-0.869831,-0.136962,0.000000,3.644356
-0.916346,-0.128905,0.000000,3.644356
-0.907043,-0.120849,0.000000,3.644356
-0.879134,-0.145019,0.000000,3.644356
-0.879134,-0.145019,0.000000,3.644356
-0.897740,-0.136962,0.000000,3.644356
-0.879134,-0.136962,0.000000,3.644356
-0.907043,-0.136962,0.000000,3.644356
-0.888437,-0.136962,0.000000,3.644356
-0.907043,-0.128905,0.000000,3.644356
-0.911695,-0.128905,0.000000,3.644356
-0.930301,-0.120849,0.000000,3.644356
-0.879134,-0.145019,0.000000,3.644356
-0.911695,-0.128905,0.000000,3.644356
-0.907043,-0.128905,0.000000,3.644356
-0.874483,-0.136962,0.000000,3.644356
-0.920998,-0.128905,0.000000,3.644356
-0.902392,-0.128905,0.000000,3.644356
-0.920998,-0.128905,0.000000,3.644356
-0.846574,-0.153075,0.000000,3.644356
-0.851225,-0.145019,0.000000,3.644356
-0.907043,-0.136962,0.000000,3.644356
-0.888437,-0.128905,0.000000,3.644356
-0.888437,-0.145019,0.000000,3.644356
-0.883786,-0.136962,0.000000,3.644356
-0.879134,-0.136962,0.000000,3.644356
-0.879134,-0.136962,0.000000,3.644356
-0.925649,-0.128905,0.000000,3.644356
-0.874483,-0.136962,0.000000,3.644356
-0.865180,-0.145019,0.000000,3.644356
-0.883786,-0.136962,0.000000,3.644356
-0.911695,-0.128905,0.000000,3.644356
-0.888437,-0.128905,0.000000,3.644356
-0.911695,-0.128905,0.000000,3.644356
-0.907043,-0.136962,0.000000,3.644356
-0.902392,-0.136962,0.000000,3.644356
-0.916346,-0.128905,0.000000,3.644356
-0.920998,-0.136962,0.000000,3.644356
-0.907043,-0.128905,0.000000,3.644356
-0.888437,-0.128905,0.000000,3.644356
-0.911695,-0.128905,0.000000,3.644356
-0.860528,-0.136962,0.000000,3.644356
-0.939604,-0.120849,0.000000,3.644356
-0.911695,-0.136962,0.000000,3.644356
-0.911695,-0.136962,0.000000,3.644356
-0.939604,-0.128905,0.000000,3.644356
-0.893089,-0.136962,0.000000,3.644356
-0.907043,-0.128905,0.000000,3.644356
-0.902392,-0.136962,0.000000,3.644356
-0.888437,-0.145019,0.000000,3.644356
-0.916346,-0.128905,0.000000,3.644356
-0.874483,-0.136962,0.000000,3.644356
-0.879134,-0.145019,0.000000,3.644356
-0.879134,-0.145019,0.000000,3.644356
-0.916346,-0.136962,0.000000,3.644356
-0.869831,-0.145019,0.000000,3.644356
-0.902392,-0.128905,0.000000,3.644356
-0.893089,-0.136962,0.000000,3.644356
-0.930301,-0.128905,0.000000,3.644356
-0.879134,-0.145019,0.000000,3.644356
-0.920998,-0.128905,0.000000,3.644356
-0.874483,-0.136962,0.000000,3.644356
-0.865180,-0.136962,0.000000,3.644356
-0.888437,-0.128905,0.000000,3.644356
-0.897740,-0.128905,0.000000,3.644356
-0.911695,-0.128905,0.000000,3.644356
-0.883786,-0.136962,0.000000,3.644356
-0.902392,-0.136962,0.000000,3.644356
-0.897740,-0.136962,0.000000,3.644356
-0.888437,-0.128905,0.000000,3.644356
-0.874483,-0.136962,0.000000,3.644356
-0.883786,-0.136962,0.000000,3.644356
-0.879134,-0.145019,0.000000,3.644356
-0.916346,-0.128905,0.000000,3.644356
-0.865180,-0.136962,0.000000,3.644356
-0.879134,-0.145019,0.000000,3.644356
-0.948907,-0.120849,0.000000,3.644356
-0.879134,-0.136962,0.000000,3.644356
-0.865180,-0.145019,0.000000,3.644356
-0.883786,-0.136962,0.000000,3.644356
-0.874483,-0.136962,0.000000,3.644356
-0.883786,-0.136962,0.000000,3.644356
-0.920998,-0.128905,0.000000,3.644356
-0.883786,-0.136962,0.000000,3.644356
-0.879134,-0.136962,0.000000,3.644356
-0.860528,-0.145019,0.000000,3.644356
-0.860528,-0.145019,0.000000,3.644356
-0.865180,-0.145019,0.000000,3.644356
-0.897740,-0.136962,0.000000,3.644356
-0.865180,-0.136962,0.000000,3.644356
-0.893089,-0.145019,0.000000,3.644356
-0.888437,-0.136962,0.000000,3.644356
-0.883786,-0.128906,0.000000,3.644356
-0.907043,-0.136962,0.000000,3.644356
-0.888437,-0.136962,0.000000,3.644356
-0.888437,-0.136962,0.000000,3.644356
-0.869831,-0.136962,0.000000,3.644356
-0.855877,-0.145019,0.000000,3.644356
-0.869831,-0.136962,0.000000,3.644356
-0.883786,-0.136962,0.000000,3.644356
-0.827968,-0.153075,0.000000,3.644356
-0.841922,-0.145019,0.000000,3.644356
-0.888437,-0.136962,0.000000,3.644356
-0.925649,-0.128905,0.000000,3.644356
-0.888437,-0.136962,0.000000,3.644356
-0.865180,-0.136962,0.000000,3.644356
-0.888437,-0.128905,0.000000,3.644356
-0.911695,-0.128905,0.000000,3.644356
-0.888437,-0.136962,0.000000,3.644356
-0.930301,-0.128905,0.000000,3.644356
-0.869831,-0.136962,0.000000,3.644356
-0.869831,-0.153075,0.000000,3.644356
-0.874483,-0.136962,0.000000,3.644356
-0.907043,-0.136962,0.000000,3.644356
-0.907043,-0.128905,0.000000,3.644356
-0.837271,-0.145019,0.000000,3.644356
-0.888437,-0.136962,0.000000,3.644356
-0.879134,-0.136962,0.000000,3.644356
-0.934952,-0.136962,0.000000,3.644356
-0.916346,-0.128905,0.000000,3.644356
-0.874483,-0.136962,0.000000,3.644356
-0.846574,-0.145019,0.000000,3.644356
-0.851225,-0.136962,0.000000,3.644356
-0.860528,-0.145019,0.000000,3.644356
-0.846574,-0.145019,0.000000,3.644356
-0.837271,-0.153075,0.000000,3.644356
-0.860528,-0.128906,0.000000,3.644356
-0.874483,-0.145019,0.000000,3.644356
-0.837271,-0.145019,0.000000,3.644356
-0.860528,-0.128906,0.000000,3.644356
-0.874483,-0.120849,0.000000,3.644356
-0.827968,-0.136962,0.000000,3.644356
-0.874483,-0.128906,0.000000,3.644356
-0.851225,-0.136962,0.000000,3.644356
-0.855877,-0.128906,0.000000,3.644356
-0.832619,-0.136962,0.000000,3.644356
-0.851225,-0.136962,0.000000,3.644356
-0.855877,-0.128906,0.000000,3.644356
-0.786104,-0.145019,0.000000,3.644356
-0.795407,-0.145019,0.000000,3.644356
-0.851225,-0.112792,0.000000,3.644356
-0.809362,-0.136962,0.000000,3.644356
-0.841922,-0.120849,0.000000,3.644356
-0.804710,-0.136962,0.000000,3.644356
-0.809362,-0.128906,0.000000,3.644356
-0.827968,-0.128906,0.000000,3.644356
-0.837271,-0.120849,0.000000,3.644356
-0.818665,-0.128906,0.000000,3.644356
-0.832619,-0.120849,0.000000,3.644356
-0.832619,-0.120849,0.000000,3.644356
-0.846574,-0.128906,0.000000,3.644356
-0.809362,-0.120849,0.000000,3.644356
-0.823316,-0.120849,0.000000,3.644356
-0.790756,-0.128906,0.000000,3.644356
-0.818665,-0.120849,0.000000,3.644356
-0.804710,-0.112792,0.000000,3.644356
-0.809362,-0.112792,0.000000,3.644356
-0.776801,-0.128906,0.000000,3.644356
-0.804710,-0.120849,0.000000,3.644356
-0.804710,-0.112792,0.000000,3.644356
-0.762847,-0.128906,0.000000,3.644356
-0.772150,-0.128906,0.000000,3.644356
-0.781453,-0.120849,0.000000,3.644356
-0.758195,-0.120849,0.000000,3.644356
-0.800059,-0.112792,0.000000,3.644356
-0.786104,-0.128906,0.000000,3.644356
-0.786104,-0.112792,0.000000,3.644356
-0.753544,-0.120849,0.000000,3.644356
-0.753544,-0.128906,0.000000,3.644356
-0.786104,-0.104736,0.000000,3.644356
-0.772150,-0.120849,0.000000,3.644356
-0.776801,-0.120849,0.000000,3.644356
-0.739589,-0.128906,0.000000,3.644356
-0.776801,-0.104736,0.000000,3.644356
-0.772150,-0.104736,0.000000,3.644356
-0.767498,-0.120849,0.000000,3.644356
-0.725635,-0.120849,0.000000,3.644356
-0.753544,-0.120849,0.000000,3.644356
-0.753544,-0.120849,0.000000,3.644356
-1.288465,2.054444,0.000000,3.445705
-1.297768,1.965821,0.000000,3.445705
-1.269859,1.748292,0.000000,3.445705
-0.962860,1.426026,0.000000,3.445705
-1.176829,1.732178,0.000000,3.445705
-1.111708,1.716065,0.000000,3.445705
-1.176829,1.538819,0.000000,3.445705
-1.083799,1.619385,0.000000,3.445705
-1.195435,1.627442,0.000000,3.445705
-1.060541,1.579102,0.000000,3.445705
-1.181481,1.627442,0.000000,3.445705
-1.032632,1.611329,0.000000,3.445705
-1.130314,1.619385,0.000000,3.445705
-1.186132,1.619385,0.000000,3.445705
-1.176829,1.611329,0.000000,3.445705
-1.176829,1.619385,0.000000,3.445705
-1.055890,1.619385,0.000000,3.445705
-1.055890,1.611329,0.000000,3.445705
-1.209389,1.619385,0.000000,3.445705
-1.134965,1.603272,0.000000,3.445705
-1.065193,1.619385,0.000000,3.445705
-1.167526,1.611329,0.000000,3.445705
-1.176829,1.619385,0.000000,3.445705
-1.130314,1.595216,0.000000,3.445705
-1.051238,1.603272,0.000000,3.445705
-1.153571,1.619385,0.000000,3.445705
-1.046587,1.627442,0.000000,3.445705
-1.172177,1.595216,0.000000,3.445705
-1.041935,1.619385,0.000000,3.445705
-1.032632,1.619385,0.000000,3.445705
-1.190784,1.627442,0.000000,3.445705
-1.041935,1.619385,0.000000,3.445705
-1.172177,1.611329,0.000000,3.445705
-1.214041,1.627442,0.000000,3.445705
-1.079147,1.603272,0.000000,3.445705
-1.130314,1.611329,0.000000,3.445705
-1.088450,1.619385,0.000000,3.445705
-1.060541,1.619385,0.000000,3.445705
-1.121011,1.619385,0.000000,3.445705
-1.046587,1.611329,0.000000,3.445705
-1.055890,1.611329,0.000000,3.445705
-1.065193,1.611329,0.000000,3.445705
-1.134965,1.611329,0.000000,3.445705
-1.204738,1.619385,0.000000,3.445705
-1.083799,1.611329,0.000000,3.445705
-1.167526,1.619385,0.000000,3.445705
-1.083799,1.611329,0.000000,3.445705
-1.125662,1.619385,0.000000,3.445705
-1.200086,1.611329,0.000000,3.445705
-1.172177,1.611329,0.000000,3.445705
-1.181481,1.611329,0.000000,3.445705
-1.032632,1.619385,0.000000,3.445705
-1.046587,1.619385,0.000000,3.445705
-1.046587,1.595215,0.000000,3.445705
-1.181481,1.619385,0.000000,3.445705
-1.060541,1.611329,0.000000,3.445705
-1.167526,1.603272,0.000000,3.445705
-1.144268,1.611329,0.000000,3.445705
-1.186132,1.619385,0.000000,3.445705
-1.088450,1.619385,0.000000,3.445705
-1.176829,1.619385,0.000000,3.445705
-1.097753,1.587159,0.000000,3.445705
-1.172177,1.619385,0.000000,3.445705
-1.139617,1.611329,0.000000,3.445705
-1.037284,1.611329,0.000000,3.445705
-1.065193,1.619385,0.000000,3.445705
-1.051238,1.595215,0.000000,3.445705
-1.148920,1.627442,0.000000,3.445705
-1.032632,1.611329,0.000000,3.445705
-1.144268,1.619385,0.000000,3.445705
-1.144268,1.619385,0.000000,3.445705
-1.055890,1.603272,0.000000,3.445705
-1.139617,1.611329,0.000000,3.445705
-1.032632,1.611329,0.000000,3.445705
-1.051238,1.595215,0.000000,3.445705
-1.209389,1.619385,0.000000,3.445705
-1.083799,1.603272,0.000000,3.445705
-1.176829,1.611329,0.000000,3.445705
-1.134965,1.611329,0.000000,3.445705
-1.172177,1.611329,0.000000,3.445705
-1.186132,1.619385,0.000000,3.445705
-1.204738,1.611329,0.000000,3.445705
-1.186132,1.611329,0.000000,3.445705
-1.107056,1.627442,0.000000,3.445705
-1.181481,1.619385,0.000000,3.445705
-1.181481,1.611329,0.000000,3.445705
-1.172177,1.603272,0.000000,3.445705
-1.060541,1.611329,0.000000,3.445705
-1.032632,1.603272,0.000000,3.445705
-1.186132,1.627442,0.000000,3.445705
-1.046587,1.627442,0.000000,3.445705
-1.209389,1.619385,0.000000,3.445705
-1.176829,1.611329,0.000000,3.445705
-1.186132,1.627442,0.000000,3.445705
-1.204738,1.611329,0.000000,3.445705
-1.032632,1.611329,0.000000,3.445705
-1.181481,1.611329,0.000000,3.445705
-1.139617,1.611329,0.000000,3.445705
-1.107056,1.595216,0.000000,3.445705
-1.209389,1.603272,0.000000,3.445705
-1.172177,1.603272,0.000000,3.445705
-1.204738,1.619385,0.000000,3.445705
-1.186132,1.619385,0.000000,3.445705
-1.046587,1.619385,0.000000,3.445705
-1.027981,1.603272,0.000000,3.445705
-1.181481,1.619385,0.000000,3.445705
-1.176829,1.603272,0.000000,3.445705
-1.023329,1.595215,0.000000,3.445705
-1.037284,1.619385,0.000000,3.445705
-1.134965,1.611329,0.000000,3.445705
-1.088450,1.619385,0.000000,3.445705
-1.041935,1.619385,0.000000,3.445705
-1.144268,1.619385,0.000000,3.445705
-1.209389,1.619385,0.000000,3.445705
-1.186132,1.603272,0.000000,3.445705
-1.134965,1.611329,0.000000,3.445705
-1.046587,1.595215,0.000000,3.445705
-1.065193,1.611329,0.000000,3.445705
-1.079147,1.587159,0.000000,3.445705
-1.088450,1.619385,0.000000,3.445705
-1.107056,1.611329,0.000000,3.445705
-1.055890,1.611329,0.000000,3.445705
-1.065193,1.619385,0.000000,3.445705
-1.144268,1.619385,0.000000,3.445705
-1.190784,1.627442,0.000000,3.445705
-1.111708,1.603272,0.000000,3.445705
-1.204738,1.619385,0.000000,3.445705
-1.139617,1.611329,0.000000,3.445705
-1.065193,1.619385,0.000000,3.445705
-1.069844,1.619385,0.000000,3.445705
-1.037284,1.611329,0.000000,3.445705
-1.139617,1.611329,0.000000,3.445705
-1.069844,1.619385,0.000000,3.445705
-1.176829,1.611329,0.000000,3.445705
-1.065193,1.619385,0.000000,3.445705
-1.176829,1.603272,0.000000,3.445705
-1.139617,1.619385,0.000000,3.445705
-1.051238,1.603272,0.000000,3.445705
-1.181481,1.619385,0.000000,3.445705
-1.176829,1.611329,0.000000,3.445705
-1.088450,1.619385,0.000000,3.445705
-1.214041,1.619385,0.000000,3.445705
-1.204738,1.603272,0.000000,3.445705
-1.172177,1.603272,0.000000,3.445705
-1.181481,1.619385,0.000000,3.445705
-1.051238,1.603272,0.000000,3.445705
-1.065193,1.619385,0.000000,3.445705
-1.144268,1.611329,0.000000,3.445705
-1.051238,1.627442,0.000000,3.445705
-1.148920,1.611329,0.000000,3.445705
-1.218693,1.635499,0.000000,3.445705
-1.214041,1.619385,0.000000,3.445705
-1.176829,1.619385,0.000000,3.445705
-1.204738,1.611329,0.000000,3.445705
-1.200086,1.619385,0.000000,3.445705
-1.041935,1.619385,0.000000,3.445705
-1.041935,1.611329,0.000000,3.445705
-1.148920,1.619385,0.000000,3.445705
-1.186132,1.619385,0.000000,3.445705
-1.181481,1.635499,0.000000,3.445705
-1.148920,1.619385,0.000000,3.445705
-1.134965,1.595216,0.000000,3.445705
-1.139617,1.619385,0.000000,3.445705
-1.111708,1.611329,0.000000,3.445705
-1.111708,1.603272,0.000000,3.445705
-1.144268,1.619385,0.000000,3.445705
-1.144268,1.619385,0.000000,3.445705
-1.111708,1.619385,0.000000,3.445705
-1.181481,1.619385,0.000000,3.445705
-1.083799,1.611329,0.000000,3.445705
-1.148920,1.611329,0.000000,3.445705
-1.134965,1.603272,0.000000,3.445705
-1.218693,1.619386,0.000000,3.445705
-1.065193,1.619385,0.000000,3.445705
-1.214041,1.619385,0.000000,3.445705
-1.181481,1.611329,0.000000,3.445705
-1.176829,1.611329,0.000000,3.445705
-1.176829,1.619385,0.000000,3.445705
-1.065193,1.619385,0.000000,3.445705
-1.181481,1.619385,0.000000,3.445705
-1.065193,1.619385,0.000000,3.445705
-1.176829,1.611329,0.000000,3.445705
-1.107056,1.603272,0.000000,3.445705
-1.130314,1.611329,0.000000,3.445705
-1.176829,1.619385,0.000000,3.445705
-1.041935,1.619385,0.000000,3.445705
-1.065193,1.619385,0.000000,3.445705
-1.153571,1.619385,0.000000,3.445705
-1.195435,1.627442,0.000000,3.445705
-1.065193,1.619385,0.000000,3.445705
-1.190784,1.627442,0.000000,3.445705
-1.144268,1.619385,0.000000,3.445705
-1.079147,1.603272,0.000000,3.445705
-1.190784,1.627442,0.000000,3.445705
-1.139617,1.603272,0.000000,3.445705
-1.102405,1.603272,0.000000,3.445705
-1.190784,1.611329,0.000000,3.445705
-1.046587,1.619385,0.000000,3.445705
-1.074496,1.627442,0.000000,3.445705
-1.204738,1.611329,0.000000,3.445705
-1.144268,1.611329,0.000000,3.445705
-1.204738,1.611329,0.000000,3.445705
-1.065193,1.619385,0.000000,3.445705
-1.209389,1.611329,0.000000,3.445705
-1.041935,1.611329,0.000000,3.445705
-1.055890,1.611329,0.000000,3.445705
-1.060541,1.611329,0.000000,3.445705
-1.060541,1.603272,0.000000,3.445705
-1.204738,1.603272,0.000000,3.445705
-1.176829,1.611329,0.000000,3.445705
-1.041935,1.619385,0.000000,3.445705
-1.041935,1.611329,0.000000,3.445705
-1.060541,1.611329,0.000000,3.445705
-1.214041,1.619385,0.000000,3.445705
-1.144268,1.611329,0.000000,3.445705
-1.041935,1.611329,0.000000,3.445705
-1.060541,1.611329,0.000000,3.445705
-1.088450,1.611329,0.000000,3.445705
-1.218693,1.627442,0.000000,3.445705
-1.051238,1.619385,0.000000,3.445705
-1.181481,1.619385,0.000000,3.445705
-1.083799,1.603272,0.000000,3.445705
-1.144268,1.619385,0.000000,3.445705
-1.181481,1.619385,0.000000,3.445705
-1.195435,1.627442,0.000000,3.445705
-1.027981,1.595215,0.000000,3.445705
-1.209389,1.603272,0.000000,3.445705
-1.190784,1.619385,0.000000,3.445705
-1.186132,1.611329,0.000000,3.445705
-1.181481,1.611329,0.000000,3.445705
-1.041935,1.603272,0.000000,3.445705
-1.139617,1.619385,0.000000,3.445705
-1.190784,1.619385,0.000000,3.445705
-1.139617,1.603272,0.000000,3.445705
-1.190784,1.619385,0.000000,3.445705
-1.144268,1.619385,0.000000,3.445705
-1.181481,1.611329,0.000000,3.445705
-1.144268,1.619385,0.000000,3.445705
-1.172177,1.603272,0.000000,3.445705
-1.088450,1.611329,0.000000,3.445705
-1.046587,1.603272,0.000000,3.445705
-1.186132,1.635499,0.000000,3.445705
-1.204738,1.611329,0.000000,3.445705
-1.214041,1.611329,0.000000,3.445705
-1.139617,1.603272,0.000000,3.445705
-1.172177,1.603272,0.000000,3.445705
-1.037284,1.619385,0.000000,3.445705
-1.065193,1.619385,0.000000,3.445705
-1.195435,1.635499,0.000000,3.445705
-1.046587,1.619385,0.000000,3.445705
-1.069844,1.619385,0.000000,3.445705
-1.144268,1.619385,0.000000,3.445705
-1.181481,1.619385,0.000000,3.445705
-1.190784,1.619385,0.000000,3.445705
-1.186132,1.619385,0.000000,3.445705
-1.088450,1.611329,0.000000,3.445705
-1.055890,1.611329,0.000000,3.445705
-1.186132,1.619385,0.000000,3.445705
-1.116359,1.619385,0.000000,3.445705
-1.148920,1.619385,0.000000,3.445705
-1.195435,1.627442,0.000000,3.445705
-1.176829,1.611329,0.000000,3.445705
-1.041935,1.619385,0.000000,3.445705
-1.186132,1.627442,0.000000,3.445705
-1.148920,1.611329,0.000000,3.445705
-1.181481,1.603272,0.000000,3.445705
-1.181481,1.603272,0.000000,3.445705
-1.065193,1.619385,0.000000,3.445705
-1.121011,1.619385,0.000000,3.445705
-1.046587,1.619385,0.000000,3.445705
-1.153571,1.619385,0.000000,3.445705
-1.032632,1.603272,0.000000,3.445705
-1.148920,1.619385,0.000000,3.445705
-1.088450,1.619385,0.000000,3.445705
-1.176829,1.611329,0.000000,3.445705
-1.097753,1.627442,0.000000,3.445705
-1.186132,1.627442,0.000000,3.445705
-1.144268,1.619385,0.000000,3.445705
-1.055890,1.603272,0.000000,3.445705
-1.083799,1.619385,0.000000,3.445705
-1.046587,1.619385,0.000000,3.445705
-1.200086,1.619385,0.000000,3.445705
-1.190784,1.635499,0.000000,3.445705
-1.181481,1.611329,0.000000,3.445705
-1.148920,1.619385,0.000000,3.445705
-1.186132,1.619385,0.000000,3.445705
-1.186132,1.635499,0.000000,3.445705
-1.218693,1.611329,0.000000,3.445705
-1.060541,1.611329,0.000000,3.445705
-1.093102,1.619385,0.000000,3.445705
-1.139617,1.611329,0.000000,3.445705
-1.218693,1.611329,0.000000,3.445705
-1.181481,1.611329,0.000000,3.445705
-1.218693,1.627442,0.000000,3.445705
-1.055890,1.603272,0.000000,3.445705
-1.065193,1.619385,0.000000,3.445705
-1.134965,1.627442,0.000000,3.445705
-1.055890,1.595215,0.000000,3.445705
-1.139617,1.619385,0.000000,3.445705
-1.186132,1.619385,0.000000,3.445705
-1.046587,1.619385,0.000000,3.445705
-1.065193,1.611329,0.000000,3.445705
-1.144268,1.619385,0.000000,3.445705
-1.148920,1.619385,0.000000,3.445705
-1.148920,1.619385,0.000000,3.445705
-1.181481,1.619385,0.000000,3.445705
-1.148920,1.595216,0.000000,3.445705
-1.148920,1.611329,0.000000,3.445705
-1.186132,1.619385,0.000000,3.445705
-1.176829,1.611329,0.000000,3.445705
-1.079147,1.595216,0.000000,3.445705
-1.176829,1.603272,0.000000,3.445705
-1.181481,1.611329,0.000000,3.445705
-1.214041,1.627442,0.000000,3.445705
-1.176829,1.619385,0.000000,3.445705
-1.181481,1.619385,0.000000,3.445705
-1.148920,1.619385,0.000000,3.445705
-1.190784,1.619385,0.000000,3.445705
-1.190784,1.627442,0.000000,3.445705
-1.037284,1.611329,0.000000,3.445705
-1.083799,1.619385,0.000000,3.445705
-1.051238,1.619385,0.000000,3.445705
-1.223344,1.619386,0.000000,3.445705
-1.079147,1.603272,0.000000,3.445705
-1.153571,1.627442,0.000000,3.445705
-1.214041,1.603272,0.000000,3.445705
-1.065193,1.619385,0.000000,3.445705
-1.181481,1.603272,0.000000,3.445705
-1.218693,1.627442,0.000000,3.445705
-1.083799,1.619385,0.000000,3.445705
-1.190784,1.627442,0.000000,3.445705
-1.144268,1.611329,0.000000,3.445705
-1.032632,1.587159,0.000000,3.445705
-1.069844,1.619385,0.000000,3.445705
-1.190784,1.627442,0.000000,3.445705
-1.060541,1.611329,0.000000,3.445705
-1.065193,1.619385,0.000000,3.445705
-1.102405,1.603272,0.000000,3.445705
-1.065193,1.611329,0.000000,3.445705
-1.153571,1.627442,0.000000,3.445705
-1.046587,1.627442,0.000000,3.445705
-1.093102,1.619385,0.000000,3.445705
-1.065193,1.619385,0.000000,3.445705
-1.181481,1.611329,0.000000,3.445705
-1.176829,1.611329,0.000000,3.445705
-1.046587,1.619385,0.000000,3.445705
-1.139617,1.619385,0.000000,3.445705
-1.204738,1.611329,0.000000,3.445705
-1.060541,1.619385,0.000000,3.445705
-1.088450,1.603272,0.000000,3.445705
-1.214041,1.619385,0.000000,3.445705
-1.065193,1.619385,0.000000,3.445705
-1.172177,1.587159,0.000000,3.445705
-1.107056,1.595216,0.000000,3.445705
-1.079147,1.611329,0.000000,3.445705
-1.153571,1.627442,0.000000,3.445705
-1.130314,1.619385,0.000000,3.445705
-1.181481,1.611329,0.000000,3.445705
-1.055890,1.603272,0.000000,3.445705
-1.195435,1.635499,0.000000,3.445705
-1.148920,1.611329,0.000000,3.445705
-1.083799,1.595216,0.000000,3.445705
-1.088450,1.611329,0.000000,3.445705
-1.223344,1.635499,0.000000,3.445705
-1.204738,1.619385,0.000000,3.445705
-1.093102,1.619385,0.000000,3.445705
-1.190784,1.619385,0.000000,3.445705
-1.069844,1.603272,0.000000,3.445705
-1.083799,1.611329,0.000000,3.445705
-1.186132,1.619385,0.000000,3.445705
-1.065193,1.627442,0.000000,3.445705
-1.065193,1.611329,0.000000,3.445705
-1.153571,1.635499,0.000000,3.445705
-1.065193,1.611329,0.000000,3.445705
-1.041935,1.611329,0.000000,3.445705
-1.218693,1.619386,0.000000,3.445705
-1.055890,1.611329,0.000000,3.445705
-1.153571,1.619385,0.000000,3.445705
-1.186132,1.619385,0.000000,3.445705
-1.190784,1.619385,0.000000,3.445705
-1.055890,1.611329,0.000000,3.445705
-1.069844,1.619385,0.000000,3.445705
-1.195435,1.635499,0.000000,3.445705
-1.139617,1.611329,0.000000,3.445705
-1.065193,1.619385,0.000000,3.445705
-1.144268,1.611329,0.000000,3.445705
-1.218693,1.619386,0.000000,3.445705
-1.032632,1.603272,0.000000,3.445705
-1.041935,1.611329,0.000000,3.445705
-1.074496,1.619385,0.000000,3.445705
-1.046587,1.619385,0.000000,3.445705
-1.181481,1.603272,0.000000,3.445705
-1.186132,1.611329,0.000000,3.445705
-1.190784,1.619385,0.000000,3.445705
-1.065193,1.627442,0.000000,3.445705
-1.148920,1.627442,0.000000,3.445705
-1.144268,1.619385,0.000000,3.445705
-1.214041,1.619385,0.000000,3.445705
-1.111708,1.603272,0.000000,3.445705
-1.186132,1.603272,0.000000,3.445705
-1.148920,1.603272,0.000000,3.445705
-1.065193,1.611329,0.000000,3.445705
-1.144268,1.603272,0.000000,3.445705
-1.083799,1.611329,0.000000,3.445705
-1.083799,1.611329,0.000000,3.445705
-1.200086,1.603272,0.000000,3.445705
-1.069844,1.627442,0.000000,3.445705
-1.037284,1.619385,0.000000,3.445705
-1.116359,1.603272,0.000000,3.445705
-1.065193,1.619385,0.000000,3.445705
-1.148920,1.627442,0.000000,3.445705
-1.111708,1.603272,0.000000,3.445705
-1.186132,1.619385,0.000000,3.445705
-1.065193,1.619385,0.000000,3.445705
-1.176829,1.611329,0.000000,3.445705
-1.134965,1.619385,0.000000,3.445705
-1.060541,1.611329,0.000000,3.445705
-1.041935,1.603272,0.000000,3.445705
-1.060541,1.603272,0.000000,3.445705
-1.065193,1.619385,0.000000,3.445705
-1.065193,1.619385,0.000000,3.445705
-1.186132,1.619385,0.000000,3.445705
-1.046587,1.611329,0.000000,3.445705
-1.186132,1.635499,0.000000,3.445705
-1.069844,1.619385,0.000000,3.445705
-1.223344,1.635499,0.000000,3.445705
-1.153571,1.619385,0.000000,3.445705
-1.190784,1.627442,0.000000,3.445705
-1.144268,1.619385,0.000000,3.445705
-1.218693,1.619386,0.000000,3.445705
-1.144268,1.619385,0.000000,3.445705
-1.041935,1.619385,0.000000,3.445705
-1.037284,1.611329,0.000000,3.445705
-1.186132,1.619385,0.000000,3.445705
-1.209389,1.603272,0.000000,3.445705
-1.144268,1.619385,0.000000,3.445705
-1.186132,1.619385,0.000000,3.445705
-1.190784,1.619385,0.000000,3.445705
-1.148920,1.611329,0.000000,3.445705
-1.195435,1.619385,0.000000,3.445705
-1.055890,1.635499,0.000000,3.445705
-1.032632,1.611329,0.000000,3.445705
-1.186132,1.619385,0.000000,3.445705
-1.065193,1.611329,0.000000,3.445705
-1.139617,1.619385,0.000000,3.445705
-1.186132,1.619385,0.000000,3.445705
-1.209389,1.603272,0.000000,3.445705
-1.060541,1.611329,0.000000,3.445705
-1.176829,1.603272,0.000000,3.445705
-1.041935,1.619385,0.000000,3.445705
-1.041935,1.603272,0.000000,3.445705
-1.060541,1.603272,0.000000,3.445705
-1.176829,1.619385,0.000000,3.445705
-1.181481,1.603272,0.000000,3.445705
-1.144268,1.619385,0.000000,3.445705
-1.065193,1.619385,0.000000,3.445705
-1.153571,1.611329,0.000000,3.445705
-1.041935,1.603272,0.000000,3.445705
-1.181481,1.611329,0.000000,3.445705
-1.074496,1.619385,0.000000,3.445705
-1.190784,1.619385,0.000000,3.445705
-1.153571,1.619385,0.000000,3.445705
-1.074496,1.619385,0.000000,3.445705
-1.190784,1.619385,0.000000,3.445705
-1.065193,1.611329,0.000000,3.445705
-1.181481,1.595216,0.000000,3.445705
-1.069844,1.611329,0.000000,3.445705
-1.134965,1.603272,0.000000,3.445705
-1.181481,1.619385,0.000000,3.445705
-1.060541,1.603272,0.000000,3.445705
-1.046587,1.619385,0.000000,3.445705
-1.079147,1.611329,0.000000,3.445705
-1.148920,1.603272,0.000000,3.445705
-1.065193,1.611329,0.000000,3.445705
-1.186132,1.611329,0.000000,3.445705
-1.195435,1.619385,0.000000,3.445705
-1.190784,1.627442,0.000000,3.445705
-1.148920,1.627442,0.000000,3.445705
-1.037284,1.611329,0.000000,3.445705
-1.069844,1.619385,0.000000,3.445705
-1.037284,1.603272,0.000000,3.445705
-1.060541,1.603272,0.000000,3.445705
-1.186132,1.611329,0.000000,3.445705
-1.060541,1.635499,0.000000,3.445705
-1.041935,1.619385,0.000000,3.445705
-1.204738,1.603272,0.000000,3.445705
-1.190784,1.627442,0.000000,3.445705
-1.190784,1.619385,0.000000,3.445705
-1.111708,1.603272,0.000000,3.445705
-1.186132,1.619385,0.000000,3.445705
-1.190784,1.627442,0.000000,3.445705
-1.195435,1.627442,0.000000,3.445705
-1.065193,1.611329,0.000000,3.445705
-1.032632,1.595215,0.000000,3.445705
-1.069844,1.619385,0.000000,3.445705
-1.055890,1.611329,0.000000,3.445705
-1.181481,1.611329,0.000000,3.445705
-1.069844,1.611329,0.000000,3.445705
-1.125662,1.595216,0.000000,3.445705
-1.186132,1.611329,0.000000,3.445705
-1.214041,1.627442,0.000000,3.445705
-1.214041,1.619385,0.000000,3.445705
-1.097753,1.619385,0.000000,3.445705
-1.218693,1.619386,0.000000,3.445705
-1.218693,1.603272,0.000000,3.445705
-1.041935,1.627442,0.000000,3.445705
-1.195435,1.619385,0.000000,3.445705
-1.209389,1.611329,0.000000,3.445705
-1.051238,1.619385,0.000000,3.445705
-1.083799,1.595216,0.000000,3.445705
-1.046587,1.619385,0.000000,3.445705
-1.144268,1.603272,0.000000,3.445705
-1.181481,1.619385,0.000000,3.445705
-1.097753,1.627442,0.000000,3.445705
-1.186132,1.627442,0.000000,3.445705
-1.041935,1.603272,0.000000,3.445705
-1.190784,1.619385,0.000000,3.445705
-1.121011,1.603272,0.000000,3.445705
-1.144268,1.611329,0.000000,3.445705
-1.218693,1.619386,0.000000,3.445705
-1.223344,1.619386,0.000000,3.445705
-1.074496,1.627442,0.000000,3.445705
-1.125662,1.611329,0.000000,3.445705
-1.107056,1.595216,0.000000,3.445705
-1.074496,1.627442,0.000000,3.445705
-1.190784,1.627442,0.000000,3.445705
-1.214041,1.611329,0.000000,3.445705
-1.209389,1.611329,0.000000,3.445705
-1.181481,1.603272,0.000000,3.445705
-1.181481,1.611329,0.000000,3.445705
-1.097753,1.619385,0.000000,3.445705
-1.176829,1.603272,0.000000,3.445705
-1.223344,1.619386,0.000000,3.445705
-1.190784,1.619385,0.000000,3.445705
-1.093102,1.627442,0.000000,3.445705
-1.181481,1.611329,0.000000,3.445705
-1.148920,1.619385,0.000000,3.445705
-1.041935,1.619385,0.000000,3.445705
-1.195435,1.635499,0.000000,3.445705
-1.195435,1.619385,0.000000,3.445705
-1.186132,1.611329,0.000000,3.445705
-1.181481,1.619385,0.000000,3.445705
-1.227996,1.627442,0.000000,3.445705
-1.209389,1.619385,0.000000,3.445705
-1.218693,1.619386,0.000000,3.445705
-1.144268,1.619385,0.000000,3.445705
-1.190784,1.619385,0.000000,3.445705
-1.176829,1.611329,0.000000,3.445705
-1.186132,1.611329,0.000000,3.445705
-1.214041,1.611329,0.000000,3.445705
-1.153571,1.619385,0.000000,3.445705
-1.153571,1.619385,0.000000,3.445705
-1.153571,1.619385,0.000000,3.445705
-1.148920,1.619385,0.000000,3.445705
-1.107056,1.603272,0.000000,3.445705
-1.186132,1.619385,0.000000,3.445705
-1.041935,1.611329,0.000000,3.445705
-1.190784,1.611329,0.000000,3.445705
-1.116359,1.611329,0.000000,3.445705
-1.195435,1.635499,0.000000,3.445705
-1.065193,1.619385,0.000000,3.445705
-1.181481,1.603272,0.000000,3.445705
-1.223344,1.619386,0.000000,3.445705
-1.195435,1.635499,0.000000,3.445705
-1.176829,1.611329,0.000000,3.445705
-1.041935,1.619385,0.000000,3.445705
-1.223344,1.627442,0.000000,3.445705
-1.218693,1.627442,0.000000,3.445705
-1.069844,1.619385,0.000000,3.445705
-1.144268,1.611329,0.000000,3.445705
-1.172177,1.611329,0.000000,3.445705
-1.148920,1.627442,0.000000,3.445705
-1.186132,1.627442,0.000000,3.445705
-1.074496,1.619385,0.000000,3.445705
-1.144268,1.611329,0.000000,3.445705
-1.139617,1.611329,0.000000,3.445705
-1.148920,1.619385,0.000000,3.445705
-1.121011,1.619385,0.000000,3.445705
-1.186132,1.619385,0.000000,3.445705
-1.190784,1.627442,0.000000,3.445705
-1.093102,1.627442,0.000000,3.445705
-1.190784,1.627442,0.000000,3.445705
-1.069844,1.619385,0.000000,3.445705
-1.051238,1.619385,0.000000,3.445705
-1.116359,1.627442,0.000000,3.445705
-1.144268,1.611329,0.000000,3.445705
-1.074496,1.619385,0.000000,3.445705
-1.186132,1.619385,0.000000,3.445705
-1.055890,1.627442,0.000000,3.445705
-1.190784,1.611329,0.000000,3.445705
-1.046587,1.619385,0.000000,3.445705
-1.065193,1.619385,0.000000,3.445705
-1.088450,1.619385,0.000000,3.445705
-1.069844,1.611329,0.000000,3.445705
-1.060541,1.611329,0.000000,3.445705
-1.134965,1.603272,0.000000,3.445705
-1.069844,1.619385,0.000000,3.445705
-1.158223,1.627442,0.000000,3.445705
-1.190784,1.619385,0.000000,3.445705
-1.144268,1.619385,0.000000,3.445705
-1.116359,1.611329,0.000000,3.445705
-1.190784,1.611329,0.000000,3.445705
-1.144268,1.619385,0.000000,3.445705
-1.148920,1.627442,0.000000,3.445705
-1.069844,1.619385,0.000000,3.445705
-1.065193,1.619385,0.000000,3.445705
-1.186132,1.619385,0.000000,3.445705
-1.153571,1.619385,0.000000,3.445705
-1.069844,1.619385,0.000000,3.445705
-1.186132,1.627442,0.000000,3.445705
-1.186132,1.627442,0.000000,3.445705
-1.144268,1.611329,0.000000,3.445705
-1.214041,1.619385,0.000000,3.445705
-1.214041,1.619385,0.000000,3.445705
-1.060541,1.611329,0.000000,3.445705
-1.181481,1.603272,0.000000,3.445705
-1.148920,1.603272,0.000000,3.445705
-1.116359,1.611329,0.000000,3.445705
-1.074496,1.619385,0.000000,3.445705
-1.148920,1.619385,0.000000,3.445705
-1.214041,1.603272,0.000000,3.445705
-1.037284,1.603272,0.000000,3.445705
-1.041935,1.611329,0.000000,3.445705
-1.065193,1.619385,0.000000,3.445705
-1.186132,1.619385,0.000000,3.445705
-1.186132,1.611329,0.000000,3.445705
-1.051238,1.627442,0.000000,3.445705
-1.144268,1.611329,0.000000,3.445705
-1.186132,1.619385,0.000000,3.445705
-1.195435,1.635499,0.000000,3.445705
-1.069844,1.619385,0.000000,3.445705
-1.227996,1.619386,0.000000,3.445705
-1.181481,1.611329,0.000000,3.445705
-1.218693,1.619386,0.000000,3.445705
-1.139617,1.595216,0.000000,3.445705
-1.144268,1.611329,0.000000,3.445705
-1.074496,1.619385,0.000000,3.445705
-1.218693,1.627442,0.000000,3.445705
-1.195435,1.619385,0.000000,3.445705
-1.214041,1.619385,0.000000,3.445705
-1.181481,1.619385,0.000000,3.445705
-1.139617,1.611329,0.000000,3.445705
-1.209389,1.611329,0.000000,3.445705
-1.181481,1.611329,0.000000,3.445705
-1.148920,1.619385,0.000000,3.445705
-1.148920,1.619385,0.000000,3.445705
-1.190784,1.619385,0.000000,3.445705
-1.060541,1.619385,0.000000,3.445705
-1.223344,1.627442,0.000000,3.445705
-1.195435,1.627442,0.000000,3.445705
-1.069844,1.611329,0.000000,3.445705
-1.181481,1.619385,0.000000,3.445705
-1.209389,1.603272,0.000000,3.445705
-1.214041,1.611329,0.000000,3.445705
-1.139617,1.603272,0.000000,3.445705
-1.218693,1.619386,0.000000,3.445705
-1.190784,1.611329,0.000000,3.445705
-1.190784,1.619385,0.000000,3.445705
-1.158223,1.619385,0.000000,3.445705
-1.214041,1.595216,0.000000,3.445705
-1.148920,1.611329,0.000000,3.445705
-1.181481,1.619385,0.000000,3.445705
-1.046587,1.611329,0.000000,3.445705
-1.060541,1.603272,0.000000,3.445705
-1.065193,1.611329,0.000000,3.445705
-1.046587,1.619385,0.000000,3.445705
-1.190784,1.619385,0.000000,3.445705
-1.200086,1.635499,0.000000,3.445705
-1.051238,1.611329,0.000000,3.445705
-1.190784,1.611329,0.000000,3.445705
-1.153571,1.619385,0.000000,3.445705
-1.093102,1.619385,0.000000,3.445705
-1.088450,1.611329,0.000000,3.445705
-1.176829,1.595216,0.000000,3.445705
-1.046587,1.619385,0.000000,3.445705
-1.051238,1.635499,0.000000,3.445705
-1.144268,1.603272,0.000000,3.445705
-1.083799,1.619385,0.000000,3.445705
-1.093102,1.627442,0.000000,3.445705
-1.065193,1.619385,0.000000,3.445705
-1.069844,1.619385,0.000000,3.445705
-1.148920,1.619385,0.000000,3.445705
-1.186132,1.619385,0.000000,3.445705
-1.153571,1.627442,0.000000,3.445705
-1.065193,1.619385,0.000000,3.445705
-1.186132,1.595216,0.000000,3.445705
-1.158223,1.619385,0.000000,3.445705
-1.148920,1.619385,0.000000,3.445705
-1.060541,1.603272,0.000000,3.445705
-1.144268,1.603272,0.000000,3.445705
-1.037284,1.603272,0.000000,3.445705
-1.116359,1.603272,0.000000,3.445705
-1.190784,1.611329,0.000000,3.445705
-1.223344,1.619386,0.000000,3.445705
-1.065193,1.603272,0.000000,3.445705
-1.158223,1.619385,0.000000,3.445705
-1.227996,1.619386,0.000000,3.445705
-1.218693,1.619386,0.000000,3.445705
-1.190784,1.619385,0.000000,3.445705
-1.079147,1.619385,0.000000,3.445705
-1.093102,1.611329,0.000000,3.445705
-1.195435,1.619385,0.000000,3.445705
-1.083799,1.611329,0.000000,3.445705
-1.069844,1.619385,0.000000,3.445705
-1.139617,1.611329,0.000000,3.445705
-1.148920,1.619385,0.000000,3.445705
-1.186132,1.619385,0.000000,3.445705
-1.079147,1.635499,0.000000,3.445705
-1.069844,1.619385,0.000000,3.445705
-1.190784,1.619385,0.000000,3.445705
-1.069844,1.611329,0.000000,3.445705
-1.190784,1.619385,0.000000,3.445705
-1.046587,1.603272,0.000000,3.445705
-1.186132,1.619385,0.000000,3.445705
-1.186132,1.611329,0.000000,3.445705
-1.139617,1.611329,0.000000,3.445705
-1.186132,1.619385,0.000000,3.445705
-1.148920,1.619385,0.000000,3.445705
-1.079147,1.619385,0.000000,3.445705
-1.041935,1.603272,0.000000,3.445705
-1.190784,1.619385,0.000000,3.445705
-1.186132,1.611329,0.000000,3.445705
-1.051238,1.619385,0.000000,3.445705
-1.186132,1.611329,0.000000,3.445705
-1.195435,1.627442,0.000000,3.445705
-1.195435,1.635499,0.000000,3.445705
-1.069844,1.619385,0.000000,3.445705
-1.214041,1.619385,0.000000,3.445705
-1.218693,1.619386,0.000000,3.445705
-1.144268,1.603272,0.000000,3.445705
-1.046587,1.619385,0.000000,3.445705
-1.074496,1.619385,0.000000,3.445705
-1.214041,1.619385,0.000000,3.445705
-1.153571,1.627442,0.000000,3.445705
-1.186132,1.619385,0.000000,3.445705
-1.083799,1.603272,0.000000,3.445705
-1.148920,1.619385,0.000000,3.445705
-1.051238,1.619385,0.000000,3.445705
-1.046587,1.619385,0.000000,3.445705
-1.200086,1.611329,0.000000,3.445705
-1.186132,1.619385,0.000000,3.445705
-1.223344,1.619386,0.000000,3.445705
-1.158223,1.619385,0.000000,3.445705
-1.093102,1.619385,0.000000,3.445705
-1.074496,1.611329,0.000000,3.445705
-1.195435,1.627442,0.000000,3.445705
-1.190784,1.619385,0.000000,3.445705
-1.214041,1.619385,0.000000,3.445705
-1.069844,1.619385,0.000000,3.445705
-1.144268,1.611329,0.000000,3.445705
-1.223344,1.619386,0.000000,3.445705
-1.195435,1.619385,0.000000,3.445705
-1.186132,1.611329,0.000000,3.445705
-1.227996,1.627442,0.000000,3.445705
-1.074496,1.627442,0.000000,3.445705
-1.181481,1.611329,0.000000,3.445705
-1.186132,1.619385,0.000000,3.445705
-1.046587,1.619385,0.000000,3.445705
-1.046587,1.619385,0.000000,3.445705
-1.158223,1.619385,0.000000,3.445705
-1.181481,1.595216,0.000000,3.445705
-1.144268,1.619385,0.000000,3.445705
-1.032632,1.587159,0.000000,3.445705
-1.148920,1.619385,0.000000,3.445705
-1.032632,1.611329,0.000000,3.445705
-1.074496,1.619385,0.000000,3.445705
-1.088450,1.603272,0.000000,3.445705
-1.046587,1.619385,0.000000,3.445705
-1.186132,1.619385,0.000000,3.445705
-1.065193,1.619385,0.000000,3.445705
-1.051238,1.619385,0.000000,3.445705
-1.218693,1.619386,0.000000,3.445705
-1.190784,1.611329,0.000000,3.445705
-1.069844,1.611329,0.000000,3.445705
-1.214041,1.619385,0.000000,3.445705
-1.148920,1.619385,0.000000,3.445705
-1.065193,1.611329,0.000000,3.445705
-1.088450,1.603272,0.000000,3.445705
-1.190784,1.619385,0.000000,3.445705
-1.186132,1.611329,0.000000,3.445705
-1.190784,1.619385,0.000000,3.445705
-1.190784,1.619385,0.000000,3.445705
-1.083799,1.611329,0.000000,3.445705
-1.218693,1.611329,0.000000,3.445705
-1.176829,1.619385,0.000000,3.445705
-1.218693,1.619386,0.000000,3.445705
-1.065193,1.611329,0.000000,3.445705
-1.069844,1.611329,0.000000,3.445705
-1.218693,1.619386,0.000000,3.445705
-1.148920,1.603272,0.000000,3.445705
-1.074496,1.619385,0.000000,3.445705
-1.218693,1.627442,0.000000,3.445705
-1.223344,1.627442,0.000000,3.445705
-1.218693,1.619386,0.000000,3.445705
-1.214041,1.611329,0.000000,3.445705
-1.088450,1.619385,0.000000,3.445705
-1.139617,1.595216,0.000000,3.445705
-1.148920,1.627442,0.000000,3.445705
-1.181481,1.619385,0.000000,3.445705
-1.046587,1.611329,0.000000,3.445705
-1.065193,1.603272,0.000000,3.445705
-1.144268,1.611329,0.000000,3.445705
-1.074496,1.627442,0.000000,3.445705
-1.148920,1.619385,0.000000,3.445705
-1.214041,1.619385,0.000000,3.445705
-1.190784,1.619385,0.000000,3.445705
-1.186132,1.619385,0.000000,3.445705
-1.069844,1.619385,0.000000,3.445705
-1.069844,1.619385,0.000000,3.445705
-1.065193,1.619385,0.000000,3.445705
-1.186132,1.619385,0.000000,3.445705
-1.097753,1.619385,0.000000,3.445705
-1.069844,1.611329,0.000000,3.445705
-1.195435,1.619385,0.000000,3.445705
-1.111708,1.611329,0.000000,3.445705
-1.190784,1.619385,0.000000,3.445705
-1.209389,1.611329,0.000000,3.445705
-1.093102,1.619385,0.000000,3.445705
-1.051238,1.619385,0.000000,3.445705
-1.148920,1.611329,0.000000,3.445705
-1.214041,1.619385,0.000000,3.445705
-1.093102,1.619385,0.000000,3.445705
-1.074496,1.611329,0.000000,3.445705
-1.069844,1.611329,0.000000,3.445705
-1.204738,1.595216,0.000000,3.445705
-1.195435,1.627442,0.000000,3.445705
-1.190784,1.619385,0.000000,3.445705
-1.190784,1.619385,0.000000,3.445705
-1.214041,1.619385,0.000000,3.445705
-1.041935,1.611329,0.000000,3.445705
-1.153571,1.627442,0.000000,3.445705
-1.214041,1.619385,0.000000,3.445705
-1.190784,1.619385,0.000000,3.445705
-1.186132,1.611329,0.000000,3.445705
-1.069844,1.619385,0.000000,3.445705
-1.093102,1.619385,0.000000,3.445705
-1.069844,1.619385,0.000000,3.445705
-1.116359,1.603272,0.000000,3.445705
-1.088450,1.603272,0.000000,3.445705
-1.153571,1.627442,0.000000,3.445705
-1.111708,1.603272,0.000000,3.445705
-1.190784,1.619385,0.000000,3.445705
-1.065193,1.619385,0.000000,3.445705
-1.046587,1.603272,0.000000,3.445705
-1.218693,1.619386,0.000000,3.445705
-1.148920,1.619385,0.000000,3.445705
-1.190784,1.619385,0.000000,3.445705
-1.190784,1.619385,0.000000,3.445705
-1.158223,1.619385,0.000000,3.445705
-1.153571,1.619385,0.000000,3.445705
-1.046587,1.619385,0.000000,3.445705
-1.153571,1.611329,0.000000,3.445705
-1.190784,1.619385,0.000000,3.445705
-1.046587,1.611329,0.000000,3.445705
-1.195435,1.627442,0.000000,3.445705
-1.223344,1.619386,0.000000,3.445705
-1.060541,1.595215,0.000000,3.445705
-1.051238,1.619385,0.000000,3.445705
-1.195435,1.627442,0.000000,3.445705
-1.218693,1.619386,0.000000,3.445705
-1.097753,1.619385,0.000000,3.445705
-1.181481,1.603272,0.000000,3.445705
-1.148920,1.611329,0.000000,3.445705
-1.158223,1.619385,0.000000,3.445705
-1.223344,1.619386,0.000000,3.445705
-1.223344,1.611329,0.000000,3.445705
-1.139617,1.611329,0.000000,3.445705
-1.065193,1.603272,0.000000,3.445705
-1.065193,1.611329,0.000000,3.445705
-1.190784,1.619385,0.000000,3.445705
-1.046587,1.611329,0.000000,3.445705
-1.186132,1.611329,0.000000,3.445705
-1.148920,1.611329,0.000000,3.445705
-1.186132,1.611329,0.000000,3.445705
-1.223344,1.619386,0.000000,3.445705
-1.190784,1.603272,0.000000,3.445705
-1.200086,1.619385,0.000000,3.445705
-1.046587,1.627442,0.000000,3.445705
-1.195435,1.627442,0.000000,3.445705
-1.190784,1.627442,0.000000,3.445705
-1.093102,1.619385,0.000000,3.445705
-1.153571,1.619385,0.000000,3.445705
-1.153571,1.611329,0.000000,3.445705
-1.214041,1.611329,0.000000,3.445705
-1.190784,1.611329,0.000000,3.445705
-1.083799,1.603272,0.000000,3.445705
-1.037284,1.619385,0.000000,3.445705
-1.088450,1.611329,0.000000,3.445705
-1.195435,1.619385,0.000000,3.445705
-1.195435,1.627442,0.000000,3.445705
-1.144268,1.611329,0.000000,3.445705
-1.200086,1.635499,0.000000,3.445705
-1.079147,1.595216,0.000000,3.445705
-1.134965,1.595216,0.000000,3.445705
-1.148920,1.619385,0.000000,3.445705
-1.195435,1.619385,0.000000,3.445705
-1.051238,1.619385,0.000000,3.445705
-1.218693,1.611329,0.000000,3.445705
-1.195435,1.619385,0.000000,3.445705
-1.190784,1.611329,0.000000,3.445705
-1.069844,1.611329,0.000000,3.445705
-1.148920,1.619385,0.000000,3.445705
-1.190784,1.619385,0.000000,3.445705
-1.158223,1.611329,0.000000,3.445705
-1.148920,1.611329,0.000000,3.445705
-1.148920,1.619385,0.000000,3.445705
-1.218693,1.627442,0.000000,3.445705
-1.158223,1.619385,0.000000,3.445705
-1.148920,1.619385,0.000000,3.445705
-1.134965,1.595216,0.000000,3.445705
-1.190784,1.619385,0.000000,3.445705
-1.195435,1.627442,0.000000,3.445705
-1.097753,1.619385,0.000000,3.445705
-1.051238,1.611329,0.000000,3.445705
-1.065193,1.611329,0.000000,3.445705
-1.195435,1.619385,0.000000,3.445705
-1.214041,1.619385,0.000000,3.445705
-1.060541,1.611329,0.000000,3.445705
-1.065193,1.603272,0.000000,3.445705
-1.144268,1.611329,0.000000,3.445705
-1.074496,1.619385,0.000000,3.445705
-1.218693,1.619386,0.000000,3.445705
-1.046587,1.611329,0.000000,3.445705
-1.148920,1.619385,0.000000,3.445705
-1.065193,1.611329,0.000000,3.445705
-1.046587,1.611329,0.000000,3.445705
-1.065193,1.603272,0.000000,3.445705
-1.148920,1.619385,0.000000,3.445705
-1.186132,1.611329,0.000000,3.445705
-1.153571,1.619385,0.000000,3.445705
-1.148920,1.619385,0.000000,3.445705
-1.121011,1.619385,0.000000,3.445705
-1.190784,1.627442,0.000000,3.445705
-1.153571,1.619385,0.000000,3.445705
-1.158223,1.619385,0.000000,3.445705
-1.214041,1.611329,0.000000,3.445705
-1.046587,1.619385,0.000000,3.445705
-1.209389,1.595216,0.000000,3.445705
-1.148920,1.619385,0.000000,3.445705
-1.144268,1.619385,0.000000,3.445705
-1.074496,1.619385,0.000000,3.445705
-1.195435,1.619385,0.000000,3.445705
-1.223344,1.619386,0.000000,3.445705
-1.200086,1.635499,0.000000,3.445705
-1.046587,1.611329,0.000000,3.445705
-1.051238,1.627442,0.000000,3.445705
-1.186132,1.619385,0.000000,3.445705
-1.046587,1.635499,0.000000,3.445705
-1.223344,1.619386,0.000000,3.445705
-1.186132,1.611329,0.000000,3.445705
-1.088450,1.611329,0.000000,3.445705
-1.074496,1.611329,0.000000,3.445705
-1.195435,1.627442,0.000000,3.445705
-1.223344,1.619386,0.000000,3.445705
-1.083799,1.603272,0.000000,3.445705
-1.111708,1.595216,0.000000,3.445705
-1.148920,1.619385,0.000000,3.445705
-1.074496,1.619385,0.000000,3.445705
-1.186132,1.603272,0.000000,3.445705
-1.069844,1.611329,0.000000,3.445705
-1.093102,1.619385,0.000000,3.445705
-1.153571,1.619385,0.000000,3.445705
-1.186132,1.619385,0.000000,3.445705
-1.148920,1.595216,0.000000,3.445705
-1.190784,1.619385,0.000000,3.445705
-1.083799,1.595216,0.000000,3.445705
-1.158223,1.619385,0.000000,3.445705
-1.148920,1.611329,0.000000,3.445705
-1.148920,1.619385,0.000000,3.445705
-1.083799,1.603272,0.000000,3.445705
-1.186132,1.619385,0.000000,3.445705
-1.074496,1.627442,0.000000,3.445705
-1.190784,1.619385,0.000000,3.445705
-1.065193,1.619385,0.000000,3.445705
-1.153571,1.627442,0.000000,3.445705
-1.153571,1.619385,0.000000,3.445705
-1.069844,1.619385,0.000000,3.445705
-1.065193,1.619385,0.000000,3.445705
-1.158223,1.619385,0.000000,3.445705
-1.148920,1.619385,0.000000,3.445705
-1.051238,1.627442,0.000000,3.445705
-1.041935,1.611329,0.000000,3.445705
-1.055890,1.619385,0.000000,3.445705
-1.190784,1.611329,0.000000,3.445705
-1.223344,1.619386,0.000000,3.445705
-1.190784,1.619385,0.000000,3.445705
-1.148920,1.619385,0.000000,3.445705
-1.186132,1.603272,0.000000,3.445705
-1.083799,1.603272,0.000000,3.445705
-1.148920,1.619385,0.000000,3.445705
-1.186132,1.627442,0.000000,3.445705
-1.148920,1.595216,0.000000,3.445705
-1.111708,1.587159,0.000000,3.445705
-1.181481,1.595216,0.000000,3.445705
-1.134965,1.603272,0.000000,3.445705
-1.055890,1.627442,0.000000,3.445705
-1.200086,1.627442,0.000000,3.445705
-1.200086,1.643555,0.000000,3.445705
-1.111708,1.651612,0.000000,3.445705
-1.065193,1.675782,0.000000,3.445705
-1.074496,1.724122,0.000000,3.445705
-1.144268,1.756348,0.000000,3.445705
-1.195435,1.820801,0.000000,3.445705
-1.255904,1.861085,0.000000,3.445705
-1.321025,1.941651,0.000000,3.445705
-1.362889,2.006104,0.000000,3.445705
-1.325677,2.102784,0.000000,3.445705
-1.269859,2.126954,0.000000,3.445705
-1.181525,2.146244,0.000000,3.445705
-1.011701,2.132123,0.000000,3.445705
-1.003729,2.076193,0.000000,3.445705
-0.984349,2.104753,0.000000,3.445705
-0.882309,2.128582,0.000000,3.445705
-0.881176,2.131738,0.000000,3.445705
-0.836265,2.055094,0.000000,3.445705
-0.768580,2.030406,0.000000,3.445705
-0.666934,1.984345,0.000000,3.445705
-0.604354,1.921443,0.000000,3.445705
-0.524508,1.860205,0.000000,3.445705
-0.500737,1.769281,0.000000,3.445705
-0.168103,1.567957,0.000000,3.445705
-0.100801,1.394377,0.000000,3.445705
-0.186744,1.298763,0.000000,3.445705
0.139770,1.001328,0.000000,3.445705
0.329518,0.866460,0.000000,3.445705
0.611537,0.787073,0.000000,3.445705
0.863682,0.765545,0.000000,3.445705
1.076133,0.816777,0.000000,3.445705
1.678321,0.548897,0.000000,3.445705
1.580472,0.765574,0.000000,3.445705
1.856270,0.661221,0.000000,3.445705
2.013810,0.608144,0.000000,3.445705
2.078203,0.527843,0.000000,3.445705
2.222051,0.473100,0.000000,3.445705
2.291682,0.334441,0.000000,3.445705
2.345477,0.187973,0.000000,3.445705
2.342311,0.080997,0.000000,3.445705
2.259687,0.052607,0.000000,3.445705
2.183380,-0.024524,0.000000,3.445705
2.098065,-0.085912,0.000000,3.445705
1.983760,-0.169059,0.000000,3.445705
1.851610,-0.277592,0.000000,3.445705
1.703231,-0.320586,0.000000,3.445705
1.552034,-0.422648,0.000000,3.445705
1.372867,-0.644807,0.000000,3.445705
1.113239,-0.336380,0.000000,3.445705
0.948689,-0.285454,0.000000,3.445705
0.740624,-0.444120,0.000000,3.445705
0.582811,-0.523994,0.000000,3.445705
0.427125,-0.589552,0.000000,3.445705
0.317509,-0.699036,0.000000,3.445705
0.214323,-0.821948,0.000000,3.445705
0.142888,-0.908024,0.000000,3.445705
0.113539,-0.951379,0.000000,3.445705
0.076287,-0.937979,0.000000,3.445705
0.025949,-1.051999,0.000000,3.445705
-0.008328,-1.251070,0.000000,3.445705
-0.105297,-1.597190,0.000000,3.445705
-0.097117,-1.625499,0.000000,3.445705
-0.121575,-1.614579,0.000000,3.445705
-0.111316,-1.559712,0.000000,3.445705
-0.104602,-1.546281,0.000000,3.445705
-0.117242,-1.614899,0.000000,3.445705
-0.105037,-1.620373,0.000000,3.445705
-0.099820,-1.612344,0.000000,3.445705
-0.093138,-1.506326,0.000000,3.445705
-0.097366,-1.598607,0.000000,3.445705
-0.097785,-1.579142,0.000000,3.445705
-0.065771,-1.466190,0.000000,3.445705
-0.085913,-1.534501,0.000000,3.445705
0.003700,-1.247715,0.000000,3.445705
-0.004730,-1.228092,0.000000,3.445705
0.051812,-1.023403,0.000000,3.445705
0.064541,-0.972458,0.000000,3.445705
0.108436,-0.876404,0.000000,3.445705
0.105304,-0.893033,0.000000,3.445705
0.124388,-0.878837,0.000000,3.445705
0.130909,-0.893572,0.000000,3.445705
0.150477,-0.897118,0.000000,3.445705
0.148438,-0.847398,0.000000,3.445705
0.172309,-0.861115,0.000000,3.445705
0.179623,-0.855064,0.000000,3.445705
0.174259,-0.849297,0.000000,3.445705
0.184571,-0.849450,0.000000,3.445705
0.169471,-0.843508,0.000000,3.445705
0.168233,-0.841406,0.000000,3.445705
0.164285,-0.860384,0.000000,3.445705
0.158492,-0.886608,0.000000,3.445705
0.166594,-0.859940,0.000000,3.445705
0.159716,-0.900086,0.000000,3.445705
0.130084,-0.891693,0.000000,3.445705
0.155973,-0.875565,0.000000,3.445705
0.140470,-0.880978,0.000000,3.445705
0.136212,-0.865460,0.000000,3.445705
0.149409,-0.883629,0.000000,3.445705
0.146578,-0.888656,0.000000,3.445705
0.137591,-0.874346,0.000000,3.445705
0.146078,-0.870536,0.000000,3.445705
0.146647,-0.843168,0.000000,3.445705
0.168233,-0.841406,0.000000,3.445705
0.184571,-0.849450,0.000000,3.445705
0.208448,-0.835133,0.000000,3.445705
0.191500,-0.809375,0.000000,3.445705
0.240622,-0.779845,0.000000,3.445705
0.263346,-0.737695,0.000000,3.445705
0.327688,-0.678770,0.000000,3.445705
0.374739,-0.635549,0.000000,3.445705
0.458378,-0.570109,0.000000,3.445705
0.561512,-0.500800,0.000000,3.445705
0.657209,-0.456730,0.000000,3.445705
0.777857,-0.436304,0.000000,3.445705
0.943263,-0.399748,0.000000,3.445705
1.120155,-0.200968,0.000000,3.445705
1.408504,-0.683888,0.000000,3.445705
1.563159,-0.465342,0.000000,3.445705
1.567890,-0.410457,0.000000,3.445705
1.580434,-0.410925,0.000000,3.445705
1.604857,-0.336899,0.000000,3.445705
1.621070,-0.311216,0.000000,3.445705
1.626087,-0.226857,0.000000,3.445705
1.668390,-0.244112,0.000000,3.445705
1.748335,-0.294441,0.000000,3.445705
1.738624,-0.105537,0.000000,3.445705
1.874036,-0.313902,0.000000,3.445705
1.927761,-0.243883,0.000000,3.445705
1.995070,-0.186076,0.000000,3.445705
2.050317,-0.114014,0.000000,3.445705
2.108593,-0.041061,0.000000,3.445705
2.193967,0.016725,0.000000,3.445705
2.261173,0.090856,0.000000,3.445705
2.299975,0.146977,0.000000,3.445705
2.186790,0.286506,0.000000,3.445705
2.050753,0.492199,0.000000,3.445705
1.825826,0.609786,0.000000,3.445705
1.517982,0.682641,0.000000,3.445705
1.291852,0.549887,0.000000,3.445705
0.625604,0.779776,0.000000,3.445705
0.256532,0.880836,0.000000,3.445705
-0.040467,1.227752,0.000000,3.445705
-0.251443,1.577929,0.000000,3.445705
-0.604892,1.909260,0.000000,3.445705
-0.779908,2.061863,0.000000,3.445705
-1.124439,2.155138,0.000000,3.445705
-1.273548,2.072366,0.000000,3.445705
-1.316374,1.981934,0.000000,3.445705
-1.307071,1.828858,0.000000,3.445705
-1.102405,1.603272,0.000000,3.445705
-0.855875,1.256837,0.000000,3.445705
-0.744240,0.878174,0.000000,3.445705
-0.627953,0.459229,0.000000,3.445705
-0.781452,0.201417,0.000000,3.445705
-1.130315,0.145020,0.000000,3.445705
-1.297769,0.112794,0.000000,3.445705
-1.553602,0.104738,0.000000,3.445705
-1.744313,0.112794,0.000000,3.445705
-1.693147,0.120851,0.000000,3.445705
-1.637329,0.088624,0.000000,3.445705
-1.386148,-0.040282,0.000000,3.445705
-0.865180,-0.145019,0.000000,3.445705
-0.474454,-0.443115,0.000000,3.445705
-0.307000,-1.023193,0.000000,3.445705
0.032559,-1.546875,0.000000,3.445705
-0.288395,-1.957763,0.000000,3.445705
-0.367471,-2.151123,0.000000,3.445705
-0.339561,-2.118896,0.000000,3.445705
-0.293046,-1.812744,0.000000,3.445705
-0.200016,-1.329345,0.000000,3.445705
0.088378,-0.942627,0.000000,3.445705
0.507013,-1.047364,0.000000,3.445705
0.655861,-1.474366,0.000000,3.445705
0.976814,-1.844971,0.000000,3.445705
1.037284,-2.046387,0.000000,3.445705
1.139616,-2.135010,0.000000,3.445705
-1.220417,1.975687,0.000000,3.445705
-1.217647,1.677160,0.000000,3.445705
-1.197847,1.196624,0.000000,3.445705
-1.354341,0.628152,0.000000,3.445705
-0.789266,0.308994,0.000000,3.445705
-0.762341,-0.107145,0.000000,3.445705
-0.858434,-0.448510,0.000000,3.445705
-0.871782,-0.621441,0.000000,3.445705
-1.212960,-1.099923,0.000000,3.445705
-1.078990,-1.124970,0.000000,3.445705
-1.171310,-1.368096,0.000000,3.445705
-1.137925,-1.425852,0.000000,3.445705
-1.162705,-1.470488,0.000000,3.445705
-1.025755,-1.603294,0.000000,3.445705
-0.976053,-1.690076,0.000000,3.445705
-1.001366,-1.745022,0.000000,3.445705
-0.998200,-1.778797,0.000000,3.445705
-1.028599,-1.760637,0.000000,3.445705
-1.021387,-1.754866,0.000000,3.445705
-1.019132,-1.766133,0.000000,3.445705
-1.023869,-1.763392,0.000000,3.445705
-1.024642,-1.769056,0.000000,3.445705
-1.013185,-1.710532,0.000000,3.445705
-1.027988,-1.750248,0.000000,3.445705
-1.030655,-1.754059,0.000000,3.445705
-1.003885,-1.753505,0.000000,3.445705
-1.009305,-1.756499,0.000000,3.445705
-0.988617,-1.698862,0.000000,3.445705
-1.011267,-1.717049,0.000000,3.445705
-1.005124,-1.699142,0.000000,3.445705
-1.009682,-1.696437,0.000000,3.445705
-1.011360,-1.749965,0.000000,3.445705
-1.006609,-1.715186,0.000000,3.445705
-1.028599,-1.760637,0.000000,3.445705
-1.011762,-1.765024,0.000000,3.445705
-1.010498,-1.706735,0.000000,3.445705
-1.016673,-1.757601,0.000000,3.445705
-1.013861,-1.758469,0.000000,3.445705
-1.020471,-1.711595,0.000000,3.445705
-1.023169,-1.715385,0.000000,3.445705
-1.011267,-1.717049,0.000000,3.445705
-1.017243,-1.767975,0.000000,3.445705
-1.009858,-1.766866,0.000000,3.445705
-1.008590,-1.713245,0.000000,3.445705
-0.988752,-1.703362,0.000000,3.445705
-0.999325,-1.714078,0.000000,3.445705
-1.011267,-1.717049,0.000000,3.445705
-1.015179,-1.708609,0.000000,3.445705
-1.033321,-1.757870,0.000000,3.445705
-1.013387,-1.743433,0.000000,3.445705
-1.017074,-1.702081,0.000000,3.445705
-1.022655,-1.742625,0.000000,3.445705
-1.007149,-1.697197,0.000000,3.445705
-1.015077,-1.704016,0.000000,3.445705
-1.010498,-1.706735,0.000000,3.445705
-1.025321,-1.746436,0.000000,3.445705
-1.030006,-1.743677,0.000000,3.445705
-1.032683,-1.747482,0.000000,3.445705
-1.008703,-1.746146,0.000000,3.445705
-1.017973,-1.745363,0.000000,3.445705
-1.018720,-1.751055,0.000000,3.445705
-1.038036,-1.755090,0.000000,3.445705
-1.030655,-1.754059,0.000000,3.445705
-1.030655,-1.754059,0.000000,3.445705
-1.026094,-1.752118,0.000000,3.445705
-1.028599,-1.760637,0.000000,3.445705
-1.027243,-1.744581,0.000000,3.445705
-1.037369,-1.744703,0.000000,3.445705
-1.019329,-1.761420,0.000000,3.445705
-1.018720,-1.751055,0.000000,3.445705
-1.028599,-1.760637,0.000000,3.445705
-1.025943,-1.756818,0.000000,3.445705
-1.024642,-1.769056,0.000000,3.445705
-1.016621,-1.724657,0.000000,3.445705
-1.009305,-1.756499,0.000000,3.445705
-1.007223,-1.763034,0.000000,3.445705
-1.031255,-1.764455,0.000000,3.445705
-1.012494,-1.770699,0.000000,3.445705
-1.021247,-1.721923,0.000000,3.445705
-1.007737,-1.773411,0.000000,3.445705
-1.031255,-1.764455,0.000000,3.445705
-0.986417,-1.790652,0.000000,3.445705
-0.986417,-1.790652,0.000000,3.445705
-0.945802,-1.813202,0.000000,3.445705
-0.950667,-1.810656,0.000000,3.445705
-0.957841,-1.801625,0.000000,3.445705
-0.933572,-1.814319,0.000000,3.445705
-0.926232,-1.812875,0.000000,3.445705
-0.943419,-1.819665,0.000000,3.445705
-0.933403,-1.866370,0.000000,3.445705
-0.910453,-1.909296,0.000000,3.445705
-0.892219,-1.922993,0.000000,3.445705
-0.804464,-1.896868,0.000000,3.445705
-0.759520,-1.864585,0.000000,3.445705
-0.710167,-1.874032,0.000000,3.445705
-0.589940,-1.813284,0.000000,3.445705
-0.463294,-1.725391,0.000000,3.445705
-0.357751,-1.651072,0.000000,3.445705
-0.156546,-1.378033,0.000000,3.445705
-0.065724,-1.326717,0.000000,3.445705
0.144516,-0.789574,0.000000,3.445705
0.314003,-0.671478,0.000000,3.445705
0.671800,-0.446569,0.000000,3.445705
1.095740,-0.348590,0.000000,3.445705
1.520509,-0.595205,0.000000,3.445705
1.785920,-0.185213,0.000000,3.445705
2.055595,-0.147518,0.000000,3.445705
2.197438,0.033626,0.000000,3.445705
2.261865,0.178328,0.000000,3.445705
2.110910,0.396282,0.000000,3.445705
1.842434,0.638412,0.000000,3.445705
1.351036,0.716422,0.000000,3.445705
1.191127,0.492934,0.000000,3.445705
0.484554,0.761717,0.000000,3.445705
0.122163,1.014862,0.000000,3.445705
-0.245582,1.435195,0.000000,3.445705
-0.080205,1.641623,0.000000,3.445705
-0.665637,1.973734,0.000000,3.445705
-1.011720,2.057457,0.000000,3.445705
-1.174693,2.095149,0.000000,3.445705
-1.297768,2.022218,0.000000,3.445705
-1.279162,1.925538,0.000000,3.445705
-1.246601,1.740235,0.000000,3.445705
-1.004723,1.482423,0.000000,3.445705
-0.730285,1.127930,0.000000,3.445705
-0.795406,0.781495,0.000000,3.445705
-0.609347,0.427002,0.000000,3.445705
-0.767498,0.217530,0.000000,3.445705
-1.069846,0.153077,0.000000,3.445705
-0.967512,0.136964,0.000000,3.445705
-1.460572,0.128907,0.000000,3.445705
-1.572208,0.120851,0.000000,3.445705
-1.697798,0.128908,0.000000,3.445705
-1.711753,0.145021,0.000000,3.445705
-1.679192,0.145021,0.000000,3.445705
-1.646632,0.128908,0.000000,3.445705
-1.590814,0.008058,0.000000,3.445705
-1.362890,-0.008056,0.000000,3.445705
-1.288466,-0.064452,0.000000,3.445705
-0.707029,-0.104736,0.000000,3.445705
-0.795407,-0.193359,0.000000,3.445705
-0.562832,-0.314208,0.000000,3.445705
-0.423287,-0.499511,0.000000,3.445705
-0.344212,-0.652588,0.000000,3.445705
-0.353515,-0.781494,0.000000,3.445705
-0.325606,-0.862060,0.000000,3.445705
-0.297697,-0.894287,0.000000,3.445705
-0.307000,-0.910400,0.000000,3.445705
-0.307000,-0.894287,0.000000,3.445705
-0.302348,-0.862060,0.000000,3.445705
-0.307000,-0.870117,0.000000,3.445705
-0.307000,-0.870117,0.000000,3.445705
-0.330257,-0.854003,0.000000,3.445705
-0.320954,-0.821777,0.000000,3.445705
-0.297697,-0.845947,0.000000,3.445705
-0.311651,-0.870117,0.000000,3.445705
-0.330257,-0.837890,0.000000,3.445705
-0.302348,-0.829834,0.000000,3.445705
-0.307000,-0.829834,0.000000,3.445705
-0.302348,-0.870117,0.000000,3.445705
-0.348863,-0.797607,0.000000,3.445705
-0.320954,-0.845947,0.000000,3.445705
-0.330257,-0.821777,0.000000,3.445705
-0.311651,-0.821777,0.000000,3.445705
-0.307000,-0.821777,0.000000,3.445705
-0.307000,-0.813720,0.000000,3.445705
-0.334909,-0.797607,0.000000,3.445705
-0.334909,-0.797607,0.000000,3.445705
-0.320954,-0.781494,0.000000,3.445705
-0.344212,-0.773437,0.000000,3.445705
-0.339560,-0.765380,0.000000,3.445705
-0.381424,-0.725097,0.000000,3.445705
-0.381424,-0.700927,0.000000,3.445705
-0.395378,-0.692871,0.000000,3.445705
-0.344212,-0.676757,0.000000,3.445705
-0.367469,-0.676757,0.000000,3.445705
-0.330257,-0.652588,0.000000,3.445705
-0.348863,-0.644531,0.000000,3.445705
-0.400030,-0.668701,0.000000,3.445705
-0.339560,-0.644531,0.000000,3.445705
-0.358166,-0.612304,0.000000,3.445705
-0.386075,-0.636474,0.000000,3.445705
-0.348863,-0.628418,0.000000,3.445705
-0.386075,-0.612304,0.000000,3.445705
-0.390727,-0.604248,0.000000,3.445705
-0.404681,-0.588134,0.000000,3.445705
-0.404681,-0.580078,0.000000,3.445705
-0.465151,-0.491455,0.000000,3.445705
-0.507014,-0.394775,0.000000,3.445705
-0.562832,-0.338378,0.000000,3.445705
-0.683771,-0.233642,0.000000,3.445705
-0.786104,-0.153076,0.000000,3.445705
-0.888437,-0.128905,0.000000,3.445705
-1.162876,-0.064452,0.000000,3.445705
-0.897740,-0.024169,0.000000,3.445705
-1.269860,0.016114,0.000000,3.445705
-1.581511,0.056398,0.000000,3.445705
-1.628026,0.072511,0.000000,3.445705
-1.748965,0.072511,0.000000,3.445705
-1.665238,-0.008055,0.000000,3.445705
-1.748965,0.080568,0.000000,3.445705
-1.721056,0.136964,0.000000,3.445705
-1.762920,0.177248,0.000000,3.445705
-1.767571,0.177248,0.000000,3.445705
-1.762920,0.185304,0.000000,3.445705
-1.767571,0.193361,0.000000,3.445705
-1.767571,0.201417,0.000000,3.445705
-1.776874,0.201417,0.000000,3.445705
-1.762920,0.193361,0.000000,3.445705
-1.748965,0.201417,0.000000,3.445705
-1.688495,0.185304,0.000000,3.445705
-1.497784,0.193361,0.000000,3.445705
-1.432663,0.201417,0.000000,3.445705
-0.800058,0.233643,0.000000,3.445705
-0.800058,0.346436,0.000000,3.445705
-0.627952,0.636475,0.000000,3.445705
-0.734937,1.079590,0.000000,3.445705
-0.604694,1.522705,0.000000,3.445705
-1.209389,1.861085,0.000000,3.445705
-1.376843,2.094728,0.000000,3.445705
-1.358237,2.191407,0.000000,3.445705
-1.268069,2.222178,0.000000,3.445705
-1.066723,2.200653,0.000000,3.445705
-0.704401,2.025488,0.000000,3.445705
-0.355816,1.667469,0.000000,3.445705
-0.199128,1.332104,0.000000,3.445705
0.389739,0.878723,0.000000,3.445705
0.818931,0.813851,0.000000,3.445705
1.253341,0.886577,0.000000,3.445705
1.752331,0.787014,0.000000,3.445705
2.107258,0.620468,0.000000,3.445705
2.256841,0.512579,0.000000,3.445705
2.357468,0.227814,0.000000,3.445705
2.321704,0.039855,0.000000,3.445705
2.122481,-0.082029,0.000000,3.445705
1.886067,-0.240495,0.000000,3.445705
1.489181,-0.261294,0.000000,3.445705
1.112470,-0.556079,0.000000,3.445705
0.642837,-0.498053,0.000000,3.445705
0.262984,-0.752804,0.000000,3.445705
0.050346,-1.084177,0.000000,3.445705
-0.171672,-1.778516,0.000000,3.445705
-0.301901,-1.650958,0.000000,3.445705
-0.512797,-1.869246,0.000000,3.445705
-0.700637,-1.892171,0.000000,3.445705
-0.889147,-1.930035,0.000000,3.445705
-1.032784,-1.803276,0.000000,3.445705
-1.103692,-1.504449,0.000000,3.445705
-1.183729,-1.211261,0.000000,3.445705
-1.168653,-0.898611,0.000000,3.445705
-0.784677,-0.281659,0.000000,3.445705
-0.878137,0.084114,0.000000,3.445705
-1.028678,0.611612,0.000000,3.445705
-1.277263,1.073001,0.000000,3.445705
-1.388594,1.507763,0.000000,3.445705
-1.392842,1.865611,0.000000,3.445705
-1.278366,2.078056,0.000000,3.445705
-1.182772,2.228801,0.000000,3.445705
1.041935,-2.167237,0.000000,3.445705
0.902390,-1.981934,0.000000,3.445705
0.879133,-1.724122,0.000000,3.445705
0.911693,-1.377686,0.000000,3.445705
0.311650,-1.079590,0.000000,3.445705
0.111635,-0.942627,0.000000,3.445705
-0.088379,-1.079590,0.000000,3.445705
-0.297697,-1.353515,0.000000,3.445705
-0.000001,-1.611328,0.000000,3.445705
-0.409334,-1.812744,0.000000,3.445705
-0.330258,-1.957763,0.000000,3.445705
-0.404682,-2.062500,0.000000,3.445705
-0.451198,-2.126952,0.000000,3.445705
-0.413986,-2.175292,0.000000,3.445705
-0.413986,-2.191406,0.000000,3.445705
-0.381425,-2.207519,0.000000,3.445705
-0.381425,-2.215576,0.000000,3.445705
-0.404683,-2.159179,0.000000,3.445705
-0.404683,-2.151123,0.000000,3.445705
-0.404683,-2.143066,0.000000,3.445705
-0.423289,-2.094726,0.000000,3.445705
-0.423288,-2.070556,0.000000,3.445705
-0.427940,-2.030273,0.000000,3.445705
-0.427940,-2.046386,0.000000,3.445705
-0.427940,-2.038330,0.000000,3.445705
-0.418637,-2.022216,0.000000,3.445705
-0.418637,-2.014160,0.000000,3.445705
-0.409334,-2.022216,0.000000,3.445705
-0.409334,-2.046386,0.000000,3.445705
-0.404682,-2.038330,0.000000,3.445705
-0.400031,-2.022216,0.000000,3.445705
-0.409334,-2.030273,0.000000,3.445705
-0.409334,-2.054443,0.000000,3.445705
-0.413985,-2.054443,0.000000,3.445705
-0.409334,-1.998046,0.000000,3.445705
-0.404682,-2.022216,0.000000,3.445705
-0.409334,-2.046386,0.000000,3.445705
-0.404682,-2.022216,0.000000,3.445705
-0.413985,-2.022216,0.000000,3.445705
-0.413985,-1.998046,0.000000,3.445705
-0.404682,-2.054443,0.000000,3.445705
-0.409334,-2.054443,0.000000,3.445705
-0.423288,-2.038330,0.000000,3.445705
-0.404682,-2.030273,0.000000,3.445705
-0.409334,-2.054443,0.000000,3.445705
-0.413985,-2.030273,0.000000,3.445705
-0.409334,-2.030273,0.000000,3.445705
-0.413985,-2.038330,0.000000,3.445705
-0.413985,-2.046386,0.000000,3.445705
-0.427940,-2.062500,0.000000,3.445705
-0.418637,-2.054443,0.000000,3.445705
-0.409334,-2.070556,0.000000,3.445705
-0.423288,-2.070556,0.000000,3.445705
-0.418637,-2.062500,0.000000,3.445705
-0.409334,-2.078613,0.000000,3.445705
-0.413985,-2.086669,0.000000,3.445705
-0.381425,-2.118896,0.000000,3.445705
-0.390728,-2.151123,0.000000,3.445705
-0.376774,-2.151123,0.000000,3.445705
-0.348865,-2.191406,0.000000,3.445705
-0.362819,-2.118896,0.000000,3.445705
-0.376773,-2.038330,0.000000,3.445705
-0.316304,-1.877197,0.000000,3.445705
-0.297698,-1.812744,0.000000,3.445705
-0.307001,-1.861084,0.000000,3.445705
-0.241880,-1.772460,0.000000,3.445705
-0.241880,-1.764404,0.000000,3.445705
-0.283743,-1.683837,0.000000,3.445705
-0.344213,-1.619384,0.000000,3.445705
-0.190713,-1.498535,0.000000,3.445705
0.004650,-1.409912,0.000000,3.445705
-0.111637,-1.264892,0.000000,3.445705
-0.153501,-1.144043,0.000000,3.445705
0.041863,-0.982910,0.000000,3.445705
0.153499,-0.910400,0.000000,3.445705
0.320953,-0.950684,0.000000,3.445705
0.479104,-1.047364,0.000000,3.445705
0.553528,-1.281006,0.000000,3.445705
0.981466,-1.490479,0.000000,3.445705
0.916345,-1.667725,0.000000,3.445705
1.074496,-1.861085,0.000000,3.445705
1.023329,-2.014161,0.000000,3.445705
1.065192,-2.118897,0.000000,3.445705
1.116359,-2.126954,0.000000,3.445705
-1.203706,2.045783,0.000000,3.445705
-1.240606,1.827824,0.000000,3.445705
-1.288114,1.502817,0.000000,3.445705
-1.155793,1.163359,0.000000,3.445705
-1.330198,0.608283,0.000000,3.445705
-0.822244,0.316729,0.000000,3.445705
-0.762341,-0.107145,0.000000,3.445705
-0.837934,-0.437825,0.000000,3.445705
-0.988896,-0.759185,0.000000,3.445705
-1.117584,-1.086638,0.000000,3.445705
-1.159138,-1.336399,0.000000,3.445705
-1.071764,-1.540722,0.000000,3.445705
-0.991614,-1.695271,0.000000,3.445705
-0.886626,-1.820541,0.000000,3.445705
-0.768078,-1.857743,0.000000,3.445705
-0.589951,-1.790666,0.000000,3.445705
-0.398782,-1.642573,0.000000,3.445705
-0.171334,-1.376273,0.000000,3.445705
-0.038834,-1.287771,0.000000,3.445705
0.212322,-0.680527,0.000000,3.445705
0.525652,-0.512625,0.000000,3.445705
0.899526,-0.414155,0.000000,3.445705
1.287627,-0.166344,0.000000,3.445705
1.672006,-0.309808,0.000000,3.445705
1.953242,-0.263385,0.000000,3.445705
2.123944,-0.029455,0.000000,3.445705
2.256598,0.051374,0.000000,3.445705
2.264505,0.194566,0.000000,3.445705
2.136296,0.360607,0.000000,3.445705
1.901485,0.538431,0.000000,3.445705
1.714623,0.595928,0.000000,3.445705
1.335952,0.741296,0.000000,3.445705
1.316793,0.489274,0.000000,3.445705
0.647491,0.754337,0.000000,3.445705
0.423047,0.771257,0.000000,3.445705
0.162724,0.973267,0.000000,3.445705
-0.065461,1.250190,0.000000,3.445705
-0.400923,1.539134,0.000000,3.445705
-0.140022,1.609480,0.000000,3.445705
-0.614593,1.878460,0.000000,3.445705
-0.651744,1.972680,0.000000,3.445705
-0.885618,2.083926,0.000000,3.445705
-1.067007,2.130694,0.000000,3.445705
-1.151495,2.093492,0.000000,3.445705
-1.226787,2.054413,0.000000,3.445705
-1.293116,2.038331,0.000000,3.445705
-1.288465,1.949708,0.000000,3.445705
-1.293116,1.820802,0.000000,3.445705
-1.139617,1.643555,0.000000,3.445705
-1.051239,1.409913,0.000000,3.445705
-0.637255,1.152100,0.000000,3.445705
-0.809361,0.837891,0.000000,3.445705
-0.627952,0.563965,0.000000,3.445705
-0.660513,0.322266,0.000000,3.445705
-0.786104,0.201417,0.000000,3.445705
-1.055891,0.169190,0.000000,3.445705
-0.981467,0.145020,0.000000,3.445705
-1.251254,0.145021,0.000000,3.445705
-1.525693,0.136964,0.000000,3.445705
-1.465223,0.136964,0.000000,3.445705
-1.553602,0.145021,0.000000,3.445705
-1.618723,0.145021,0.000000,3.445705
-1.683844,0.153078,0.000000,3.445705
-1.716404,0.153078,0.000000,3.445705
-1.730359,0.161134,0.000000,3.445705
-1.730359,0.169191,0.000000,3.445705
-1.730359,0.161134,0.000000,3.445705
-1.735011,0.169191,0.000000,3.445705
-1.739662,0.169191,0.000000,3.445705
-1.735011,0.169191,0.000000,3.445705
-1.735011,0.169191,0.000000,3.445705
-1.735011,0.169191,0.000000,3.445705
-1.730359,0.169191,0.000000,3.445705
-1.735011,0.169191,0.000000,3.445705
-1.739662,0.161134,0.000000,3.445705
-1.739662,0.161134,0.000000,3.445705
-1.730359,0.169191,0.000000,3.445705
-1.739662,0.169191,0.000000,3.445705
-1.730359,0.161134,0.000000,3.445705
-1.735011,0.169191,0.000000,3.445705
-1.735011,0.169191,0.000000,3.445705
-1.739662,0.169191,0.000000,3.445705
-1.730359,0.169191,0.000000,3.445705
-1.730359,0.169191,0.000000,3.445705
-1.744313,0.169191,0.000000,3.445705
-1.735011,0.169191,0.000000,3.445705
-1.735011,0.169191,0.000000,3.445705
-1.744313,0.169191,0.000000,3.445705
-1.735011,0.169191,0.000000,3.445705
-1.730359,0.169191,0.000000,3.445705
-1.735011,0.169191,0.000000,3.445705
-1.730359,0.169191,0.000000,3.445705
-1.739662,0.169191,0.000000,3.445705
-1.744313,0.161134,0.000000,3.445705
-1.735011,0.169191,0.000000,3.445705
-1.735011,0.177248,0.000000,3.445705
-1.744313,0.169191,0.000000,3.445705
-1.730359,0.169191,0.000000,3.445705
-1.730359,0.169191,0.000000,3.445705
-1.739662,0.169191,0.000000,3.445705
-1.730359,0.169191,0.000000,3.445705
-1.735011,0.169191,0.000000,3.445705
-1.735011,0.169191,0.000000,3.445705
-1.730359,0.169191,0.000000,3.445705
-1.730359,0.169191,0.000000,3.445705
-1.739662,0.161134,0.000000,3.445705
-1.735011,0.169191,0.000000,3.445705
-1.739662,0.161134,0.000000,3.445705
-1.735011,0.169191,0.000000,3.445705
-1.735011,0.169191,0.000000,3.445705
-1.730359,0.161134,0.000000,3.445705
-1.730359,0.169191,0.000000,3.445705
-1.730359,0.169191,0.000000,3.445705
-1.707101,0.169191,0.000000,3.445705
-1.735011,0.169191,0.000000,3.445705
-1.735011,0.169191,0.000000,3.445705
-1.739662,0.169191,0.000000,3.445705
-1.735011,0.169191,0.000000,3.445705
-1.739662,0.169191,0.000000,3.445705
-1.735011,0.169191,0.000000,3.445705
-1.735011,0.169191,0.000000,3.445705
-1.739662,0.161134,0.000000,3.445705
-1.735011,0.169191,0.000000,3.445705
-1.735011,0.169191,0.000000,3.445705
-1.730359,0.169191,0.000000,3.445705
-1.735011,0.161134,0.000000,3.445705
-1.739662,0.169191,0.000000,3.445705
-1.739662,0.169191,0.000000,3.445705
-1.735011,0.161134,0.000000,3.445705
-1.735011,0.169191,0.000000,3.445705
-1.735011,0.169191,0.000000,3.445705
-1.730359,0.169191,0.000000,3.445705
-1.730359,0.169191,0.000000,3.445705
-1.735011,0.169191,0.000000,3.445705
-1.735011,0.169191,0.000000,3.445705
-1.730359,0.169191,0.000000,3.445705
-1.711753,0.169191,0.000000,3.445705
-1.744313,0.177248,0.000000,3.445705
-1.735011,0.169191,0.000000,3.445705
-1.730359,0.169191,0.000000,3.445705
-1.739662,0.169191,0.000000,3.445705
-1.730359,0.169191,0.000000,3.445705
-1.735011,0.169191,0.000000,3.445705
-1.735011,0.169191,0.000000,3.445705
-1.730359,0.169191,0.000000,3.445705
-1.735011,0.169191,0.000000,3.445705
-1.739662,0.169191,0.000000,3.445705
-1.735011,0.161134,0.000000,3.445705
-1.735011,0.169191,0.000000,3.445705
-1.739662,0.169191,0.000000,3.445705
-1.739662,0.161134,0.000000,3.445705
-1.735011,0.161134,0.000000,3.445705
-1.739662,0.161134,0.000000,3.445705
-1.735011,0.169191,0.000000,3.445705
-1.735011,0.169191,0.000000,3.445705
-1.735011,0.169191,0.000000,3.445705
-1.730359,0.169191,0.000000,3.445705
-1.735011,0.169191,0.000000,3.445705
-1.739662,0.169191,0.000000,3.445705
-1.730359,0.169191,0.000000,3.445705
-1.735011,0.169191,0.000000,3.445705
-1.735011,0.177248,0.000000,3.445705
-1.735011,0.169191,0.000000,3.445705
-1.730359,0.169191,0.000000,3.445705
-1.735011,0.169191,0.000000,3.445705
-1.735011,0.169191,0.000000,3.445705
-1.735011,0.169191,0.000000,3.445705
-1.735011,0.169191,0.000000,3.445705
-1.735011,0.169191,0.000000,3.445705
-1.730359,0.169191,0.000000,3.445705
-1.725707,0.169191,0.000000,3.445705
-1.730359,0.169191,0.000000,3.445705
-1.735011,0.169191,0.000000,3.445705
-1.735011,0.169191,0.000000,3.445705
-1.735011,0.169191,0.000000,3.445705
-1.730359,0.169191,0.000000,3.445705
-1.735011,0.169191,0.000000,3.445705
-1.707101,0.161134,0.000000,3.445705
-1.739662,0.169191,0.000000,3.445705
-1.744313,0.169191,0.000000,3.445705
-1.739662,0.161134,0.000000,3.445705
-1.730359,0.169191,0.000000,3.445705
-1.730359,0.169191,0.000000,3.445705
-1.735011,0.169191,0.000000,3.445705
-1.707101,0.169191,0.000000,3.445705
-1.730359,0.169191,0.000000,3.445705
-1.735011,0.169191,0.000000,3.445705
-1.735011,0.169191,0.000000,3.445705
-1.744313,0.169191,0.000000,3.445705
-1.735011,0.169191,0.000000,3.445705
-1.735011,0.169191,0.000000,3.445705
-1.735011,0.169191,0.000000,3.445705
-1.711753,0.169191,0.000000,3.445705
-1.735011,0.169191,0.000000,3.445705
-1.735011,0.169191,0.000000,3.445705
-1.735011,0.169191,0.000000,3.445705
-1.735011,0.169191,0.000000,3.445705
-1.735011,0.169191,0.000000,3.445705
-1.735011,0.169191,0.000000,3.445705
-1.735011,0.169191,0.000000,3.445705
-1.711753,0.169191,0.000000,3.445705
-1.730359,0.169191,0.000000,3.445705
-1.735011,0.169191,0.000000,3.445705
-1.735011,0.169191,0.000000,3.445705
-1.730359,0.169191,0.000000,3.445705
-1.730359,0.169191,0.000000,3.445705
-1.730359,0.169191,0.000000,3.445705
-1.735011,0.161134,0.000000,3.445705
-1.735011,0.169191,0.000000,3.445705
-1.735011,0.169191,0.000000,3.445705
-1.735011,0.169191,0.000000,3.445705
-1.735011,0.169191,0.000000,3.445705
-1.735011,0.161134,0.000000,3.445705
-1.735011,0.169191,0.000000,3.445705
-1.739662,0.169191,0.000000,3.445705
-1.735011,0.169191,0.000000,3.445705
-1.739662,0.169191,0.000000,3.445705
-1.735011,0.169191,0.000000,3.445705
-1.735011,0.169191,0.000000,3.445705
-1.744313,0.177248,0.000000,3.445705
-1.735011,0.169191,0.000000,3.445705
-1.735011,0.161134,0.000000,3.445705
-1.735011,0.169191,0.000000,3.445705
-1.735011,0.169191,0.000000,3.445705
-1.735011,0.169191,0.000000,3.445705
-1.739662,0.161134,0.000000,3.445705
-1.725707,0.169191,0.000000,3.445705
-1.735011,0.161134,0.000000,3.445705
-1.735011,0.169191,0.000000,3.445705
-1.739662,0.169191,0.000000,3.445705
-1.735011,0.169191,0.000000,3.445705
-1.730359,0.169191,0.000000,3.445705
-1.735011,0.169191,0.000000,3.445705
-1.730359,0.169191,0.000000,3.445705
-1.730359,0.161134,0.000000,3.445705
-1.748965,0.169191,0.000000,3.445705
-1.739662,0.161134,0.000000,3.445705
-1.735011,0.177248,0.000000,3.445705
-1.735011,0.177248,0.000000,3.445705
-1.739662,0.161134,0.000000,3.445705
-1.711753,0.169191,0.000000,3.445705
-1.730359,0.169191,0.000000,3.445705
-1.739662,0.169191,0.000000,3.445705
-1.711753,0.169191,0.000000,3.445705
-1.735011,0.169191,0.000000,3.445705
-1.735011,0.169191,0.000000,3.445705
-1.739662,0.169191,0.000000,3.445705
-1.730359,0.169191,0.000000,3.445705
-1.735011,0.169191,0.000000,3.445705
-1.730359,0.169191,0.000000,3.445705
-1.739662,0.169191,0.000000,3.445705
-1.735011,0.161134,0.000000,3.445705
-1.735011,0.169191,0.000000,3.445705
-1.735011,0.161134,0.000000,3.445705
-1.735011,0.169191,0.000000,3.445705
-1.730359,0.169191,0.000000,3.445705
-1.739662,0.169191,0.000000,3.445705
-1.735011,0.169191,0.000000,3.445705
-1.730359,0.169191,0.000000,3.445705
-1.716404,0.169191,0.000000,3.445705
-1.735011,0.169191,0.000000,3.445705
-1.730359,0.161134,0.000000,3.445705
-1.730359,0.169191,0.000000,3.445705
-1.730359,0.169191,0.000000,3.445705
-1.730359,0.161134,0.000000,3.445705
-1.725707,0.161134,0.000000,3.445705
-1.711753,0.169191,0.000000,3.445705
-1.735011,0.161134,0.000000,3.445705
-1.730359,0.169191,0.000000,3.445705
-1.739662,0.169191,0.000000,3.445705
-1.730359,0.169191,0.000000,3.445705
-1.702450,0.177247,0.000000,3.445705
-1.735011,0.169191,0.000000,3.445705
-1.735011,0.169191,0.000000,3.445705
-1.735011,0.161134,0.000000,3.445705
-1.735011,0.169191,0.000000,3.445705
-1.739662,0.169191,0.000000,3.445705
-1.730359,0.169191,0.000000,3.445705
-1.735011,0.169191,0.000000,3.445705
-1.725707,0.169191,0.000000,3.445705
-1.707101,0.169191,0.000000,3.445705
-1.735011,0.169191,0.000000,3.445705
-1.730359,0.169191,0.000000,3.445705
-1.735011,0.161134,0.000000,3.445705
-1.735011,0.169191,0.000000,3.445705
-1.711753,0.169191,0.000000,3.445705
-1.739662,0.169191,0.000000,3.445705
-1.730359,0.169191,0.000000,3.445705
-1.739662,0.161134,0.000000,3.445705
-1.730359,0.169191,0.000000,3.445705
-1.735011,0.169191,0.000000,3.445705
-1.730359,0.169191,0.000000,3.445705
-1.735011,0.169191,0.000000,3.445705
-1.735011,0.161134,0.000000,3.445705
-1.711753,0.161134,0.000000,3.445705
-1.735011,0.169191,0.000000,3.445705
-1.744313,0.169191,0.000000,3.445705
-1.707101,0.169191,0.000000,3.445705
-1.735011,0.169191,0.000000,3.445705
-1.739662,0.169191,0.000000,3.445705
-1.735011,0.161134,0.000000,3.445705
-1.739662,0.169191,0.000000,3.445705
-1.735011,0.169191,0.000000,3.445705
-1.735011,0.161134,0.000000,3.445705
-1.730359,0.169191,0.000000,3.445705
-1.735011,0.169191,0.000000,3.445705
-1.735011,0.169191,0.000000,3.445705
-1.735011,0.169191,0.000000,3.445705
-1.735011,0.169191,0.000000,3.445705
-1.735011,0.169191,0.000000,3.445705
-1.744313,0.161134,0.000000,3.445705
-1.730359,0.169191,0.000000,3.445705
-1.735011,0.161134,0.000000,3.445705
-1.739662,0.161134,0.000000,3.445705
-1.730359,0.177248,0.000000,3.445705
-1.739662,0.161134,0.000000,3.445705
-1.739662,0.169191,0.000000,3.445705
-1.735011,0.161134,0.000000,3.445705
-1.735011,0.169191,0.000000,3.445705
-1.735011,0.169191,0.000000,3.445705
-1.735011,0.169191,0.000000,3.445705
-1.735011,0.169191,0.000000,3.445705
-1.735011,0.169191,0.000000,3.445705
-1.735011,0.169191,0.000000,3.445705
-1.730359,0.169191,0.000000,3.445705
-1.730359,0.169191,0.000000,3.445705
-1.739662,0.169191,0.000000,3.445705
-1.735011,0.169191,0.000000,3.445705
-1.739662,0.169191,0.000000,3.445705
-1.730359,0.169191,0.000000,3.445705
-1.735011,0.169191,0.000000,3.445705
-1.735011,0.169191,0.000000,3.445705
-1.739662,0.169191,0.000000,3.445705
-1.735011,0.169191,0.000000,3.445705
-1.748965,0.161134,0.000000,3.445705
-1.730359,0.169191,0.000000,3.445705
-1.735011,0.169191,0.000000,3.445705
-1.735011,0.169191,0.000000,3.445705
-1.735011,0.169191,0.000000,3.445705
-1.730359,0.169191,0.000000,3.445705
-1.739662,0.169191,0.000000,3.445705
-1.739662,0.169191,0.000000,3.445705
-1.739662,0.169191,0.000000,3.445705
-1.735011,0.169191,0.000000,3.445705
-1.735011,0.169191,0.000000,3.445705
-1.707101,0.169191,0.000000,3.445705
-1.739662,0.161134,0.000000,3.445705
-1.730359,0.161134,0.000000,3.445705
-1.707101,0.169191,0.000000,3.445705
-1.730359,0.161134,0.000000,3.445705
-1.735011,0.169191,0.000000,3.445705
-1.735011,0.169191,0.000000,3.445705
-1.735011,0.169191,0.000000,3.445705
-1.735011,0.169191,0.000000,3.445705
-1.735011,0.169191,0.000000,3.445705
-1.735011,0.169191,0.000000,3.445705
-1.735011,0.169191,0.000000,3.445705
-1.739662,0.169191,0.000000,3.445705
-1.739662,0.161134,0.000000,3.445705
-1.730359,0.169191,0.000000,3.445705
-1.735011,0.169191,0.000000,3.445705
-1.735011,0.169191,0.000000,3.445705
-1.735011,0.169191,0.000000,3.445705
-1.735011,0.161134,0.000000,3.445705
-1.730359,0.169191,0.000000,3.445705
-1.730359,0.177248,0.000000,3.445705
-1.739662,0.169191,0.000000,3.445705
-1.739662,0.161134,0.000000,3.445705
-1.735011,0.169191,0.000000,3.445705
-1.735011,0.169191,0.000000,3.445705
-1.739662,0.169191,0.000000,3.445705
-1.735011,0.169191,0.000000,3.445705
-1.735011,0.169191,0.000000,3.445705
-1.735011,0.169191,0.000000,3.445705
-1.739662,0.169191,0.000000,3.445705
-1.730359,0.169191,0.000000,3.445705
-1.739662,0.161134,0.000000,3.445705
-1.739662,0.169191,0.000000,3.445705
-1.735011,0.169191,0.000000,3.445705
-1.739662,0.169191,0.000000,3.445705
-1.735011,0.169191,0.000000,3.445705
-1.735011,0.169191,0.000000,3.445705
-1.735011,0.169191,0.000000,3.445705
-1.735011,0.169191,0.000000,3.445705
-1.735011,0.169191,0.000000,3.445705
-1.735011,0.169191,0.000000,3.445705
-1.735011,0.169191,0.000000,3.445705
-1.739662,0.169191,0.000000,3.445705
-1.735011,0.169191,0.000000,3.445705
-1.739662,0.161134,0.000000,3.445705
-1.730359,0.169191,0.000000,3.445705
-1.730359,0.169191,0.000000,3.445705
-1.735011,0.169191,0.000000,3.445705
-1.735011,0.169191,0.000000,3.445705
-1.735011,0.161134,0.000000,3.445705
-1.739662,0.161134,0.000000,3.445705
-1.735011,0.169191,0.000000,3.445705
-1.739662,0.161134,0.000000,3.445705
-1.735011,0.161134,0.000000,3.445705
-1.725707,0.169191,0.000000,3.445705
-1.739662,0.169191,0.000000,3.445705
-1.735011,0.169191,0.000000,3.445705
-1.735011,0.169191,0.000000,3.445705
-1.735011,0.169191,0.000000,3.445705
-1.735011,0.169191,0.000000,3.445705
-1.735011,0.169191,0.000000,3.445705
-1.735011,0.169191,0.000000,3.445705
-1.735011,0.169191,0.000000,3.445705
-1.744313,0.169191,0.000000,3.445705
-1.744313,0.169191,0.000000,3.445705
-1.739662,0.169191,0.000000,3.445705
-1.739662,0.169191,0.000000,3.445705
-1.735011,0.161134,0.000000,3.445705
-1.739662,0.161134,0.000000,3.445705
-1.748965,0.169191,0.000000,3.445705
-1.735011,0.169191,0.000000,3.445705
-1.735011,0.169191,0.000000,3.445705
-1.735011,0.161134,0.000000,3.445705
-1.735011,0.169191,0.000000,3.445705
-1.730359,0.177248,0.000000,3.445705
-1.735011,0.169191,0.000000,3.445705
-1.730359,0.169191,0.000000,3.445705
-1.735011,0.169191,0.000000,3.445705
-1.730359,0.161134,0.000000,3.445705
-1.735011,0.169191,0.000000,3.445705
-1.730359,0.169191,0.000000,3.445705
-1.721056,0.169191,0.000000,3.445705
-1.721056,0.169191,0.000000,3.445705
-1.739662,0.169191,0.000000,3.445705
-1.735011,0.169191,0.000000,3.445705
-1.735011,0.169191,0.000000,3.445705
-1.730359,0.177248,0.000000,3.445705
-1.744313,0.169191,0.000000,3.445705
-1.739662,0.169191,0.000000,3.445705
-1.744313,0.169191,0.000000,3.445705
-1.739662,0.169191,0.000000,3.445705
-1.739662,0.169191,0.000000,3.445705
-1.744313,0.169191,0.000000,3.445705
-1.730359,0.169191,0.000000,3.445705
-1.735011,0.169191,0.000000,3.445705
-1.730359,0.169191,0.000000,3.445705
-1.739662,0.161134,0.000000,3.445705
-1.735011,0.161134,0.000000,3.445705
-1.735011,0.169191,0.000000,3.445705
-1.735011,0.161134,0.000000,3.445705
-1.735011,0.161134,0.000000,3.445705
-1.739662,0.169191,0.000000,3.445705
-1.735011,0.177248,0.000000,3.445705
-1.739662,0.161134,0.000000,3.445705
-1.730359,0.161134,0.000000,3.445705
-1.739662,0.169191,0.000000,3.445705
-1.744313,0.169191,0.000000,3.445705
-1.730359,0.169191,0.000000,3.445705
-1.735011,0.161134,0.000000,3.445705
-1.735011,0.169191,0.000000,3.445705
-1.735011,0.169191,0.000000,3.445705
-1.735011,0.161134,0.000000,3.445705
-1.735011,0.169191,0.000000,3.445705
-1.739662,0.169191,0.000000,3.445705
-1.735011,0.169191,0.000000,3.445705
-1.735011,0.169191,0.000000,3.445705
-1.716404,0.177248,0.000000,3.445705
-1.739662,0.169191,0.000000,3.445705
-1.735011,0.161134,0.000000,3.445705
-1.730359,0.169191,0.000000,3.445705
-1.735011,0.169191,0.000000,3.445705
-1.735011,0.169191,0.000000,3.445705
-1.735011,0.161134,0.000000,3.445705
-1.735011,0.161134,0.000000,3.445705
-1.730359,0.161134,0.000000,3.445705
-1.730359,0.169191,0.000000,3.445705
-1.739662,0.161134,0.000000,3.445705
-1.735011,0.169191,0.000000,3.445705
-1.735011,0.169191,0.000000,3.445705
-1.735011,0.169191,0.000000,3.445705
-1.730359,0.169191,0.000000,3.445705
-1.735011,0.169191,0.000000,3.445705
-1.730359,0.169191,0.000000,3.445705
-1.735011,0.169191,0.000000,3.445705
-1.735011,0.169191,0.000000,3.445705
-1.739662,0.169191,0.000000,3.445705
-1.739662,0.169191,0.000000,3.445705
-1.735011,0.169191,0.000000,3.445705
-1.711753,0.169191,0.000000,3.445705
-1.725707,0.169191,0.000000,3.445705
-1.735011,0.169191,0.000000,3.445705
-1.739662,0.169191,0.000000,3.445705
-1.730359,0.169191,0.000000,3.445705
-1.735011,0.169191,0.000000,3.445705
-1.739662,0.161134,0.000000,3.445705
-1.735011,0.169191,0.000000,3.445705
-1.735011,0.169191,0.000000,3.445705
-1.748965,0.177248,0.000000,3.445705
-1.739662,0.169191,0.000000,3.445705
-1.730359,0.169191,0.000000,3.445705
-1.730359,0.169191,0.000000,3.445705
-1.735011,0.169191,0.000000,3.445705
-1.735011,0.169191,0.000000,3.445705
-1.730359,0.169191,0.000000,3.445705
-1.730359,0.177248,0.000000,3.445705
-1.739662,0.161134,0.000000,3.445705
-1.739662,0.161134,0.000000,3.445705
-1.735011,0.169191,0.000000,3.445705
-1.735011,0.169191,0.000000,3.445705
-1.735011,0.169191,0.000000,3.445705
-1.730359,0.161134,0.000000,3.445705
-1.739662,0.169191,0.000000,3.445705
-1.735011,0.169191,0.000000,3.445705
-1.735011,0.169191,0.000000,3.445705
-1.716404,0.169191,0.000000,3.445705
-1.716404,0.169191,0.000000,3.445705
-1.730359,0.169191,0.000000,3.445705
-1.730359,0.161134,0.000000,3.445705
-1.735011,0.169191,0.000000,3.445705
-1.739662,0.169191,0.000000,3.445705
-1.735011,0.169191,0.000000,3.445705
-1.739662,0.169191,0.000000,3.445705
-1.739662,0.169191,0.000000,3.445705
-1.735011,0.169191,0.000000,3.445705
-1.739662,0.161134,0.000000,3.445705
-1.735011,0.169191,0.000000,3.445705
-1.735011,0.169191,0.000000,3.445705
-1.735011,0.169191,0.000000,3.445705
-1.739662,0.169191,0.000000,3.445705
-1.735011,0.169191,0.000000,3.445705
-1.735011,0.169191,0.000000,3.445705
-1.735011,0.169191,0.000000,3.445705
-1.739662,0.169191,0.000000,3.445705
-1.739662,0.169191,0.000000,3.445705
-1.735011,0.169191,0.000000,3.445705
-1.711753,0.169191,0.000000,3.445705
-1.735011,0.161134,0.000000,3.445705
-1.735011,0.161134,0.000000,3.445705
-1.730359,0.169191,0.000000,3.445705
-1.735011,0.161134,0.000000,3.445705
-1.735011,0.161134,0.000000,3.445705
-1.735011,0.161134,0.000000,3.445705
-1.730359,0.169191,0.000000,3.445705
-1.730359,0.169191,0.000000,3.445705
-1.730359,0.169191,0.000000,3.445705
-1.739662,0.169191,0.000000,3.445705
-1.702450,0.169191,0.000000,3.445705
-1.735011,0.169191,0.000000,3.445705
-1.730359,0.169191,0.000000,3.445705
-1.739662,0.169191,0.000000,3.445705
-1.744313,0.169191,0.000000,3.445705
-1.707101,0.169191,0.000000,3.445705
-1.735011,0.161134,0.000000,3.445705
-1.730359,0.169191,0.000000,3.445705
-1.730359,0.169191,0.000000,3.445705
-1.730359,0.169191,0.000000,3.445705
-1.735011,0.169191,0.000000,3.445705
-1.735011,0.169191,0.000000,3.445705
-1.735011,0.169191,0.000000,3.445705
-1.739662,0.169191,0.000000,3.445705
-1.735011,0.169191,0.000000,3.445705
-1.735011,0.161134,0.000000,3.445705
-1.744313,0.169191,0.000000,3.445705
-1.744313,0.169191,0.000000,3.445705
-1.716404,0.169191,0.000000,3.445705
-1.739662,0.169191,0.000000,3.445705
-1.735011,0.177248,0.000000,3.445705
-1.730359,0.169191,0.000000,3.445705
-1.730359,0.169191,0.000000,3.445705
-1.739662,0.161134,0.000000,3.445705
-1.735011,0.169191,0.000000,3.445705
-1.735011,0.161134,0.000000,3.445705
-1.707101,0.177248,0.000000,3.445705
-1.739662,0.169191,0.000000,3.445705
-1.735011,0.169191,0.000000,3.445705
-1.735011,0.169191,0.000000,3.445705
-1.744313,0.169191,0.000000,3.445705
-1.735011,0.177248,0.000000,3.445705
-1.730359,0.169191,0.000000,3.445705
-1.739662,0.169191,0.000000,3.445705
-1.735011,0.161134,0.000000,3.445705
-1.739662,0.169191,0.000000,3.445705
-1.730359,0.169191,0.000000,3.445705
-1.739662,0.169191,0.000000,3.445705
-1.711753,0.169191,0.000000,3.445705
-1.739662,0.169191,0.000000,3.445705
-1.739662,0.169191,0.000000,3.445705
-1.730359,0.169191,0.000000,3.445705
-1.730359,0.169191,0.000000,3.445705
-1.739662,0.169191,0.000000,3.445705
-1.735011,0.169191,0.000000,3.445705
-1.707101,0.169191,0.000000,3.445705
-1.735011,0.169191,0.000000,3.445705
-1.739662,0.169191,0.000000,3.445705
-1.735011,0.161134,0.000000,3.445705
-1.735011,0.169191,0.000000,3.445705
-1.735011,0.169191,0.000000,3.445705
-1.730359,0.169191,0.000000,3.445705
-1.735011,0.169191,0.000000,3.445705
-1.739662,0.169191,0.000000,3.445705
-1.739662,0.169191,0.000000,3.445705
-1.735011,0.169191,0.000000,3.445705
-1.735011,0.161134,0.000000,3.445705
-1.730359,0.169191,0.000000,3.445705
-1.739662,0.169191,0.000000,3.445705
-1.730359,0.169191,0.000000,3.445705
-1.735011,0.169191,0.000000,3.445705
-1.735011,0.169191,0.000000,3.445705
-1.730359,0.169191,0.000000,3.445705
-1.735011,0.169191,0.000000,3.445705
-1.730359,0.161134,0.000000,3.445705
-1.735011,0.169191,0.000000,3.445705
-1.739662,0.169191,0.000000,3.445705
-1.735011,0.169191,0.000000,3.445705
-1.735011,0.169191,0.000000,3.445705
-1.730359,0.169191,0.000000,3.445705
-1.735011,0.169191,0.000000,3.445705
-1.730359,0.169191,0.000000,3.445705
-1.739662,0.161134,0.000000,3.445705
-1.730359,0.161134,0.000000,3.445705
-1.739662,0.169191,0.000000,3.445705
-1.735011,0.169191,0.000000,3.445705
-1.739662,0.169191,0.000000,3.445705
-1.735011,0.169191,0.000000,3.445705
-1.735011,0.169191,0.000000,3.445705
-1.739662,0.169191,0.000000,3.445705
-1.730359,0.169191,0.000000,3.445705
-1.735011,0.169191,0.000000,3.445705
-1.739662,0.169191,0.000000,3.445705
-1.730359,0.169191,0.000000,3.445705
-1.735011,0.169191,0.000000,3.445705
-1.735011,0.161134,0.000000,3.445705
-1.735011,0.161134,0.000000,3.445705
-1.735011,0.169191,0.000000,3.445705
-1.735011,0.169191,0.000000,3.445705
-1.735011,0.169191,0.000000,3.445705
-1.711753,0.169191,0.000000,3.445705
-1.735011,0.169191,0.000000,3.445705
-1.748965,0.169191,0.000000,3.445705
-1.730359,0.169191,0.000000,3.445705
-1.730359,0.169191,0.000000,3.445705
-1.730359,0.169191,0.000000,3.445705
-1.735011,0.169191,0.000000,3.445705
-1.739662,0.169191,0.000000,3.445705
-1.735011,0.169191,0.000000,3.445705
-1.735011,0.169191,0.000000,3.445705
-1.735011,0.169191,0.000000,3.445705
-1.739662,0.169191,0.000000,3.445705
-1.744313,0.169191,0.000000,3.445705
-1.735011,0.169191,0.000000,3.445705
-1.739662,0.169191,0.000000,3.445705
-1.735011,0.161134,0.000000,3.445705
-1.730359,0.169191,0.000000,3.445705
-1.707101,0.169191,0.000000,3.445705
-1.744313,0.169191,0.000000,3.445705
-1.730359,0.169191,0.000000,3.445705
-1.735011,0.169191,0.000000,3.445705
-1.735011,0.169191,0.000000,3.445705
-1.739662,0.169191,0.000000,3.445705
-1.730359,0.169191,0.000000,3.445705
-1.735011,0.161134,0.000000,3.445705
-1.739662,0.169191,0.000000,3.445705
-1.735011,0.169191,0.000000,3.445705
-1.735011,0.169191,0.000000,3.445705
-1.735011,0.161134,0.000000,3.445705
-1.735011,0.177248,0.000000,3.445705
-1.735011,0.169191,0.000000,3.445705
-1.735011,0.177248,0.000000,3.445705
-1.711753,0.161134,0.000000,3.445705
-1.744313,0.169191,0.000000,3.445705
-1.730359,0.161134,0.000000,3.445705
-1.725707,0.169191,0.000000,3.445705
-1.716404,0.169191,0.000000,3.445705
-1.716404,0.169191,0.000000,3.445705
-1.711753,0.169191,0.000000,3.445705
-1.693147,0.169191,0.000000,3.445705
-1.683844,0.169191,0.000000,3.445705
-1.674541,0.161134,0.000000,3.445705
-1.674541,0.161134,0.000000,3.445705
-1.669889,0.169191,0.000000,3.445705
-1.660586,0.161134,0.000000,3.445705
-1.655935,0.169191,0.000000,3.445705
-1.651283,0.169191,0.000000,3.445705
-1.641980,0.161134,0.000000,3.445705
-1.637329,0.169191,0.000000,3.445705
-1.628026,0.169191,0.000000,3.445705
-1.618723,0.169191,0.000000,3.445705
-1.609420,0.161134,0.000000,3.445705
-1.609420,0.169191,0.000000,3.445705
-1.604768,0.161134,0.000000,3.445705
-1.595465,0.161134,0.000000,3.445705
-1.586162,0.161134,0.000000,3.445705
-1.581511,0.169191,0.000000,3.445705
-1.572208,0.161134,0.000000,3.445705
-1.562905,0.161134,0.000000,3.445705
-1.553602,0.161134,0.000000,3.445705
-1.548950,0.161134,0.000000,3.445705
-1.544299,0.169191,0.000000,3.445705
-1.534996,0.169191,0.000000,3.445705
-1.525693,0.161134,0.000000,3.445705
-1.525693,0.161134,0.000000,3.445705
-1.516390,0.169191,0.000000,3.445705
-1.507087,0.161134,0.000000,3.445705
-1.497784,0.161134,0.000000,3.445705
-1.488481,0.169191,0.000000,3.445705
-1.483829,0.161134,0.000000,3.445705
-1.483829,0.153077,0.000000,3.445705
-1.469875,0.161134,0.000000,3.445705
-1.465223,0.161134,0.000000,3.445705
-1.455920,0.153077,0.000000,3.445705
-1.441966,0.161134,0.000000,3.445705
-1.441966,0.161134,0.000000,3.445705
-1.437314,0.153077,0.000000,3.445705
-1.423360,0.161134,0.000000,3.445705
-1.418708,0.153077,0.000000,3.445705
-1.414057,0.161134,0.000000,3.445705
-1.404754,0.153077,0.000000,3.445705
-1.400102,0.161134,0.000000,3.445705
-1.390799,0.153077,0.000000,3.445705
-1.386148,0.153077,0.000000,3.445705
-1.376845,0.153077,0.000000,3.445705
-1.372193,0.161134,0.000000,3.445705
-1.362890,0.153077,0.000000,3.445705
-1.353587,0.145021,0.000000,3.445705
-1.353587,0.153077,0.000000,3.445705
-1.339633,0.153077,0.000000,3.445705
-1.334981,0.153077,0.000000,3.445705
-1.325678,0.145021,0.000000,3.445705
-1.325678,0.161134,0.000000,3.445705
-1.316375,0.153077,0.000000,3.445705
-1.307072,0.153077,0.000000,3.445705
-1.293118,0.153077,0.000000,3.445705
-1.293118,0.161134,0.000000,3.445705
-1.279163,0.145021,0.000000,3.445705
-1.269859,1.941651,0.000000,3.406972
-1.288465,1.820802,0.000000,3.406972
-1.065193,1.538819,0.000000,3.406972
-0.823315,1.144044,0.000000,3.406972
-0.855876,0.837891,0.000000,3.406972
-0.939603,1.272950,0.000000,3.406972
-0.879133,0.950684,0.000000,3.406972
-0.888436,1.127930,0.000000,3.406972
-0.851224,0.966797,0.000000,3.406972
-0.944254,1.079591,0.000000,3.406972
-0.809361,0.982911,0.000000,3.406972
-0.920997,1.047364,0.000000,3.406972
-0.916345,1.023194,0.000000,3.406972
-0.800058,1.023194,0.000000,3.406972
-0.855876,1.023194,0.000000,3.406972
-0.818664,1.023194,0.000000,3.406972
-0.818664,1.023194,0.000000,3.406972
-0.911694,1.015137,0.000000,3.406972
-0.818664,1.015137,0.000000,3.406972
-0.911694,1.047364,0.000000,3.406972
-0.855876,1.039307,0.000000,3.406972
-0.907042,1.023194,0.000000,3.406972
-0.851224,1.015137,0.000000,3.406972
-0.814012,0.982911,0.000000,3.406972
-0.841921,0.990967,0.000000,3.406972
-0.809361,0.999024,0.000000,3.406972
-0.809361,1.007081,0.000000,3.406972
-0.860527,1.039307,0.000000,3.406972
-0.851224,0.999024,0.000000,3.406972
-0.800058,0.982911,0.000000,3.406972
-0.809361,0.999024,0.000000,3.406972
-0.855876,1.023194,0.000000,3.406972
-0.818664,1.007081,0.000000,3.406972
-0.823315,1.007081,0.000000,3.406972
-0.818664,1.015137,0.000000,3.406972
-0.851224,1.015137,0.000000,3.406972
-0.846573,1.015137,0.000000,3.406972
-0.851224,1.015137,0.000000,3.406972
-0.851224,1.015137,0.000000,3.406972
-0.860527,1.023194,0.000000,3.406972
-0.855876,1.023194,0.000000,3.406972
-0.814012,1.015137,0.000000,3.406972
-0.911694,1.031251,0.000000,3.406972
-0.818664,1.031251,0.000000,3.406972
-0.855876,1.015137,0.000000,3.406972
-0.851224,1.015137,0.000000,3.406972
-0.841921,1.023194,0.000000,3.406972
-0.814012,1.023194,0.000000,3.406972
-0.846573,1.007081,0.000000,3.406972
-0.860527,1.039307,0.000000,3.406972
-0.860527,1.031251,0.000000,3.406972
-0.855876,1.023194,0.000000,3.406972
-0.851224,1.015137,0.000000,3.406972
-0.851224,1.023194,0.000000,3.406972
-0.818664,1.023194,0.000000,3.406972
-0.855876,1.015137,0.000000,3.406972
-0.814012,1.007081,0.000000,3.406972
-0.809361,0.999024,0.000000,3.406972
-0.860527,1.031251,0.000000,3.406972
-0.855876,1.015137,0.000000,3.406972
-0.823315,1.015137,0.000000,3.406972
-0.855876,1.015137,0.000000,3.406972
-0.855876,1.023194,0.000000,3.406972
-0.814012,1.015137,0.000000,3.406972
-0.846573,1.007081,0.000000,3.406972
-0.818664,1.007081,0.000000,3.406972
-0.814012,1.007081,0.000000,3.406972
-0.860527,1.015137,0.000000,3.406972
-0.916345,1.047364,0.000000,3.406972
-0.800058,0.999024,0.000000,3.406972
-0.818664,1.023194,0.000000,3.406972
-0.860527,1.031251,0.000000,3.406972
-0.809361,1.007081,0.000000,3.406972
-0.911694,1.015137,0.000000,3.406972
-0.846573,1.007081,0.000000,3.406972
-0.860527,1.031251,0.000000,3.406972
-0.818664,1.015137,0.000000,3.406972
-0.846573,0.990967,0.000000,3.406972
-0.855876,1.023194,0.000000,3.406972
-0.776800,0.990967,0.000000,3.406972
-0.846573,1.015137,0.000000,3.406972
-0.907042,0.999024,0.000000,3.406972
-0.855876,1.031251,0.000000,3.406972
-0.860527,1.031251,0.000000,3.406972
-0.846573,1.023194,0.000000,3.406972
-0.814012,0.990967,0.000000,3.406972
-0.846573,0.999024,0.000000,3.406972
-0.860527,1.031251,0.000000,3.406972
-0.814012,1.015137,0.000000,3.406972
-0.851224,1.015137,0.000000,3.406972
-0.809361,1.007081,0.000000,3.406972
-0.855876,1.023194,0.000000,3.406972
-0.809361,1.007081,0.000000,3.406972
-0.855876,1.031251,0.000000,3.406972
-0.851224,1.007081,0.000000,3.406972
-0.860527,1.039307,0.000000,3.406972
-0.920997,1.047364,0.000000,3.406972
-0.851224,1.015137,0.000000,3.406972
-0.916345,1.031251,0.000000,3.406972
-0.851224,1.015137,0.000000,3.406972
-0.855876,1.015137,0.000000,3.406972
-0.911694,1.015137,0.000000,3.406972
-0.855876,1.015137,0.000000,3.406972
-0.851224,1.007081,0.000000,3.406972
-0.855876,1.015137,0.000000,3.406972
-0.846573,0.990967,0.000000,3.406972
-0.846573,1.015137,0.000000,3.406972
-0.916345,1.031251,0.000000,3.406972
-0.851224,1.015137,0.000000,3.406972
-0.855876,1.007081,0.000000,3.406972
-0.911694,1.015137,0.000000,3.406972
-0.851224,0.999024,0.000000,3.406972
-0.841921,1.015137,0.000000,3.406972
-0.920997,1.031251,0.000000,3.406972
-0.818664,1.007081,0.000000,3.406972
-0.846573,1.015137,0.000000,3.406972
-0.814012,1.023194,0.000000,3.406972
-0.814012,1.015137,0.000000,3.406972
-0.846573,1.015137,0.000000,3.406972
-0.907042,1.015137,0.000000,3.406972
-0.916345,1.023194,0.000000,3.406972
-0.855876,1.015137,0.000000,3.406972
-0.846573,0.999024,0.000000,3.406972
-0.860527,1.031251,0.000000,3.406972
-0.855876,1.015137,0.000000,3.406972
-0.818664,0.999024,0.000000,3.406972
-0.851224,1.015137,0.000000,3.406972
-0.846573,1.007081,0.000000,3.406972
-0.818664,1.015137,0.000000,3.406972
-0.818664,1.007081,0.000000,3.406972
-0.846573,0.999024,0.000000,3.406972
-0.809361,1.007081,0.000000,3.406972
-0.846573,1.007081,0.000000,3.406972
-0.911694,1.023194,0.000000,3.406972
-0.855876,1.015137,0.000000,3.406972
-0.855876,1.015137,0.000000,3.406972
-0.814012,1.031251,0.000000,3.406972
-0.855876,1.023194,0.000000,3.406972
-0.814012,1.007081,0.000000,3.406972
-0.855876,1.015137,0.000000,3.406972
-0.855876,1.015137,0.000000,3.406972
-0.860527,1.039307,0.000000,3.406972
-0.814012,1.007081,0.000000,3.406972
-0.846573,0.999024,0.000000,3.406972
-0.860527,1.039307,0.000000,3.406972
-0.920997,1.039307,0.000000,3.406972
-0.855876,1.015137,0.000000,3.406972
-0.851224,1.015137,0.000000,3.406972
-0.814012,1.007081,0.000000,3.406972
-0.911694,1.039307,0.000000,3.406972
-0.809361,0.999024,0.000000,3.406972
-0.841921,1.015137,0.000000,3.406972
-0.911694,1.039307,0.000000,3.406972
-0.804709,0.982911,0.000000,3.406972
-0.851224,1.015137,0.000000,3.406972
-0.809361,1.015137,0.000000,3.406972
-0.855876,1.015137,0.000000,3.406972
-0.841921,0.999024,0.000000,3.406972
-0.841921,1.007081,0.000000,3.406972
-0.855876,1.015137,0.000000,3.406972
-0.841921,1.007081,0.000000,3.406972
-0.851224,0.999024,0.000000,3.406972
-0.855876,1.007081,0.000000,3.406972
-0.851224,1.007081,0.000000,3.406972
-0.855876,1.015137,0.000000,3.406972
-0.860527,1.039307,0.000000,3.406972
-0.804709,1.007081,0.000000,3.406972
-0.851224,0.999024,0.000000,3.406972
-0.846573,0.999024,0.000000,3.406972
-0.855876,1.023194,0.000000,3.406972
-0.855876,1.039307,0.000000,3.406972
-0.855876,1.007081,0.000000,3.406972
-0.846573,1.015137,0.000000,3.406972
-0.818664,1.015137,0.000000,3.406972
-0.846573,1.007081,0.000000,3.406972
-0.800058,1.031251,0.000000,3.406972
-0.814012,0.999024,0.000000,3.406972
-0.911694,1.023194,0.000000,3.406972
-0.846573,0.999024,0.000000,3.406972
-0.846573,1.023194,0.000000,3.406972
-0.846573,1.015137,0.000000,3.406972
-0.846573,1.015137,0.000000,3.406972
-0.860527,1.023194,0.000000,3.406972
-0.855876,1.031251,0.000000,3.406972
-0.804709,0.990967,0.000000,3.406972
-0.846573,1.015137,0.000000,3.406972
-0.911694,1.023194,0.000000,3.406972
-0.818664,1.015137,0.000000,3.406972
-0.855876,1.023194,0.000000,3.406972
-0.814012,1.015137,0.000000,3.406972
-0.855876,1.031251,0.000000,3.406972
-0.809361,0.999024,0.000000,3.406972
-0.809361,0.999024,0.000000,3.406972
-0.841921,1.007081,0.000000,3.406972
-0.897739,0.999024,0.000000,3.406972
-0.851224,1.031251,0.000000,3.406972
-0.902391,0.990967,0.000000,3.406972
-0.860527,1.023194,0.000000,3.406972
-0.865179,1.031251,0.000000,3.406972
-0.851224,1.015137,0.000000,3.406972
-0.851224,1.007081,0.000000,3.406972
-0.804709,0.999024,0.000000,3.406972
-0.827967,1.031251,0.000000,3.406972
-0.814012,1.007081,0.000000,3.406972
-0.804709,0.982911,0.000000,3.406972
-0.814012,1.015137,0.000000,3.406972
-0.814012,1.007081,0.000000,3.406972
-0.846573,0.999024,0.000000,3.406972
-0.851224,1.015137,0.000000,3.406972
-0.855876,1.023194,0.000000,3.406972
-0.846573,1.015137,0.000000,3.406972
-0.818664,1.015137,0.000000,3.406972
-0.911694,1.023194,0.000000,3.406972
-0.841921,0.999024,0.000000,3.406972
-0.846573,1.015137,0.000000,3.406972
-0.851224,1.015137,0.000000,3.406972
-0.814012,1.015137,0.000000,3.406972
-0.851224,1.015137,0.000000,3.406972
-0.846573,1.007081,0.000000,3.406972
-0.804709,0.990967,0.000000,3.406972
-0.846573,1.007081,0.000000,3.406972
-0.809361,0.999024,0.000000,3.406972
-0.837270,0.999024,0.000000,3.406972
-0.809361,1.007081,0.000000,3.406972
-0.846573,1.023194,0.000000,3.406972
-0.809361,0.999024,0.000000,3.406972
-0.846573,0.999024,0.000000,3.406972
-0.809361,1.015137,0.000000,3.406972
-0.809361,0.999024,0.000000,3.406972
-0.860527,1.031251,0.000000,3.406972
-0.841921,0.999024,0.000000,3.406972
-0.846573,1.007081,0.000000,3.406972
-0.804709,0.999024,0.000000,3.406972
-0.846573,1.015137,0.000000,3.406972
-0.907042,1.015137,0.000000,3.406972
-0.814012,1.007081,0.000000,3.406972
-0.851224,1.015137,0.000000,3.406972
-0.814012,1.015137,0.000000,3.406972
-0.809361,1.007081,0.000000,3.406972
-0.851224,1.015137,0.000000,3.406972
-0.851224,1.031251,0.000000,3.406972
-0.837270,0.999024,0.000000,3.406972
-0.851224,1.031251,0.000000,3.406972
-0.911694,1.039307,0.000000,3.406972
-0.814012,1.015137,0.000000,3.406972
-0.846573,1.015137,0.000000,3.406972
-0.851224,1.023194,0.000000,3.406972
-0.841921,1.007081,0.000000,3.406972
-0.827967,1.015137,0.000000,3.406972
-0.851224,1.015137,0.000000,3.406972
-0.855876,1.015137,0.000000,3.406972
-0.851224,1.007081,0.000000,3.406972
-0.814012,1.015137,0.000000,3.406972
-0.902391,0.999024,0.000000,3.406972
-0.841921,1.007081,0.000000,3.406972
-0.846573,0.999024,0.000000,3.406972
-0.846573,1.031251,0.000000,3.406972
-0.916345,1.015137,0.000000,3.406972
-0.907042,1.015137,0.000000,3.406972
-0.846573,1.015137,0.000000,3.406972
-0.809361,0.999024,0.000000,3.406972
-0.855876,1.015137,0.000000,3.406972
-0.804709,0.982911,0.000000,3.406972
-0.818664,1.007081,0.000000,3.406972
-0.809361,1.015137,0.000000,3.406972
-0.911694,1.031251,0.000000,3.406972
-0.841921,1.015137,0.000000,3.406972
-0.814012,1.015137,0.000000,3.406972
-0.846573,1.007081,0.000000,3.406972
-0.916345,1.015137,0.000000,3.406972
-0.855876,1.031251,0.000000,3.406972
-0.818664,1.015137,0.000000,3.406972
-0.851224,1.007081,0.000000,3.406972
-0.916345,1.023194,0.000000,3.406972
-0.804709,0.999024,0.000000,3.406972
-0.916345,1.015137,0.000000,3.406972
-0.916345,1.031251,0.000000,3.406972
-0.860527,1.031251,0.000000,3.406972
-0.809361,1.007081,0.000000,3.406972
-0.809361,1.007081,0.000000,3.406972
-0.911694,1.031251,0.000000,3.406972
-0.907042,1.007081,0.000000,3.406972
-0.897739,1.015137,0.000000,3.406972
-0.846573,1.007081,0.000000,3.406972
-0.855876,1.023194,0.000000,3.406972
-0.911694,1.015137,0.000000,3.406972
-0.804709,0.999024,0.000000,3.406972
-0.809361,0.999024,0.000000,3.406972
-0.846573,0.990967,0.000000,3.406972
-0.911694,1.023194,0.000000,3.406972
-0.911694,1.023194,0.000000,3.406972
-0.846573,1.007081,0.000000,3.406972
-0.846573,1.031251,0.000000,3.406972
-0.846573,1.007081,0.000000,3.406972
-0.907042,1.023194,0.000000,3.406972
-0.841921,1.007081,0.000000,3.406972
-0.851224,1.015137,0.000000,3.406972
-0.916345,1.031251,0.000000,3.406972
-0.841921,0.999024,0.000000,3.406972
-0.851224,1.015137,0.000000,3.406972
-0.818664,1.015137,0.000000,3.406972
-0.855876,1.007081,0.000000,3.406972
-0.814012,0.999024,0.000000,3.406972
-0.851224,1.031251,0.000000,3.406972
-0.841921,1.007081,0.000000,3.406972
-0.809361,1.015137,0.000000,3.406972
-0.860527,1.023194,0.000000,3.406972
-0.846573,0.999024,0.000000,3.406972
-0.855876,1.007081,0.000000,3.406972
-0.911694,1.031251,0.000000,3.406972
-0.855876,1.031251,0.000000,3.406972
-0.855876,1.031251,0.000000,3.406972
-0.809361,1.023194,0.000000,3.406972
-0.851224,1.031251,0.000000,3.406972
-0.814012,1.015137,0.000000,3.406972
-0.846573,1.007081,0.000000,3.406972
-0.846573,1.015137,0.000000,3.406972
-0.818664,1.015137,0.000000,3.406972
-0.911694,1.007081,0.000000,3.406972
-0.902391,1.015137,0.000000,3.406972
-0.916345,1.015137,0.000000,3.406972
-0.823315,1.039307,0.000000,3.406972
-0.841921,0.982911,0.000000,3.406972
-0.911694,1.015137,0.000000,3.406972
-0.846573,1.015137,0.000000,3.406972
-0.841921,1.007081,0.000000,3.406972
-0.846573,1.015137,0.000000,3.406972
-0.809361,1.007081,0.000000,3.406972
-0.814012,1.007081,0.000000,3.406972
-0.818664,1.023194,0.000000,3.406972
-0.818664,1.015137,0.000000,3.406972
-0.851224,1.007081,0.000000,3.406972
-0.809361,1.007081,0.000000,3.406972
-0.846573,1.007081,0.000000,3.406972
-0.841921,0.999024,0.000000,3.406972
-0.846573,0.999024,0.000000,3.406972
-0.841921,1.007081,0.000000,3.406972
-0.809361,1.015137,0.000000,3.406972
-0.841921,1.007081,0.000000,3.406972
-0.846573,1.015137,0.000000,3.406972
-0.855876,1.031251,0.000000,3.406972
-0.841921,0.999024,0.000000,3.406972
-0.902391,1.015137,0.000000,3.406972
-0.851224,1.015137,0.000000,3.406972
-0.846573,1.007081,0.000000,3.406972
-0.814012,1.015137,0.000000,3.406972
-0.846573,1.023194,0.000000,3.406972
-0.851224,1.015137,0.000000,3.406972
-0.809361,1.007081,0.000000,3.406972
-0.809361,1.015137,0.000000,3.406972
-0.804709,0.990967,0.000000,3.406972
-0.902391,1.015137,0.000000,3.406972
-0.851224,1.015137,0.000000,3.406972
-0.907042,1.015137,0.000000,3.406972
-0.809361,0.999024,0.000000,3.406972
-0.809361,1.015137,0.000000,3.406972
-0.907042,1.023194,0.000000,3.406972
-0.818664,1.023194,0.000000,3.406972
-0.860527,1.023194,0.000000,3.406972
-0.814012,0.999024,0.000000,3.406972
-0.851224,1.015137,0.000000,3.406972
-0.818664,1.015137,0.000000,3.406972
-0.814012,1.015137,0.000000,3.406972
-0.851224,1.031251,0.000000,3.406972
-0.841921,1.015137,0.000000,3.406972
-0.851224,1.015137,0.000000,3.406972
-0.846573,1.007081,0.000000,3.406972
-0.809361,1.007081,0.000000,3.406972
-0.846573,1.015137,0.000000,3.406972
-0.814012,1.023194,0.000000,3.406972
-0.855876,1.015137,0.000000,3.406972
-0.846573,1.015137,0.000000,3.406972
-0.809361,0.999024,0.000000,3.406972
-0.851224,1.031251,0.000000,3.406972
-0.837270,1.007081,0.000000,3.406972
-0.851224,1.007081,0.000000,3.406972
-0.814012,1.007081,0.000000,3.406972
-0.846573,1.015137,0.000000,3.406972
-0.823315,1.007081,0.000000,3.406972
-0.809361,0.982911,0.000000,3.406972
-0.851224,1.031251,0.000000,3.406972
-0.809361,0.999024,0.000000,3.406972
-0.851224,1.023194,0.000000,3.406972
-0.911694,1.031251,0.000000,3.406972
-0.814012,0.999024,0.000000,3.406972
-0.846573,0.999024,0.000000,3.406972
-0.823315,1.015137,0.000000,3.406972
-0.846573,0.990967,0.000000,3.406972
-0.851224,0.990967,0.000000,3.406972
-0.804709,0.990967,0.000000,3.406972
-0.841921,0.999024,0.000000,3.406972
-0.846573,0.999024,0.000000,3.406972
-0.851224,0.999024,0.000000,3.406972
-0.814012,1.007081,0.000000,3.406972
-0.818664,1.023194,0.000000,3.406972
-0.846573,0.990967,0.000000,3.406972
-0.851224,1.023194,0.000000,3.406972
-0.818664,1.015137,0.000000,3.406972
-0.823315,1.031251,0.000000,3.406972
-0.846573,1.007081,0.000000,3.406972
-0.804709,0.982911,0.000000,3.406972
-0.846573,1.015137,0.000000,3.406972
-0.916345,1.039307,0.000000,3.406972
-0.851224,1.015137,0.000000,3.406972
-0.907042,1.015137,0.000000,3.406972
-0.860527,1.015137,0.000000,3.406972
-0.851224,1.031251,0.000000,3.406972
-0.851224,1.031251,0.000000,3.406972
-0.860527,1.031251,0.000000,3.406972
-0.846573,1.015137,0.000000,3.406972
-0.846573,0.999024,0.000000,3.406972
-0.855876,1.023194,0.000000,3.406972
-0.855876,1.023194,0.000000,3.406972
-0.814012,1.015137,0.000000,3.406972
-0.786103,1.007081,0.000000,3.406972
-0.841921,0.999024,0.000000,3.406972
-0.809361,0.999024,0.000000,3.406972
-0.851224,1.023194,0.000000,3.406972
-0.809361,0.999024,0.000000,3.406972
-0.907042,1.015137,0.000000,3.406972
-0.855876,1.015137,0.000000,3.406972
-0.814012,1.007081,0.000000,3.406972
-0.823315,1.031251,0.000000,3.406972
-0.814012,1.007081,0.000000,3.406972
-0.846573,0.990967,0.000000,3.406972
-0.804709,1.015137,0.000000,3.406972
-0.841921,0.999024,0.000000,3.406972
-0.851224,1.023194,0.000000,3.406972
-0.809361,1.007081,0.000000,3.406972
-0.907042,1.015137,0.000000,3.406972
-0.814012,1.015137,0.000000,3.406972
-0.920997,1.039307,0.000000,3.406972
-0.851224,1.007081,0.000000,3.406972
-0.841921,0.990967,0.000000,3.406972
-0.851224,1.015137,0.000000,3.406972
-0.841921,1.007081,0.000000,3.406972
-0.851224,1.015137,0.000000,3.406972
-0.920997,1.031251,0.000000,3.406972
-0.786103,1.007081,0.000000,3.406972
-0.818664,1.015137,0.000000,3.406972
-0.897739,1.031251,0.000000,3.406972
-0.911694,1.015137,0.000000,3.406972
-0.855876,1.039307,0.000000,3.406972
-0.855876,1.007081,0.000000,3.406972
-0.846573,1.007081,0.000000,3.406972
-0.804709,1.007081,0.000000,3.406972
-0.814012,0.999024,0.000000,3.406972
-0.814012,1.015137,0.000000,3.406972
-0.818664,1.015137,0.000000,3.406972
-0.814012,1.015137,0.000000,3.406972
-0.809361,0.999024,0.000000,3.406972
-0.846573,1.023194,0.000000,3.406972
-0.837270,1.015137,0.000000,3.406972
-0.846573,1.015137,0.000000,3.406972
-0.809361,0.982911,0.000000,3.406972
-0.851224,1.015137,0.000000,3.406972
-0.851224,1.015137,0.000000,3.406972
-0.916345,1.015137,0.000000,3.406972
-0.855876,1.031251,0.000000,3.406972
-0.841921,0.999024,0.000000,3.406972
-0.855876,1.007081,0.000000,3.406972
-0.809361,0.999024,0.000000,3.406972
-0.804709,0.982911,0.000000,3.406972
-0.809361,1.015137,0.000000,3.406972
-0.855876,1.031251,0.000000,3.406972
-0.841921,1.015137,0.000000,3.406972
-0.911694,1.047364,0.000000,3.406972
-0.851224,1.023194,0.000000,3.406972
-0.814012,1.007081,0.000000,3.406972
-0.851224,1.015137,0.000000,3.406972
-0.860527,1.023194,0.000000,3.406972
-0.851224,1.007081,0.000000,3.406972
-0.786103,1.015137,0.000000,3.406972
-0.841921,1.007081,0.000000,3.406972
-0.851224,1.015137,0.000000,3.406972
-0.818664,1.023194,0.000000,3.406972
-0.814012,1.015137,0.000000,3.406972
-0.916345,1.023194,0.000000,3.406972
-0.814012,1.007081,0.000000,3.406972
-0.846573,1.015137,0.000000,3.406972
-0.846573,1.015137,0.000000,3.406972
-0.804709,1.007081,0.000000,3.406972
-0.837270,1.007081,0.000000,3.406972
-0.851224,1.023194,0.000000,3.406972
-0.851224,1.023194,0.000000,3.406972
-0.846573,1.015137,0.000000,3.406972
-0.851224,1.015137,0.000000,3.406972
-0.837270,0.999024,0.000000,3.406972
-0.855876,1.015137,0.000000,3.406972
-0.781452,0.990967,0.000000,3.406972
-0.851224,1.023194,0.000000,3.406972
-0.851224,1.023194,0.000000,3.406972
-0.911694,1.015137,0.000000,3.406972
-0.907042,1.039307,0.000000,3.406972
-0.851224,1.031251,0.000000,3.406972
-0.809361,0.999024,0.000000,3.406972
-0.841921,1.015137,0.000000,3.406972
-0.823315,1.015137,0.000000,3.406972
-0.809361,1.015137,0.000000,3.406972
-0.851224,1.015137,0.000000,3.406972
-0.851224,1.007081,0.000000,3.406972
-0.846573,1.007081,0.000000,3.406972
-0.846573,0.999024,0.000000,3.406972
-0.851224,1.023194,0.000000,3.406972
-0.855876,1.015137,0.000000,3.406972
-0.790755,0.999024,0.000000,3.406972
-0.841921,1.007081,0.000000,3.406972
-0.841921,1.015137,0.000000,3.406972
-0.902391,1.015137,0.000000,3.406972
-0.907042,1.023194,0.000000,3.406972
-0.855876,1.015137,0.000000,3.406972
-0.818664,1.007081,0.000000,3.406972
-0.841921,1.015137,0.000000,3.406972
-0.907042,1.015137,0.000000,3.406972
-0.818664,1.015137,0.000000,3.406972
-0.851224,1.015137,0.000000,3.406972
-0.846573,1.015137,0.000000,3.406972
-0.814012,0.999024,0.000000,3.406972
-0.855876,1.031251,0.000000,3.406972
-0.841921,1.015137,0.000000,3.406972
-0.814012,1.015137,0.000000,3.406972
-0.814012,1.015137,0.000000,3.406972
-0.809361,1.015137,0.000000,3.406972
-0.846573,1.015137,0.000000,3.406972
-0.809361,0.982911,0.000000,3.406972
-0.846573,1.015137,0.000000,3.406972
-0.818664,1.015137,0.000000,3.406972
-0.809361,0.999024,0.000000,3.406972
-0.814012,0.999024,0.000000,3.406972
-0.855876,1.031251,0.000000,3.406972
-0.907042,1.015137,0.000000,3.406972
-0.837270,0.999024,0.000000,3.406972
-0.804709,0.982911,0.000000,3.406972
-0.851224,1.023194,0.000000,3.406972
-0.846573,0.999024,0.000000,3.406972
-0.846573,1.007081,0.000000,3.406972
-0.865179,1.015137,0.000000,3.406972
-0.911694,1.023194,0.000000,3.406972
-0.809361,1.015137,0.000000,3.406972
-0.911694,1.023194,0.000000,3.406972
-0.846573,1.031251,0.000000,3.406972
-0.809361,0.999024,0.000000,3.406972
-0.920997,1.047364,0.000000,3.406972
-0.841921,1.015137,0.000000,3.406972
-0.916345,1.039307,0.000000,3.406972
-0.846573,1.015137,0.000000,3.406972
-0.846573,1.015137,0.000000,3.406972
-0.846573,1.015137,0.000000,3.406972
-0.851224,1.015137,0.000000,3.406972
-0.911694,1.015137,0.000000,3.406972
-0.818664,1.007081,0.000000,3.406972
-0.855876,1.031251,0.000000,3.406972
-0.814012,0.990967,0.000000,3.406972
-0.851224,0.990967,0.000000,3.406972
-0.916345,1.023194,0.000000,3.406972
-0.841921,1.015137,0.000000,3.406972
-0.907042,1.015137,0.000000,3.406972
-0.818664,1.015137,0.000000,3.406972
-0.809361,0.990967,0.000000,3.406972
-0.804709,0.999024,0.000000,3.406972
-0.865179,1.023194,0.000000,3.406972
-0.855876,1.031251,0.000000,3.406972
-0.814012,1.007081,0.000000,3.406972
-0.809361,0.999024,0.000000,3.406972
-0.841921,1.015137,0.000000,3.406972
-0.818664,1.015137,0.000000,3.406972
-0.818664,1.007081,0.000000,3.406972
-0.851224,1.007081,0.000000,3.406972
-0.818664,1.015137,0.000000,3.406972
-0.804709,0.999024,0.000000,3.406972
-0.846573,1.015137,0.000000,3.406972
-0.846573,1.031251,0.000000,3.406972
-0.846573,1.015137,0.000000,3.406972
-0.832618,0.990967,0.000000,3.406972
-0.907042,1.031251,0.000000,3.406972
-0.804709,0.999024,0.000000,3.406972
-0.855876,1.015137,0.000000,3.406972
-0.911694,1.031251,0.000000,3.406972
-0.851224,1.023194,0.000000,3.406972
-0.851224,1.015137,0.000000,3.406972
-0.814012,1.007081,0.000000,3.406972
-0.851224,1.015137,0.000000,3.406972
-0.814012,1.007081,0.000000,3.406972
-0.846573,1.015137,0.000000,3.406972
-0.809361,1.015137,0.000000,3.406972
-0.804709,0.999024,0.000000,3.406972
-0.846573,1.015137,0.000000,3.406972
-0.907042,1.023194,0.000000,3.406972
-0.837270,0.990967,0.000000,3.406972
-0.855876,1.015137,0.000000,3.406972
-0.855876,1.039307,0.000000,3.406972
-0.851224,1.015137,0.000000,3.406972
-0.855876,1.015137,0.000000,3.406972
-0.818664,1.015137,0.000000,3.406972
-0.907042,1.015137,0.000000,3.406972
-0.851224,1.015137,0.000000,3.406972
-0.855876,1.015137,0.000000,3.406972
-0.809361,1.015137,0.000000,3.406972
-0.907042,1.015137,0.000000,3.406972
-0.846573,1.031251,0.000000,3.406972
-0.846573,1.023194,0.000000,3.406972
-0.851224,1.023194,0.000000,3.406972
-0.790755,0.999024,0.000000,3.406972
-0.814012,0.999024,0.000000,3.406972
-0.846573,1.007081,0.000000,3.406972
-0.837270,0.999024,0.000000,3.406972
-0.897739,0.999024,0.000000,3.406972
-0.851224,1.015137,0.000000,3.406972
-0.841921,1.007081,0.000000,3.406972
-0.814012,1.015137,0.000000,3.406972
-0.851224,1.023194,0.000000,3.406972
-0.814012,0.999024,0.000000,3.406972
-0.804709,1.023194,0.000000,3.406972
-0.841921,1.007081,0.000000,3.406972
-0.855876,1.015137,0.000000,3.406972
-0.846573,1.015137,0.000000,3.406972
-0.855876,1.039307,0.000000,3.406972
-0.818664,1.015137,0.000000,3.406972
-0.855876,1.015137,0.000000,3.406972
-0.911694,1.031251,0.000000,3.406972
-0.851224,0.999024,0.000000,3.406972
-0.851224,1.007081,0.000000,3.406972
-0.846573,1.015137,0.000000,3.406972
-0.809361,1.015137,0.000000,3.406972
-0.837270,0.990967,0.000000,3.406972
-0.911694,1.031251,0.000000,3.406972
-0.841921,1.015137,0.000000,3.406972
-0.790755,0.999024,0.000000,3.406972
-0.814012,0.999024,0.000000,3.406972
-0.809361,1.015137,0.000000,3.406972
-0.846573,1.023194,0.000000,3.406972
-0.846573,1.007081,0.000000,3.406972
-0.804709,0.999024,0.000000,3.406972
-0.897739,1.015137,0.000000,3.406972
-0.841921,0.999024,0.000000,3.406972
-0.846573,1.015137,0.000000,3.406972
-0.814012,1.015137,0.000000,3.406972
-0.907042,1.015137,0.000000,3.406972
-0.809361,1.007081,0.000000,3.406972
-0.814012,1.007081,0.000000,3.406972
-0.818664,1.023194,0.000000,3.406972
-0.841921,0.999024,0.000000,3.406972
-0.841921,1.015137,0.000000,3.406972
-0.841921,1.007081,0.000000,3.406972
-0.851224,1.023194,0.000000,3.406972
-0.846573,1.015137,0.000000,3.406972
-0.846573,1.015137,0.000000,3.406972
-0.809361,0.999024,0.000000,3.406972
-0.841921,0.990967,0.000000,3.406972
-0.851224,1.023194,0.000000,3.406972
-0.851224,1.015137,0.000000,3.406972
-0.897739,1.023194,0.000000,3.406972
-0.846573,1.023194,0.000000,3.406972
-0.804709,1.007081,0.000000,3.406972
-0.860527,1.015137,0.000000,3.406972
-0.851224,1.015137,0.000000,3.406972
-0.846573,1.015137,0.000000,3.406972
-0.907042,1.023194,0.000000,3.406972
-0.860527,1.039307,0.000000,3.406972
-0.841921,1.007081,0.000000,3.406972
-0.804709,0.999024,0.000000,3.406972
-0.846573,1.007081,0.000000,3.406972
-0.809361,0.999024,0.000000,3.406972
-0.851224,1.015137,0.000000,3.406972
-0.814012,0.999024,0.000000,3.406972
-0.809361,1.015137,0.000000,3.406972
-0.851224,1.015137,0.000000,3.406972
-0.814012,1.007081,0.000000,3.406972
-0.818664,1.007081,0.000000,3.406972
-0.781452,0.982911,0.000000,3.406972
-0.841921,0.990967,0.000000,3.406972
-0.818664,1.015137,0.000000,3.406972
-0.911694,1.023194,0.000000,3.406972
-0.809361,0.999024,0.000000,3.406972
-0.916345,1.023194,0.000000,3.406972
-0.818664,1.023194,0.000000,3.406972
-0.841921,1.007081,0.000000,3.406972
-0.851224,1.023194,0.000000,3.406972
-0.911694,1.031251,0.000000,3.406972
-0.814012,1.007081,0.000000,3.406972
-0.837270,0.990967,0.000000,3.406972
-0.814012,1.023194,0.000000,3.406972
-0.814012,1.023194,0.000000,3.406972
-0.841921,1.007081,0.000000,3.406972
-0.851224,1.023194,0.000000,3.406972
-0.841921,0.999024,0.000000,3.406972
-0.902391,1.015137,0.000000,3.406972
-0.841921,1.015137,0.000000,3.406972
-0.846573,1.015137,0.000000,3.406972
-0.897739,1.015137,0.000000,3.406972
-0.841921,0.999024,0.000000,3.406972
-0.818664,1.015137,0.000000,3.406972
-0.846573,1.015137,0.000000,3.406972
-0.814012,1.023194,0.000000,3.406972
-0.818664,1.023194,0.000000,3.406972
-0.846573,1.023194,0.000000,3.406972
-0.846573,1.015137,0.000000,3.406972
-0.814012,0.999024,0.000000,3.406972
-0.907042,1.031251,0.000000,3.406972
-0.809361,1.007081,0.000000,3.406972
-0.814012,0.999024,0.000000,3.406972
-0.846573,1.007081,0.000000,3.406972
-0.846573,1.023194,0.000000,3.406972
-0.851224,1.023194,0.000000,3.406972
-0.902391,1.015137,0.000000,3.406972
-0.804709,0.999024,0.000000,3.406972
-0.907042,1.015137,0.000000,3.406972
-0.823315,1.023194,0.000000,3.406972
-0.911694,1.015137,0.000000,3.406972
-0.846573,1.015137,0.000000,3.406972
-0.841921,0.999024,0.000000,3.406972
-0.809361,0.999024,0.000000,3.406972
-0.851224,1.007081,0.000000,3.406972
-0.851224,1.023194,0.000000,3.406972
-0.860527,1.031251,0.000000,3.406972
-0.846573,1.007081,0.000000,3.406972
-0.809361,1.007081,0.000000,3.406972
-0.814012,1.023194,0.000000,3.406972
-0.846573,1.015137,0.000000,3.406972
-0.911694,1.031251,0.000000,3.406972
-0.846573,1.015137,0.000000,3.406972
-0.851224,1.015137,0.000000,3.406972
-0.907042,1.023194,0.000000,3.406972
-0.846573,1.015137,0.000000,3.406972
-0.855876,1.031251,0.000000,3.406972
-0.851224,1.015137,0.000000,3.406972
-0.911694,1.023194,0.000000,3.406972
-0.846573,1.015137,0.000000,3.406972
-0.855876,1.031251,0.000000,3.406972
-0.846573,1.015137,0.000000,3.406972
-0.851224,1.007081,0.000000,3.406972
-0.897739,0.999024,0.000000,3.406972
-0.851224,1.007081,0.000000,3.406972
-0.818664,1.015137,0.000000,3.406972
-0.851224,1.015137,0.000000,3.406972
-0.902391,1.015137,0.000000,3.406972
-0.814012,1.015137,0.000000,3.406972
-0.814012,1.007081,0.000000,3.406972
-0.841921,1.007081,0.000000,3.406972
-0.809361,0.990967,0.000000,3.406972
-0.916345,1.015137,0.000000,3.406972
-0.804709,1.015137,0.000000,3.406972
-0.846573,0.999024,0.000000,3.406972
-0.846573,1.015137,0.000000,3.406972
-0.814012,1.023194,0.000000,3.406972
-0.902391,1.015137,0.000000,3.406972
-0.846573,0.999024,0.000000,3.406972
-0.916345,1.031251,0.000000,3.406972
-0.809361,0.999024,0.000000,3.406972
-0.809361,0.990967,0.000000,3.406972
-0.907042,1.031251,0.000000,3.406972
-0.851224,1.015137,0.000000,3.406972
-0.911694,1.023194,0.000000,3.406972
-0.837270,0.999024,0.000000,3.406972
-0.841921,0.999024,0.000000,3.406972
-0.851224,1.015137,0.000000,3.406972
-0.855876,1.023194,0.000000,3.406972
-0.809361,0.999024,0.000000,3.406972
-0.846573,1.015137,0.000000,3.406972
-0.846573,1.015137,0.000000,3.406972
-0.841921,0.990967,0.000000,3.406972
-0.800058,0.982911,0.000000,3.406972
-0.907042,1.023194,0.000000,3.406972
-0.776800,0.990967,0.000000,3.406972
-0.841921,1.007081,0.000000,3.406972
-0.851224,1.007081,0.000000,3.406972
-0.841921,0.999024,0.000000,3.406972
-0.851224,1.023194,0.000000,3.406972
-0.781452,1.007081,0.000000,3.406972
-0.781452,0.982911,0.000000,3.406972
-0.809361,0.990967,0.000000,3.406972
-0.841921,0.999024,0.000000,3.406972
-0.800058,0.990967,0.000000,3.406972
-0.832618,0.974854,0.000000,3.406972
-0.837270,0.990967,0.000000,3.406972
-0.790755,0.958741,0.000000,3.406972
-0.762846,0.934571,0.000000,3.406972
-0.762846,0.934571,0.000000,3.406972
-0.748891,0.910401,0.000000,3.406972
-0.720982,0.878174,0.000000,3.406972
-0.679119,0.821778,0.000000,3.406972
-0.651210,0.781495,0.000000,3.406972
-0.618649,0.676758,0.000000,3.406972
-0.609346,0.604249,0.000000,3.406972
-0.618649,0.523682,0.000000,3.406972
-0.632604,0.443116,0.000000,3.406972
-0.655862,0.386719,0.000000,3.406972
-0.702377,0.306153,0.000000,3.406972
-0.748892,0.265870,0.000000,3.406972
-0.837270,0.225587,0.000000,3.406972
-1.009376,0.193360,0.000000,3.406972
-1.153573,0.185304,0.000000,3.406972
-0.958210,0.177247,0.000000,3.406972
-0.995422,0.161134,0.000000,3.406972
-1.339633,0.161134,0.000000,3.406972
-1.451269,0.145021,0.000000,3.406972
-1.483829,0.145021,0.000000,3.406972
-1.590814,0.153077,0.000000,3.406972
-1.665238,0.145021,0.000000,3.406972
-1.711753,0.153078,0.000000,3.406972
-1.707101,0.153078,0.000000,3.406972
-1.679192,0.153078,0.000000,3.406972
-1.637329,0.145021,0.000000,3.406972
-1.572208,0.096681,0.000000,3.406972
-1.353587,-0.016112,0.000000,3.406972
-1.200088,-0.056395,0.000000,3.406972
-0.609347,-0.153076,0.000000,3.406972
-0.511666,-0.330322,0.000000,3.406972
-0.325606,-0.684814,0.000000,3.406972
-0.260485,-1.047363,0.000000,3.406972
0.023256,-1.393799,0.000000,3.406972
-0.353516,-1.691894,0.000000,3.406972
-0.316304,-1.893310,0.000000,3.406972
-0.376773,-2.014160,0.000000,3.406972
-0.353516,-2.078613,0.000000,3.406972
-0.325607,-2.078613,0.000000,3.406972
-0.367470,-1.989990,0.000000,3.406972
-0.334910,-1.820800,0.000000,3.406972
-0.367470,-1.587158,0.000000,3.406972
-0.069774,-1.329346,0.000000,3.406972
-0.134894,-1.055420,0.000000,3.406972
0.134893,-0.870117,0.000000,3.406972
0.344210,-0.910401,0.000000,3.406972
0.553528,-1.087647,0.000000,3.406972
0.748891,-1.329346,0.000000,3.406972
0.967511,-1.595215,0.000000,3.406972
0.948905,-1.788575,0.000000,3.406972
0.972162,-1.925538,0.000000,3.406972
0.976814,-2.006104,0.000000,3.406972
1.074496,-2.070557,0.000000,3.406972
1.121011,-2.070557,0.000000,3.406972
-1.165388,1.925364,0.000000,3.406972
-1.185337,1.747833,0.000000,3.406972
-1.238910,1.542221,0.000000,3.406972
-1.230007,1.246800,0.000000,3.406972
-1.125323,1.009744,0.000000,3.406972
-1.250167,0.612882,0.000000,3.406972
-0.815589,0.484031,0.000000,3.406972
-0.747135,0.215806,0.000000,3.406972
-0.737402,-0.060156,0.000000,3.406972
-0.735095,-0.256731,0.000000,3.406972
-0.817453,-0.429164,0.000000,3.406972
-0.747824,-0.453011,0.000000,3.406972
-0.808306,-0.544979,0.000000,3.406972
-0.963583,-0.679482,0.000000,3.406972
-0.981603,-0.702218,0.000000,3.406972
-1.131159,-0.828264,0.000000,3.406972
-0.979001,-0.659046,0.000000,3.406972
-0.848840,-0.546159,0.000000,3.406972
-0.824140,-0.540301,0.000000,3.406972
-0.829240,-0.540966,0.000000,3.406972
-0.827661,-0.495848,0.000000,3.406972
-0.821797,-0.478528,0.000000,3.406972
-0.801910,-0.459604,0.000000,3.406972
-0.826530,-0.455632,0.000000,3.406972
-0.790700,-0.441967,0.000000,3.406972
-0.850525,-0.427661,0.000000,3.406972
-0.826824,-0.413498,0.000000,3.406972
-0.842579,-0.412697,0.000000,3.406972
-0.840570,-0.391476,0.000000,3.406972
-0.840701,-0.372758,0.000000,3.406972
-0.828292,-0.366973,0.000000,3.406972
-0.818342,-0.328955,0.000000,3.406972
-0.824490,-0.310835,0.000000,3.406972
-0.813549,-0.273050,0.000000,3.406972
-0.798790,-0.260558,0.000000,3.406972
-0.775673,-0.199143,0.000000,3.406972
-0.768481,-0.149226,0.000000,3.406972
-0.830296,-0.119000,0.000000,3.406972
-0.801216,-0.030623,0.000000,3.406972
-0.805745,0.045073,0.000000,3.406972
-0.817901,0.084589,0.000000,3.406972
-0.843888,0.181935,0.000000,3.406972
-0.856079,0.249450,0.000000,3.406972
-0.902259,0.335651,0.000000,3.406972
-0.900587,0.405146,0.000000,3.406972
-0.938622,0.462284,0.000000,3.406972
-0.968572,0.579204,0.000000,3.406972
-0.974614,0.640754,0.000000,3.406972
-0.994239,0.716870,0.000000,3.406972
-0.939917,0.876025,0.000000,3.406972
-1.348969,0.822078,0.000000,3.406972
-1.553669,0.877905,0.000000,3.406972
-1.503496,1.132280,0.000000,3.406972
-1.362480,1.415361,0.000000,3.406972
-1.483436,1.593536,0.000000,3.406972
-1.449760,1.835790,0.000000,3.406972
-1.328195,2.046566,0.000000,3.406972
-1.335373,2.190522,0.000000,3.406972
-1.201563,2.338975,0.000000,3.406972
1.102404,-2.255860,0.000000,3.406972
0.981465,-2.078614,0.000000,3.406972
0.967511,-1.981934,0.000000,3.406972
0.976814,-1.917481,0.000000,3.406972
0.958208,-1.796631,0.000000,3.406972
0.818663,-1.643555,0.000000,3.406972
0.920996,-1.434083,0.000000,3.406972
0.344210,-1.232666,0.000000,3.406972
0.316301,-1.039307,0.000000,3.406972
0.093029,-0.982910,0.000000,3.406972
-0.079076,-1.103760,0.000000,3.406972
-0.237228,-1.345459,0.000000,3.406972
0.004650,-1.603271,0.000000,3.406972
-0.413985,-1.836913,0.000000,3.406972
-0.358167,-2.006103,0.000000,3.406972
-0.413986,-2.135009,0.000000,3.406972
-0.460501,-2.215575,0.000000,3.406972
-0.432592,-2.255859,0.000000,3.406972
-0.409334,-2.271972,0.000000,3.406972
-0.427940,-2.191406,0.000000,3.406972
-0.460500,-2.046386,0.000000,3.406972
-0.395379,-1.869140,0.000000,3.406972
-0.423288,-1.595214,0.000000,3.406972
-0.065122,-1.216553,0.000000,3.406972
-0.400030,-0.741211,0.000000,3.406972
-0.604696,-0.338378,0.000000,3.406972
-0.939604,-0.088622,0.000000,3.406972
-1.311724,0.008058,0.000000,3.406972
-1.586162,0.064454,0.000000,3.406972
-1.674541,0.112794,0.000000,3.406972
-1.846647,0.201418,0.000000,3.406972
-1.851298,0.225587,0.000000,3.406972
-1.832692,0.225587,0.000000,3.406972
-1.772223,0.209474,0.000000,3.406972
-1.614071,0.209474,0.000000,3.406972
-1.367542,0.209474,0.000000,3.406972
-0.818664,0.241700,0.000000,3.406972
-0.851225,0.338380,0.000000,3.406972
-0.651210,0.588135,0.000000,3.406972
-0.674467,0.942627,0.000000,3.406972
-0.953557,1.305176,0.000000,3.406972
-0.665164,1.579102,0.000000,3.406972
-1.134965,1.804688,0.000000,3.406972
-1.251253,1.957765,0.000000,3.406972
-1.362889,2.062501,0.000000,3.406972
-1.381495,2.118897,0.000000,3.406972
-1.353586,2.143067,0.000000,3.406972
-1.339631,2.135011,0.000000,3.406972
-1.273214,2.184522,0.000000,3.406972
-1.220224,2.157167,0.000000,3.406972
-1.159012,2.177353,0.000000,3.406972
-1.073875,2.190204,0.000000,3.406972
-1.038454,2.157429,0.000000,3.406972
-0.922800,2.115709,0.000000,3.406972
-0.816135,2.082429,0.000000,3.406972
-0.654411,1.998106,0.000000,3.406972
-0.573491,1.911735,0.000000,3.406972
-0.512035,1.811815,0.000000,3.406972
-0.171137,1.602944,0.000000,3.406972
0.119752,1.355921,0.000000,3.406972
-0.136662,1.321107,0.000000,3.406972
0.083066,1.099656,0.000000,3.406972
0.262284,0.954822,0.000000,3.406972
0.430398,0.848952,0.000000,3.406972
0.678190,0.771732,0.000000,3.406972
0.842016,0.769801,0.000000,3.406972
0.951629,0.828645,0.000000,3.406972
1.101725,0.845541,0.000000,3.406972
1.498050,0.602238,0.000000,3.406972
1.594449,0.584700,0.000000,3.406972
1.576435,0.681373,0.000000,3.406972
1.575871,0.719210,0.000000,3.406972
1.557937,0.762526,0.000000,3.406972
1.598304,0.766016,0.000000,3.406972
1.623979,0.772334,0.000000,3.406972
1.730785,0.669492,0.000000,3.406972
1.706052,0.703896,0.000000,3.406972
1.747009,0.678738,0.000000,3.406972
1.764674,0.663520,0.000000,3.406972
1.820411,0.645897,0.000000,3.406972
1.813315,0.632508,0.000000,3.406972
1.840499,0.638828,0.000000,3.406972
1.852975,0.630994,0.000000,3.406972
1.899143,0.615455,0.000000,3.406972
1.925254,0.618201,0.000000,3.406972
1.951778,0.620346,0.000000,3.406972
2.005652,0.621569,0.000000,3.406972
2.054789,0.618756,0.000000,3.406972
2.026937,0.547949,0.000000,3.406972
2.125632,0.528236,0.000000,3.406972
2.188802,0.477523,0.000000,3.406972
2.205026,0.416880,0.000000,3.406972
2.278999,0.329272,0.000000,3.406972
2.277304,0.327029,0.000000,3.406972
2.276993,0.273742,0.000000,3.406972
2.277356,0.253235,0.000000,3.406972
2.349554,0.174885,0.000000,3.406972
2.350015,0.168579,0.000000,3.406972
2.339245,0.159955,0.000000,3.406972
2.343463,0.124490,0.000000,3.406972
2.337754,0.151425,0.000000,3.406972
2.340457,0.141110,0.000000,3.406972
2.341517,0.122258,0.000000,3.406972
2.341517,0.122258,0.000000,3.406972
2.334487,0.118322,0.000000,3.406972
2.334796,0.112054,0.000000,3.406972
2.333460,0.137117,0.000000,3.406972
2.340187,0.107472,0.000000,3.406972
2.333820,0.130851,0.000000,3.406972
2.331526,0.134897,0.000000,3.406972
2.330767,0.147413,0.000000,3.406972
2.338152,0.145150,0.000000,3.406972
2.330363,0.153670,0.000000,3.406972
2.333083,0.143379,0.000000,3.406972
2.337754,0.151425,0.000000,3.406972
2.326691,0.176442,0.000000,3.406972
2.329051,0.172433,0.000000,3.406972
2.326691,0.176442,0.000000,3.406972
2.310863,0.193094,0.000000,3.406972
2.273835,0.248945,0.000000,3.406972
2.246318,0.262390,0.000000,3.406972
2.238462,0.308457,0.000000,3.406972
2.228337,0.313965,0.000000,3.406972
2.224837,0.337874,0.000000,3.406972
2.128682,0.439871,0.000000,3.406972
2.056111,0.547235,0.000000,3.406972
1.890899,0.534236,0.000000,3.406972
1.809740,0.621513,0.000000,3.406972
1.684326,0.619835,0.000000,3.406972
1.406428,0.734503,0.000000,3.406972
1.361597,0.591067,0.000000,3.406972
1.150805,0.658525,0.000000,3.406972
1.012745,0.792490,0.000000,3.406972
0.979526,0.787847,0.000000,3.406972
0.857150,0.836159,0.000000,3.406972
0.842771,0.799109,0.000000,3.406972
0.772000,0.773027,0.000000,3.406972
0.695224,0.753630,0.000000,3.406972
0.567788,0.764220,0.000000,3.406972
0.450991,0.782679,0.000000,3.406972
0.333122,0.860240,0.000000,3.406972
0.152298,0.979436,0.000000,3.406972
0.038772,1.086239,0.000000,3.406972
-0.124153,1.284814,0.000000,3.406972
-0.297442,1.479076,0.000000,3.406972
0.030743,1.472018,0.000000,3.406972
-0.355590,1.696039,0.000000,3.406972
-0.620584,1.900389,0.000000,3.406972
-0.715650,1.980592,0.000000,3.406972
-0.974211,2.040277,0.000000,3.406972
-1.127477,2.108620,0.000000,3.406972
-1.214927,2.047547,0.000000,3.406972
-1.297768,1.965821,0.000000,3.406972
-1.269859,1.836915,0.000000,3.406972
-1.116359,1.603272,0.000000,3.406972
-0.981466,1.264893,0.000000,3.406972
-0.544225,0.886231,0.000000,3.406972
-0.604695,0.459229,0.000000,3.406972
-0.758195,0.201417,0.000000,3.406972
-1.139618,0.145020,0.000000,3.406972
-1.241951,0.120851,0.000000,3.406972
-1.479178,0.128907,0.000000,3.406972
-1.655935,0.128908,0.000000,3.406972
-1.688495,0.136964,0.000000,3.406972
-1.655935,0.145021,0.000000,3.406972
-1.623374,0.136964,0.000000,3.406972
-1.539647,-0.016112,0.000000,3.406972
-1.325678,-0.008056,0.000000,3.406972
-1.214042,-0.056395,0.000000,3.406972
-0.623302,-0.112792,0.000000,3.406972
-0.674468,-0.225585,0.000000,3.406972
-0.395378,-0.443115,0.000000,3.406972
-0.344212,-0.668701,0.000000,3.406972
-0.255833,-0.942627,0.000000,3.406972
-0.320955,-1.152099,0.000000,3.406972
-0.000001,-1.369629,0.000000,3.406972
-0.307000,-1.530761,0.000000,3.406972
-0.376773,-1.659667,0.000000,3.406972
-0.311652,-1.756347,0.000000,3.406972
-0.344213,-1.844970,0.000000,3.406972
-0.344213,-1.885253,0.000000,3.406972
-0.372122,-1.941650,0.000000,3.406972
-0.404682,-2.014160,0.000000,3.406972
-0.413985,-2.038330,0.000000,3.406972
-0.418637,-2.022216,0.000000,3.406972
-0.409334,-2.054443,0.000000,3.406972
-0.404682,-2.070556,0.000000,3.406972
-0.386076,-2.086669,0.000000,3.406972
-0.390728,-2.118896,0.000000,3.406972
-0.381425,-2.126953,0.000000,3.406972
-0.376773,-2.118896,0.000000,3.406972
-0.353516,-2.159179,0.000000,3.406972
-0.381425,-2.135009,0.000000,3.406972
-0.367470,-2.086669,0.000000,3.406972
-0.386076,-2.022216,0.000000,3.406972
-0.372122,-1.941650,0.000000,3.406972
-0.293046,-1.796630,0.000000,3.406972
-0.344213,-1.611328,0.000000,3.406972
-0.139546,-1.377685,0.000000,3.406972
-0.055819,-1.144043,0.000000,3.406972
0.041863,-0.926514,0.000000,3.406972
0.279089,-0.870117,0.000000,3.406972
0.488407,-1.007080,0.000000,3.406972
0.553528,-1.281006,0.000000,3.406972
0.925648,-1.530762,0.000000,3.406972
1.023329,-1.772462,0.000000,3.406972
0.962860,-1.941651,0.000000,3.406972
1.060541,-2.030274,0.000000,3.406972
1.102405,-2.030274,0.000000,3.406972
-1.167329,1.824948,0.000000,3.406972
-1.133323,1.530621,0.000000,3.406972
-1.094104,1.093162,0.000000,3.406972
-1.209993,0.517981,0.000000,3.406972
-0.707101,0.116589,0.000000,3.406972
-0.783624,-0.370691,0.000000,3.406972
-0.819183,-0.666412,0.000000,3.406972
-1.014945,-1.123874,0.000000,3.406972
-1.021649,-1.456492,0.000000,3.406972
-0.791174,-1.767194,0.000000,3.406972
-0.495457,-1.616539,0.000000,3.406972
-0.171504,-1.348996,0.000000,3.406972
0.095352,-1.095710,0.000000,3.406972
0.508776,-0.476938,0.000000,3.406972
0.993843,-0.344028,0.000000,3.406972
1.532796,-0.605048,0.000000,3.406972
1.848814,-0.198267,0.000000,3.406972
2.057200,0.010272,0.000000,3.406972
2.099709,0.143969,0.000000,3.406972
1.909730,0.412148,0.000000,3.406972
1.676957,0.577644,0.000000,3.406972
1.359433,0.647793,0.000000,3.406972
1.276452,0.485589,0.000000,3.406972
0.669554,0.747262,0.000000,3.406972
0.494540,0.735430,0.000000,3.406972
0.303792,0.839884,0.000000,3.406972
0.202797,0.936884,0.000000,3.406972
0.153284,1.000852,0.000000,3.406972
0.175728,0.985633,0.000000,3.406972
0.225893,0.957007,0.000000,3.406972
0.171698,0.981296,0.000000,3.406972
0.225951,0.928151,0.000000,3.406972
0.230620,0.936222,0.000000,3.406972
0.273301,0.915824,0.000000,3.406972
0.316501,0.892642,0.000000,3.406972
0.342949,0.880500,0.000000,3.406972
0.362084,0.870683,0.000000,3.406972
0.432696,0.839010,0.000000,3.406972
0.538278,0.784734,0.000000,3.406972
0.546203,0.789597,0.000000,3.406972
0.583736,0.756112,0.000000,3.406972
0.583034,0.774361,0.000000,3.406972
0.615467,0.771989,0.000000,3.406972
0.601690,0.781239,0.000000,3.406972
0.636475,0.787136,0.000000,3.406972
0.664223,0.767327,0.000000,3.406972
0.715143,0.771513,0.000000,3.406972
0.746376,0.747964,0.000000,3.406972
0.765963,0.763184,0.000000,3.406972
0.790148,0.767446,0.000000,3.406972
0.820249,0.784395,0.000000,3.406972
0.850634,0.788021,0.000000,3.406972
0.905368,0.794840,0.000000,3.406972
0.940711,0.843048,0.000000,3.406972
1.045309,0.828838,0.000000,3.406972
1.448677,0.581423,0.000000,3.406972
1.596552,0.542767,0.000000,3.406972
1.599254,0.637621,0.000000,3.406972
1.627894,0.742768,0.000000,3.406972
1.707154,0.793034,0.000000,3.406972
1.946259,0.645149,0.000000,3.406972
2.065113,0.641799,0.000000,3.406972
2.210084,0.533289,0.000000,3.406972
2.349268,0.451331,0.000000,3.406972
2.456340,0.199820,0.000000,3.406972
2.440265,0.086531,0.000000,3.406972
2.249322,-0.048756,0.000000,3.406972
2.139404,-0.065709,0.000000,3.406972
2.079163,-0.129833,0.000000,3.406972
1.954045,-0.212607,0.000000,3.406972
1.760476,-0.236487,0.000000,3.406972
1.580267,-0.425064,0.000000,3.406972
1.329936,-0.691564,0.000000,3.406972
0.915938,-0.395858,0.000000,3.406972
0.558170,-0.582989,0.000000,3.406972
0.269580,-0.811792,0.000000,3.406972
0.097011,-1.086034,0.000000,3.406972
-0.010729,-1.201589,0.000000,3.406972
-0.230334,-1.749137,0.000000,3.406972
-0.385725,-1.863851,0.000000,3.406972
-0.541081,-1.935840,0.000000,3.406972
-0.696042,-1.949259,0.000000,3.406972
-0.875620,-2.013498,0.000000,3.406972
-1.019038,-2.002315,0.000000,3.406972
-1.093132,-1.816857,0.000000,3.406972
-1.250347,-1.410571,0.000000,3.406972
-1.181383,-1.114836,0.000000,3.406972
-1.251480,-0.907233,0.000000,3.406972
-0.881396,-0.215576,0.000000,3.406972
-0.991572,0.337786,0.000000,3.406972
-1.234611,0.928242,0.000000,3.406972
-1.824901,1.312589,0.000000,3.406972
-1.621060,1.901765,0.000000,3.406972
-1.367302,2.264273,0.000000,3.406972
1.214040,-2.416993,0.000000,3.406972
1.037283,-2.223634,0.000000,3.406972
0.930299,-1.861085,0.000000,3.406972
0.911693,-1.377686,0.000000,3.406972
0.176756,-1.047363,0.000000,3.406972
-0.158152,-1.248779,0.000000,3.406972
-0.190713,-1.716064,0.000000,3.406972
-0.446546,-2.078613,0.000000,3.406972
-0.483758,-2.288085,0.000000,3.406972
-0.465152,-2.336425,0.000000,3.406972
-0.460501,-2.239745,0.000000,3.406972
-0.469804,-2.070556,0.000000,3.406972
-0.367470,-1.732177,0.000000,3.406972
-0.134895,-1.313232,0.000000,3.406972
-0.437242,-0.878173,0.000000,3.406972
-0.493060,-0.418945,0.000000,3.406972
-0.804710,-0.145019,0.000000,3.406972
-1.083800,-0.056396,0.000000,3.406972
-0.972164,0.016114,0.000000,3.406972
-1.530344,0.048341,0.000000,3.406972
-1.567557,0.056398,0.000000,3.406972
-1.660586,0.072511,0.000000,3.406972
-1.711753,0.000001,0.000000,3.406972
-1.758268,0.169191,0.000000,3.406972
-1.772223,0.193361,0.000000,3.406972
-1.753616,0.193361,0.000000,3.406972
-1.758268,0.193361,0.000000,3.406972
-1.758268,0.185304,0.000000,3.406972
-1.753616,0.201417,0.000000,3.406972
-1.753616,0.193361,0.000000,3.406972
-1.758268,0.201417,0.000000,3.406972
-1.758268,0.201417,0.000000,3.406972
-1.758268,0.201417,0.000000,3.406972
-1.748965,0.193361,0.000000,3.406972
-1.758268,0.201417,0.000000,3.406972
-1.748965,0.193361,0.000000,3.406972
-1.753616,0.193361,0.000000,3.406972
-1.748965,0.193361,0.000000,3.406972
-1.739662,0.185304,0.000000,3.406972
-1.716404,0.185304,0.000000,3.406972
-1.674541,0.185304,0.000000,3.406972
-1.604768,0.185304,0.000000,3.406972
-1.516390,0.177247,0.000000,3.406972
-1.558253,0.193361,0.000000,3.406972
-1.432663,0.201417,0.000000,3.406972
-1.121012,0.201417,0.000000,3.406972
-0.925649,0.217530,0.000000,3.406972
-1.074497,0.241700,0.000000,3.406972
-0.818664,0.306153,0.000000,3.406972
-0.688422,0.386719,0.000000,3.406972
-0.637255,0.523682,0.000000,3.406972
-0.632604,0.660645,0.000000,3.406972
-0.641907,0.805664,0.000000,3.406972
-0.697725,0.942627,0.000000,3.406972
-0.814012,1.031251,0.000000,3.406972
-0.939603,1.111817,0.000000,3.406972
-1.014027,1.184327,0.000000,3.406972
-0.553528,1.216553,0.000000,3.406972
-0.507013,1.272950,0.000000,3.406972
-0.595391,1.281006,0.000000,3.406972
-0.586088,1.337403,0.000000,3.406972
-0.581437,1.329346,0.000000,3.406972
-0.595391,1.361573,0.000000,3.406972
-0.688421,1.385743,0.000000,3.406972
-0.790754,1.434083,0.000000,3.406972
-0.879133,1.466309,0.000000,3.406972
-0.893087,1.498536,0.000000,3.406972
-1.093102,1.538819,0.000000,3.406972
-1.088450,1.587159,0.000000,3.406972
-1.102405,1.603272,0.000000,3.406972
-1.116359,1.619385,0.000000,3.406972
-1.227995,1.651612,0.000000,3.406972
-1.209389,1.659669,0.000000,3.406972
-1.232647,1.659669,0.000000,3.406972
-1.102405,1.643555,0.000000,3.406972
-1.200086,1.659669,0.000000,3.406972
-1.102405,1.635499,0.000000,3.406972
-1.069844,1.619385,0.000000,3.406972
-1.195435,1.627442,0.000000,3.406972
-1.107056,1.611329,0.000000,3.406972
-1.111708,1.571046,0.000000,3.406972
-1.079147,1.562989,0.000000,3.406972
-1.093102,1.530762,0.000000,3.406972
-1.060542,1.498536,0.000000,3.406972
-0.981466,1.466309,0.000000,3.406972
-0.865178,1.401856,0.000000,3.406972
-0.674467,1.337403,0.000000,3.406972
-0.562831,1.240723,0.000000,3.406972
-0.530270,1.168213,0.000000,3.406972
-0.832618,1.079590,0.000000,3.406972
-0.925648,1.023194,0.000000,3.406972
-0.800058,0.966797,0.000000,3.406972
-0.790755,0.942627,0.000000,3.406972
-0.762846,0.926514,0.000000,3.406972
-0.683770,0.837891,0.000000,3.406972
-0.623301,0.692872,0.000000,3.406972
-0.609346,0.563965,0.000000,3.406972
-0.627953,0.467286,0.000000,3.406972
-0.632604,0.515625,0.000000,3.406972
-0.637255,0.483399,0.000000,3.406972
-0.623301,0.515625,0.000000,3.406972
-0.627953,0.515625,0.000000,3.406972
-0.627953,0.499512,0.000000,3.406972
-0.627952,0.539795,0.000000,3.406972
-0.632604,0.491456,0.000000,3.406972
-0.632604,0.483399,0.000000,3.406972
-0.618649,0.507569,0.000000,3.406972
-0.623301,0.499512,0.000000,3.406972
-0.627953,0.507569,0.000000,3.406972
-0.627953,0.515625,0.000000,3.406972
-0.623301,0.499512,0.000000,3.406972
-0.623301,0.507569,0.000000,3.406972
-0.618649,0.515625,0.000000,3.406972
-0.627953,0.499512,0.000000,3.406972
-0.623301,0.483399,0.000000,3.406972
-0.627953,0.515625,0.000000,3.406972
-0.623301,0.507569,0.000000,3.406972
-0.618649,0.523682,0.000000,3.406972
-0.632604,0.515625,0.000000,3.406972
-0.632604,0.523682,0.000000,3.406972
-0.627953,0.523682,0.000000,3.406972
-0.637255,0.507569,0.000000,3.406972
-0.627953,0.499512,0.000000,3.406972
-0.632604,0.499512,0.000000,3.406972
-0.627953,0.515625,0.000000,3.406972
-0.627953,0.531739,0.000000,3.406972
-0.623301,0.523682,0.000000,3.406972
-0.618649,0.515625,0.000000,3.406972
-0.632604,0.507569,0.000000,3.406972
-0.627953,0.507569,0.000000,3.406972
-0.623301,0.507569,0.000000,3.406972
-0.623301,0.515625,0.000000,3.406972
-0.632604,0.491456,0.000000,3.406972
-0.632604,0.499512,0.000000,3.406972
-0.637255,0.499512,0.000000,3.406972
-0.632604,0.507569,0.000000,3.406972
-0.637255,0.499512,0.000000,3.406972
-0.627953,0.523682,0.000000,3.406972
-0.627953,0.515625,0.000000,3.406972
-0.632604,0.499512,0.000000,3.406972
-0.632604,0.499512,0.000000,3.406972
-0.623301,0.515625,0.000000,3.406972
-0.632604,0.499512,0.000000,3.406972
-0.632604,0.499512,0.000000,3.406972
-0.618649,0.531739,0.000000,3.406972
-0.632604,0.499512,0.000000,3.406972
-0.623301,0.531739,0.000000,3.406972
-0.627953,0.507569,0.000000,3.406972
-0.632604,0.507569,0.000000,3.406972
-0.632604,0.499512,0.000000,3.406972
-0.627953,0.523682,0.000000,3.406972
-0.632604,0.507569,0.000000,3.406972
-0.632604,0.507569,0.000000,3.406972
-0.627953,0.507569,0.000000,3.406972
-0.623301,0.507569,0.000000,3.406972
-0.623301,0.515625,0.000000,3.406972
-0.627953,0.531739,0.000000,3.406972
-0.623301,0.507569,0.000000,3.406972
-0.632604,0.515625,0.000000,3.406972
-0.623301,0.523682,0.000000,3.406972
-0.632604,0.515625,0.000000,3.406972
-0.623301,0.515625,0.000000,3.406972
-0.623301,0.523682,0.000000,3.406972
-0.627953,0.507569,0.000000,3.406972
-0.632604,0.499512,0.000000,3.406972
-0.623301,0.507569,0.000000,3.406972
-0.632604,0.499512,0.000000,3.406972
-0.627953,0.507569,0.000000,3.406972
-0.623301,0.499512,0.000000,3.406972
-0.627953,0.499512,0.000000,3.406972
-0.632604,0.507569,0.000000,3.406972
-0.613998,0.515625,0.000000,3.406972
-0.627953,0.491456,0.000000,3.406972
-0.623301,0.507569,0.000000,3.406972
-0.623301,0.515625,0.000000,3.406972
-0.632604,0.499512,0.000000,3.406972
-0.627953,0.467286,0.000000,3.406972
-0.623301,0.531739,0.000000,3.406972
-0.641907,0.499512,0.000000,3.406972
-0.632604,0.523682,0.000000,3.406972
-0.627953,0.499512,0.000000,3.406972
-0.623301,0.507569,0.000000,3.406972
-0.627953,0.499512,0.000000,3.406972
-0.623301,0.531739,0.000000,3.406972
-0.623301,0.531739,0.000000,3.406972
-0.632604,0.499512,0.000000,3.406972
-0.623301,0.531739,0.000000,3.406972
-0.627952,0.539795,0.000000,3.406972
-0.627953,0.523682,0.000000,3.406972
-0.637255,0.515625,0.000000,3.406972
-0.627953,0.515625,0.000000,3.406972
-0.623301,0.547852,0.000000,3.406972
-0.627953,0.523682,0.000000,3.406972
-0.618649,0.515625,0.000000,3.406972
-0.627953,0.507569,0.000000,3.406972
-0.623301,0.515625,0.000000,3.406972
-0.632604,0.515625,0.000000,3.406972
-0.627953,0.507569,0.000000,3.406972
-0.627953,0.531739,0.000000,3.406972
-0.627953,0.499512,0.000000,3.406972
-0.632604,0.491456,0.000000,3.406972
-0.627953,0.515625,0.000000,3.406972
-0.632604,0.491456,0.000000,3.406972
-0.627953,0.531739,0.000000,3.406972
-0.632604,0.507569,0.000000,3.406972
-0.618649,0.523682,0.000000,3.406972
-0.618649,0.507569,0.000000,3.406972
-0.623301,0.515625,0.000000,3.406972
-0.632604,0.499512,0.000000,3.406972
-0.627953,0.515625,0.000000,3.406972
-0.623301,0.531739,0.000000,3.406972
-0.627953,0.523682,0.000000,3.406972
-0.637255,0.499512,0.000000,3.406972
-0.632604,0.507569,0.000000,3.406972
-0.627953,0.507569,0.000000,3.406972
-0.623301,0.515625,0.000000,3.406972
-0.627953,0.507569,0.000000,3.406972
-0.627953,0.515625,0.000000,3.406972
-0.627953,0.499512,0.000000,3.406972
-0.637255,0.507569,0.000000,3.406972
-0.637255,0.515625,0.000000,3.406972
-0.632604,0.515625,0.000000,3.406972
-0.623301,0.531739,0.000000,3.406972
-0.632604,0.499512,0.000000,3.406972
-0.627953,0.531739,0.000000,3.406972
-0.627953,0.507569,0.000000,3.406972
-0.632604,0.515625,0.000000,3.406972
-0.632604,0.515625,0.000000,3.406972
-0.623301,0.523682,0.000000,3.406972
-0.627953,0.531739,0.000000,3.406972
-0.632604,0.507569,0.000000,3.406972
-0.632604,0.507569,0.000000,3.406972
-0.637255,0.507569,0.000000,3.406972
-0.623301,0.539795,0.000000,3.406972
-0.627953,0.515625,0.000000,3.406972
-0.679119,0.507569,0.000000,3.406972
-0.627953,0.499512,0.000000,3.406972
-0.632604,0.499512,0.000000,3.406972
-0.623301,0.515625,0.000000,3.406972
-0.627953,0.531739,0.000000,3.406972
-0.623301,0.531739,0.000000,3.406972
-0.623301,0.531739,0.000000,3.406972
-0.632604,0.507569,0.000000,3.406972
-0.627953,0.507569,0.000000,3.406972
-0.627953,0.531739,0.000000,3.406972
-0.632604,0.515625,0.000000,3.406972
-0.627953,0.515625,0.000000,3.406972
-0.627953,0.515625,0.000000,3.406972
-0.627953,0.515625,0.000000,3.406972
-0.623301,0.515625,0.000000,3.406972
-0.627953,0.515625,0.000000,3.406972
-0.627953,0.507569,0.000000,3.406972
-0.627953,0.515625,0.000000,3.406972
-0.623301,0.531739,0.000000,3.406972
-0.627953,0.499512,0.000000,3.406972
-0.627953,0.483399,0.000000,3.406972
-0.623301,0.499512,0.000000,3.406972
-0.627953,0.515625,0.000000,3.406972
-0.627953,0.523682,0.000000,3.406972
-0.627953,0.515625,0.000000,3.406972
-0.632604,0.499512,0.000000,3.406972
-0.627953,0.515625,0.000000,3.406972
-0.632604,0.507569,0.000000,3.406972
-0.637255,0.499512,0.000000,3.406972
-0.627953,0.499512,0.000000,3.406972
-0.632604,0.499512,0.000000,3.406972
-0.632604,0.523682,0.000000,3.406972
-0.627953,0.523682,0.000000,3.406972
-0.627953,0.499512,0.000000,3.406972
-0.618649,0.523682,0.000000,3.406972
-0.623301,0.515625,0.000000,3.406972
-0.627953,0.531739,0.000000,3.406972
-0.623301,0.539795,0.000000,3.406972
-0.632604,0.515625,0.000000,3.406972
-0.632604,0.507569,0.000000,3.406972
-0.627953,0.531739,0.000000,3.406972
-0.623301,0.531739,0.000000,3.406972
-0.627953,0.515625,0.000000,3.406972
-0.623301,0.515625,0.000000,3.406972
-0.618649,0.523682,0.000000,3.406972
-0.632604,0.483399,0.000000,3.406972
-0.618649,0.515625,0.000000,3.406972
-0.623301,0.507569,0.000000,3.406972
-0.627953,0.515625,0.000000,3.406972
-0.627953,0.515625,0.000000,3.406972
-0.623301,0.515625,0.000000,3.406972
-0.632604,0.491456,0.000000,3.406972
-0.627953,0.507569,0.000000,3.406972
-0.637255,0.515625,0.000000,3.406972
-0.637255,0.507569,0.000000,3.406972
-0.627953,0.523682,0.000000,3.406972
-0.618649,0.523682,0.000000,3.406972
-0.632604,0.523682,0.000000,3.406972
-0.623301,0.499512,0.000000,3.406972
-0.637255,0.499512,0.000000,3.406972
-0.623301,0.507569,0.000000,3.406972
-0.623301,0.499512,0.000000,3.406972
-0.627953,0.491456,0.000000,3.406972
-0.623301,0.531739,0.000000,3.406972
-0.623301,0.499512,0.000000,3.406972
-0.623301,0.523682,0.000000,3.406972
-0.623301,0.507569,0.000000,3.406972
-0.627952,0.547852,0.000000,3.406972
-0.632604,0.531739,0.000000,3.406972
-0.641907,0.507569,0.000000,3.406972
-0.632604,0.515625,0.000000,3.406972
-0.637255,0.499512,0.000000,3.406972
-0.618649,0.507569,0.000000,3.406972
-0.641907,0.507569,0.000000,3.406972
-0.632604,0.491456,0.000000,3.406972
-0.623301,0.515625,0.000000,3.406972
-0.623301,0.515625,0.000000,3.406972
-0.627953,0.531739,0.000000,3.406972
-0.637255,0.507569,0.000000,3.406972
-0.637255,0.499512,0.000000,3.406972
-0.637255,0.499512,0.000000,3.406972
-0.627953,0.507569,0.000000,3.406972
-0.632604,0.515625,0.000000,3.406972
-0.623301,0.499512,0.000000,3.406972
-0.618649,0.507569,0.000000,3.406972
-0.623301,0.515625,0.000000,3.406972
-0.623301,0.515625,0.000000,3.406972
-0.632604,0.499512,0.000000,3.406972
-0.627953,0.515625,0.000000,3.406972
-0.627953,0.515625,0.000000,3.406972
-0.623301,0.523682,0.000000,3.406972
-0.627953,0.523682,0.000000,3.406972
-0.627953,0.507569,0.000000,3.406972
-0.632604,0.515625,0.000000,3.406972
-0.627953,0.507569,0.000000,3.406972
-0.632604,0.499512,0.000000,3.406972
-0.632604,0.507569,0.000000,3.406972
-0.623301,0.523682,0.000000,3.406972
-0.627953,0.515625,0.000000,3.406972
-0.623301,0.515625,0.000000,3.406972
-0.627953,0.499512,0.000000,3.406972
-0.627953,0.531739,0.000000,3.406972
-0.627953,0.491456,0.000000,3.406972
-0.623301,0.531739,0.000000,3.406972
-0.627953,0.515625,0.000000,3.406972
-0.637255,0.499512,0.000000,3.406972
-0.623301,0.523682,0.000000,3.406972
-0.627953,0.507569,0.000000,3.406972
-0.627953,0.515625,0.000000,3.406972
-0.627953,0.523682,0.000000,3.406972
-0.623301,0.523682,0.000000,3.406972
-0.627953,0.507569,0.000000,3.406972
-0.618649,0.491456,0.000000,3.406972
-0.627953,0.499512,0.000000,3.406972
-0.627953,0.523682,0.000000,3.406972
-0.623301,0.515625,0.000000,3.406972
-0.623301,0.507569,0.000000,3.406972
-0.632604,0.507569,0.000000,3.406972
-0.627953,0.515625,0.000000,3.406972
-0.618649,0.507569,0.000000,3.406972
-0.627952,0.539795,0.000000,3.406972
-0.623301,0.531739,0.000000,3.406972
-0.627953,0.523682,0.000000,3.406972
-0.623301,0.531739,0.000000,3.406972
-0.623301,0.491456,0.000000,3.406972
-0.627953,0.531739,0.000000,3.406972
-0.623301,0.507569,0.000000,3.406972
-0.623301,0.523682,0.000000,3.406972
-0.627953,0.507569,0.000000,3.406972
-0.637255,0.515625,0.000000,3.406972
-0.627953,0.483399,0.000000,3.406972
-0.623301,0.515625,0.000000,3.406972
-0.627953,0.499512,0.000000,3.406972
-0.623301,0.515625,0.000000,3.406972
-0.627953,0.507569,0.000000,3.406972
-0.618649,0.531739,0.000000,3.406972
-0.627953,0.531739,0.000000,3.406972
-0.623301,0.515625,0.000000,3.406972
-0.618649,0.507569,0.000000,3.406972
-0.627953,0.515625,0.000000,3.406972
-0.627953,0.507569,0.000000,3.406972
-0.627953,0.523682,0.000000,3.406972
-0.623301,0.507569,0.000000,3.406972
-0.627953,0.523682,0.000000,3.406972
-0.627953,0.531739,0.000000,3.406972
-0.623301,0.507569,0.000000,3.406972
-0.623301,0.507569,0.000000,3.406972
-0.632604,0.515625,0.000000,3.406972
-0.627953,0.515625,0.000000,3.406972
-0.641907,0.491456,0.000000,3.406972
-0.623301,0.523682,0.000000,3.406972
-0.623301,0.531739,0.000000,3.406972
-0.627953,0.499512,0.000000,3.406972
-0.623301,0.499512,0.000000,3.406972
-0.623301,0.515625,0.000000,3.406972
-0.623301,0.523682,0.000000,3.406972
-0.632604,0.507569,0.000000,3.406972
-0.627953,0.499512,0.000000,3.406972
-0.627953,0.491456,0.000000,3.406972
-0.637255,0.499512,0.000000,3.406972
-0.627953,0.515625,0.000000,3.406972
-0.623301,0.483399,0.000000,3.406972
-0.623301,0.515625,0.000000,3.406972
-0.632604,0.515625,0.000000,3.406972
-0.632604,0.499512,0.000000,3.406972
-0.632604,0.499512,0.000000,3.406972
-0.627953,0.507569,0.000000,3.406972
-0.627953,0.491456,0.000000,3.406972
-0.627953,0.483399,0.000000,3.406972
-0.627953,0.491456,0.000000,3.406972
-0.623301,0.515625,0.000000,3.406972
-0.623301,0.523682,0.000000,3.406972
-0.632604,0.515625,0.000000,3.406972
-0.618649,0.515625,0.000000,3.406972
-0.627953,0.507569,0.000000,3.406972
-0.627953,0.499512,0.000000,3.406972
-0.627953,0.507569,0.000000,3.406972
-0.632604,0.499512,0.000000,3.406972
-0.632604,0.491456,0.000000,3.406972
-0.641907,0.491456,0.000000,3.406972
-0.623301,0.515625,0.000000,3.406972
-0.627953,0.499512,0.000000,3.406972
-0.623301,0.507569,0.000000,3.406972
-0.632604,0.515625,0.000000,3.406972
-0.623301,0.507569,0.000000,3.406972
-0.637255,0.491456,0.000000,3.406972
-0.627953,0.515625,0.000000,3.406972
-0.623301,0.515625,0.000000,3.406972
-0.637255,0.507569,0.000000,3.406972
-0.627953,0.523682,0.000000,3.406972
-0.632604,0.515625,0.000000,3.406972
-0.627953,0.523682,0.000000,3.406972
-0.623301,0.507569,0.000000,3.406972
-0.632604,0.499512,0.000000,3.406972
-0.623301,0.523682,0.000000,3.406972
-0.623301,0.523682,0.000000,3.406972
-0.627953,0.531739,0.000000,3.406972
-0.623301,0.531739,0.000000,3.406972
-0.627952,0.547852,0.000000,3.406972
-0.632604,0.507569,0.000000,3.406972
-0.632604,0.515625,0.000000,3.406972
-0.627953,0.499512,0.000000,3.406972
-0.632604,0.499512,0.000000,3.406972
-0.623301,0.515625,0.000000,3.406972
-0.632604,0.515625,0.000000,3.406972
-0.623301,0.515625,0.000000,3.406972
-0.623301,0.507569,0.000000,3.406972
-0.623301,0.499512,0.000000,3.406972
-0.632604,0.499512,0.000000,3.406972
-0.627953,0.507569,0.000000,3.406972
-0.627953,0.507569,0.000000,3.406972
-0.618649,0.515625,0.000000,3.406972
-0.618649,0.523682,0.000000,3.406972
-0.627953,0.515625,0.000000,3.406972
-0.623301,0.539795,0.000000,3.406972
-0.627953,0.499512,0.000000,3.406972
-0.613998,0.507569,0.000000,3.406972
-0.618649,0.515625,0.000000,3.406972
-0.632604,0.523682,0.000000,3.406972
-0.627953,0.515625,0.000000,3.406972
-0.623301,0.515625,0.000000,3.406972
-0.627953,0.507569,0.000000,3.406972
-0.623301,0.507569,0.000000,3.406972
-0.627953,0.507569,0.000000,3.406972
-0.632604,0.491456,0.000000,3.406972
-0.623301,0.507569,0.000000,3.406972
-0.632604,0.507569,0.000000,3.406972
-0.623301,0.499512,0.000000,3.406972
-0.627953,0.507569,0.000000,3.406972
-0.632604,0.507569,0.000000,3.406972
-0.632604,0.515625,0.000000,3.406972
-0.623301,0.507569,0.000000,3.406972
-0.627952,0.539795,0.000000,3.406972
-0.623301,0.515625,0.000000,3.406972
-0.637255,0.515625,0.000000,3.406972
-0.623301,0.499512,0.000000,3.406972
-0.632604,0.507569,0.000000,3.406972
-0.627953,0.531739,0.000000,3.406972
-0.632604,0.507569,0.000000,3.406972
-0.632604,0.523682,0.000000,3.406972
-0.623301,0.523682,0.000000,3.406972
-0.627953,0.515625,0.000000,3.406972
-0.627953,0.523682,0.000000,3.406972
-0.627953,0.515625,0.000000,3.406972
-0.623301,0.515625,0.000000,3.406972
-0.623301,0.523682,0.000000,3.406972
-0.627953,0.491456,0.000000,3.406972
-0.618649,0.499512,0.000000,3.406972
-0.627953,0.523682,0.000000,3.406972
-0.623301,0.499512,0.000000,3.406972
-0.623301,0.515625,0.000000,3.406972
-0.627953,0.507569,0.000000,3.406972
-0.618649,0.515625,0.000000,3.406972
-0.627953,0.523682,0.000000,3.406972
-0.623301,0.539795,0.000000,3.406972
-0.627953,0.515625,0.000000,3.406972
-0.623301,0.515625,0.000000,3.406972
-0.627953,0.499512,0.000000,3.406972
-0.627953,0.531739,0.000000,3.406972
-0.632604,0.507569,0.000000,3.406972
-0.623301,0.507569,0.000000,3.406972
-0.627953,0.507569,0.000000,3.406972
-0.623301,0.515625,0.000000,3.406972
-0.627953,0.499512,0.000000,3.406972
-0.623301,0.515625,0.000000,3.406972
-0.627953,0.499512,0.000000,3.406972
-0.623301,0.499512,0.000000,3.406972
-0.623301,0.515625,0.000000,3.406972
-0.623301,0.507569,0.000000,3.406972
-0.623301,0.499512,0.000000,3.406972
-0.632604,0.507569,0.000000,3.406972
-0.627953,0.499512,0.000000,3.406972
-0.627953,0.531739,0.000000,3.406972
-0.623301,0.515625,0.000000,3.406972
-0.627953,0.507569,0.000000,3.406972
-0.623301,0.531739,0.000000,3.406972
-0.627953,0.523682,0.000000,3.406972
-0.627953,0.515625,0.000000,3.406972
-0.632604,0.531739,0.000000,3.406972
-0.623301,0.515625,0.000000,3.406972
-0.632604,0.499512,0.000000,3.406972
-0.627953,0.523682,0.000000,3.406972
-0.623301,0.515625,0.000000,3.406972
-0.618649,0.515625,0.000000,3.406972
-0.627953,0.499512,0.000000,3.406972
-0.627953,0.523682,0.000000,3.406972
-0.627953,0.499512,0.000000,3.406972
-0.632604,0.507569,0.000000,3.406972
-0.632604,0.499512,0.000000,3.406972
-0.637255,0.499512,0.000000,3.406972
-0.627953,0.523682,0.000000,3.406972
-0.623301,0.515625,0.000000,3.406972
-0.627953,0.523682,0.000000,3.406972
-0.627953,0.515625,0.000000,3.406972
-0.623301,0.523682,0.000000,3.406972
-0.627953,0.499512,0.000000,3.406972
-0.613998,0.515625,0.000000,3.406972
-0.627953,0.499512,0.000000,3.406972
-0.627953,0.523682,0.000000,3.406972
-0.623301,0.515625,0.000000,3.406972
-0.627953,0.507569,0.000000,3.406972
-0.623301,0.531739,0.000000,3.406972
-0.627953,0.515625,0.000000,3.406972
-0.623301,0.515625,0.000000,3.406972
-0.637255,0.491456,0.000000,3.406972
-0.623301,0.507569,0.000000,3.406972
-0.627953,0.515625,0.000000,3.406972
-0.627952,0.547852,0.000000,3.406972
-0.623301,0.523682,0.000000,3.406972
-0.637255,0.507569,0.000000,3.406972
-0.627953,0.499512,0.000000,3.406972
-0.623301,0.523682,0.000000,3.406972
-0.627953,0.507569,0.000000,3.406972
-0.632604,0.507569,0.000000,3.406972
-0.623301,0.531739,0.000000,3.406972
-0.623301,0.507569,0.000000,3.406972
-0.632604,0.515625,0.000000,3.406972
-0.618649,0.515625,0.000000,3.406972
-0.618649,0.515625,0.000000,3.406972
-0.627953,0.523682,0.000000,3.406972
-0.623301,0.523682,0.000000,3.406972
-0.627952,0.539795,0.000000,3.406972
-0.627953,0.507569,0.000000,3.406972
-0.632604,0.483399,0.000000,3.406972
-0.627953,0.531739,0.000000,3.406972
-0.637255,0.507569,0.000000,3.406972
-0.632604,0.507569,0.000000,3.406972
-0.627953,0.507569,0.000000,3.406972
-0.627953,0.499512,0.000000,3.406972
-0.627953,0.507569,0.000000,3.406972
-0.632604,0.499512,0.000000,3.406972
-0.632604,0.499512,0.000000,3.406972
-0.627953,0.515625,0.000000,3.406972
-0.623301,0.515625,0.000000,3.406972
-0.623301,0.523682,0.000000,3.406972
-0.627953,0.507569,0.000000,3.406972
-0.637255,0.507569,0.000000,3.406972
-0.623301,0.531739,0.000000,3.406972
-0.632604,0.523682,0.000000,3.406972
-0.623301,0.531739,0.000000,3.406972
-0.627953,0.499512,0.000000,3.406972
-0.632604,0.523682,0.000000,3.406972
-0.632604,0.523682,0.000000,3.406972
-0.623301,0.515625,0.000000,3.406972
-0.623301,0.515625,0.000000,3.406972
-0.627953,0.523682,0.000000,3.406972
-0.627953,0.515625,0.000000,3.406972
-0.627953,0.507569,0.000000,3.406972
-0.632604,0.507569,0.000000,3.406972
-0.632604,0.499512,0.000000,3.406972
-0.637255,0.523682,0.000000,3.406972
-0.627953,0.507569,0.000000,3.406972
-0.632604,0.507569,0.000000,3.406972
-0.618649,0.515625,0.000000,3.406972
-0.627953,0.531739,0.000000,3.406972
-0.632604,0.499512,0.000000,3.406972
-0.632604,0.507569,0.000000,3.406972
-0.627953,0.515625,0.000000,3.406972
-0.632604,0.515625,0.000000,3.406972
-0.627953,0.507569,0.000000,3.406972
-0.623301,0.515625,0.000000,3.406972
-0.632604,0.539795,0.000000,3.406972
-0.623301,0.499512,0.000000,3.406972
-0.627953,0.499512,0.000000,3.406972
-0.627953,0.515625,0.000000,3.406972
-0.627953,0.523682,0.000000,3.406972
-0.627953,0.515625,0.000000,3.406972
-0.627953,0.515625,0.000000,3.406972
-0.632604,0.507569,0.000000,3.406972
-0.627953,0.507569,0.000000,3.406972
-0.627953,0.499512,0.000000,3.406972
-0.623301,0.523682,0.000000,3.406972
-0.627953,0.515625,0.000000,3.406972
-0.627953,0.515625,0.000000,3.406972
-0.623301,0.507569,0.000000,3.406972
-0.613998,0.499512,0.000000,3.406972
-0.627953,0.515625,0.000000,3.406972
-0.627953,0.507569,0.000000,3.406972
-0.627953,0.531739,0.000000,3.406972
-0.627953,0.499512,0.000000,3.406972
-0.627953,0.499512,0.000000,3.406972
-0.627953,0.523682,0.000000,3.406972
-0.618649,0.507569,0.000000,3.406972
-0.627953,0.515625,0.000000,3.406972
-0.627953,0.531739,0.000000,3.406972
-0.632604,0.507569,0.000000,3.406972
-0.637255,0.507569,0.000000,3.406972
-0.632604,0.515625,0.000000,3.406972
-0.623301,0.507569,0.000000,3.406972
-0.623301,0.515625,0.000000,3.406972
-0.637255,0.499512,0.000000,3.406972
-0.632604,0.491456,0.000000,3.406972
-0.627953,0.515625,0.000000,3.406972
-0.623301,0.531739,0.000000,3.406972
-0.618649,0.515625,0.000000,3.406972
-0.627953,0.515625,0.000000,3.406972
-0.623301,0.531739,0.000000,3.406972
-0.632604,0.507569,0.000000,3.406972
-0.632604,0.515625,0.000000,3.406972
-0.623301,0.507569,0.000000,3.406972
-0.623301,0.523682,0.000000,3.406972
-0.627953,0.515625,0.000000,3.406972
-0.623301,0.499512,0.000000,3.406972
-0.632604,0.507569,0.000000,3.406972
-0.637255,0.499512,0.000000,3.406972
-0.632604,0.499512,0.000000,3.406972
-0.627953,0.515625,0.000000,3.406972
-0.623301,0.531739,0.000000,3.406972
-0.618649,0.507569,0.000000,3.406972
-0.623301,0.547852,0.000000,3.406972
-0.627953,0.515625,0.000000,3.406972
-0.623301,0.507569,0.000000,3.406972
-0.637255,0.499512,0.000000,3.406972
-0.637255,0.491456,0.000000,3.406972
-0.627953,0.515625,0.000000,3.406972
-0.623301,0.531739,0.000000,3.406972
-0.627953,0.515625,0.000000,3.406972
-0.618649,0.515625,0.000000,3.406972
-0.627953,0.523682,0.000000,3.406972
-0.627953,0.523682,0.000000,3.406972
-0.627953,0.499512,0.000000,3.406972
-0.627953,0.515625,0.000000,3.406972
-0.623301,0.523682,0.000000,3.406972
-0.637255,0.491456,0.000000,3.406972
-0.623301,0.499512,0.000000,3.406972
-0.627952,0.539795,0.000000,3.406972
-0.618649,0.523682,0.000000,3.406972
-0.637255,0.483399,0.000000,3.406972
-0.637255,0.515625,0.000000,3.406972
-0.627953,0.531739,0.000000,3.406972
-0.618649,0.515625,0.000000,3.406972
-0.632604,0.507569,0.000000,3.406972
-0.627953,0.499512,0.000000,3.406972
-0.632604,0.515625,0.000000,3.406972
-0.637255,0.499512,0.000000,3.406972
-0.618649,0.523682,0.000000,3.406972
-0.627953,0.523682,0.000000,3.406972
-0.618649,0.515625,0.000000,3.406972
-0.627953,0.507569,0.000000,3.406972
-0.627953,0.515625,0.000000,3.406972
-0.618649,0.507569,0.000000,3.406972
-0.627953,0.515625,0.000000,3.406972
-0.627953,0.507569,0.000000,3.406972
-0.632604,0.523682,0.000000,3.406972
-0.623301,0.515625,0.000000,3.406972
-0.627953,0.515625,0.000000,3.406972
-0.632604,0.507569,0.000000,3.406972
-0.632604,0.499512,0.000000,3.406972
-0.637255,0.499512,0.000000,3.406972
-0.627953,0.507569,0.000000,3.406972
-0.627953,0.507569,0.000000,3.406972
-0.632604,0.499512,0.000000,3.406972
-0.627953,0.515625,0.000000,3.406972
-0.632604,0.483399,0.000000,3.406972
-0.641907,0.491456,0.000000,3.406972
-0.632604,0.507569,0.000000,3.406972
-0.627953,0.515625,0.000000,3.406972
-0.632604,0.507569,0.000000,3.406972
-0.632604,0.483399,0.000000,3.406972
-0.618649,0.523682,0.000000,3.406972
-0.627953,0.499512,0.000000,3.406972
-0.623301,0.515625,0.000000,3.406972
-0.627953,0.507569,0.000000,3.406972
-0.627953,0.499512,0.000000,3.406972
-0.623301,0.515625,0.000000,3.406972
-0.641907,0.499512,0.000000,3.406972
-0.627953,0.499512,0.000000,3.406972
-0.618649,0.507569,0.000000,3.406972
-0.632604,0.523682,0.000000,3.406972
-0.618649,0.507569,0.000000,3.406972
-0.627953,0.507569,0.000000,3.406972
-0.632604,0.523682,0.000000,3.406972
-0.623301,0.507569,0.000000,3.406972
-0.627953,0.515625,0.000000,3.406972
-0.627953,0.515625,0.000000,3.406972
-0.632604,0.499512,0.000000,3.406972
-0.627953,0.483399,0.000000,3.406972
-0.627953,0.523682,0.000000,3.406972
-0.632604,0.507569,0.000000,3.406972
-0.627953,0.515625,0.000000,3.406972
-0.618649,0.523682,0.000000,3.406972
-0.623301,0.523682,0.000000,3.406972
-0.632604,0.499512,0.000000,3.406972
-0.623301,0.523682,0.000000,3.406972
-0.623301,0.499512,0.000000,3.406972
-0.623301,0.515625,0.000000,3.406972
-0.623301,0.507569,0.000000,3.406972
-0.632604,0.515625,0.000000,3.406972
-0.623301,0.499512,0.000000,3.406972
-0.627953,0.499512,0.000000,3.406972
-0.623301,0.515625,0.000000,3.406972
-0.632604,0.507569,0.000000,3.406972
-0.627953,0.499512,0.000000,3.406972
-0.627953,0.531739,0.000000,3.406972
-0.627953,0.523682,0.000000,3.406972
-0.623301,0.523682,0.000000,3.406972
-0.627953,0.507569,0.000000,3.406972
-0.632604,0.499512,0.000000,3.406972
-0.627953,0.523682,0.000000,3.406972
-0.641907,0.507569,0.000000,3.406972
-0.627953,0.515625,0.000000,3.406972
-0.632604,0.523682,0.000000,3.406972
-0.623301,0.523682,0.000000,3.406972
-0.632604,0.499512,0.000000,3.406972
-0.623301,0.523682,0.000000,3.406972
-0.623301,0.507569,0.000000,3.406972
-0.627953,0.515625,0.000000,3.406972
-0.627953,0.499512,0.000000,3.406972
-0.632604,0.499512,0.000000,3.406972
-0.627953,0.499512,0.000000,3.406972
-0.623301,0.507569,0.000000,3.406972
-0.632604,0.499512,0.000000,3.406972
-0.623301,0.523682,0.000000,3.406972
-0.632604,0.507569,0.000000,3.406972
-0.632604,0.499512,0.000000,3.406972
-0.627953,0.491456,0.000000,3.406972
-0.627953,0.507569,0.000000,3.406972
-0.627953,0.491456,0.000000,3.406972
-0.627953,0.515625,0.000000,3.406972
-0.627953,0.499512,0.000000,3.406972
-0.632604,0.499512,0.000000,3.406972
-0.632604,0.531739,0.000000,3.406972
-0.632604,0.499512,0.000000,3.406972
-0.627953,0.507569,0.000000,3.406972
-0.632604,0.515625,0.000000,3.406972
-0.627953,0.499512,0.000000,3.406972
-0.627953,0.499512,0.000000,3.406972
-0.623301,0.515625,0.000000,3.406972
-0.618649,0.523682,0.000000,3.406972
-0.618649,0.523682,0.000000,3.406972
-0.632604,0.507569,0.000000,3.406972
-0.637255,0.507569,0.000000,3.406972
-0.627953,0.515625,0.000000,3.406972
-0.623301,0.507569,0.000000,3.406972
-0.632604,0.531739,0.000000,3.406972
-0.627953,0.515625,0.000000,3.406972
-0.632604,0.499512,0.000000,3.406972
-0.623301,0.523682,0.000000,3.406972
-0.632604,0.499512,0.000000,3.406972
-0.632604,0.499512,0.000000,3.406972
-0.632604,0.499512,0.000000,3.406972
-0.632604,0.523682,0.000000,3.406972
-0.632604,0.507569,0.000000,3.406972
-0.632604,0.499512,0.000000,3.406972
-0.623301,0.515625,0.000000,3.406972
-0.627953,0.491456,0.000000,3.406972
-0.623301,0.531739,0.000000,3.406972
-0.627953,0.507569,0.000000,3.406972
-0.627953,0.499512,0.000000,3.406972
-0.623301,0.523682,0.000000,3.406972
-0.618649,0.531739,0.000000,3.406972
-0.637255,0.499512,0.000000,3.406972
-0.632604,0.499512,0.000000,3.406972
-0.627953,0.491456,0.000000,3.406972
-0.632604,0.499512,0.000000,3.406972
-0.623301,0.507569,0.000000,3.406972
-0.618649,0.507569,0.000000,3.406972
-0.618649,0.515625,0.000000,3.406972
-0.637255,0.499512,0.000000,3.406972
-0.637255,0.499512,0.000000,3.406972
-0.627953,0.523682,0.000000,3.406972
-0.627953,0.515625,0.000000,3.406972
-0.623301,0.531739,0.000000,3.406972
-0.632604,0.499512,0.000000,3.406972
-0.618649,0.523682,0.000000,3.406972
-0.632604,0.515625,0.000000,3.406972
-0.618649,0.515625,0.000000,3.406972
-0.623301,0.507569,0.000000,3.406972
-0.627953,0.515625,0.000000,3.406972
-0.632604,0.515625,0.000000,3.406972
-0.637255,0.499512,0.000000,3.406972
-0.623301,0.531739,0.000000,3.406972
-0.627953,0.515625,0.000000,3.406972
-0.623301,0.507569,0.000000,3.406972
-0.632604,0.507569,0.000000,3.406972
-0.623301,0.515625,0.000000,3.406972
-0.627953,0.483399,0.000000,3.406972
-0.632604,0.499512,0.000000,3.406972
-0.627953,0.499512,0.000000,3.406972
-0.627953,0.515625,0.000000,3.406972
-0.627953,0.507569,0.000000,3.406972
-0.623301,0.515625,0.000000,3.406972
-0.623301,0.507569,0.000000,3.406972
-0.632604,0.515625,0.000000,3.406972
-0.627953,0.523682,0.000000,3.406972
-0.618649,0.499512,0.000000,3.406972
-0.623301,0.515625,0.000000,3.406972
-0.627953,0.507569,0.000000,3.406972
-0.627953,0.507569,0.000000,3.406972
-0.632604,0.491456,0.000000,3.406972
-0.627953,0.507569,0.000000,3.406972
-0.627953,0.507569,0.000000,3.406972
-0.632604,0.499512,0.000000,3.406972
-0.637255,0.491456,0.000000,3.406972
-0.637255,0.499512,0.000000,3.406972
-0.627953,0.515625,0.000000,3.406972
-0.627953,0.507569,0.000000,3.406972
-0.627953,0.507569,0.000000,3.406972
-0.618649,0.507569,0.000000,3.406972
-0.623301,0.531739,0.000000,3.406972
-0.627953,0.491456,0.000000,3.406972
-0.627953,0.499512,0.000000,3.406972
-0.632604,0.507569,0.000000,3.406972
-0.623301,0.507569,0.000000,3.406972
-0.627953,0.507569,0.000000,3.406972
-0.641907,0.499512,0.000000,3.406972
-0.623301,0.499512,0.000000,3.406972
-0.627953,0.523682,0.000000,3.406972
-0.627953,0.507569,0.000000,3.406972
-0.627953,0.507569,0.000000,3.406972
-0.623301,0.515625,0.000000,3.406972
-0.632604,0.507569,0.000000,3.406972
-0.627953,0.402833,0.000000,3.406972
-0.627953,0.515625,0.000000,3.406972
-0.627953,0.491456,0.000000,3.406972
-0.627953,0.475342,0.000000,3.406972
-0.627953,0.499512,0.000000,3.406972
-0.632604,0.491456,0.000000,3.406972
-0.632604,0.483399,0.000000,3.406972
-0.623301,0.499512,0.000000,3.406972
-0.627953,0.507569,0.000000,3.406972
-0.627953,0.507569,0.000000,3.406972
-0.627953,0.531739,0.000000,3.406972
-0.637255,0.507569,0.000000,3.406972
-0.637255,0.507569,0.000000,3.406972
-0.632604,0.507569,0.000000,3.406972
-0.627953,0.515625,0.000000,3.406972
-0.618649,0.515625,0.000000,3.406972
-0.627953,0.507569,0.000000,3.406972
-0.623301,0.523682,0.000000,3.406972
-0.627953,0.515625,0.000000,3.406972
-0.627953,0.515625,0.000000,3.406972
-0.627953,0.499512,0.000000,3.406972
-0.627953,0.507569,0.000000,3.406972
-0.623301,0.507569,0.000000,3.406972
-0.627953,0.507569,0.000000,3.406972
-0.632604,0.507569,0.000000,3.406972
-0.623301,0.515625,0.000000,3.406972
-0.632604,0.507569,0.000000,3.406972
-0.632604,0.507569,0.000000,3.406972
-0.632604,0.515625,0.000000,3.406972
-0.632604,0.507569,0.000000,3.406972
-0.618649,0.491456,0.000000,3.406972
-0.627953,0.507569,0.000000,3.406972
-0.627953,0.499512,0.000000,3.406972
-0.623301,0.491456,0.000000,3.406972
-0.627953,0.507569,0.000000,3.406972
-0.627953,0.507569,0.000000,3.406972
-0.632604,0.499512,0.000000,3.406972
-0.627953,0.499512,0.000000,3.406972
-0.627953,0.515625,0.000000,3.406972
-0.627953,0.515625,0.000000,3.406972
-0.632604,0.491456,0.000000,3.406972
-0.623301,0.507569,0.000000,3.406972
-0.627953,0.499512,0.000000,3.406972
-0.632604,0.499512,0.000000,3.406972
-0.627953,0.491456,0.000000,3.406972
-0.618649,0.515625,0.000000,3.406972
-0.618649,0.507569,0.000000,3.406972
-0.613998,0.491456,0.000000,3.406972
-0.613998,0.499512,0.000000,3.406972
-0.609347,0.515625,0.000000,3.406972
-0.618649,0.507569,0.000000,3.406972
-0.609347,0.507569,0.000000,3.406972
-0.609347,0.499512,0.000000,3.406972
-0.604695,0.499512,0.000000,3.406972
-0.609347,0.491456,0.000000,3.406972
-0.600043,0.507569,0.000000,3.406972
-0.604695,0.475342,0.000000,3.406972
-0.604695,0.483399,0.000000,3.406972
-0.600043,0.491456,0.000000,3.406972
-0.600043,0.499512,0.000000,3.406972
-0.595392,0.491456,0.000000,3.406972
-0.590741,0.483399,0.000000,3.406972
-0.586089,0.499512,0.000000,3.406972
-0.590741,0.483399,0.000000,3.406972
-0.581437,0.507569,0.000000,3.406972
-0.586089,0.507569,0.000000,3.406972
-0.581437,0.499512,0.000000,3.406972
-0.595392,0.483399,0.000000,3.406972
-0.581437,0.467286,0.000000,3.406972
-0.586089,0.499512,0.000000,3.406972
-0.581437,0.467286,0.000000,3.406972
-0.586089,0.451172,0.000000,3.406972
-0.576786,0.483399,0.000000,3.406972
-0.572134,0.475342,0.000000,3.406972
-0.576786,0.491455,0.000000,3.406972
-0.576786,0.459229,0.000000,3.406972
-0.576786,0.459229,0.000000,3.406972
-0.576786,0.467286,0.000000,3.406972
-0.567483,0.475342,0.000000,3.406972
-0.567483,0.467286,0.000000,3.406972
-0.567483,0.451172,0.000000,3.406972
-0.562832,0.451172,0.000000,3.406972
-0.567483,0.451172,0.000000,3.406972
-0.558180,0.475342,0.000000,3.406972
-0.562832,0.459229,0.000000,3.406972
-0.553528,0.483399,0.000000,3.406972
-0.553528,0.459229,0.000000,3.406972
-0.562832,0.451172,0.000000,3.406972
-0.562832,0.459229,0.000000,3.406972
-0.553528,0.451172,0.000000,3.406972
-0.548877,0.459229,0.000000,3.406972
-0.553528,0.443116,0.000000,3.406972
-0.548877,0.451172,0.000000,3.406972
-0.548877,0.443116,0.000000,3.406972
-0.548877,0.435059,0.000000,3.406972
-0.539574,0.451172,0.000000,3.406972
-0.544226,0.459229,0.000000,3.406972
-0.534922,0.451172,0.000000,3.406972
-0.539574,0.443116,0.000000,3.406972
-0.539574,0.443116,0.000000,3.406972
-0.530271,0.451172,0.000000,3.406972
-0.530271,0.451172,0.000000,3.406972
-0.539574,0.435059,0.000000,3.406972
-0.534922,0.435059,0.000000,3.406972
-0.534922,0.443116,0.000000,3.406972
-0.530271,0.451172,0.000000,3.406972
-0.534922,0.435059,0.000000,3.406972
-0.530271,0.418946,0.000000,3.406972
-0.530271,0.427002,0.000000,3.406972
-0.507013,0.427002,0.000000,3.406972
-0.516316,0.418946,0.000000,3.406972
-0.511665,0.418946,0.000000,3.406972
-0.511665,0.410889,0.000000,3.406972
-0.497710,0.410889,0.000000,3.406972
-0.497710,0.402832,0.000000,3.406972
-0.497710,0.402832,0.000000,3.406972
-0.488407,0.394776,0.000000,3.406972
-0.488407,0.402832,0.000000,3.406972
-0.474453,0.418946,0.000000,3.406972
-0.479104,0.394776,0.000000,3.406972
-0.479104,0.394776,0.000000,3.406972
-0.474453,0.378662,0.000000,3.406972
-0.460498,0.378662,0.000000,3.406972
-0.455847,0.362549,0.000000,3.406972
-0.446544,0.378662,0.000000,3.406972
-0.451195,0.378662,0.000000,3.406972
-0.451195,0.378662,0.000000,3.406972
-0.446544,0.378662,0.000000,3.406972
-0.446544,0.378662,0.000000,3.406972
-0.441892,0.378662,0.000000,3.406972
-0.437241,0.378662,0.000000,3.406972
-0.432589,0.370606,0.000000,3.406972
-0.427938,0.362549,0.000000,3.406972
-0.423286,0.370606,0.000000,3.406972
-0.423286,0.346436,0.000000,3.406972
-0.423286,0.338379,0.000000,3.406972
-0.418635,0.346436,0.000000,3.406972
-0.423286,0.338379,0.000000,3.406972
-0.409332,0.338379,0.000000,3.406972
-0.404680,0.338379,0.000000,3.406972
-0.395377,0.330323,0.000000,3.406972
-0.395377,0.338379,0.000000,3.406972
-0.390726,0.338379,0.000000,3.406972
-0.390726,0.322266,0.000000,3.406972
-0.386074,0.338379,0.000000,3.406972
-0.376771,0.322266,0.000000,3.406972
-0.381423,0.314209,0.000000,3.406972
-0.376771,0.314209,0.000000,3.406972
-0.376771,0.306153,0.000000,3.406972
-0.358165,0.306153,0.000000,3.406972
-0.362817,0.306153,0.000000,3.406972
-0.362817,0.298096,0.000000,3.406972
-0.353514,0.306153,0.000000,3.406972
-0.353514,0.298096,0.000000,3.406972
-0.348862,0.306153,0.000000,3.406972
-0.344211,0.306153,0.000000,3.406972
-0.339559,0.290039,0.000000,3.406972
-0.334908,0.273926,0.000000,3.406972
-0.334908,0.281983,0.000000,3.406972
-0.330256,0.273926,0.000000,3.406972
-0.330256,0.281983,0.000000,3.406972
-0.320953,0.281983,0.000000,3.406972
-0.320953,0.273926,0.000000,3.406972
-0.311650,0.257813,0.000000,3.406972
-0.311650,0.249756,0.000000,3.406972
-0.311650,0.257813,0.000000,3.406972
-0.306999,0.273926,0.000000,3.406972
-0.297696,0.249756,0.000000,3.406972
-0.293044,0.241699,0.000000,3.406972
-0.293044,0.257813,0.000000,3.406972
-0.288393,0.241699,0.000000,3.406972
-0.283741,0.249756,0.000000,3.406972
-0.279090,0.233643,0.000000,3.406972
-0.274438,0.257813,0.000000,3.406972
-0.269787,0.225586,0.000000,3.406972
-0.274438,0.233643,0.000000,3.406972
-0.265135,0.233643,0.000000,3.406972
-0.265135,0.217529,0.000000,3.406972
-0.255832,0.217529,0.000000,3.406972
-0.246529,0.217529,0.000000,3.406972
-0.241878,0.209473,0.000000,3.406972
-0.232575,0.209473,0.000000,3.406972
-0.232575,0.201416,0.000000,3.406972
-0.227923,0.193360,0.000000,3.406972
-0.223272,0.201416,0.000000,3.406972
-0.213969,0.193360,0.000000,3.406972
-0.209317,0.193360,0.000000,3.406972
-0.204666,0.185303,0.000000,3.406972
-0.200014,0.177246,0.000000,3.406972
-0.190711,0.177246,0.000000,3.406972
-0.190711,0.169190,0.000000,3.406972
-0.186060,0.169190,0.000000,3.406972
-0.176757,0.153076,0.000000,3.406972
-0.167454,0.161133,0.000000,3.406972
-0.172105,0.161133,0.000000,3.406972
-0.158151,0.153076,0.000000,3.406972
-0.162802,0.145020,0.000000,3.406972
-0.158151,0.153076,0.000000,3.406972
-0.148848,0.136963,0.000000,3.406972
-0.144196,0.136963,0.000000,3.406972
-0.139545,0.128906,0.000000,3.406972
-0.125590,0.128906,0.000000,3.406972
-0.134893,0.128906,0.000000,3.406972
-0.130242,0.128906,0.000000,3.406972
-1.200086,1.788575,0.000000,3.321069
-1.046587,1.434083,0.000000,3.321069
-0.413983,0.813721,0.000000,3.321069
-0.776800,0.958741,0.000000,3.321069
-0.530270,1.208496,0.000000,3.321069
-0.762846,0.837891,0.000000,3.321069
-0.846573,1.055421,0.000000,3.321069
-0.730285,0.837891,0.000000,3.321069
-0.744240,0.934571,0.000000,3.321069
-0.683770,0.821778,0.000000,3.321069
-0.720982,0.870118,0.000000,3.321069
-0.665164,0.805664,0.000000,3.321069
-0.655861,0.821778,0.000000,3.321069
-0.665164,0.813721,0.000000,3.321069
-0.669816,0.862061,0.000000,3.321069
-0.669816,0.829834,0.000000,3.321069
-0.669816,0.854004,0.000000,3.321069
-0.669816,0.821778,0.000000,3.321069
-0.651210,0.813721,0.000000,3.321069
-0.665164,0.821778,0.000000,3.321069
-0.674467,0.837891,0.000000,3.321069
-0.651210,0.805664,0.000000,3.321069
-0.665164,0.813721,0.000000,3.321069
-0.655861,0.821778,0.000000,3.321069
-0.688422,0.854004,0.000000,3.321069
-0.674467,0.821778,0.000000,3.321069
-0.665164,0.821778,0.000000,3.321069
-0.655861,0.805664,0.000000,3.321069
-0.674467,0.821778,0.000000,3.321069
-0.660513,0.813721,0.000000,3.321069
-0.674467,0.845948,0.000000,3.321069
-0.693073,0.854004,0.000000,3.321069
-0.669816,0.829834,0.000000,3.321069
-0.665164,0.821778,0.000000,3.321069
-0.674467,0.837891,0.000000,3.321069
-0.665164,0.837891,0.000000,3.321069
-0.655861,0.821778,0.000000,3.321069
-0.669816,0.845948,0.000000,3.321069
-0.669816,0.837891,0.000000,3.321069
-0.674467,0.837891,0.000000,3.321069
-0.655861,0.813721,0.000000,3.321069
-0.669816,0.805664,0.000000,3.321069
-0.660513,0.805664,0.000000,3.321069
-0.655861,0.813721,0.000000,3.321069
-0.683770,0.837891,0.000000,3.321069
-0.665164,0.805664,0.000000,3.321069
-0.655861,0.805664,0.000000,3.321069
-0.674467,0.829834,0.000000,3.321069
-0.669816,0.829834,0.000000,3.321069
-0.655861,0.797608,0.000000,3.321069
-0.669816,0.837891,0.000000,3.321069
-0.665164,0.821778,0.000000,3.321069
-0.655861,0.805664,0.000000,3.321069
-0.669816,0.813721,0.000000,3.321069
-0.679119,0.821778,0.000000,3.321069
-0.665164,0.821778,0.000000,3.321069
-0.665164,0.821778,0.000000,3.321069
-0.660513,0.837891,0.000000,3.321069
-0.665164,0.821778,0.000000,3.321069
-0.655861,0.805664,0.000000,3.321069
-0.655861,0.813721,0.000000,3.321069
-0.669816,0.837891,0.000000,3.321069
-0.660513,0.789551,0.000000,3.321069
-0.674467,0.821778,0.000000,3.321069
-0.683770,0.837891,0.000000,3.321069
-0.655861,0.813721,0.000000,3.321069
-0.683770,0.837891,0.000000,3.321069
-0.679119,0.837891,0.000000,3.321069
-0.688422,0.845948,0.000000,3.321069
-0.683770,0.829834,0.000000,3.321069
-0.665164,0.813721,0.000000,3.321069
-0.655861,0.813721,0.000000,3.321069
-0.674467,0.821778,0.000000,3.321069
-0.665164,0.813721,0.000000,3.321069
-0.665164,0.821778,0.000000,3.321069
-0.674467,0.854004,0.000000,3.321069
-0.679119,0.821778,0.000000,3.321069
-0.660513,0.813721,0.000000,3.321069
-0.655861,0.805664,0.000000,3.321069
-0.665164,0.805664,0.000000,3.321069
-0.655861,0.805664,0.000000,3.321069
-0.665164,0.829834,0.000000,3.321069
-0.669816,0.805664,0.000000,3.321069
-0.665164,0.813721,0.000000,3.321069
-0.679119,0.829834,0.000000,3.321069
-0.651210,0.821778,0.000000,3.321069
-0.660513,0.829834,0.000000,3.321069
-0.660513,0.829834,0.000000,3.321069
-0.665164,0.837891,0.000000,3.321069
-0.669816,0.845948,0.000000,3.321069
-0.669816,0.821778,0.000000,3.321069
-0.665164,0.829834,0.000000,3.321069
-0.655861,0.813721,0.000000,3.321069
-0.660513,0.821778,0.000000,3.321069
-0.655861,0.797608,0.000000,3.321069
-0.679119,0.821778,0.000000,3.321069
-0.660513,0.829834,0.000000,3.321069
-0.655861,0.805664,0.000000,3.321069
-0.688422,0.837891,0.000000,3.321069
-0.655861,0.813721,0.000000,3.321069
-0.669816,0.821778,0.000000,3.321069
-0.669816,0.821778,0.000000,3.321069
-0.665164,0.829834,0.000000,3.321069
-0.679119,0.845948,0.000000,3.321069
-0.679119,0.821778,0.000000,3.321069
-0.665164,0.797608,0.000000,3.321069
-0.669816,0.837891,0.000000,3.321069
-0.660513,0.821778,0.000000,3.321069
-0.646558,0.781495,0.000000,3.321069
-0.669816,0.837891,0.000000,3.321069
-0.665164,0.837891,0.000000,3.321069
-0.669816,0.829834,0.000000,3.321069
-0.683770,0.829834,0.000000,3.321069
-0.651210,0.797608,0.000000,3.321069
-0.660513,0.821778,0.000000,3.321069
-0.683770,0.821778,0.000000,3.321069
-0.669816,0.854004,0.000000,3.321069
-0.688422,0.845948,0.000000,3.321069
-0.669816,0.837891,0.000000,3.321069
-0.655861,0.813721,0.000000,3.321069
-0.660513,0.821778,0.000000,3.321069
-0.674467,0.837891,0.000000,3.321069
-0.679119,0.837891,0.000000,3.321069
-0.665164,0.813721,0.000000,3.321069
-0.683770,0.821778,0.000000,3.321069
-0.693073,0.837891,0.000000,3.321069
-0.674467,0.821778,0.000000,3.321069
-0.660513,0.797608,0.000000,3.321069
-0.655861,0.805664,0.000000,3.321069
-0.660513,0.837891,0.000000,3.321069
-0.707028,0.829834,0.000000,3.321069
-0.660513,0.821778,0.000000,3.321069
-0.679119,0.837891,0.000000,3.321069
-0.669816,0.829834,0.000000,3.321069
-0.660513,0.805664,0.000000,3.321069
-0.660513,0.813721,0.000000,3.321069
-0.679119,0.845948,0.000000,3.321069
-0.665164,0.821778,0.000000,3.321069
-0.655861,0.821778,0.000000,3.321069
-0.665164,0.837891,0.000000,3.321069
-0.674467,0.837891,0.000000,3.321069
-0.669816,0.829834,0.000000,3.321069
-0.669816,0.821778,0.000000,3.321069
-0.693073,0.854004,0.000000,3.321069
-0.660513,0.805664,0.000000,3.321069
-0.665164,0.813721,0.000000,3.321069
-0.674467,0.829834,0.000000,3.321069
-0.655861,0.813721,0.000000,3.321069
-0.679119,0.829834,0.000000,3.321069
-0.669816,0.829834,0.000000,3.321069
-0.665164,0.821778,0.000000,3.321069
-0.665164,0.821778,0.000000,3.321069
-0.655861,0.821778,0.000000,3.321069
-0.683770,0.837891,0.000000,3.321069
-0.665164,0.821778,0.000000,3.321069
-0.655861,0.805664,0.000000,3.321069
-0.669816,0.845948,0.000000,3.321069
-0.660513,0.821778,0.000000,3.321069
-0.660513,0.797608,0.000000,3.321069
-0.651210,0.805664,0.000000,3.321069
-0.660513,0.821778,0.000000,3.321069
-0.665164,0.854004,0.000000,3.321069
-0.674467,0.837891,0.000000,3.321069
-0.665164,0.837891,0.000000,3.321069
-0.669816,0.805664,0.000000,3.321069
-0.669816,0.821778,0.000000,3.321069
-0.660513,0.813721,0.000000,3.321069
-0.660513,0.813721,0.000000,3.321069
-0.655861,0.789551,0.000000,3.321069
-0.688422,0.854004,0.000000,3.321069
-0.679119,0.837891,0.000000,3.321069
-0.669816,0.821778,0.000000,3.321069
-0.669816,0.821778,0.000000,3.321069
-0.646558,0.805664,0.000000,3.321069
-0.669816,0.829834,0.000000,3.321069
-0.660513,0.821778,0.000000,3.321069
-0.669816,0.821778,0.000000,3.321069
-0.655861,0.805664,0.000000,3.321069
-0.674467,0.837891,0.000000,3.321069
-0.665164,0.837891,0.000000,3.321069
-0.660513,0.821778,0.000000,3.321069
-0.660513,0.829834,0.000000,3.321069
-0.651210,0.813721,0.000000,3.321069
-0.665164,0.829834,0.000000,3.321069
-0.688422,0.837891,0.000000,3.321069
-0.669816,0.821778,0.000000,3.321069
-0.655861,0.813721,0.000000,3.321069
-0.683770,0.829834,0.000000,3.321069
-0.660513,0.813721,0.000000,3.321069
-0.669816,0.837891,0.000000,3.321069
-0.660513,0.821778,0.000000,3.321069
-0.688422,0.829834,0.000000,3.321069
-0.669816,0.829834,0.000000,3.321069
-0.669816,0.813721,0.000000,3.321069
-0.688422,0.821778,0.000000,3.321069
-0.683770,0.854004,0.000000,3.321069
-0.669816,0.829834,0.000000,3.321069
-0.655861,0.821778,0.000000,3.321069
-0.665164,0.821778,0.000000,3.321069
-0.655861,0.797608,0.000000,3.321069
-0.655861,0.821778,0.000000,3.321069
-0.669816,0.837891,0.000000,3.321069
-0.665164,0.813721,0.000000,3.321069
-0.660513,0.821778,0.000000,3.321069
-0.674467,0.821778,0.000000,3.321069
-0.660513,0.805664,0.000000,3.321069
-0.665164,0.829834,0.000000,3.321069
-0.669816,0.837891,0.000000,3.321069
-0.655861,0.821778,0.000000,3.321069
-0.660513,0.821778,0.000000,3.321069
-0.674467,0.821778,0.000000,3.321069
-0.674467,0.829834,0.000000,3.321069
-0.683770,0.845948,0.000000,3.321069
-0.660513,0.821778,0.000000,3.321069
-0.651210,0.805664,0.000000,3.321069
-0.669816,0.837891,0.000000,3.321069
-0.665164,0.829834,0.000000,3.321069
-0.655861,0.813721,0.000000,3.321069
-0.669816,0.813721,0.000000,3.321069
-0.655861,0.805664,0.000000,3.321069
-0.669816,0.837891,0.000000,3.321069
-0.655861,0.805664,0.000000,3.321069
-0.665164,0.837891,0.000000,3.321069
-0.669816,0.837891,0.000000,3.321069
-0.660513,0.813721,0.000000,3.321069
-0.665164,0.813721,0.000000,3.321069
-0.655861,0.813721,0.000000,3.321069
-0.683770,0.837891,0.000000,3.321069
-0.651210,0.813721,0.000000,3.321069
-0.669816,0.821778,0.000000,3.321069
-0.679119,0.837891,0.000000,3.321069
-0.660513,0.821778,0.000000,3.321069
-0.683770,0.837891,0.000000,3.321069
-0.669816,0.845948,0.000000,3.321069
-0.660513,0.813721,0.000000,3.321069
-0.679119,0.821778,0.000000,3.321069
-0.683770,0.845948,0.000000,3.321069
-0.660513,0.821778,0.000000,3.321069
-0.669816,0.837891,0.000000,3.321069
-0.660513,0.854004,0.000000,3.321069
-0.660513,0.821778,0.000000,3.321069
-0.651210,0.821778,0.000000,3.321069
-0.683770,0.837891,0.000000,3.321069
-0.688422,0.829834,0.000000,3.321069
-0.660513,0.821778,0.000000,3.321069
-0.669816,0.837891,0.000000,3.321069
-0.655861,0.821778,0.000000,3.321069
-0.651210,0.821778,0.000000,3.321069
-0.669816,0.837891,0.000000,3.321069
-0.669816,0.837891,0.000000,3.321069
-0.669816,0.805664,0.000000,3.321069
-0.665164,0.813721,0.000000,3.321069
-0.679119,0.829834,0.000000,3.321069
-0.688422,0.829834,0.000000,3.321069
-0.665164,0.821778,0.000000,3.321069
-0.660513,0.821778,0.000000,3.321069
-0.655861,0.813721,0.000000,3.321069
-0.669816,0.829834,0.000000,3.321069
-0.660513,0.821778,0.000000,3.321069
-0.683770,0.829834,0.000000,3.321069
-0.655861,0.821778,0.000000,3.321069
-0.665164,0.789551,0.000000,3.321069
-0.669816,0.813721,0.000000,3.321069
-0.660513,0.821778,0.000000,3.321069
-0.660513,0.813721,0.000000,3.321069
-0.674467,0.829834,0.000000,3.321069
-0.669816,0.821778,0.000000,3.321069
-0.674467,0.829834,0.000000,3.321069
-0.669816,0.829834,0.000000,3.321069
-0.679119,0.837891,0.000000,3.321069
-0.669816,0.805664,0.000000,3.321069
-0.669816,0.821778,0.000000,3.321069
-0.669816,0.837891,0.000000,3.321069
-0.669816,0.821778,0.000000,3.321069
-0.660513,0.797608,0.000000,3.321069
-0.651210,0.821778,0.000000,3.321069
-0.683770,0.829834,0.000000,3.321069
-0.665164,0.813721,0.000000,3.321069
-0.660513,0.813721,0.000000,3.321069
-0.683770,0.813721,0.000000,3.321069
-0.665164,0.829834,0.000000,3.321069
-0.655861,0.805664,0.000000,3.321069
-0.665164,0.813721,0.000000,3.321069
-0.669816,0.821778,0.000000,3.321069
-0.669816,0.829834,0.000000,3.321069
-0.655861,0.829834,0.000000,3.321069
-0.669816,0.837891,0.000000,3.321069
-0.679119,0.805665,0.000000,3.321069
-0.674467,0.813721,0.000000,3.321069
-0.665164,0.813721,0.000000,3.321069
-0.683770,0.813721,0.000000,3.321069
-0.679119,0.821778,0.000000,3.321069
-0.669816,0.837891,0.000000,3.321069
-0.655861,0.813721,0.000000,3.321069
-0.665164,0.829834,0.000000,3.321069
-0.660513,0.821778,0.000000,3.321069
-0.665164,0.821778,0.000000,3.321069
-0.651210,0.805664,0.000000,3.321069
-0.655861,0.829834,0.000000,3.321069
-0.660513,0.821778,0.000000,3.321069
-0.674467,0.845948,0.000000,3.321069
-0.665164,0.821778,0.000000,3.321069
-0.660513,0.813721,0.000000,3.321069
-0.679119,0.854004,0.000000,3.321069
-0.660513,0.797608,0.000000,3.321069
-0.669816,0.829834,0.000000,3.321069
-0.669816,0.829834,0.000000,3.321069
-0.660513,0.797608,0.000000,3.321069
-0.655861,0.821778,0.000000,3.321069
-0.655861,0.805664,0.000000,3.321069
-0.655861,0.821778,0.000000,3.321069
-0.665164,0.829834,0.000000,3.321069
-0.679119,0.829834,0.000000,3.321069
-0.669816,0.821778,0.000000,3.321069
-0.665164,0.821778,0.000000,3.321069
-0.660513,0.821778,0.000000,3.321069
-0.669816,0.813721,0.000000,3.321069
-0.665164,0.813721,0.000000,3.321069
-0.669816,0.813721,0.000000,3.321069
-0.660513,0.805664,0.000000,3.321069
-0.669816,0.821778,0.000000,3.321069
-0.646558,0.805664,0.000000,3.321069
-0.660513,0.829834,0.000000,3.321069
-0.669816,0.829834,0.000000,3.321069
-0.660513,0.813721,0.000000,3.321069
-0.665164,0.813721,0.000000,3.321069
-0.688422,0.821778,0.000000,3.321069
-0.646558,0.797608,0.000000,3.321069
-0.674467,0.821778,0.000000,3.321069
-0.683770,0.845948,0.000000,3.321069
-0.665164,0.821778,0.000000,3.321069
-0.651210,0.821778,0.000000,3.321069
-0.655861,0.805664,0.000000,3.321069
-0.655861,0.813721,0.000000,3.321069
-0.660513,0.821778,0.000000,3.321069
-0.683770,0.821778,0.000000,3.321069
-0.669816,0.837891,0.000000,3.321069
-0.665164,0.829834,0.000000,3.321069
-0.669816,0.829834,0.000000,3.321069
-0.669816,0.821778,0.000000,3.321069
-0.669816,0.837891,0.000000,3.321069
-0.646558,0.789551,0.000000,3.321069
-0.655861,0.829834,0.000000,3.321069
-0.655861,0.813721,0.000000,3.321069
-0.651210,0.805664,0.000000,3.321069
-0.679119,0.821778,0.000000,3.321069
-0.665164,0.829834,0.000000,3.321069
-0.660513,0.829834,0.000000,3.321069
-0.665164,0.829834,0.000000,3.321069
-0.683770,0.845948,0.000000,3.321069
-0.665164,0.837891,0.000000,3.321069
-0.660513,0.813721,0.000000,3.321069
-0.665164,0.829834,0.000000,3.321069
-0.660513,0.821778,0.000000,3.321069
-0.665164,0.813721,0.000000,3.321069
-0.655861,0.805664,0.000000,3.321069
-0.683770,0.829834,0.000000,3.321069
-0.688422,0.845948,0.000000,3.321069
-0.651210,0.789551,0.000000,3.321069
-0.660513,0.821778,0.000000,3.321069
-0.669816,0.821778,0.000000,3.321069
-0.669816,0.821778,0.000000,3.321069
-0.669816,0.821778,0.000000,3.321069
-0.655861,0.813721,0.000000,3.321069
-0.660513,0.805664,0.000000,3.321069
-0.655861,0.821778,0.000000,3.321069
-0.655861,0.813721,0.000000,3.321069
-0.683770,0.829834,0.000000,3.321069
-0.665164,0.797608,0.000000,3.321069
-0.679119,0.821778,0.000000,3.321069
-0.665164,0.813721,0.000000,3.321069
-0.655861,0.821778,0.000000,3.321069
-0.688422,0.854004,0.000000,3.321069
-0.674467,0.829834,0.000000,3.321069
-0.665164,0.854004,0.000000,3.321069
-0.660513,0.821778,0.000000,3.321069
-0.674467,0.829834,0.000000,3.321069
-0.683770,0.837891,0.000000,3.321069
-0.665164,0.813721,0.000000,3.321069
-0.665164,0.845948,0.000000,3.321069
-0.697725,0.862061,0.000000,3.321069
-0.651210,0.789551,0.000000,3.321069
-0.697725,0.813721,0.000000,3.321069
-0.688422,0.821778,0.000000,3.321069
-0.651210,0.829834,0.000000,3.321069
-0.655861,0.813721,0.000000,3.321069
-0.660513,0.829834,0.000000,3.321069
-0.688422,0.854004,0.000000,3.321069
-0.674467,0.821778,0.000000,3.321069
-0.679119,0.845948,0.000000,3.321069
-0.679119,0.821778,0.000000,3.321069
-0.665164,0.805664,0.000000,3.321069
-0.655861,0.813721,0.000000,3.321069
-0.655861,0.813721,0.000000,3.321069
-0.674467,0.821778,0.000000,3.321069
-0.669816,0.821778,0.000000,3.321069
-0.674467,0.821778,0.000000,3.321069
-0.674467,0.845948,0.000000,3.321069
-0.651210,0.805664,0.000000,3.321069
-0.651210,0.821778,0.000000,3.321069
-0.669816,0.821778,0.000000,3.321069
-0.669816,0.837891,0.000000,3.321069
-0.669816,0.821778,0.000000,3.321069
-0.660513,0.805664,0.000000,3.321069
-0.660513,0.813721,0.000000,3.321069
-0.683770,0.829834,0.000000,3.321069
-0.669816,0.821778,0.000000,3.321069
-0.660513,0.821778,0.000000,3.321069
-0.683770,0.837891,0.000000,3.321069
-0.669816,0.837891,0.000000,3.321069
-0.655861,0.813721,0.000000,3.321069
-0.669816,0.837891,0.000000,3.321069
-0.660513,0.829834,0.000000,3.321069
-0.660513,0.797608,0.000000,3.321069
-0.665164,0.789551,0.000000,3.321069
-0.669816,0.821778,0.000000,3.321069
-0.655861,0.829834,0.000000,3.321069
-0.655861,0.813721,0.000000,3.321069
-0.674467,0.845948,0.000000,3.321069
-0.660513,0.829834,0.000000,3.321069
-0.655861,0.805664,0.000000,3.321069
-0.665164,0.829834,0.000000,3.321069
-0.655861,0.813721,0.000000,3.321069
-0.669816,0.813721,0.000000,3.321069
-0.669816,0.821778,0.000000,3.321069
-0.660513,0.813721,0.000000,3.321069
-0.669816,0.829834,0.000000,3.321069
-0.669816,0.821778,0.000000,3.321069
-0.669816,0.813721,0.000000,3.321069
-0.660513,0.821778,0.000000,3.321069
-0.665164,0.821778,0.000000,3.321069
-0.669816,0.797608,0.000000,3.321069
-0.674467,0.821778,0.000000,3.321069
-0.651210,0.821778,0.000000,3.321069
-0.665164,0.797608,0.000000,3.321069
-0.655861,0.821778,0.000000,3.321069
-0.669816,0.805664,0.000000,3.321069
-0.655861,0.805664,0.000000,3.321069
-0.683770,0.813721,0.000000,3.321069
-0.655861,0.821778,0.000000,3.321069
-0.665164,0.797608,0.000000,3.321069
-0.674467,0.829834,0.000000,3.321069
-0.683770,0.805665,0.000000,3.321069
-0.674467,0.821778,0.000000,3.321069
-0.655861,0.805664,0.000000,3.321069
-0.660513,0.813721,0.000000,3.321069
-0.669816,0.837891,0.000000,3.321069
-0.683770,0.845948,0.000000,3.321069
-0.669816,0.813721,0.000000,3.321069
-0.665164,0.829834,0.000000,3.321069
-0.660513,0.821778,0.000000,3.321069
-0.660513,0.813721,0.000000,3.321069
-0.655861,0.797608,0.000000,3.321069
-0.660513,0.805664,0.000000,3.321069
-0.669816,0.829834,0.000000,3.321069
-0.660513,0.805664,0.000000,3.321069
-0.679119,0.837891,0.000000,3.321069
-0.669816,0.837891,0.000000,3.321069
-0.660513,0.821778,0.000000,3.321069
-0.660513,0.821778,0.000000,3.321069
-0.660513,0.805664,0.000000,3.321069
-0.655861,0.813721,0.000000,3.321069
-0.669816,0.821778,0.000000,3.321069
-0.669816,0.829834,0.000000,3.321069
-0.683770,0.845948,0.000000,3.321069
-0.665164,0.821778,0.000000,3.321069
-0.669816,0.821778,0.000000,3.321069
-0.665164,0.821778,0.000000,3.321069
-0.655861,0.805664,0.000000,3.321069
-0.660513,0.821778,0.000000,3.321069
-0.669816,0.854004,0.000000,3.321069
-0.669816,0.821778,0.000000,3.321069
-0.674467,0.821778,0.000000,3.321069
-0.669816,0.821778,0.000000,3.321069
-0.683770,0.821778,0.000000,3.321069
-0.655861,0.829834,0.000000,3.321069
-0.660513,0.805664,0.000000,3.321069
-0.683770,0.821778,0.000000,3.321069
-0.660513,0.813721,0.000000,3.321069
-0.669816,0.821778,0.000000,3.321069
-0.655861,0.797608,0.000000,3.321069
-0.669816,0.829834,0.000000,3.321069
-0.660513,0.821778,0.000000,3.321069
-0.646558,0.797608,0.000000,3.321069
-0.679119,0.829834,0.000000,3.321069
-0.660513,0.829834,0.000000,3.321069
-0.665164,0.829834,0.000000,3.321069
-0.646558,0.805664,0.000000,3.321069
-0.660513,0.813721,0.000000,3.321069
-0.688422,0.837891,0.000000,3.321069
-0.665164,0.813721,0.000000,3.321069
-0.660513,0.845948,0.000000,3.321069
-0.655861,0.797608,0.000000,3.321069
-0.674467,0.829834,0.000000,3.321069
-0.655861,0.813721,0.000000,3.321069
-0.665164,0.829834,0.000000,3.321069
-0.665164,0.821778,0.000000,3.321069
-0.660513,0.821778,0.000000,3.321069
-0.665164,0.837891,0.000000,3.321069
-0.660513,0.821778,0.000000,3.321069
-0.665164,0.821778,0.000000,3.321069
-0.660513,0.813721,0.000000,3.321069
-0.665164,0.837891,0.000000,3.321069
-0.655861,0.805664,0.000000,3.321069
-0.669816,0.829834,0.000000,3.321069
-0.665164,0.837891,0.000000,3.321069
-0.665164,0.797608,0.000000,3.321069
-0.660513,0.821778,0.000000,3.321069
-0.669816,0.829834,0.000000,3.321069
-0.665164,0.813721,0.000000,3.321069
-0.660513,0.813721,0.000000,3.321069
-0.683770,0.829834,0.000000,3.321069
-0.683770,0.837891,0.000000,3.321069
-0.674467,0.821778,0.000000,3.321069
-0.683770,0.845948,0.000000,3.321069
-0.674467,0.837891,0.000000,3.321069
-0.660513,0.821778,0.000000,3.321069
-0.669816,0.821778,0.000000,3.321069
-0.669816,0.837891,0.000000,3.321069
-0.660513,0.813721,0.000000,3.321069
-0.665164,0.805664,0.000000,3.321069
-0.665164,0.821778,0.000000,3.321069
-0.655861,0.805664,0.000000,3.321069
-0.679119,0.837891,0.000000,3.321069
-0.665164,0.829834,0.000000,3.321069
-0.655861,0.829834,0.000000,3.321069
-0.665164,0.845948,0.000000,3.321069
-0.707028,0.845948,0.000000,3.321069
-0.707028,0.829834,0.000000,3.321069
-0.660513,0.821778,0.000000,3.321069
-0.651210,0.813721,0.000000,3.321069
-0.665164,0.797608,0.000000,3.321069
-0.665164,0.821778,0.000000,3.321069
-0.665164,0.821778,0.000000,3.321069
-0.655861,0.797608,0.000000,3.321069
-0.683770,0.813721,0.000000,3.321069
-0.655861,0.797608,0.000000,3.321069
-0.665164,0.813721,0.000000,3.321069
-0.669816,0.813721,0.000000,3.321069
-0.688422,0.854004,0.000000,3.321069
-0.665164,0.813721,0.000000,3.321069
-0.683770,0.837891,0.000000,3.321069
-0.660513,0.821778,0.000000,3.321069
-0.660513,0.837891,0.000000,3.321069
-0.669816,0.837891,0.000000,3.321069
-0.665164,0.821778,0.000000,3.321069
-0.660513,0.837891,0.000000,3.321069
-0.669816,0.837891,0.000000,3.321069
-0.665164,0.821778,0.000000,3.321069
-0.655861,0.805664,0.000000,3.321069
-0.660513,0.829834,0.000000,3.321069
-0.669816,0.829834,0.000000,3.321069
-0.655861,0.805664,0.000000,3.321069
-0.651210,0.805664,0.000000,3.321069
-0.665164,0.805664,0.000000,3.321069
-0.679119,0.829834,0.000000,3.321069
-0.651210,0.797608,0.000000,3.321069
-0.655861,0.789551,0.000000,3.321069
-0.674467,0.829834,0.000000,3.321069
-0.669816,0.821778,0.000000,3.321069
-0.665164,0.813721,0.000000,3.321069
-0.655861,0.805664,0.000000,3.321069
-0.655861,0.805664,0.000000,3.321069
-0.674467,0.845948,0.000000,3.321069
-0.688422,0.854004,0.000000,3.321069
-0.660513,0.821778,0.000000,3.321069
-0.688422,0.821778,0.000000,3.321069
-0.683770,0.829834,0.000000,3.321069
-0.665164,0.829834,0.000000,3.321069
-0.665164,0.821778,0.000000,3.321069
-0.660513,0.797608,0.000000,3.321069
-0.655861,0.813721,0.000000,3.321069
-0.655861,0.813721,0.000000,3.321069
-0.674467,0.797608,0.000000,3.321069
-0.655861,0.813721,0.000000,3.321069
-0.669816,0.821778,0.000000,3.321069
-0.665164,0.813721,0.000000,3.321069
-0.660513,0.829834,0.000000,3.321069
-0.669816,0.821778,0.000000,3.321069
-0.679119,0.829834,0.000000,3.321069
-0.674467,0.829834,0.000000,3.321069
-0.660513,0.805664,0.000000,3.321069
-0.655861,0.813721,0.000000,3.321069
-0.665164,0.829834,0.000000,3.321069
-0.683770,0.845948,0.000000,3.321069
-0.679119,0.837891,0.000000,3.321069
-0.683770,0.837891,0.000000,3.321069
-0.660513,0.813721,0.000000,3.321069
-0.669816,0.813721,0.000000,3.321069
-0.660513,0.805664,0.000000,3.321069
-0.669816,0.829834,0.000000,3.321069
-0.688422,0.845948,0.000000,3.321069
-0.660513,0.829834,0.000000,3.321069
-0.655861,0.805664,0.000000,3.321069
-0.660513,0.821778,0.000000,3.321069
-0.688422,0.854004,0.000000,3.321069
-0.651210,0.821778,0.000000,3.321069
-0.660513,0.805664,0.000000,3.321069
-0.665164,0.829834,0.000000,3.321069
-0.655861,0.813721,0.000000,3.321069
-0.669816,0.829834,0.000000,3.321069
-0.688422,0.837891,0.000000,3.321069
-0.665164,0.805664,0.000000,3.321069
-0.674467,0.837891,0.000000,3.321069
-0.669816,0.829834,0.000000,3.321069
-0.669816,0.837891,0.000000,3.321069
-0.660513,0.805664,0.000000,3.321069
-0.655861,0.821778,0.000000,3.321069
-0.665164,0.821778,0.000000,3.321069
-0.679119,0.821778,0.000000,3.321069
-0.665164,0.821778,0.000000,3.321069
-0.660513,0.829834,0.000000,3.321069
-0.655861,0.797608,0.000000,3.321069
-0.674467,0.821778,0.000000,3.321069
-0.669816,0.837891,0.000000,3.321069
-0.665164,0.837891,0.000000,3.321069
-0.674467,0.821778,0.000000,3.321069
-0.702376,0.854004,0.000000,3.321069
-0.669816,0.821778,0.000000,3.321069
-0.669816,0.805664,0.000000,3.321069
-0.655861,0.829834,0.000000,3.321069
-0.674467,0.829834,0.000000,3.321069
-0.660513,0.813721,0.000000,3.321069
-0.660513,0.789551,0.000000,3.321069
-0.679119,0.805665,0.000000,3.321069
-0.655861,0.805664,0.000000,3.321069
-0.674467,0.821778,0.000000,3.321069
-0.674467,0.821778,0.000000,3.321069
-0.655861,0.805664,0.000000,3.321069
-0.655861,0.789551,0.000000,3.321069
-0.660513,0.821778,0.000000,3.321069
-0.655861,0.813721,0.000000,3.321069
-0.660513,0.805664,0.000000,3.321069
-0.669816,0.821778,0.000000,3.321069
-0.669816,0.829834,0.000000,3.321069
-0.665164,0.813721,0.000000,3.321069
-0.665164,0.829834,0.000000,3.321069
-0.655861,0.797608,0.000000,3.321069
-0.679119,0.821778,0.000000,3.321069
-0.655861,0.805664,0.000000,3.321069
-0.665164,0.797608,0.000000,3.321069
-0.655861,0.805664,0.000000,3.321069
-0.660513,0.829834,0.000000,3.321069
-0.655861,0.805664,0.000000,3.321069
-0.655861,0.797608,0.000000,3.321069
-0.651210,0.797608,0.000000,3.321069
-0.660513,0.813721,0.000000,3.321069
-0.669816,0.845948,0.000000,3.321069
-0.660513,0.821778,0.000000,3.321069
-0.651210,0.797608,0.000000,3.321069
-0.669816,0.837891,0.000000,3.321069
-0.655861,0.821778,0.000000,3.321069
-0.688422,0.854004,0.000000,3.321069
-0.669816,0.829834,0.000000,3.321069
-0.655861,0.821778,0.000000,3.321069
-0.655861,0.813721,0.000000,3.321069
-0.655861,0.805664,0.000000,3.321069
-0.655861,0.805664,0.000000,3.321069
-0.665164,0.813721,0.000000,3.321069
-0.660513,0.821778,0.000000,3.321069
-0.679119,0.829834,0.000000,3.321069
-0.674467,0.837891,0.000000,3.321069
-0.674467,0.821778,0.000000,3.321069
-0.660513,0.829834,0.000000,3.321069
-0.669816,0.821778,0.000000,3.321069
-0.660513,0.813721,0.000000,3.321069
-0.679119,0.845948,0.000000,3.321069
-0.665164,0.821778,0.000000,3.321069
-0.669816,0.821778,0.000000,3.321069
-0.669816,0.821778,0.000000,3.321069
-0.655861,0.805664,0.000000,3.321069
-0.665164,0.845948,0.000000,3.321069
-0.660513,0.813721,0.000000,3.321069
-0.669816,0.813721,0.000000,3.321069
-0.655861,0.821778,0.000000,3.321069
-0.679119,0.837891,0.000000,3.321069
-0.655861,0.821778,0.000000,3.321069
-0.655861,0.813721,0.000000,3.321069
-0.674467,0.829834,0.000000,3.321069
-0.674467,0.837891,0.000000,3.321069
-0.674467,0.837891,0.000000,3.321069
-0.660513,0.805664,0.000000,3.321069
-0.655861,0.813721,0.000000,3.321069
-0.660513,0.805664,0.000000,3.321069
-0.702376,0.821778,0.000000,3.321069
-0.651210,0.797608,0.000000,3.321069
-0.669816,0.813721,0.000000,3.321069
-0.660513,0.829834,0.000000,3.321069
-0.665164,0.821778,0.000000,3.321069
-0.665164,0.829834,0.000000,3.321069
-0.683770,0.829834,0.000000,3.321069
-0.660513,0.829834,0.000000,3.321069
-0.660513,0.821778,0.000000,3.321069
-0.655861,0.797608,0.000000,3.321069
-0.665164,0.829834,0.000000,3.321069
-0.651210,0.797608,0.000000,3.321069
-0.660513,0.829834,0.000000,3.321069
-0.669816,0.845948,0.000000,3.321069
-0.669816,0.837891,0.000000,3.321069
-0.651210,0.805664,0.000000,3.321069
-0.665164,0.829834,0.000000,3.321069
-0.665164,0.821778,0.000000,3.321069
-0.655861,0.829834,0.000000,3.321069
-0.665164,0.813721,0.000000,3.321069
-0.674467,0.845948,0.000000,3.321069
-0.674467,0.821778,0.000000,3.321069
-0.660513,0.821778,0.000000,3.321069
-0.660513,0.805664,0.000000,3.321069
-0.674467,0.837891,0.000000,3.321069
-0.665164,0.813721,0.000000,3.321069
-0.665164,0.805664,0.000000,3.321069
-0.669816,0.829834,0.000000,3.321069
-0.665164,0.821778,0.000000,3.321069
-0.679119,0.829834,0.000000,3.321069
-0.655861,0.805664,0.000000,3.321069
-0.660513,0.821778,0.000000,3.321069
-0.669816,0.829834,0.000000,3.321069
-0.665164,0.805664,0.000000,3.321069
-0.665164,0.829834,0.000000,3.321069
-0.683770,0.837891,0.000000,3.321069
-0.674467,0.837891,0.000000,3.321069
-0.679119,0.821778,0.000000,3.321069
-0.683770,0.813721,0.000000,3.321069
-0.660513,0.821778,0.000000,3.321069
-0.669816,0.845948,0.000000,3.321069
-0.688422,0.837891,0.000000,3.321069
-0.655861,0.813721,0.000000,3.321069
-0.651210,0.805664,0.000000,3.321069
-0.665164,0.813721,0.000000,3.321069
-0.651210,0.829834,0.000000,3.321069
-0.665164,0.829834,0.000000,3.321069
-0.674467,0.854004,0.000000,3.321069
-0.660513,0.789551,0.000000,3.321069
-0.651210,0.789551,0.000000,3.321069
-0.651210,0.821778,0.000000,3.321069
-0.660513,0.805664,0.000000,3.321069
-0.660513,0.805664,0.000000,3.321069
-0.669816,0.829834,0.000000,3.321069
-0.669816,0.837891,0.000000,3.321069
-0.660513,0.829834,0.000000,3.321069
-0.665164,0.821778,0.000000,3.321069
-0.665164,0.813721,0.000000,3.321069
-0.683770,0.813721,0.000000,3.321069
-0.655861,0.813721,0.000000,3.321069
-0.669816,0.821778,0.000000,3.321069
-0.674467,0.821778,0.000000,3.321069
-0.660513,0.813721,0.000000,3.321069
-0.674467,0.821778,0.000000,3.321069
-0.679119,0.829834,0.000000,3.321069
-0.669816,0.821778,0.000000,3.321069
-0.669816,0.829834,0.000000,3.321069
-0.651210,0.813721,0.000000,3.321069
-0.655861,0.797608,0.000000,3.321069
-0.683770,0.829834,0.000000,3.321069
-0.660513,0.821778,0.000000,3.321069
-0.665164,0.813721,0.000000,3.321069
-0.646558,0.797608,0.000000,3.321069
-0.651210,0.797608,0.000000,3.321069
-0.660513,0.829834,0.000000,3.321069
-0.679119,0.837891,0.000000,3.321069
-0.651210,0.789551,0.000000,3.321069
-0.660513,0.821778,0.000000,3.321069
-0.665164,0.837891,0.000000,3.321069
-0.665164,0.821778,0.000000,3.321069
-0.660513,0.821778,0.000000,3.321069
-0.669816,0.837891,0.000000,3.321069
-0.674467,0.837891,0.000000,3.321069
-0.665164,0.821778,0.000000,3.321069
-0.665164,0.805664,0.000000,3.321069
-0.665164,0.797608,0.000000,3.321069
-0.674467,0.829834,0.000000,3.321069
-0.665164,0.829834,0.000000,3.321069
-0.669816,0.821778,0.000000,3.321069
-0.665164,0.821778,0.000000,3.321069
-0.660513,0.813721,0.000000,3.321069
-0.660513,0.805664,0.000000,3.321069
-0.651210,0.821778,0.000000,3.321069
-0.674467,0.829834,0.000000,3.321069
-0.665164,0.813721,0.000000,3.321069
-0.655861,0.813721,0.000000,3.321069
-0.651210,0.805664,0.000000,3.321069
-0.655861,0.805664,0.000000,3.321069
-0.665164,0.821778,0.000000,3.321069
-0.655861,0.805664,0.000000,3.321069
-0.660513,0.805664,0.000000,3.321069
-0.669816,0.821778,0.000000,3.321069
-0.665164,0.837891,0.000000,3.321069
-0.651210,0.821778,0.000000,3.321069
-0.669816,0.821778,0.000000,3.321069
-0.688422,0.829834,0.000000,3.321069
-0.660513,0.813721,0.000000,3.321069
-0.655861,0.821778,0.000000,3.321069
-0.669816,0.821778,0.000000,3.321069
-0.679119,0.837891,0.000000,3.321069
-0.655861,0.805664,0.000000,3.321069
-0.665164,0.797608,0.000000,3.321069
-0.660513,0.813721,0.000000,3.321069
-0.665164,0.813721,0.000000,3.321069
-0.660513,0.829834,0.000000,3.321069
-0.669816,0.805664,0.000000,3.321069
-0.683770,0.845948,0.000000,3.321069
-0.674467,0.829834,0.000000,3.321069
-0.655861,0.821778,0.000000,3.321069
-0.655861,0.821778,0.000000,3.321069
-0.665164,0.821778,0.000000,3.321069
-0.665164,0.837891,0.000000,3.321069
-0.660513,0.813721,0.000000,3.321069
-0.655861,0.821778,0.000000,3.321069
-0.660513,0.813721,0.000000,3.321069
-0.655861,0.789551,0.000000,3.321069
-0.655861,0.805664,0.000000,3.321069
-0.702376,0.821778,0.000000,3.321069
-0.655861,0.797608,0.000000,3.321069
-0.665164,0.837891,0.000000,3.321069
-0.683770,0.837891,0.000000,3.321069
-0.665164,0.829834,0.000000,3.321069
-0.683770,0.813721,0.000000,3.321069
-0.669816,0.821778,0.000000,3.321069
-0.665164,0.813721,0.000000,3.321069
-0.651210,0.797608,0.000000,3.321069
-0.660513,0.837891,0.000000,3.321069
-0.660513,0.813721,0.000000,3.321069
-0.665164,0.829834,0.000000,3.321069
-0.665164,0.829834,0.000000,3.321069
-0.655861,0.813721,0.000000,3.321069
-0.674467,0.829834,0.000000,3.321069
-0.669816,0.813721,0.000000,3.321069
-0.660513,0.837891,0.000000,3.321069
-0.655861,0.805664,0.000000,3.321069
-0.660513,0.813721,0.000000,3.321069
-0.665164,0.813721,0.000000,3.321069
-0.665164,0.821778,0.000000,3.321069
-0.660513,0.813721,0.000000,3.321069
-0.660513,0.813721,0.000000,3.321069
-0.660513,0.829834,0.000000,3.321069
-0.669816,0.821778,0.000000,3.321069
-0.669816,0.829834,0.000000,3.321069
-0.660513,0.813721,0.000000,3.321069
-0.655861,0.789551,0.000000,3.321069
-0.660513,0.813721,0.000000,3.321069
-0.679119,0.845948,0.000000,3.321069
-0.688422,0.854004,0.000000,3.321069
-0.651210,0.821778,0.000000,3.321069
-0.665164,0.821778,0.000000,3.321069
-0.660513,0.813721,0.000000,3.321069
-0.679119,0.821778,0.000000,3.321069
-0.665164,0.821778,0.000000,3.321069
-0.655861,0.813721,0.000000,3.321069
-0.655861,0.805664,0.000000,3.321069
-0.679119,0.821778,0.000000,3.321069
-0.674467,0.821778,0.000000,3.321069
-0.665164,0.805664,0.000000,3.321069
-0.660513,0.805664,0.000000,3.321069
-0.651210,0.813721,0.000000,3.321069
-0.674467,0.789551,0.000000,3.321069
-0.665164,0.821778,0.000000,3.321069
-0.669816,0.805664,0.000000,3.321069
-0.655861,0.805664,0.000000,3.321069
-0.660513,0.845948,0.000000,3.321069
-0.660513,0.821778,0.000000,3.321069
-0.660513,0.821778,0.000000,3.321069
-0.665164,0.845948,0.000000,3.321069
-0.660513,0.813721,0.000000,3.321069
-0.660513,0.821778,0.000000,3.321069
-0.655861,0.789551,0.000000,3.321069
-0.674467,0.813721,0.000000,3.321069
-0.660513,0.805664,0.000000,3.321069
-0.660513,0.821778,0.000000,3.321069
-0.665164,0.821778,0.000000,3.321069
-0.669816,0.821778,0.000000,3.321069
-0.665164,0.805664,0.000000,3.321069
-0.665164,0.821778,0.000000,3.321069
-0.674467,0.829834,0.000000,3.321069
-0.660513,0.805664,0.000000,3.321069
-0.660513,0.813721,0.000000,3.321069
-0.669816,0.837891,0.000000,3.321069
-0.651210,0.789551,0.000000,3.321069
-0.651210,0.789551,0.000000,3.321069
-0.655861,0.821778,0.000000,3.321069
-0.655861,0.813721,0.000000,3.321069
-0.665164,0.813721,0.000000,3.321069
-0.660513,0.813721,0.000000,3.321069
-0.655861,0.805664,0.000000,3.321069
-0.669816,0.829834,0.000000,3.321069
-0.679119,0.813721,0.000000,3.321069
-0.669816,0.829834,0.000000,3.321069
-0.697725,0.829834,0.000000,3.321069
-0.660513,0.813721,0.000000,3.321069
-0.683770,0.837891,0.000000,3.321069
-0.665164,0.813721,0.000000,3.321069
-0.660513,0.813721,0.000000,3.321069
-0.665164,0.837891,0.000000,3.321069
-0.655861,0.805664,0.000000,3.321069
-0.651210,0.805664,0.000000,3.321069
-0.665164,0.821778,0.000000,3.321069
-0.669816,0.821778,0.000000,3.321069
-0.665164,0.821778,0.000000,3.321069
-0.655861,0.805664,0.000000,3.321069
-0.669816,0.813721,0.000000,3.321069
-0.665164,0.829834,0.000000,3.321069
-0.665164,0.805664,0.000000,3.321069
-0.683770,0.837891,0.000000,3.321069
-0.660513,0.829834,0.000000,3.321069
-0.660513,0.821778,0.000000,3.321069
-0.655861,0.821778,0.000000,3.321069
-0.655861,0.805664,0.000000,3.321069
-0.669816,0.821778,0.000000,3.321069
-0.669816,0.821778,0.000000,3.321069
-0.669816,0.821778,0.000000,3.321069
-0.669816,0.821778,0.000000,3.321069
-0.669816,0.821778,0.000000,3.321069
-0.655861,0.805664,0.000000,3.321069
-0.665164,0.821778,0.000000,3.321069
-0.665164,0.821778,0.000000,3.321069
-0.674467,0.829834,0.000000,3.321069
-0.651210,0.805664,0.000000,3.321069
-0.669816,0.829834,0.000000,3.321069
-0.679119,0.821778,0.000000,3.321069
-0.665164,0.829834,0.000000,3.321069
-0.660513,0.821778,0.000000,3.321069
-0.665164,0.813721,0.000000,3.321069
-0.674467,0.837891,0.000000,3.321069
-0.665164,0.829834,0.000000,3.321069
-0.669816,0.797608,0.000000,3.321069
-0.665164,0.813721,0.000000,3.321069
-0.660513,0.837891,0.000000,3.321069
-0.665164,0.829834,0.000000,3.321069
-0.655861,0.813721,0.000000,3.321069
-0.665164,0.821778,0.000000,3.321069
-0.679119,0.821778,0.000000,3.321069
-0.655861,0.805664,0.000000,3.321069
-0.655861,0.821778,0.000000,3.321069
-0.665164,0.821778,0.000000,3.321069
-0.679119,0.829834,0.000000,3.321069
-0.688422,0.854004,0.000000,3.321069
-0.683770,0.854004,0.000000,3.321069
-0.660513,0.789551,0.000000,3.321069
-0.660513,0.805664,0.000000,3.321069
-0.665164,0.821778,0.000000,3.321069
-0.655861,0.821778,0.000000,3.321069
-0.655861,0.813721,0.000000,3.321069
-0.665164,0.829834,0.000000,3.321069
-0.665164,0.797608,0.000000,3.321069
-0.665164,0.821778,0.000000,3.321069
-0.674467,0.813721,0.000000,3.321069
-0.669816,0.821778,0.000000,3.321069
-0.669816,0.829834,0.000000,3.321069
-0.674467,0.845948,0.000000,3.321069
-0.665164,0.805664,0.000000,3.321069
-0.651210,0.805664,0.000000,3.321069
-0.655861,0.805664,0.000000,3.321069
-0.655861,0.829834,0.000000,3.321069
-0.660513,0.805664,0.000000,3.321069
-0.665164,0.829834,0.000000,3.321069
-0.674467,0.821778,0.000000,3.321069
-0.655861,0.805664,0.000000,3.321069
-0.660513,0.845948,0.000000,3.321069
-0.679119,0.821778,0.000000,3.321069
-0.660513,0.813721,0.000000,3.321069
-0.660513,0.805664,0.000000,3.321069
-0.665164,0.813721,0.000000,3.321069
-0.655861,0.805664,0.000000,3.321069
-0.665164,0.821778,0.000000,3.321069
-0.674467,0.837891,0.000000,3.321069
-0.674467,0.821778,0.000000,3.321069
-0.669816,0.837891,0.000000,3.321069
-0.651210,0.797608,0.000000,3.321069
-0.655861,0.821778,0.000000,3.321069
-0.665164,0.821778,0.000000,3.321069
-0.674467,0.829834,0.000000,3.321069
-0.655861,0.797608,0.000000,3.321069
-0.679119,0.837891,0.000000,3.321069
-0.674467,0.829834,0.000000,3.321069
-0.683770,0.837891,0.000000,3.321069
-0.655861,0.821778,0.000000,3.321069
-0.655861,0.821778,0.000000,3.321069
-0.665164,0.813721,0.000000,3.321069
-0.669816,0.821778,0.000000,3.321069
-0.660513,0.805664,0.000000,3.321069
-0.669816,0.829834,0.000000,3.321069
-0.660513,0.829834,0.000000,3.321069
-0.660513,0.805664,0.000000,3.321069
-0.679119,0.821778,0.000000,3.321069
-0.665164,0.813721,0.000000,3.321069
-0.665164,0.813721,0.000000,3.321069
-0.669816,0.821778,0.000000,3.321069
-0.655861,0.813721,0.000000,3.321069
-0.674467,0.821778,0.000000,3.321069
-0.655861,0.805664,0.000000,3.321069
-0.655861,0.813721,0.000000,3.321069
-0.679119,0.837891,0.000000,3.321069
-0.641907,0.789551,0.000000,3.321069
-0.655861,0.821778,0.000000,3.321069
-0.655861,0.805664,0.000000,3.321069
-0.665164,0.837891,0.000000,3.321069
-0.665164,0.813721,0.000000,3.321069
-0.665164,0.829834,0.000000,3.321069
-0.655861,0.813721,0.000000,3.321069
-0.660513,0.813721,0.000000,3.321069
-0.655861,0.797608,0.000000,3.321069
-0.660513,0.813721,0.000000,3.321069
-0.651210,0.797608,0.000000,3.321069
-0.660513,0.821778,0.000000,3.321069
-0.660513,0.805664,0.000000,3.321069
-0.665164,0.829834,0.000000,3.321069
-0.669816,0.805664,0.000000,3.321069
-0.660513,0.813721,0.000000,3.321069
-0.669816,0.837891,0.000000,3.321069
-0.669816,0.829834,0.000000,3.321069
-0.669816,0.813721,0.000000,3.321069
-0.660513,0.821778,0.000000,3.321069
-0.655861,0.805664,0.000000,3.321069
-0.660513,0.813721,0.000000,3.321069
-0.665164,0.797608,0.000000,3.321069
-0.669816,0.813721,0.000000,3.321069
-0.655861,0.805664,0.000000,3.321069
-0.674467,0.854004,0.000000,3.321069
-0.651210,0.805664,0.000000,3.321069
-0.674467,0.829834,0.000000,3.321069
-0.665164,0.821778,0.000000,3.321069
-0.655861,0.797608,0.000000,3.321069
-0.660513,0.829834,0.000000,3.321069
-0.674467,0.829834,0.000000,3.321069
-0.674467,0.829834,0.000000,3.321069
-0.665164,0.829834,0.000000,3.321069
-0.655861,0.789551,0.000000,3.321069
-0.674467,0.821778,0.000000,3.321069
-0.669816,0.829834,0.000000,3.321069
-0.669816,0.813721,0.000000,3.321069
-0.665164,0.789551,0.000000,3.321069
-0.665164,0.821778,0.000000,3.321069
-0.669816,0.821778,0.000000,3.321069
-0.669816,0.829834,0.000000,3.321069
-0.674467,0.821778,0.000000,3.321069
-0.660513,0.813721,0.000000,3.321069
-0.669816,0.821778,0.000000,3.321069
-0.655861,0.805664,0.000000,3.321069
-0.660513,0.813721,0.000000,3.321069
-0.674467,0.821778,0.000000,3.321069
-0.660513,0.805664,0.000000,3.321069
-0.655861,0.821778,0.000000,3.321069
-0.683770,0.821778,0.000000,3.321069
-0.660513,0.805664,0.000000,3.321069
-0.665164,0.813721,0.000000,3.321069
-0.660513,0.813721,0.000000,3.321069
-0.655861,0.805664,0.000000,3.321069
-0.665164,0.821778,0.000000,3.321069
-0.660513,0.821778,0.000000,3.321069
-0.669816,0.837891,0.000000,3.321069
-0.669816,0.829834,0.000000,3.321069
-0.669816,0.829834,0.000000,3.321069
-0.679119,0.829834,0.000000,3.321069
-0.665164,0.821778,0.000000,3.321069
-0.688422,0.845948,0.000000,3.321069
-0.660513,0.821778,0.000000,3.321069
-0.679119,0.821778,0.000000,3.321069
-0.660513,0.797608,0.000000,3.321069
-0.679119,0.837891,0.000000,3.321069
-0.655861,0.821778,0.000000,3.321069
-0.655861,0.813721,0.000000,3.321069
-0.655861,0.821778,0.000000,3.321069
-0.688422,0.837891,0.000000,3.321069
-0.669816,0.821778,0.000000,3.321069
-0.651210,0.805664,0.000000,3.321069
-0.669816,0.821778,0.000000,3.321069
-0.655861,0.805664,0.000000,3.321069
-0.660513,0.805664,0.000000,3.321069
-0.674467,0.813721,0.000000,3.321069
-0.669816,0.813721,0.000000,3.321069
-0.669816,0.821778,0.000000,3.321069
-0.665164,0.829834,0.000000,3.321069
-0.651210,0.789551,0.000000,3.321069
-0.665164,0.821778,0.000000,3.321069
-0.679119,0.829834,0.000000,3.321069
-0.655861,0.813721,0.000000,3.321069
-0.674467,0.821778,0.000000,3.321069
-0.665164,0.821778,0.000000,3.321069
-0.669816,0.821778,0.000000,3.321069
-0.688422,0.829834,0.000000,3.321069
-0.665164,0.829834,0.000000,3.321069
-0.665164,0.821778,0.000000,3.321069
-0.674467,0.845948,0.000000,3.321069
-0.665164,0.821778,0.000000,3.321069
-0.651210,0.797608,0.000000,3.321069
-0.665164,0.821778,0.000000,3.321069
-0.679119,0.821778,0.000000,3.321069
-0.660513,0.805664,0.000000,3.321069
-0.665164,0.829834,0.000000,3.321069
-0.660513,0.821778,0.000000,3.321069
-0.665164,0.821778,0.000000,3.321069
-0.674467,0.821778,0.000000,3.321069
-0.660513,0.813721,0.000000,3.321069
-0.669816,0.845948,0.000000,3.321069
-0.665164,0.837891,0.000000,3.321069
-0.679119,0.837891,0.000000,3.321069
-0.688422,0.837891,0.000000,3.321069
-0.651210,0.805664,0.000000,3.321069
-0.660513,0.813721,0.000000,3.321069
-0.679119,0.837891,0.000000,3.321069
-0.655861,0.805664,0.000000,3.321069
-0.669816,0.813721,0.000000,3.321069
-0.655861,0.789551,0.000000,3.321069
-0.646558,0.813721,0.000000,3.321069
-0.660513,0.829834,0.000000,3.321069
-0.665164,0.821778,0.000000,3.321069
-0.679119,0.829834,0.000000,3.321069
-0.665164,0.813721,0.000000,3.321069
-0.660513,0.797608,0.000000,3.321069
-0.665164,0.805664,0.000000,3.321069
-0.669816,0.821778,0.000000,3.321069
-0.651210,0.789551,0.000000,3.321069
-0.660513,0.821778,0.000000,3.321069
-0.669816,0.821778,0.000000,3.321069
-0.683770,0.829834,0.000000,3.321069
-0.660513,0.813721,0.000000,3.321069
-0.660513,0.805664,0.000000,3.321069
-0.674467,0.829834,0.000000,3.321069
-0.660513,0.805664,0.000000,3.321069
-0.669816,0.829834,0.000000,3.321069
-0.655861,0.805664,0.000000,3.321069
-0.665164,0.797608,0.000000,3.321069
-0.669816,0.821778,0.000000,3.321069
-0.665164,0.797608,0.000000,3.321069
-0.679119,0.837891,0.000000,3.321069
-0.655861,0.797608,0.000000,3.321069
-0.660513,0.813721,0.000000,3.321069
-0.669816,0.813721,0.000000,3.321069
-0.655861,0.789551,0.000000,3.321069
-0.660513,0.805664,0.000000,3.321069
-0.660513,0.797608,0.000000,3.321069
-0.660513,0.821778,0.000000,3.321069
-0.651210,0.805664,0.000000,3.321069
-0.660513,0.797608,0.000000,3.321069
-0.655861,0.813721,0.000000,3.321069
-0.646558,0.797608,0.000000,3.321069
-0.665164,0.821778,0.000000,3.321069
-0.669816,0.845948,0.000000,3.321069
-0.669816,0.837891,0.000000,3.321069
-0.674467,0.805664,0.000000,3.321069
-0.665164,0.805664,0.000000,3.321069
-0.655861,0.813721,0.000000,3.321069
-0.660513,0.821778,0.000000,3.321069
-0.655861,0.805664,0.000000,3.321069
-0.674467,0.821778,0.000000,3.321069
-0.660513,0.797608,0.000000,3.321069
-0.660513,0.789551,0.000000,3.321069
-0.660513,0.805664,0.000000,3.321069
-0.665164,0.821778,0.000000,3.321069
-0.660513,0.813721,0.000000,3.321069
-0.660513,0.837891,0.000000,3.321069
-0.660513,0.813721,0.000000,3.321069
-0.655861,0.821778,0.000000,3.321069
-0.660513,0.829834,0.000000,3.321069
-0.665164,0.821778,0.000000,3.321069
-0.683770,0.837891,0.000000,3.321069
-0.679119,0.837891,0.000000,3.321069
-0.665164,0.821778,0.000000,3.321069
-0.665164,0.805664,0.000000,3.321069
-0.665164,0.813721,0.000000,3.321069
-0.669816,0.829834,0.000000,3.321069
-0.646558,0.805664,0.000000,3.321069
-0.669816,0.805664,0.000000,3.321069
-0.665164,0.854004,0.000000,3.321069
-0.683770,0.837891,0.000000,3.321069
-0.665164,0.813721,0.000000,3.321069
-0.674467,0.821778,0.000000,3.321069
-0.679119,0.821778,0.000000,3.321069
-0.660513,0.829834,0.000000,3.321069
-0.669816,0.821778,0.000000,3.321069
-0.679119,0.821778,0.000000,3.321069
-0.688422,0.829834,0.000000,3.321069
-0.665164,0.829834,0.000000,3.321069
-0.665164,0.829834,0.000000,3.321069
-0.674467,0.837891,0.000000,3.321069
-0.669816,0.821778,0.000000,3.321069
-0.660513,0.821778,0.000000,3.321069
-0.669816,0.821778,0.000000,3.321069
-0.679119,0.837891,0.000000,3.321069
-0.669816,0.837891,0.000000,3.321069
-0.683770,0.829834,0.000000,3.321069
-0.669816,0.829834,0.000000,3.321069
-0.669816,0.837891,0.000000,3.321069
-0.679119,0.862061,0.000000,3.321069
-0.688422,0.854004,0.000000,3.321069
-0.674467,0.854004,0.000000,3.321069
-0.688422,0.845948,0.000000,3.321069
-0.674467,0.845948,0.000000,3.321069
-0.683770,0.870118,0.000000,3.321069
-0.669816,0.845948,0.000000,3.321069
-0.679119,0.837891,0.000000,3.321069
-0.679119,0.837891,0.000000,3.321069
-0.693073,0.870118,0.000000,3.321069
-0.683770,0.854004,0.000000,3.321069
-0.693073,0.870118,0.000000,3.321069
-0.674467,0.854004,0.000000,3.321069
-0.674467,0.845948,0.000000,3.321069
-0.720982,0.870118,0.000000,3.321069
-0.683770,0.878174,0.000000,3.321069
-0.697725,0.870118,0.000000,3.321069
-0.720982,0.886231,0.000000,3.321069
-0.683770,0.854004,0.000000,3.321069
-0.679119,0.870118,0.000000,3.321069
-0.679119,0.862061,0.000000,3.321069
-0.683770,0.854004,0.000000,3.321069
-0.720982,0.878174,0.000000,3.321069
-0.720982,0.854004,0.000000,3.321069
-0.679119,0.870118,0.000000,3.321069
-0.716331,0.862061,0.000000,3.321069
-0.720982,0.886231,0.000000,3.321069
-0.693073,0.886231,0.000000,3.321069
-0.697725,0.870118,0.000000,3.321069
-0.702376,0.886231,0.000000,3.321069
-0.697725,0.878174,0.000000,3.321069
-0.697725,0.878174,0.000000,3.321069
-0.707028,0.878174,0.000000,3.321069
-0.720982,0.878174,0.000000,3.321069
-0.683770,0.878174,0.000000,3.321069
-0.716331,0.886231,0.000000,3.321069
-0.702376,0.886231,0.000000,3.321069
-0.744240,0.894288,0.000000,3.321069
-0.697725,0.878174,0.000000,3.321069
-0.707028,0.886231,0.000000,3.321069
-0.683770,0.862061,0.000000,3.321069
-0.693073,0.878174,0.000000,3.321069
-0.688422,0.902344,0.000000,3.321069
-0.716331,0.886231,0.000000,3.321069
-0.702376,0.886231,0.000000,3.321069
-0.730285,0.894288,0.000000,3.321069
-0.725634,0.894288,0.000000,3.321069
-0.720982,0.886231,0.000000,3.321069
-0.753543,0.918458,0.000000,3.321069
-0.688422,0.870118,0.000000,3.321069
-0.730285,0.910401,0.000000,3.321069
-0.753543,0.894288,0.000000,3.321069
-0.720982,0.902344,0.000000,3.321069
-0.734937,0.918458,0.000000,3.321069
-0.734937,0.902344,0.000000,3.321069
-0.702376,0.902344,0.000000,3.321069
-0.707028,0.878174,0.000000,3.321069
-0.711679,0.910401,0.000000,3.321069
-0.786103,0.910401,0.000000,3.321069
-0.758194,0.918458,0.000000,3.321069
-0.758194,0.910401,0.000000,3.321069
-0.734937,0.918458,0.000000,3.321069
-0.730285,0.894288,0.000000,3.321069
-0.707028,0.894288,0.000000,3.321069
-0.720982,0.894288,0.000000,3.321069
-0.730285,0.910401,0.000000,3.321069
-0.753543,0.918458,0.000000,3.321069
-0.786103,0.926514,0.000000,3.321069
-0.730285,0.894288,0.000000,3.321069
-0.739588,0.926514,0.000000,3.321069
-0.739588,0.926514,0.000000,3.321069
-0.734937,0.894288,0.000000,3.321069
-0.734937,0.910401,0.000000,3.321069
-0.739588,0.910401,0.000000,3.321069
-0.730285,0.918458,0.000000,3.321069
-0.702376,0.902344,0.000000,3.321069
-0.725634,0.894288,0.000000,3.321069
-0.697725,0.902344,0.000000,3.321069
-0.725634,0.910401,0.000000,3.321069
-0.702376,0.886231,0.000000,3.321069
-0.725634,0.886231,0.000000,3.321069
-0.697725,0.902344,0.000000,3.321069
-0.693073,0.894288,0.000000,3.321069
-0.744240,0.902344,0.000000,3.321069
-0.730285,0.902344,0.000000,3.321069
-0.702376,0.894288,0.000000,3.321069
-0.725634,0.902344,0.000000,3.321069
-0.697725,0.878174,0.000000,3.321069
-0.720982,0.878174,0.000000,3.321069
-0.725634,0.886231,0.000000,3.321069
-0.730285,0.902344,0.000000,3.321069
-0.707028,0.894288,0.000000,3.321069
-0.711679,0.902344,0.000000,3.321069
-0.711679,0.878174,0.000000,3.321069
-0.702376,0.870118,0.000000,3.321069
-0.693073,0.870118,0.000000,3.321069
-0.720982,0.886231,0.000000,3.321069
-0.683770,0.862061,0.000000,3.321069
-0.688422,0.862061,0.000000,3.321069
-0.683770,0.862061,0.000000,3.321069
-0.697725,0.878174,0.000000,3.321069
-0.697725,0.870118,0.000000,3.321069
-0.693073,0.870118,0.000000,3.321069
-0.697725,0.870118,0.000000,3.321069
-0.679119,0.845948,0.000000,3.321069
-0.679119,0.854004,0.000000,3.321069
-0.693073,0.854004,0.000000,3.321069
-0.683770,0.829834,0.000000,3.321069
-0.679119,0.854004,0.000000,3.321069
-0.683770,0.854004,0.000000,3.321069
-0.693073,0.862061,0.000000,3.321069
-0.674467,0.854004,0.000000,3.321069
-0.683770,0.821778,0.000000,3.321069
-0.688422,0.845948,0.000000,3.321069
-0.683770,0.845948,0.000000,3.321069
-0.669816,0.845948,0.000000,3.321069
-0.674467,0.829834,0.000000,3.321069
-0.665164,0.821778,0.000000,3.321069
-0.660513,0.813721,0.000000,3.321069
-0.688422,0.854004,0.000000,3.321069
-0.669816,0.837891,0.000000,3.321069
-0.693073,0.854004,0.000000,3.321069
-0.688422,0.854004,0.000000,3.321069
-0.674467,0.845948,0.000000,3.321069
-0.688422,0.837891,0.000000,3.321069
-0.693073,0.854004,0.000000,3.321069
-0.660513,0.821778,0.000000,3.321069
-0.674467,0.845948,0.000000,3.321069
-0.693073,0.854004,0.000000,3.321069
-0.674467,0.837891,0.000000,3.321069
-0.674467,0.845948,0.000000,3.321069
-0.679119,0.854004,0.000000,3.321069
-0.669816,0.829834,0.000000,3.321069
-0.679119,0.837891,0.000000,3.321069
-0.679119,0.854004,0.000000,3.321069
-0.674467,0.854004,0.000000,3.321069
-0.665164,0.829834,0.000000,3.321069
-0.669816,0.845948,0.000000,3.321069
-0.669816,0.845948,0.000000,3.321069
-0.688422,0.854004,0.000000,3.321069
-0.665164,0.805664,0.000000,3.321069
-0.655861,0.805664,0.000000,3.321069
-0.674467,0.813721,0.000000,3.321069
-0.669816,0.797608,0.000000,3.321069
-0.646558,0.781495,0.000000,3.321069
-0.651210,0.789551,0.000000,3.321069
-0.651210,0.797608,0.000000,3.321069
-0.641907,0.757325,0.000000,3.321069
-0.627952,0.741211,0.000000,3.321069
-0.623301,0.700928,0.000000,3.321069
-0.618649,0.708985,0.000000,3.321069
-0.609346,0.660645,0.000000,3.321069
-0.613998,0.596192,0.000000,3.321069
-0.627952,0.572022,0.000000,3.321069
-0.618649,0.539795,0.000000,3.321069
-0.632604,0.475342,0.000000,3.321069
-0.641907,0.410889,0.000000,3.321069
-0.669816,0.362549,0.000000,3.321069
-0.697725,0.306153,0.000000,3.321069
-0.716331,0.290040,0.000000,3.321069
-0.790755,0.241700,0.000000,3.321069
-0.851225,0.217530,0.000000,3.321069
-0.958209,0.201417,0.000000,3.321069
-1.069846,0.185304,0.000000,3.321069
-1.190785,0.177247,0.000000,3.321069
-0.953558,0.177247,0.000000,3.321069
-1.195436,0.169190,0.000000,3.321069
-1.432663,0.145021,0.000000,3.321069
-1.618723,0.145021,0.000000,3.321069
-1.493132,0.153077,0.000000,3.321069
-1.609420,0.145021,0.000000,3.321069
-1.669889,0.161134,0.000000,3.321069
-1.679192,0.161134,0.000000,3.321069
-1.651283,0.161134,0.000000,3.321069
-1.628026,0.153078,0.000000,3.321069
-1.576859,0.136964,0.000000,3.321069
-1.432663,0.088624,0.000000,3.321069
-1.241951,-0.024169,0.000000,3.321069
-0.865180,-0.080566,0.000000,3.321069
-0.851225,-0.169189,0.000000,3.321069
-0.497711,-0.354492,0.000000,3.321069
-0.320954,-0.628418,0.000000,3.321069
-0.251182,-0.950683,0.000000,3.321069
-0.246531,-1.256836,0.000000,3.321069
-0.218622,-1.498535,0.000000,3.321069
-0.293046,-1.699951,0.000000,3.321069
-0.330258,-1.861084,0.000000,3.321069
-0.395379,-1.965820,0.000000,3.321069
-0.358167,-2.062500,0.000000,3.321069
-0.330258,-2.070556,0.000000,3.321069
-0.358167,-2.014160,0.000000,3.321069
-0.358167,-1.933593,0.000000,3.321069
-0.330258,-1.796630,0.000000,3.321069
-0.311652,-1.587158,0.000000,3.321069
-0.213970,-1.337402,0.000000,3.321069
-0.046516,-1.087646,0.000000,3.321069
0.065120,-0.878174,0.000000,3.321069
0.251180,-0.837891,0.000000,3.321069
0.460498,-0.966797,0.000000,3.321069
0.437240,-1.232666,0.000000,3.321069
1.037284,-1.466309,0.000000,3.321069
0.855875,-1.659668,0.000000,3.321069
0.944254,-1.836915,0.000000,3.321069
0.939602,-1.949708,0.000000,3.321069
1.032632,-2.006104,0.000000,3.321069
1.037284,-2.014161,0.000000,3.321069
-1.142368,1.949261,0.000000,3.321069
-1.126136,1.806979,0.000000,3.321069
-1.135828,1.637610,0.000000,3.321069
-1.202731,1.348787,0.000000,3.321069
-1.105021,1.035116,0.000000,3.321069
-1.302441,0.627116,0.000000,3.321069
-0.765966,0.473804,0.000000,3.321069
-0.736554,0.105463,0.000000,3.321069
-0.710347,-0.180606,0.000000,3.321069
-0.776159,-0.439759,0.000000,3.321069
-0.794579,-0.592329,0.000000,3.321069
-1.124541,-1.010455,0.000000,3.321069
-1.034955,-1.115693,0.000000,3.321069
-1.085684,-1.325385,0.000000,3.321069
-1.068036,-1.409534,0.000000,3.321069
-0.955704,-1.622345,0.000000,3.321069
-0.884781,-1.743027,0.000000,3.321069
-0.840209,-1.827160,0.000000,3.321069
-0.738164,-1.774079,0.000000,3.321069
-0.592132,-1.740258,0.000000,3.321069
-0.480616,-1.663859,0.000000,3.321069
-0.349546,-1.597043,0.000000,3.321069
-0.185121,-1.347853,0.000000,3.321069
-0.078753,-1.283320,0.000000,3.321069
-0.031283,-1.421152,0.000000,3.321069
0.142811,-0.742397,0.000000,3.321069
0.224678,-0.698963,0.000000,3.321069
0.359102,-0.598888,0.000000,3.321069
0.498939,-0.498285,0.000000,3.321069
0.650469,-0.440509,0.000000,3.321069
0.722300,-0.436229,0.000000,3.321069
0.839550,-0.401092,0.000000,3.321069
0.896909,-0.388280,0.000000,3.321069
0.889919,-0.386554,0.000000,3.321069
0.837761,-0.420467,0.000000,3.321069
0.849876,-0.406151,0.000000,3.321069
0.861206,-0.409465,0.000000,3.321069
0.825406,-0.403496,0.000000,3.321069
0.840007,-0.415963,0.000000,3.321069
0.812516,-0.424372,0.000000,3.321069
0.799244,-0.382816,0.000000,3.321069
0.822129,-0.410131,0.000000,3.321069
0.836310,-0.418074,0.000000,3.321069
0.817678,-0.418935,0.000000,3.321069
0.787563,-0.432786,0.000000,3.321069
0.827452,-0.425490,0.000000,3.321069
0.790207,-0.433192,0.000000,3.321069
0.804953,-0.413485,0.000000,3.321069
0.843710,-0.408240,0.000000,3.321069
0.817972,-0.423577,0.000000,3.321069
0.818800,-0.416738,0.000000,3.321069
0.827953,-0.413986,0.000000,3.321069
0.817972,-0.423577,0.000000,3.321069
0.845901,-0.387518,0.000000,3.321069
0.824593,-0.420640,0.000000,3.321069
0.804622,-0.408845,0.000000,3.321069
0.800749,-0.426746,0.000000,3.321069
0.787563,-0.432786,0.000000,3.321069
0.812197,-0.419731,0.000000,3.321069
0.803641,-0.431724,0.000000,3.321069
0.804159,-0.420284,0.000000,3.321069
0.785511,-0.441651,0.000000,3.321069
0.821689,-0.421615,0.000000,3.321069
0.793552,-0.441163,0.000000,3.321069
0.814095,-0.410726,0.000000,3.321069
0.834053,-0.422558,0.000000,3.321069
0.795295,-0.427614,0.000000,3.321069
0.837511,-0.399661,0.000000,3.321069
0.818800,-0.416738,0.000000,3.321069
0.852704,-0.421609,0.000000,3.321069
0.818266,-0.428219,0.000000,3.321069
0.819719,-0.430662,0.000000,3.321069
0.830164,-0.409535,0.000000,3.321069
0.822129,-0.410131,0.000000,3.321069
0.832917,-0.424795,0.000000,3.321069
0.850956,-0.414614,0.000000,3.321069
0.838542,-0.413578,0.000000,3.321069
0.854647,-0.396177,0.000000,3.321069
0.819413,-0.426021,0.000000,3.321069
0.845465,-0.415253,0.000000,3.321069
0.845134,-0.410614,0.000000,3.321069
0.846921,-0.417621,0.000000,3.321069
0.869574,-0.413531,0.000000,3.321069
0.855360,-0.405452,0.000000,3.321069
0.887848,-0.407621,0.000000,3.321069
0.864106,-0.414111,0.000000,3.321069
0.894441,-0.404769,0.000000,3.321069
0.887832,-0.391325,0.000000,3.321069
0.928877,-0.369240,0.000000,3.321069
0.948987,-0.385960,0.000000,3.321069
0.970966,-0.360621,0.000000,3.321069
0.997424,-0.333857,0.000000,3.321069
1.050581,-0.268820,0.000000,3.321069
1.080302,-0.189565,0.000000,3.321069
1.156905,-0.296062,0.000000,3.321069
1.162515,-0.163715,0.000000,3.321069
1.265341,-0.462153,0.000000,3.321069
1.404185,-0.671523,0.000000,3.321069
1.466766,-0.547596,0.000000,3.321069
1.526799,-0.378889,0.000000,3.321069
1.596679,-0.212597,0.000000,3.321069
1.697881,-0.190933,0.000000,3.321069
1.815559,-0.276050,0.000000,3.321069
1.923563,-0.153906,0.000000,3.321069
2.002966,-0.052038,0.000000,3.321069
2.079390,0.012782,0.000000,3.321069
2.116685,0.048062,0.000000,3.321069
2.140715,0.146906,0.000000,3.321069
2.005100,0.316498,0.000000,3.321069
1.759248,0.497900,0.000000,3.321069
1.529966,0.541586,0.000000,3.321069
1.102133,0.650725,0.000000,3.321069
0.549905,0.745690,0.000000,3.321069
0.308641,0.728866,0.000000,3.321069
-0.062483,1.089053,0.000000,3.321069
0.007217,1.381148,0.000000,3.321069
-0.628144,1.790780,0.000000,3.321069
-1.004566,1.891633,0.000000,3.321069
-1.146237,1.750051,0.000000,3.321069
-1.116359,1.506593,0.000000,3.321069
-0.818664,1.135987,0.000000,3.321069
-0.558180,0.652588,0.000000,3.321069
-0.562832,0.233643,0.000000,3.321069
-0.911694,0.112794,0.000000,3.321069
-1.348936,0.096681,0.000000,3.321069
-1.502435,0.104738,0.000000,3.321069
-1.428011,0.128907,0.000000,3.321069
-1.307072,0.064454,0.000000,3.321069
-0.986119,-0.072509,0.000000,3.321069
-0.609347,-0.241699,0.000000,3.321069
-0.237227,-0.692871,0.000000,3.321069
-0.316303,-1.192382,0.000000,3.321069
-0.265137,-1.619384,0.000000,3.321069
-0.307001,-1.788574,0.000000,3.321069
-0.279092,-1.748291,0.000000,3.321069
-0.246531,-1.490478,0.000000,3.321069
-0.153500,-1.071533,0.000000,3.321069
0.093029,-0.757324,0.000000,3.321069
0.427938,-0.862061,0.000000,3.321069
0.934951,-1.240723,0.000000,3.321069
0.897739,-1.619385,0.000000,3.321069
0.907042,-1.796631,0.000000,3.321069
-0.987172,1.748363,0.000000,3.321069
-0.988208,1.408770,0.000000,3.321069
-0.919668,0.938660,0.000000,3.321069
-0.692711,0.477300,0.000000,3.321069
-0.608936,-0.020337,0.000000,3.321069
-0.690172,-0.390048,0.000000,3.321069
-1.140455,-0.978396,0.000000,3.321069
-0.985835,-1.137232,0.000000,3.321069
-0.911205,-1.373621,0.000000,3.321069
-0.785749,-1.594168,0.000000,3.321069
-0.552618,-1.596743,0.000000,3.321069
-0.357251,-1.487406,0.000000,3.321069
-0.180382,-1.355721,0.000000,3.321069
0.013012,-1.049583,0.000000,3.321069
0.210673,-0.579998,0.000000,3.321069
0.424975,-0.490768,0.000000,3.321069
0.703484,-0.385937,0.000000,3.321069
1.016641,-0.279348,0.000000,3.321069
1.334496,-0.613978,0.000000,3.321069
1.553686,-0.350713,0.000000,3.321069
1.789312,-0.276830,0.000000,3.321069
1.909734,-0.111927,0.000000,3.321069
2.014695,-0.001353,0.000000,3.321069
2.097712,0.030221,0.000000,3.321069
2.151976,0.100213,0.000000,3.321069
2.193969,0.136989,0.000000,3.321069
2.153314,0.183477,0.000000,3.321069
2.119562,0.329622,0.000000,3.321069
2.090190,0.415898,0.000000,3.321069
2.040047,0.473047,0.000000,3.321069
1.969007,0.521711,0.000000,3.321069
1.917735,0.587415,0.000000,3.321069
1.845350,0.576847,0.000000,3.321069
1.805308,0.598607,0.000000,3.321069
1.711201,0.593996,0.000000,3.321069
1.584253,0.674497,0.000000,3.321069
1.477686,0.728309,0.000000,3.321069
1.453567,0.690110,0.000000,3.321069
1.441542,0.603913,0.000000,3.321069
1.403276,0.604241,0.000000,3.321069
1.491791,0.490972,0.000000,3.321069
1.396956,0.473673,0.000000,3.321069
0.964123,0.780269,0.000000,3.321069
0.875691,0.831452,0.000000,3.321069
0.787009,0.817689,0.000000,3.321069
0.822266,0.794180,0.000000,3.321069
0.824712,0.775736,0.000000,3.321069
0.792793,0.758391,0.000000,3.321069
0.798294,0.755067,0.000000,3.321069
0.808769,0.770878,0.000000,3.321069
0.803013,0.761597,0.000000,3.321069
0.787785,0.753380,0.000000,3.321069
0.800966,0.763750,0.000000,3.321069
0.795700,0.760367,0.000000,3.321069
0.784282,0.768389,0.000000,3.321069
0.801283,0.757172,0.000000,3.321069
0.793939,0.760913,0.000000,3.321069
0.790140,0.763597,0.000000,3.321069
0.784604,0.766862,0.000000,3.321069
0.793411,0.769180,0.000000,3.321069
0.833605,0.771576,0.000000,3.321069
0.818735,0.761634,0.000000,3.321069
0.786660,0.764752,0.000000,3.321069
0.810835,0.768705,0.000000,3.321069
0.825146,0.767703,0.000000,3.321069
0.807887,0.780653,0.000000,3.321069
0.795979,0.758779,0.000000,3.321069
0.818032,0.784063,0.000000,3.321069
0.793063,0.770735,0.000000,3.321069
0.802387,0.764809,0.000000,3.321069
0.795128,0.768602,0.000000,3.321069
0.814147,0.774120,0.000000,3.321069
0.808520,0.758321,0.000000,3.321069
0.818735,0.761634,0.000000,3.321069
0.806030,0.768690,0.000000,3.321069
0.821355,0.770397,0.000000,3.321069
0.810266,0.757784,0.000000,3.321069
0.795640,0.779441,0.000000,3.321069
0.781692,0.759702,0.000000,3.321069
0.763272,0.751155,0.000000,3.321069
0.791894,0.763041,0.000000,3.321069
0.778825,0.752531,0.000000,3.321069
0.771751,0.754982,0.000000,3.321069
0.785491,0.757018,0.000000,3.321069
0.774774,0.756701,0.000000,3.321069
0.763762,0.744072,0.000000,3.321069
0.763946,0.742646,0.000000,3.321069
0.748273,0.756092,0.000000,3.321069
0.752851,0.762722,0.000000,3.321069
0.759756,0.748162,0.000000,3.321069
0.745900,0.746124,0.000000,3.321069
0.709342,0.755157,0.000000,3.321069
0.694599,0.745189,0.000000,3.321069
0.646659,0.759849,0.000000,3.321069
0.664147,0.747744,0.000000,3.321069
0.614578,0.772696,0.000000,3.321069
0.615452,0.753233,0.000000,3.321069
0.585445,0.752723,0.000000,3.321069
0.555276,0.763761,0.000000,3.321069
0.530759,0.760575,0.000000,3.321069
0.524617,0.764825,0.000000,3.321069
0.520840,0.766950,0.000000,3.321069
0.442092,0.805716,0.000000,3.321069
0.411909,0.823489,0.000000,3.321069
0.397670,0.831669,0.000000,3.321069
0.385644,0.838747,0.000000,3.321069
0.381108,0.831501,0.000000,3.321069
0.330539,0.851141,0.000000,3.321069
0.265315,0.896782,0.000000,3.321069
0.266880,0.904500,0.000000,3.321069
0.196684,0.938187,0.000000,3.321069
0.151490,0.984178,0.000000,3.321069
0.057059,1.059405,0.000000,3.321069
-0.031704,1.134266,0.000000,3.321069
-0.100590,1.249700,0.000000,3.321069
-0.347758,1.435488,0.000000,3.321069
-0.313998,1.484042,0.000000,3.321069
-0.127678,1.513945,0.000000,3.321069
-0.553976,1.765733,0.000000,3.321069
-0.595569,1.837068,0.000000,3.321069
-0.774178,1.949851,0.000000,3.321069
-1.016594,1.997310,0.000000,3.321069
-1.120971,1.924482,0.000000,3.321069
-1.186132,1.844971,0.000000,3.321069
-1.172177,1.667725,0.000000,3.321069
-1.018678,1.417969,0.000000,3.321069
-0.758194,1.031250,0.000000,3.321069
-0.697725,0.596192,0.000000,3.321069
-0.600044,0.217530,0.000000,3.321069
-0.972164,0.120850,0.000000,3.321069
-1.321027,0.096681,0.000000,3.321069
-1.469875,0.112794,0.000000,3.321069
-1.418708,0.128907,0.000000,3.321069
-1.297769,0.040284,0.000000,3.321069
-0.944255,-0.080566,0.000000,3.321069
-0.507014,-0.265869,0.000000,3.321069
-0.227924,-0.708984,0.000000,3.321069
-0.004653,-1.240723,0.000000,3.321069
-0.241880,-1.651611,0.000000,3.321069
-0.279092,-1.812744,0.000000,3.321069
-0.260486,-1.683837,0.000000,3.321069
-0.083728,-1.321289,0.000000,3.321069
-0.046516,-0.862060,0.000000,3.321069
0.325605,-0.773438,0.000000,3.321069
0.488407,-1.160156,0.000000,3.321069
0.939602,-1.587159,0.000000,3.321069
0.902390,-1.780518,0.000000,3.321069
-0.998159,1.723214,0.000000,3.321069
-0.967208,1.327238,0.000000,3.321069
-0.925865,0.766249,0.000000,3.321069
-0.594514,0.281418,0.000000,3.321069
-0.647457,-0.164867,0.000000,3.321069
-0.757517,-0.458721,0.000000,3.321069
-1.152567,-0.985539,0.000000,3.321069
-0.945540,-1.015635,0.000000,3.321069
-0.989536,-1.311525,0.000000,3.321069
-0.666519,-1.576349,0.000000,3.321069
-0.213796,-1.236244,0.000000,3.321069
-0.145764,-1.352676,0.000000,3.321069
-0.001506,-1.189120,0.000000,3.321069
0.243455,-0.619220,0.000000,3.321069
0.346873,-0.614456,0.000000,3.321069
0.362701,-0.646407,0.000000,3.321069
0.316545,-0.707898,0.000000,3.321069
0.304689,-0.709294,0.000000,3.321069
0.314488,-0.713394,0.000000,3.321069
0.391351,-0.585672,0.000000,3.321069
0.609293,-0.420724,0.000000,3.321069
0.732027,-0.422911,0.000000,3.321069
0.807787,-0.412640,0.000000,3.321069
0.863954,-0.398210,0.000000,3.321069
0.844822,-0.427126,0.000000,3.321069
0.803476,-0.432032,0.000000,3.321069
0.712525,-0.493747,0.000000,3.321069
0.630851,-0.503210,0.000000,3.321069
0.542855,-0.552117,0.000000,3.321069
0.432465,-0.615828,0.000000,3.321069
0.314651,-0.721735,0.000000,3.321069
0.275904,-0.778883,0.000000,3.321069
0.212393,-0.852406,0.000000,3.321069
0.175408,-0.871880,0.000000,3.321069
0.153154,-0.901226,0.000000,3.321069
0.132642,-0.929775,0.000000,3.321069
0.125656,-0.926189,0.000000,3.321069
0.126162,-0.921565,0.000000,3.321069
0.119423,-0.858865,0.000000,3.321069
0.120364,-0.908692,0.000000,3.321069
0.114644,-0.930248,0.000000,3.321069
0.120682,-0.926850,0.000000,3.321069
0.116636,-0.934561,0.000000,3.321069
0.109109,-0.876321,0.000000,3.321069
0.123477,-0.862829,0.000000,3.321069
0.097019,-0.871235,0.000000,3.321069
0.107349,-0.871997,0.000000,3.321069
0.112572,-0.948739,0.000000,3.321069
0.112701,-0.884959,0.000000,3.321069
0.126277,-0.898788,0.000000,3.321069
0.126667,-0.916941,0.000000,3.321069
0.125986,-0.880639,0.000000,3.321069
0.136699,-0.899321,0.000000,3.321069
0.125249,-0.867115,0.000000,3.321069
0.153825,-0.880491,0.000000,3.321069
0.163714,-0.862791,0.000000,3.321069
0.161773,-0.869960,0.000000,3.321069
0.185224,-0.865358,0.000000,3.321069
0.197483,-0.842340,0.000000,3.321069
0.203784,-0.818079,0.000000,3.321069
0.204497,-0.808803,0.000000,3.321069
0.238207,-0.794229,0.000000,3.321069
0.257379,-0.782093,0.000000,3.321069
0.241515,-0.775018,0.000000,3.321069
0.262296,-0.765355,0.000000,3.321069
0.246978,-0.786981,0.000000,3.321069
0.251636,-0.774855,0.000000,3.321069
0.265913,-0.773226,0.000000,3.321069
0.245941,-0.769066,0.000000,3.321069
0.262296,-0.765355,0.000000,3.321069
0.272395,-0.765093,0.000000,3.321069
0.263580,-0.778582,0.000000,3.321069
0.274447,-0.764359,0.000000,3.321069
0.259942,-0.772108,0.000000,3.321069
0.274447,-0.764359,0.000000,3.321069
0.226666,-0.787320,0.000000,3.321069
0.248262,-0.763759,0.000000,3.321069
0.235552,-0.773879,0.000000,3.321069
0.257624,-0.777448,0.000000,3.321069
0.231394,-0.775132,0.000000,3.321069
0.239127,-0.780305,0.000000,3.321069
0.253445,-0.778820,0.000000,3.321069
0.242749,-0.788296,0.000000,3.321069
0.251918,-0.770212,0.000000,3.321069
0.240633,-0.788944,0.000000,3.321069
0.228356,-0.789672,0.000000,3.321069
0.230168,-0.793698,0.000000,3.321069
0.204497,-0.808803,0.000000,3.321069
0.227717,-0.798954,0.000000,3.321069
0.223375,-0.806494,0.000000,3.321069
0.209728,-0.825692,0.000000,3.321069
0.203071,-0.827354,0.000000,3.321069
0.184867,-0.853946,0.000000,3.321069
0.208452,-0.844254,0.000000,3.321069
0.180661,-0.850290,0.000000,3.321069
0.175687,-0.855881,0.000000,3.321069
0.172698,-0.876984,0.000000,3.321069
0.186799,-0.846819,0.000000,3.321069
0.189498,-0.868988,0.000000,3.321069
0.191830,-0.868477,0.000000,3.321069
0.197102,-0.846975,0.000000,3.321069
0.190236,-0.859715,0.000000,3.321069
0.176318,-0.823922,0.000000,3.321069
0.179165,-0.841502,0.000000,3.321069
0.179622,-0.891534,0.000000,3.321069
0.163193,-0.906149,0.000000,3.321069
0.158994,-0.875022,0.000000,3.321069
0.162852,-0.883421,0.000000,3.321069
0.168933,-0.879970,0.000000,3.321069
0.150981,-0.885527,0.000000,3.321069
0.155890,-0.907434,0.000000,3.321069
0.160340,-0.911216,0.000000,3.321069
0.127679,-0.907693,0.000000,3.321069
0.118735,-0.922551,0.000000,3.321069
0.104903,-0.902192,0.000000,3.321069
0.098356,-0.916592,0.000000,3.321069
0.097789,-0.921209,0.000000,3.321069
0.087933,-0.904004,0.000000,3.321069
0.064642,-0.996930,0.000000,3.321069
0.089125,-0.912985,0.000000,3.321069
0.082897,-0.940873,0.000000,3.321069
0.018955,-1.207550,0.000000,3.321069
0.007748,-1.216848,0.000000,3.321069
0.013565,-1.221384,0.000000,3.321069
0.018740,-1.230494,0.000000,3.321069
-0.041643,-1.473805,0.000000,3.321069
-0.051678,-1.587829,0.000000,3.321069
-0.121934,-1.643264,0.000000,3.321069
-0.116469,-1.662194,0.000000,3.321069
-0.142932,-1.514446,0.000000,3.321069
-0.162472,-1.508751,0.000000,3.321069
-0.195685,-1.508537,0.000000,3.321069
-0.226901,-1.564921,0.000000,3.321069
-0.285509,-1.587365,0.000000,3.321069
-0.409699,-1.811873,0.000000,3.321069
-0.464919,-1.851122,0.000000,3.321069
-0.528919,-1.877255,0.000000,3.321069
-0.644426,-1.909458,0.000000,3.321069
-0.712457,-1.969205,0.000000,3.321069
-0.844556,-2.007195,0.000000,3.321069
-0.950672,-2.047109,0.000000,3.321069
-1.040920,-1.922679,0.000000,3.321069
-1.118214,-1.845683,0.000000,3.321069
-1.183274,-1.584164,0.000000,3.321069
-1.272944,-1.388927,0.000000,3.321069
-1.173485,-1.006504,0.000000,3.321069
-1.332352,-0.953537,0.000000,3.321069
-0.924859,-0.273039,0.000000,3.321069
-0.978264,0.222745,0.000000,3.321069
-1.146430,0.687845,0.000000,3.321069
-1.210145,1.173641,0.000000,3.321069
-1.582129,1.502036,0.000000,3.321069
-1.617977,1.879918,0.000000,3.321069
-1.448777,2.194745,0.000000,3.321069
-1.335919,2.374281,0.000000,3.321069
1.227995,-2.433106,0.000000,3.321069
1.093101,-2.312257,0.000000,3.321069
0.990768,-2.135010,0.000000,3.321069
0.823314,-1.877198,0.000000,3.321069
0.939602,-1.611329,0.000000,3.321069
0.395377,-1.289063,0.000000,3.321069
0.265135,-1.063477,0.000000,3.321069
0.023257,-1.055420,0.000000,3.321069
-0.125592,-1.232666,0.000000,3.321069
-0.372122,-1.482421,0.000000,3.321069
-0.013956,-1.708008,0.000000,3.321069
-0.437243,-1.925537,0.000000,3.321069
-0.372122,-2.094726,0.000000,3.321069
-0.460501,-2.231689,0.000000,3.321069
-0.474455,-2.312255,0.000000,3.321069
-0.455849,-2.336425,0.000000,3.321069
-0.423289,-2.352539,0.000000,3.321069
-0.446546,-2.288085,0.000000,3.321069
-0.483758,-2.175292,0.000000,3.321069
-0.437243,-1.989990,0.000000,3.321069
-0.409334,-1.820800,0.000000,3.321069
-0.311652,-1.538818,0.000000,3.321069
-0.362818,-1.192382,0.000000,3.321069
-0.432590,-0.749267,0.000000,3.321069
-0.637256,-0.386718,0.000000,3.321069
-0.920998,-0.145019,0.000000,3.321069
-1.227997,-0.032226,0.000000,3.321069
-1.065194,0.008058,0.000000,3.321069
-1.558253,0.040284,0.000000,3.321069
-1.590814,0.056398,0.000000,3.321069
-1.637329,0.080568,0.000000,3.321069
-1.735011,0.088624,0.000000,3.321069
-1.832692,0.185304,0.000000,3.321069
-1.828040,0.209474,0.000000,3.321069
-1.846646,0.217531,0.000000,3.321069
-1.809434,0.217531,0.000000,3.321069
-1.818737,0.217531,0.000000,3.321069
-1.823389,0.209474,0.000000,3.321069
-1.828040,0.201418,0.000000,3.321069
-1.809435,0.201417,0.000000,3.321069
-1.735011,0.193361,0.000000,3.321069
-1.595465,0.169191,0.000000,3.321069
-1.609420,0.177247,0.000000,3.321069
-1.548950,0.177247,0.000000,3.321069
-1.516390,0.185304,0.000000,3.321069
-1.488481,0.177247,0.000000,3.321069
-1.423360,0.177247,0.000000,3.321069
-1.623374,0.185304,0.000000,3.321069
-1.479178,0.193361,0.000000,3.321069
-1.339633,0.193360,0.000000,3.321069
-1.023331,0.201417,0.000000,3.321069
-0.888437,0.209473,0.000000,3.321069
-1.055891,0.217530,0.000000,3.321069
-1.116361,0.241700,0.000000,3.321069
-0.995421,0.249757,0.000000,3.321069
-0.855876,0.273926,0.000000,3.321069
-0.781452,0.290040,0.000000,3.321069
-0.748892,0.322266,0.000000,3.321069
-0.716331,0.338379,0.000000,3.321069
-0.716331,0.314210,0.000000,3.321069
-0.720983,0.314210,0.000000,3.321069
-0.725634,0.306153,0.000000,3.321069
-0.748892,0.273926,0.000000,3.321069
-0.790755,0.241700,0.000000,3.321069
-0.902391,0.201417,0.000000,3.321069
-1.102406,0.177247,0.000000,3.321069
-0.874482,0.153077,0.000000,3.321069
-1.414057,0.136964,0.000000,3.321069
-1.418708,0.145021,0.000000,3.321069
-1.604768,0.145021,0.000000,3.321069
-1.748965,0.193361,0.000000,3.321069
-1.721056,0.177248,0.000000,3.321069
-1.735011,0.185304,0.000000,3.321069
-1.707101,0.185304,0.000000,3.321069
-1.716404,0.177248,0.000000,3.321069
-1.716404,0.185304,0.000000,3.321069
-1.702450,0.185304,0.000000,3.321069
-1.707101,0.185304,0.000000,3.321069
-1.702450,0.193361,0.000000,3.321069
-1.707101,0.193361,0.000000,3.321069
-1.721056,0.193361,0.000000,3.321069
-1.716404,0.193361,0.000000,3.321069
-1.721056,0.193361,0.000000,3.321069
-1.730359,0.201417,0.000000,3.321069
-1.744313,0.193361,0.000000,3.321069
-1.744313,0.193361,0.000000,3.321069
-1.744313,0.201417,0.000000,3.321069
-1.739662,0.193361,0.000000,3.321069
-1.735011,0.193361,0.000000,3.321069
-1.735011,0.193361,0.000000,3.321069
-1.730359,0.193361,0.000000,3.321069
-1.730359,0.193361,0.000000,3.321069
-1.730359,0.193361,0.000000,3.321069
-1.735011,0.185304,0.000000,3.321069
-1.721056,0.185304,0.000000,3.321069
-1.744313,0.185304,0.000000,3.321069
-1.730359,0.177248,0.000000,3.321069
-1.716404,0.185304,0.000000,3.321069
-1.697798,0.161134,0.000000,3.321069
-1.679192,0.161134,0.000000,3.321069
-1.651283,0.088624,0.000000,3.321069
-1.586162,0.008058,0.000000,3.321069
-1.451269,0.048341,0.000000,3.321069
-1.348936,0.024171,0.000000,3.321069
-1.321027,-0.008056,0.000000,3.321069
-1.009376,-0.056396,0.000000,3.321069
-0.827968,-0.104736,0.000000,3.321069
-0.618650,-0.209472,0.000000,3.321069
-0.372121,-0.418945,0.000000,3.321069
-0.255833,-0.700927,0.000000,3.321069
-0.251182,-0.999023,0.000000,3.321069
0.018605,-1.313232,0.000000,3.321069
-0.339561,-1.603271,0.000000,3.321069
-0.330258,-1.772460,0.000000,3.321069
-0.325607,-1.909423,0.000000,3.321069
-0.283743,-1.901367,0.000000,3.321069
-0.307001,-1.708007,0.000000,3.321069
-0.316303,-1.369629,0.000000,3.321069
0.120938,-0.974854,0.000000,3.321069
0.241878,-0.749268,0.000000,3.321069
0.544225,-1.023194,0.000000,3.321069
0.800057,-1.466309,0.000000,3.321069
0.860527,-1.732178,0.000000,3.321069
0.925648,-1.732178,0.000000,3.321069
-0.974173,1.400320,0.000000,3.321069
-0.801764,0.849657,0.000000,3.321069
-0.587529,0.231591,0.000000,3.321069
-0.687159,-0.366622,0.000000,3.321069
-1.030147,-0.991600,0.000000,3.321069
-0.892447,-1.304353,0.000000,3.321069
-0.674454,-1.537867,0.000000,3.321069
-0.319386,-1.359515,0.000000,3.321069
0.036599,-0.875164,0.000000,3.321069
0.333649,-0.463890,0.000000,3.321069
0.804779,-0.327655,0.000000,3.321069
1.344946,-0.585880,0.000000,3.321069
1.640320,-0.117214,0.000000,3.321069
1.868479,0.034539,0.000000,3.321069
1.666922,0.262862,0.000000,3.321069
0.950022,0.502344,0.000000,3.321069
0.749017,0.618690,0.000000,3.321069
0.242547,0.731766,0.000000,3.321069
-0.131732,1.197759,0.000000,3.321069
-0.377070,1.610291,0.000000,3.321069
-0.841972,1.878187,0.000000,3.321069
-1.089847,1.842297,0.000000,3.321069
-1.148920,1.691895,0.000000,3.321069
-1.055890,1.426026,0.000000,3.321069
-0.869830,1.071534,0.000000,3.321069
-0.772149,0.660645,0.000000,3.321069
-0.567483,0.314209,0.000000,3.321069
-0.730286,0.193360,0.000000,3.321069
-1.041937,0.161134,0.000000,3.321069
-0.934952,0.153077,0.000000,3.321069
-1.325678,0.145021,0.000000,3.321069
-1.414057,0.136964,0.000000,3.321069
-1.581511,0.128908,0.000000,3.321069
-1.488481,0.128907,0.000000,3.321069
-1.288466,0.048341,0.000000,3.321069
-1.321027,0.024171,0.000000,3.321069
-1.288466,-0.008056,0.000000,3.321069
-0.832619,-0.080566,0.000000,3.321069
-0.939604,-0.128905,0.000000,3.321069
-0.702377,-0.193359,0.000000,3.321069
-0.516317,-0.330322,0.000000,3.321069
-0.413984,-0.467285,0.000000,3.321069
-0.427939,-0.515625,0.000000,3.321069
-0.423287,-0.547851,0.000000,3.321069
-0.441893,-0.515625,0.000000,3.321069
-0.423287,-0.547851,0.000000,3.321069
-0.400030,-0.580078,0.000000,3.321069
-0.427939,-0.555908,0.000000,3.321069
-0.441893,-0.539795,0.000000,3.321069
-0.451196,-0.515625,0.000000,3.321069
-0.460499,-0.467285,0.000000,3.321069
-0.451196,-0.475341,0.000000,3.321069
-0.446545,-0.499511,0.000000,3.321069
-0.451196,-0.515625,0.000000,3.321069
-0.441893,-0.515625,0.000000,3.321069
-0.451196,-0.507568,0.000000,3.321069
-0.451196,-0.507568,0.000000,3.321069
-0.446545,-0.523681,0.000000,3.321069
-0.455848,-0.499511,0.000000,3.321069
-0.432590,-0.523681,0.000000,3.321069
-0.446545,-0.507568,0.000000,3.321069
-0.446545,-0.515625,0.000000,3.321069
-0.446545,-0.515625,0.000000,3.321069
-0.441893,-0.515625,0.000000,3.321069
-0.441893,-0.523681,0.000000,3.321069
-0.437242,-0.523681,0.000000,3.321069
-0.446545,-0.515625,0.000000,3.321069
-0.441893,-0.523681,0.000000,3.321069
-0.465151,-0.475341,0.000000,3.321069
-0.460499,-0.491455,0.000000,3.321069
-0.455848,-0.467285,0.000000,3.321069
-0.455848,-0.475341,0.000000,3.321069
-0.460499,-0.483398,0.000000,3.321069
-0.446545,-0.507568,0.000000,3.321069
-0.446545,-0.499511,0.000000,3.321069
-0.455848,-0.467285,0.000000,3.321069
-0.446545,-0.523681,0.000000,3.321069
-0.441893,-0.499511,0.000000,3.321069
-0.437242,-0.507568,0.000000,3.321069
-0.404681,-0.572021,0.000000,3.321069
-0.413984,-0.572021,0.000000,3.321069
-0.348863,-0.620361,0.000000,3.321069
-0.372121,-0.668701,0.000000,3.321069
-0.330257,-0.749267,0.000000,3.321069
-0.316303,-0.910400,0.000000,3.321069
-0.288394,-0.902343,0.000000,3.321069
-0.339561,-0.999023,0.000000,3.321069
-0.400030,-1.111816,0.000000,3.321069
-0.418636,-1.160156,0.000000,3.321069
-0.413985,-1.127929,0.000000,3.321069
-0.413985,-1.152099,0.000000,3.321069
-0.413985,-1.144042,0.000000,3.321069
-0.409333,-1.152099,0.000000,3.321069
-0.418636,-1.144042,0.000000,3.321069
-0.423288,-1.144042,0.000000,3.321069
-0.418636,-1.152099,0.000000,3.321069
-0.418636,-1.160156,0.000000,3.321069
-0.418636,-1.144042,0.000000,3.321069
-0.283743,-1.152099,0.000000,3.321069
-0.423288,-1.160156,0.000000,3.321069
-0.293046,-1.176269,0.000000,3.321069
-0.409333,-1.144042,0.000000,3.321069
-0.413985,-1.160156,0.000000,3.321069
-0.418636,-1.152099,0.000000,3.321069
-0.409333,-1.168212,0.000000,3.321069
-0.106986,-1.216552,0.000000,3.321069
-0.293046,-1.224609,0.000000,3.321069
-0.111637,-1.232666,0.000000,3.321069
-0.009304,-1.281006,0.000000,3.321069
-0.009304,-1.313232,0.000000,3.321069
-0.023259,-1.345459,0.000000,3.321069
-0.167455,-1.426025,0.000000,3.321069
-0.320955,-1.498535,0.000000,3.321069
-0.413985,-1.587158,0.000000,3.321069
-0.339561,-1.691894,0.000000,3.321069
-0.311652,-1.796630,0.000000,3.321069
-0.376773,-1.957763,0.000000,3.321069
-0.381425,-1.973876,0.000000,3.321069
-0.344213,-1.989990,0.000000,3.321069
-0.334910,-1.933593,0.000000,3.321069
-0.330258,-1.780517,0.000000,3.321069
-0.204667,-1.490478,0.000000,3.321069
0.074423,-1.095703,0.000000,3.321069
0.130241,-0.765381,0.000000,3.321069
0.460498,-0.886231,0.000000,3.321069
1.037284,-1.313233,0.000000,3.321069
0.902390,-1.691895,0.000000,3.321069
0.934951,-1.756348,0.000000,3.321069
-0.944247,1.376598,0.000000,3.321069
-0.724140,0.743777,0.000000,3.321069
-0.556805,0.007854,0.000000,3.321069
-0.706614,-0.547122,0.000000,3.321069
-0.936277,-1.172117,0.000000,3.321069
-0.706513,-1.546355,0.000000,3.321069
-0.360202,-1.382485,0.000000,3.321069
0.051895,-0.823191,0.000000,3.321069
0.409405,-0.447348,0.000000,3.321069
0.934017,-0.308082,0.000000,3.321069
1.474652,-0.489224,0.000000,3.321069
1.798038,-0.126125,0.000000,3.321069
1.875757,0.148179,0.000000,3.321069
1.314617,0.465912,0.000000,3.321069
0.903129,0.380839,0.000000,3.321069
0.321750,0.722382,0.000000,3.321069
0.012863,1.029447,0.000000,3.321069
-0.348270,1.471950,0.000000,3.321069
-0.580426,1.737398,0.000000,3.321069
-0.782204,1.905717,0.000000,3.321069
-1.082590,1.838839,0.000000,3.321069
-1.088451,1.466309,0.000000,3.321069
-0.888436,1.063477,0.000000,3.321069
-0.469801,1.087647,0.000000,3.321069
-0.618649,0.531739,0.000000,3.321069
-0.632604,0.265870,0.000000,3.321069
-0.827967,0.177247,0.000000,3.321069
-0.897740,0.136964,0.000000,3.321069
-1.381496,0.128907,0.000000,3.321069
-1.483829,0.128907,0.000000,3.321069
-1.646632,0.136964,0.000000,3.321069
-1.660586,0.161134,0.000000,3.321069
-1.632677,0.161134,0.000000,3.321069
-1.609420,0.161134,0.000000,3.321069
-1.600117,0.145021,0.000000,3.321069
-1.516390,-0.040282,0.000000,3.321069
-1.358239,0.008058,0.000000,3.321069
-1.316375,-0.016112,0.000000,3.321069
-1.144270,-0.040282,0.000000,3.321069
-0.688423,-0.080566,0.000000,3.321069
-0.962861,-0.112792,0.000000,3.321069
-0.786104,-0.169189,0.000000,3.321069
-0.674468,-0.209472,0.000000,3.321069
-0.618650,-0.257812,0.000000,3.321069
-0.572135,-0.273925,0.000000,3.321069
-0.609347,-0.281982,0.000000,3.321069
-0.567484,-0.298095,0.000000,3.321069
-0.534923,-0.306152,0.000000,3.321069
-0.539575,-0.298095,0.000000,3.321069
-0.641908,-0.265869,0.000000,3.321069
-0.567484,-0.306152,0.000000,3.321069
-0.553529,-0.290039,0.000000,3.321069
-0.525620,-0.306152,0.000000,3.321069
-0.539575,-0.290039,0.000000,3.321069
-0.520969,-0.314209,0.000000,3.321069
-0.539575,-0.290039,0.000000,3.321069
-0.544226,-0.281982,0.000000,3.321069
-0.539575,-0.273925,0.000000,3.321069
-0.586090,-0.265869,0.000000,3.321069
-0.548878,-0.298095,0.000000,3.321069
-0.544226,-0.290039,0.000000,3.321069
-0.553529,-0.273925,0.000000,3.321069
-0.600044,-0.273925,0.000000,3.321069
-0.641908,-0.265869,0.000000,3.321069
-0.655862,-0.241699,0.000000,3.321069
-0.609347,-0.241699,0.000000,3.321069
-0.646559,-0.233642,0.000000,3.321069
-0.674468,-0.225585,0.000000,3.321069
-0.651211,-0.233642,0.000000,3.321069
-0.688423,-0.225585,0.000000,3.321069
-0.679120,-0.233642,0.000000,3.321069
-0.688423,-0.225585,0.000000,3.321069
-0.707029,-0.217529,0.000000,3.321069
-0.693074,-0.209472,0.000000,3.321069
-0.711680,-0.217529,0.000000,3.321069
-0.697726,-0.201415,0.000000,3.321069
-0.707029,-0.201415,0.000000,3.321069
-0.702377,-0.201415,0.000000,3.321069
-0.693074,-0.185302,0.000000,3.321069
-0.711680,-0.201415,0.000000,3.321069
-0.688423,-0.209472,0.000000,3.321069
-0.707029,-0.201415,0.000000,3.321069
-0.702377,-0.193359,0.000000,3.321069
-0.707029,-0.209472,0.000000,3.321069
-0.707029,-0.201415,0.000000,3.321069
-0.702377,-0.209472,0.000000,3.321069
-0.697726,-0.193359,0.000000,3.321069
-0.716332,-0.209472,0.000000,3.321069
-0.707029,-0.201415,0.000000,3.321069
-0.702377,-0.217529,0.000000,3.321069
-0.716332,-0.193359,0.000000,3.321069
-0.707029,-0.201415,0.000000,3.321069
-0.697726,-0.209472,0.000000,3.321069
-0.697726,-0.217529,0.000000,3.321069
-0.679120,-0.201415,0.000000,3.321069
-0.707029,-0.209472,0.000000,3.321069
-0.679120,-0.225585,0.000000,3.321069
-0.702377,-0.201415,0.000000,3.321069
-0.697726,-0.217529,0.000000,3.321069
-0.683771,-0.217529,0.000000,3.321069
-0.674468,-0.217529,0.000000,3.321069
-0.697726,-0.233642,0.000000,3.321069
-0.669817,-0.217529,0.000000,3.321069
-0.674468,-0.217529,0.000000,3.321069
-0.707029,-0.217529,0.000000,3.321069
-0.697726,-0.225585,0.000000,3.321069
-0.674468,-0.225585,0.000000,3.321069
-0.697726,-0.209472,0.000000,3.321069
-0.679120,-0.209472,0.000000,3.321069
-0.679120,-0.225585,0.000000,3.321069
-0.679120,-0.225585,0.000000,3.321069
-0.665165,-0.233642,0.000000,3.321069
-0.702377,-0.225585,0.000000,3.321069
-0.669817,-0.241699,0.000000,3.321069
-0.651211,-0.241699,0.000000,3.321069
-0.572135,-0.273925,0.000000,3.321069
-0.581438,-0.265869,0.000000,3.321069
-0.530272,-0.290039,0.000000,3.321069
-0.567484,-0.298095,0.000000,3.321069
-0.539575,-0.298095,0.000000,3.321069
-0.544226,-0.330322,0.000000,3.321069
-0.539575,-0.346435,0.000000,3.321069
-0.520969,-0.354492,0.000000,3.321069
-0.507014,-0.386718,0.000000,3.321069
-0.516317,-0.370605,0.000000,3.321069
-0.497711,-0.402832,0.000000,3.321069
-0.483757,-0.418945,0.000000,3.321069
-0.479105,-0.418945,0.000000,3.321069
-0.474454,-0.418945,0.000000,3.321069
-0.446545,-0.475341,0.000000,3.321069
-0.446545,-0.483398,0.000000,3.321069
-0.437242,-0.515625,0.000000,3.321069
-0.413984,-0.547851,0.000000,3.321069
-0.418636,-0.539795,0.000000,3.321069
-0.386075,-0.596191,0.000000,3.321069
-0.362818,-0.644531,0.000000,3.321069
-0.358166,-0.708984,0.000000,3.321069
-0.297697,-0.813720,0.000000,3.321069
-0.293045,-0.878173,0.000000,3.321069
-0.307000,-0.999023,0.000000,3.321069
-0.386076,-1.111816,0.000000,3.321069
0.004650,-1.264892,0.000000,3.321069
-0.074425,-1.401855,0.000000,3.321069
-0.311652,-1.538818,0.000000,3.321069
-0.339561,-1.716064,0.000000,3.321069
-0.330258,-1.836914,0.000000,3.321069
-0.390728,-1.949706,0.000000,3.321069
-0.386076,-2.006103,0.000000,3.321069
-0.325607,-2.030273,0.000000,3.321069
-0.344213,-1.981933,0.000000,3.321069
-0.353516,-1.836914,0.000000,3.321069
-0.237228,-1.627441,0.000000,3.321069
-0.227925,-1.305175,0.000000,3.321069
-0.102334,-0.958740,0.000000,3.321069
0.241877,-0.805664,0.000000,3.321069
0.516316,-1.023194,0.000000,3.321069
1.097754,-1.417970,0.000000,3.321069
0.958208,-1.748292,0.000000,3.321069
0.962860,-1.885255,0.000000,3.321069
-1.050616,1.824383,0.000000,3.321069
-0.977892,1.446091,0.000000,3.321069
-0.863816,0.792517,0.000000,3.321069
-0.617480,0.155241,0.000000,3.321069
-0.679784,-0.405249,0.000000,3.321069
-1.066395,-1.075872,0.000000,3.321069
-1.005238,-1.341209,0.000000,3.321069
-0.647805,-1.659729,0.000000,3.321069
-0.239842,-1.324570,0.000000,3.321069
0.108398,-1.044611,0.000000,3.321069
0.696633,-0.343752,0.000000,3.321069
1.342180,-0.368416,0.000000,3.321069
1.845125,-0.089034,0.000000,3.321069
1.906081,0.167147,0.000000,3.321069
1.415707,0.500209,0.000000,3.321069
0.920684,0.431304,0.000000,3.321069
0.114600,0.853661,0.000000,3.321069
-0.394755,1.473123,0.000000,3.321069
-0.680302,1.825984,0.000000,3.321069
-1.098026,1.844999,0.000000,3.321069
-1.167526,1.619385,0.000000,3.321069
-0.869830,1.256837,0.000000,3.321069
-0.618649,0.676758,0.000000,3.321069
-0.595392,0.306153,0.000000,3.321069
-0.753543,0.209473,0.000000,3.321069
-0.972164,0.185304,0.000000,3.321069
-0.879134,0.169190,0.000000,3.321069
-0.902391,0.153077,0.000000,3.321069
-1.330330,0.153077,0.000000,3.321069
-1.441966,0.145021,0.000000,3.321069
-1.558253,0.128908,0.000000,3.321069
-1.660586,0.136964,0.000000,3.321069
-1.581511,0.145021,0.000000,3.321069
-1.488481,0.112794,0.000000,3.321069
-1.121012,-0.040282,0.000000,3.321069
-0.465150,-0.201416,0.000000,3.321069
-0.320954,-0.523681,0.000000,3.321069
-0.479105,-0.467285,0.000000,3.321069
-0.455848,-0.459228,0.000000,3.321069
-0.409333,-0.555908,0.000000,3.321069
-0.362818,-0.588134,0.000000,3.321069
-0.395378,-0.563964,0.000000,3.321069
-0.427939,-0.539795,0.000000,3.321069
-0.413984,-0.563964,0.000000,3.321069
-0.441893,-0.531738,0.000000,3.321069
-0.423287,-0.547851,0.000000,3.321069
-0.437242,-0.531738,0.000000,3.321069
-0.446545,-0.507568,0.000000,3.321069
-0.446545,-0.515625,0.000000,3.321069
-0.465151,-0.467285,0.000000,3.321069
-0.469802,-0.459228,0.000000,3.321069
-0.446545,-0.491455,0.000000,3.321069
-0.469802,-0.451171,0.000000,3.321069
-0.469802,-0.451171,0.000000,3.321069
-0.465151,-0.451171,0.000000,3.321069
-0.460499,-0.467285,0.000000,3.321069
-0.469802,-0.443115,0.000000,3.321069
-0.483757,-0.418945,0.000000,3.321069
-0.497711,-0.410888,0.000000,3.321069
-0.488408,-0.435058,0.000000,3.321069
-0.497711,-0.410888,0.000000,3.321069
-0.488408,-0.410888,0.000000,3.321069
-0.516317,-0.394775,0.000000,3.321069
-0.525620,-0.386718,0.000000,3.321069
-0.539575,-0.354492,0.000000,3.321069
-0.539575,-0.322265,0.000000,3.321069
-0.567484,-0.306152,0.000000,3.321069
-0.586090,-0.265869,0.000000,3.321069
-0.679120,-0.241699,0.000000,3.321069
-0.679120,-0.225585,0.000000,3.321069
-0.707029,-0.209472,0.000000,3.321069
-0.753544,-0.177245,0.000000,3.321069
-0.781453,-0.169189,0.000000,3.321069
-0.865180,-0.120849,0.000000,3.321069
-0.939604,-0.120849,0.000000,3.321069
-1.088452,-0.080565,0.000000,3.321069
-1.116361,-0.080565,0.000000,3.321069
-0.907043,-0.048339,0.000000,3.321069
-0.972164,-0.040282,0.000000,3.321069
-0.939604,-0.016112,0.000000,3.321069
-1.158224,0.000001,0.000000,3.321069
-1.530344,0.040284,0.000000,3.321069
-1.581511,0.048341,0.000000,3.321069
-1.590814,0.072511,0.000000,3.321069
-1.702450,0.169191,0.000000,3.321069
-1.669889,0.080568,0.000000,3.321069
-1.674541,-0.016112,0.000000,3.321069
-1.674541,0.000001,0.000000,3.321069
-1.697799,0.032228,0.000000,3.321069
-1.688496,-0.008055,0.000000,3.321069
-1.721056,0.145021,0.000000,3.321069
-1.725707,0.072511,0.000000,3.321069
-1.739662,0.161134,0.000000,3.321069
-1.744313,0.153078,0.000000,3.321069
-1.748965,0.185304,0.000000,3.321069
-1.762920,0.185304,0.000000,3.321069
-1.772223,0.185304,0.000000,3.321069
-1.767571,0.193361,0.000000,3.321069
-1.776874,0.201417,0.000000,3.321069
-1.786177,0.201417,0.000000,3.321069
-1.786177,0.201417,0.000000,3.321069
-1.800132,0.209474,0.000000,3.321069
-1.804783,0.209474,0.000000,3.321069
-1.795480,0.209474,0.000000,3.321069
-1.790828,0.185304,0.000000,3.321069
-1.711753,0.201417,0.000000,3.321069
-1.586162,0.201417,0.000000,3.321069
-1.474526,0.209474,0.000000,3.321069
-1.014027,0.225587,0.000000,3.321069
-1.111709,0.273927,0.000000,3.321069
-0.748892,0.410889,0.000000,3.321069
-0.674467,0.757325,0.000000,3.321069
-0.767497,1.111817,0.000000,3.321069
-1.144269,1.409913,0.000000,3.321069
-0.874481,1.667725,0.000000,3.321069
-1.302419,1.885255,0.000000,3.321069
-1.302419,2.038331,0.000000,3.321069
-1.432661,2.143067,0.000000,3.321069
-1.376843,2.175294,0.000000,3.321069
-1.376843,2.191407,0.000000,3.321069
-1.334532,2.218651,0.000000,3.321069
-1.252475,2.210876,0.000000,3.321069
-1.159583,2.241453,0.000000,3.321069
-1.033731,2.215752,0.000000,3.321069
-0.843871,2.146144,0.000000,3.321069
-0.597584,1.993928,0.000000,3.321069
-0.532107,1.875783,0.000000,3.321069
-0.031298,1.541092,0.000000,3.321069
-0.174888,1.403200,0.000000,3.321069
0.227234,1.040258,0.000000,3.321069
0.631054,0.881377,0.000000,3.321069
1.057106,0.885844,0.000000,3.321069
1.815392,0.615912,0.000000,3.321069
1.892926,0.846432,0.000000,3.321069
2.279228,0.643478,0.000000,3.321069
2.500296,0.402921,0.000000,3.321069
2.578265,0.118988,0.000000,3.321069
2.354769,-0.064700,0.000000,3.321069
2.029944,-0.298629,0.000000,3.321069
1.505454,-0.616379,0.000000,3.321069
0.744067,-0.540454,0.000000,3.321069
0.227817,-0.940538,0.000000,3.321069
-0.016594,-1.264141,0.000000,3.321069
-0.296299,-1.897758,0.000000,3.321069
-0.541064,-2.025645,0.000000,3.321069
-0.767973,-2.075707,0.000000,3.321069
-1.030213,-2.125807,0.000000,3.321069
-1.164419,-1.819814,0.000000,3.321069
-1.311060,-1.366880,0.000000,3.321069
-1.165596,-0.959454,0.000000,3.321069
-1.014772,-0.533548,0.000000,3.321069
-0.879629,0.007790,0.000000,3.321069
-1.052837,0.446196,0.000000,3.321069
-1.242216,0.945315,0.000000,3.321069
-1.744913,1.240044,0.000000,3.321069
-1.599545,1.733859,0.000000,3.321069
-1.465546,2.150000,0.000000,3.321069
-1.347684,2.322418,0.000000,3.321069
1.214040,-2.408936,0.000000,3.321069
1.060541,-2.263917,0.000000,3.321069
1.000072,-2.038331,0.000000,3.321069
0.772148,-1.699952,0.000000,3.321069
0.372119,-1.297119,0.000000,3.321069
0.162802,-1.039307,0.000000,3.321069
-0.111637,-1.184326,0.000000,3.321069
-0.404682,-1.562988,0.000000,3.321069
-0.376773,-1.917480,0.000000,3.321069
-0.395380,-2.191406,0.000000,3.321069
-0.520970,-2.368652,0.000000,3.321069
-0.441895,-2.400878,0.000000,3.321069
-0.474455,-2.304199,0.000000,3.321069
-0.483758,-2.135009,0.000000,3.321069
-0.390728,-1.861083,0.000000,3.321069
-0.386076,-1.554931,0.000000,3.321069
-0.069774,-1.192383,0.000000,3.321069
-0.404681,-0.870117,0.000000,3.321069
-0.437242,-0.531738,0.000000,3.321069
-0.534923,-0.427001,0.000000,3.321069
-0.609347,-0.298095,0.000000,3.321069
-0.646559,-0.241699,0.000000,3.321069
-0.786104,-0.169189,0.000000,3.321069
-0.888437,-0.120849,0.000000,3.321069
-0.976816,-0.096679,0.000000,3.321069
-1.074497,-0.072509,0.000000,3.321069
-1.186133,-0.064452,0.000000,3.321069
-0.948907,-0.048339,0.000000,3.321069
-0.823316,-0.040283,0.000000,3.321069
-0.837270,-0.032226,0.000000,3.321069
-0.920998,-0.032226,0.000000,3.321069
-0.837271,-0.040282,0.000000,3.321069
-0.846574,-0.040282,0.000000,3.321069
-0.851225,-0.032226,0.000000,3.321069
-0.911695,-0.032226,0.000000,3.321069
-0.916346,-0.032226,0.000000,3.321069
-0.916346,-0.024169,0.000000,3.321069
-0.832619,-0.032226,0.000000,3.321069
-0.814013,-0.056396,0.000000,3.321069
-0.809362,-0.048339,0.000000,3.321069
-0.804710,-0.056396,0.000000,3.321069
-0.818665,-0.040283,0.000000,3.321069
-0.827968,-0.040283,0.000000,3.321069
-0.827968,-0.040283,0.000000,3.321069
-0.809362,-0.056396,0.000000,3.321069
-0.818665,-0.040283,0.000000,3.321069
-0.767498,-0.064452,0.000000,3.321069
-0.781453,-0.056396,0.000000,3.321069
-1.041937,-0.072509,0.000000,3.321069
-0.837271,-0.072509,0.000000,3.321069
-0.981467,-0.072509,0.000000,3.321069
-1.037285,-0.096679,0.000000,3.321069
-0.972164,-0.120849,0.000000,3.321069
-0.916346,-0.128905,0.000000,3.321069
-0.758195,-0.161132,0.000000,3.321069
-0.646559,-0.217529,0.000000,3.321069
-0.627953,-0.265869,0.000000,3.321069
-0.483757,-0.330322,0.000000,3.321069
-0.479105,-0.402832,0.000000,3.321069
-0.418636,-0.499511,0.000000,3.321069
-0.372121,-0.612304,0.000000,3.321069
-0.311651,-0.733154,0.000000,3.321069
-0.316303,-0.862060,0.000000,3.321069
-0.302348,-0.878173,0.000000,3.321069
-0.307000,-0.926513,0.000000,3.321069
-0.325606,-0.958740,0.000000,3.321069
-0.320955,-0.990966,0.000000,3.321069
-0.353515,-1.039306,0.000000,3.321069
-0.400030,-1.119873,0.000000,3.321069
-0.400030,-1.152099,0.000000,3.321069
-0.004653,-1.281006,0.000000,3.321069
-0.013956,-1.337402,0.000000,3.321069
-0.241879,-1.450195,0.000000,3.321069
-0.390728,-1.579101,0.000000,3.321069
-0.339561,-1.683837,0.000000,3.321069
-0.316304,-1.796630,0.000000,3.321069
-0.381425,-1.949706,0.000000,3.321069
-0.386076,-1.998046,0.000000,3.321069
-0.353516,-2.038330,0.000000,3.321069
-0.330258,-2.046386,0.000000,3.321069
-0.339561,-1.933593,0.000000,3.321069
-0.311652,-1.740234,0.000000,3.321069
-0.288394,-1.426025,0.000000,3.321069
0.153499,-1.087646,0.000000,3.321069
0.120938,-0.813721,0.000000,3.321069
0.455847,-0.934571,0.000000,3.321069
0.744239,-1.305176,0.000000,3.321069
0.874481,-1.659668,0.000000,3.321069
0.930299,-1.877198,0.000000,3.321069
1.041935,-1.909424,0.000000,3.321069
-1.076239,1.590329,0.000000,3.321069
-1.084657,1.122372,0.000000,3.321069
-1.127982,0.451783,0.000000,3.321069
-0.612004,0.021299,0.000000,3.321069
-0.756613,-0.466794,0.000000,3.321069
-1.082440,-1.057797,0.000000,3.321069
-0.999380,-1.372808,0.000000,3.321069
-0.737656,-1.645803,0.000000,3.321069
-0.434829,-1.533622,0.000000,3.321069
-0.049876,-1.095673,0.000000,3.321069
0.293256,-0.461725,0.000000,3.321069
0.849245,-0.330342,0.000000,3.321069
1.517424,-0.390919,0.000000,3.321069
1.892178,0.018092,0.000000,3.321069
1.890368,0.211905,0.000000,3.321069
1.325682,0.527191,0.000000,3.321069
0.749268,0.473106,0.000000,3.321069
-0.025933,1.050919,0.000000,3.321069
-0.321970,1.593504,0.000000,3.321069
-1.023377,1.881525,0.000000,3.321069
-1.125662,1.587159,0.000000,3.321069
-0.962860,1.023194,0.000000,3.321069
-0.613998,0.346436,0.000000,3.321069
-0.869831,0.104737,0.000000,3.321069
-1.441966,0.072511,0.000000,3.321069
-1.497784,0.096681,0.000000,3.321069
-1.330330,0.056398,0.000000,3.321069
-0.972164,-0.104736,0.000000,3.321069
-0.358166,-0.410888,0.000000,3.321069
-0.232576,-0.974853,0.000000,3.321069
0.027908,-1.434082,0.000000,3.321069
-0.288395,-1.780517,0.000000,3.321069
-0.362819,-1.957763,0.000000,3.321069
-0.288395,-1.965820,0.000000,3.321069
-0.269789,-1.627441,0.000000,3.321069
-0.060470,-1.087646,0.000000,3.321069
0.218620,-0.789551,0.000000,3.321069
0.451195,-0.966797,0.000000,3.321069
0.493058,-1.135987,0.000000,3.321069
0.446543,-1.272949,0.000000,3.321069
1.041935,-1.409913,0.000000,3.321069
0.976814,-1.546876,0.000000,3.321069
0.837269,-1.691895,0.000000,3.321069
0.962860,-1.820801,0.000000,3.321069
0.967511,-1.933594,0.000000,3.321069
1.004723,-2.030274,0.000000,3.321069
1.065193,-2.062501,0.000000,3.321069
1.102405,-2.054444,0.000000,3.321069
-1.160537,1.862891,0.000000,3.321069
-1.157523,1.618548,0.000000,3.321069
-1.210547,1.303895,0.000000,3.321069
-1.467943,1.569578,0.000000,3.321069
-1.371766,1.468380,0.000000,3.321069
-1.408412,1.501024,0.000000,3.321069
-1.380691,1.485583,0.000000,3.321069
-1.377288,1.513987,0.000000,3.321069
-1.375511,1.506129,0.000000,3.321069
-1.389742,1.483433,0.000000,3.321069
-1.396562,1.470673,0.000000,3.321069
-1.399853,1.505874,0.000000,3.321069
-1.400333,1.508565,0.000000,3.321069
-1.400808,1.511269,0.000000,3.321069
-1.402517,1.496961,0.000000,3.321069
-1.361790,1.531230,0.000000,3.321069
-1.386741,1.533845,0.000000,3.321069
-1.398990,1.525599,0.000000,3.321069
-1.375704,1.550144,0.000000,3.321069
-1.398402,1.545074,0.000000,3.321069
-1.375656,1.574972,0.000000,3.321069
-1.385538,1.600373,0.000000,3.321069
-1.384140,1.595248,0.000000,3.321069
-1.354795,1.642518,0.000000,3.321069
-1.381114,1.711391,0.000000,3.321069
-1.366895,1.771682,0.000000,3.321069
-1.309075,1.901688,0.000000,3.321069
-1.286631,1.956648,0.000000,3.321069
-1.275757,2.056473,0.000000,3.321069
-1.263218,2.160324,0.000000,3.321069
-1.216946,2.259790,0.000000,3.321069
1.125662,-2.288087,0.000000,3.321069
1.041935,-2.199464,0.000000,3.321069
0.981465,-2.046387,0.000000,3.321069
0.962860,-1.893311,0.000000,3.321069
0.995420,-1.925538,0.000000,3.321069
0.948905,-1.844971,0.000000,3.321069
0.925648,-1.820801,0.000000,3.321069
0.790754,-1.788575,0.000000,3.321069
0.865178,-1.724122,0.000000,3.321069
0.767497,-1.659668,0.000000,3.321069
0.934951,-1.546876,0.000000,3.321069
1.009375,-1.434083,0.000000,3.321069
0.660512,-1.297120,0.000000,3.321069
0.381422,-1.152100,0.000000,3.321069
0.353513,-1.039307,0.000000,3.321069
0.190711,-0.958740,0.000000,3.321069
0.023257,-0.990967,0.000000,3.321069
-0.069773,-1.111816,0.000000,3.321069
-0.251182,-1.289062,0.000000,3.321069
-0.279091,-1.498535,0.000000,3.321069
-0.167456,-1.699951,0.000000,3.321069
-0.446546,-1.869140,0.000000,3.321069
-0.367470,-2.038330,0.000000,3.321069
-0.451198,-2.159179,0.000000,3.321069
-0.465152,-2.239745,0.000000,3.321069
-0.451198,-2.288085,0.000000,3.321069
-0.423289,-2.304199,0.000000,3.321069
-0.455849,-2.215575,0.000000,3.321069
-0.451198,-2.094726,0.000000,3.321069
-0.376773,-1.796630,0.000000,3.321069
-0.297697,-1.442138,0.000000,3.321069
-0.441894,-0.982910,0.000000,3.321069
-0.548878,-0.499511,0.000000,3.321069
-0.804710,-0.177245,0.000000,3.321069
-1.232648,-0.024169,0.000000,3.321069
-1.293118,0.048341,0.000000,3.321069
-1.674541,0.096681,0.000000,3.321069
-1.869904,0.080568,0.000000,3.321069
-1.921070,0.225588,0.000000,3.321069
-1.893161,0.241701,0.000000,3.321069
-1.841995,0.217531,0.000000,3.321069
-1.683844,0.217531,0.000000,3.321069
-1.530344,0.217531,0.000000,3.321069
-0.934952,0.265870,0.000000,3.321069
-0.827967,0.402833,0.000000,3.321069
-0.693073,0.821778,0.000000,3.321069
-0.879133,1.272950,0.000000,3.321069
-0.707027,1.675782,0.000000,3.321069
-1.404752,2.006104,0.000000,3.321069
-1.455919,2.215577,0.000000,3.321069
-1.446616,2.328370,0.000000,3.321069
-1.339938,2.357786,0.000000,3.321069
-1.104859,2.321879,0.000000,3.321069
-0.638646,2.110353,0.000000,3.321069
-0.145092,1.710968,0.000000,3.321069
-0.015602,1.308691,0.000000,3.321069
0.626126,0.923447,0.000000,3.321069
1.221438,0.928292,0.000000,3.321069
2.007254,0.737530,0.000000,3.321069
2.360961,0.701374,0.000000,3.321069
2.606516,0.383802,0.000000,3.321069
2.554045,0.076120,0.000000,3.321069
2.196926,-0.199594,0.000000,3.321069
1.602653,-0.461594,0.000000,3.321069
0.779564,-0.522052,0.000000,3.321069
0.182961,-1.019144,0.000000,3.321069
-0.073985,-1.380884,0.000000,3.321069
-0.423332,-1.919601,0.000000,3.321069
-0.766921,-2.139427,0.000000,3.321069
-1.095913,-2.154000,0.000000,3.321069
-1.234982,-1.731114,0.000000,3.321069
-1.281427,-1.199836,0.000000,3.321069
-1.232197,-0.727026,0.000000,3.321069
-0.948084,0.073855,0.000000,3.321069
-1.158407,0.675916,0.000000,3.321069
-1.412651,1.243054,0.000000,3.321069
-1.553738,1.707560,0.000000,3.321069
-1.484364,2.179651,0.000000,3.321069
-1.370116,2.349949,0.000000,3.321069
1.209389,-2.408936,0.000000,3.321069
1.041935,-2.239747,0.000000,3.321069
0.990768,-2.030274,0.000000,3.321069
0.786103,-1.691895,0.000000,3.321069
0.860527,-1.377686,0.000000,3.321069
0.348862,-1.103760,0.000000,3.321069
0.097681,-1.015137,0.000000,3.321069
-0.079076,-1.119873,0.000000,3.321069
-0.241879,-1.361572,0.000000,3.321069
-0.111637,-1.571045,0.000000,3.321069
-0.260486,-1.764404,0.000000,3.321069
-0.511667,-1.941650,0.000000,3.321069
-0.386076,-2.070556,0.000000,3.321069
-0.451198,-2.159179,0.000000,3.321069
-0.455849,-2.239745,0.000000,3.321069
-0.427940,-2.263916,0.000000,3.321069
-0.432592,-2.247802,0.000000,3.321069
-0.400031,-2.280029,0.000000,3.321069
-0.432592,-2.255859,0.000000,3.321069
-0.427940,-2.191406,0.000000,3.321069
-0.446546,-2.151122,0.000000,3.321069
-0.465152,-2.086669,0.000000,3.321069
-0.446546,-2.062499,0.000000,3.321069
-0.409334,-1.965820,0.000000,3.321069
-0.376773,-1.869140,0.000000,3.321069
-0.358167,-1.780517,0.000000,3.321069
-0.367470,-1.691894,0.000000,3.321069
-0.455849,-1.595214,0.000000,3.321069
-0.274440,-1.490478,0.000000,3.321069
-0.120940,-1.377685,0.000000,3.321069
-0.032562,-1.272949,0.000000,3.321069
-0.297697,-1.144043,0.000000,3.321069
-0.367470,-1.031250,0.000000,3.321069
-0.362818,-0.918457,0.000000,3.321069
-0.330257,-0.854003,0.000000,3.321069
-0.362818,-0.749267,0.000000,3.321069
-0.400030,-0.652587,0.000000,3.321069
-0.390727,-0.596191,0.000000,3.321069
-0.423287,-0.572021,0.000000,3.321069
-0.432590,-0.531738,0.000000,3.321069
-0.455848,-0.499511,0.000000,3.321069
-0.446545,-0.523681,0.000000,3.321069
-0.427939,-0.531738,0.000000,3.321069
-0.441893,-0.507568,0.000000,3.321069
-0.432590,-0.515625,0.000000,3.321069
-0.427939,-0.539795,0.000000,3.321069
-0.423287,-0.531738,0.000000,3.321069
-0.404681,-0.580078,0.000000,3.321069
-0.404681,-0.580078,0.000000,3.321069
-0.325606,-0.652588,0.000000,3.321069
-0.372121,-0.741211,0.000000,3.321069
-0.339560,-0.789550,0.000000,3.321069
-0.307000,-0.813720,0.000000,3.321069
-0.307000,-0.934570,0.000000,3.321069
-0.334909,-1.007080,0.000000,3.321069
-0.400030,-1.144042,0.000000,3.321069
-0.097683,-1.256836,0.000000,3.321069
-0.223273,-1.474365,0.000000,3.321069
-0.320955,-1.659667,0.000000,3.321069
-0.344213,-1.844970,0.000000,3.321069
-0.395379,-1.957763,0.000000,3.321069
-0.427940,-2.078613,0.000000,3.321069
-0.418637,-2.062500,0.000000,3.321069
-0.423288,-2.062500,0.000000,3.321069
-0.390728,-2.110839,0.000000,3.321069
-0.381425,-2.102783,0.000000,3.321069
-0.386076,-2.110839,0.000000,3.321069
-0.353516,-2.126953,0.000000,3.321069
-0.348864,-2.094726,0.000000,3.321069
-0.362819,-2.030273,0.000000,3.321069
-0.367470,-1.909423,0.000000,3.321069
-0.307001,-1.756347,0.000000,3.321069
-0.269788,-1.506591,0.000000,3.321069
0.046514,-1.224609,0.000000,3.321069
-0.018607,-0.918457,0.000000,3.321069
0.283741,-0.829834,0.000000,3.321069
0.558179,-1.063477,0.000000,3.321069
1.051239,-1.450196,0.000000,3.321069
0.972163,-1.764405,0.000000,3.321069
0.995420,-1.885255,0.000000,3.321069
-1.042131,1.672500,0.000000,3.321069
-0.977690,1.119457,0.000000,3.321069
-0.993579,0.306164,0.000000,3.321069
-0.634016,-0.221146,0.000000,3.321069
-1.058309,-0.954563,0.000000,3.321069
-0.987212,-1.348873,0.000000,3.321069
-0.649739,-1.644136,0.000000,3.321069
-0.237145,-1.297134,0.000000,3.321069
0.112479,-1.021714,0.000000,3.321069
0.713666,-0.342041,0.000000,3.321069
1.343556,-0.377617,0.000000,3.321069
1.838475,-0.105923,0.000000,3.321069
1.868091,0.172669,0.000000,3.321069
1.407866,0.494885,0.000000,3.321069
0.976248,0.534664,0.000000,3.321069
0.208405,0.768690,0.000000,3.321069
-0.158961,1.274852,0.000000,3.321069
-0.652021,1.795649,0.000000,3.321069
-1.047437,1.918118,0.000000,3.321069
-1.204738,1.756348,0.000000,3.321069
-1.051239,1.385743,0.000000,3.321069
-0.562831,0.845948,0.000000,3.321069
-0.586089,0.298096,0.000000,3.321069
-0.879134,0.120850,0.000000,3.321069
-1.316375,0.096681,0.000000,3.321069
-1.576859,0.104738,0.000000,3.321069
-1.488481,0.112794,0.000000,3.321069
-1.297769,-0.008056,0.000000,3.321069
-0.734938,-0.136962,0.000000,3.321069
-0.390727,-0.386718,0.000000,3.321069
-0.274439,-0.926513,0.000000,3.321069
-0.013956,-1.450195,0.000000,3.321069
-0.293046,-1.844970,0.000000,3.321069
-0.320955,-1.989990,0.000000,3.321069
-0.307001,-1.861084,0.000000,3.321069
-0.227925,-1.562988,0.000000,3.321069
-0.009304,-1.160156,0.000000,3.321069
0.102332,-0.845947,0.000000,3.321069
0.367468,-0.886231,0.000000,3.321069
0.530270,-1.168213,0.000000,3.321069
1.083799,-1.409913,0.000000,3.321069
0.809360,-1.635499,0.000000,3.321069
0.962860,-1.796631,0.000000,3.321069
0.958208,-1.941651,0.000000,3.321069
1.051238,-2.014161,0.000000,3.321069
-1.121268,1.928772,0.000000,3.321069
-1.137276,1.653379,0.000000,3.321069
-1.258478,1.619617,0.000000,3.321069
-1.263193,1.407035,0.000000,3.321069
-1.169304,1.251790,0.000000,3.321069
-1.163026,1.088799,0.000000,3.321069
-1.353473,0.876475,0.000000,3.321069
-1.402915,0.741671,0.000000,3.321069
-0.917312,0.797256,0.000000,3.321069
-0.941596,0.690349,0.000000,3.321069
-0.921882,0.693444,0.000000,3.321069
-0.963659,0.656026,0.000000,3.321069
-0.944790,0.697745,0.000000,3.321069
-0.946659,0.695207,0.000000,3.321069
-0.960123,0.661190,0.000000,3.321069
-0.966591,0.675949,0.000000,3.321069
-0.895475,0.717474,0.000000,3.321069
-0.901384,0.728432,0.000000,3.321069
-0.966932,0.663387,0.000000,3.321069
-0.967383,0.622391,0.000000,3.321069
-0.989430,0.628841,0.000000,3.321069
-0.930649,0.693386,0.000000,3.321069
-0.957640,0.660488,0.000000,3.321069
-0.957879,0.647984,0.000000,3.321069
-0.942870,0.684621,0.000000,3.321069
-0.934915,0.691530,0.000000,3.321069
-0.954836,0.672304,0.000000,3.321069
-0.917883,0.667563,0.000000,3.321069
-0.947822,0.641892,0.000000,3.321069
-0.926384,0.695241,0.000000,3.321069
-0.946877,0.647626,0.000000,3.321069
-0.957879,0.647984,0.000000,3.321069
-0.959615,0.645410,0.000000,3.321069
-0.956490,0.622123,0.000000,3.321069
-0.963076,0.636828,0.000000,3.321069
-0.926667,0.679244,0.000000,3.321069
-0.953384,0.662367,0.000000,3.321069
-0.922397,0.681088,0.000000,3.321069
-0.953634,0.649885,0.000000,3.321069
-0.960735,0.620221,0.000000,3.321069
-0.931701,0.684142,0.000000,3.321069
-0.948612,0.645082,0.000000,3.321069
-0.913528,0.665690,0.000000,3.321069
-0.947822,0.641892,0.000000,3.321069
-0.964028,0.627574,0.000000,3.321069
-0.919956,0.680466,0.000000,3.321069
-0.964465,0.662690,0.000000,3.321069
-0.961172,0.655337,0.000000,3.321069
-0.901783,0.662013,0.000000,3.321069
-0.948612,0.645082,0.000000,3.321069
-0.966758,0.587278,0.000000,3.321069
-0.919672,0.665095,0.000000,3.321069
-0.956483,0.609645,0.000000,3.321069
-0.946095,0.644433,0.000000,3.321069
-0.930291,0.626777,0.000000,3.321069
-0.943051,0.608690,0.000000,3.321069
-0.948000,0.625925,0.000000,3.321069
-0.907081,0.603546,0.000000,3.321069
-0.926090,0.616341,0.000000,3.321069
-0.961448,0.585973,0.000000,3.321069
-0.953167,0.573899,0.000000,3.321069
-0.929949,0.591660,0.000000,3.321069
-0.943051,0.608690,0.000000,3.321069
-0.916457,0.578258,0.000000,3.321069
-0.933781,0.593411,0.000000,3.321069
-0.930582,0.598415,0.000000,3.321069
-0.957062,0.559508,0.000000,3.321069
-0.918006,0.575796,0.000000,3.321069
-0.898570,0.607303,0.000000,3.321069
-0.922881,0.580665,0.000000,3.321069
-0.888722,0.544814,0.000000,3.321069
-0.933786,0.471977,0.000000,3.321069
-0.912481,0.459126,0.000000,3.321069
-0.884117,0.418865,0.000000,3.321069
-0.859284,0.368230,0.000000,3.321069
-0.802987,0.239496,0.000000,3.321069
-0.785693,0.151790,0.000000,3.321069
-0.761326,0.009411,0.000000,3.321069
-0.794439,-0.196859,0.000000,3.321069
-0.771867,-0.324812,0.000000,3.321069
-0.801713,-0.495347,0.000000,3.321069
-0.830613,-0.614372,0.000000,3.321069
-1.096684,-1.013404,0.000000,3.321069
-1.064382,-1.145837,0.000000,3.321069
-1.081859,-1.401154,0.000000,3.321069
-0.965839,-1.562147,0.000000,3.321069
-0.814278,-1.801291,0.000000,3.321069
-0.629785,-1.739690,0.000000,3.321069
-0.351148,-1.537285,0.000000,3.321069
-0.062318,-1.141785,0.000000,3.321069
0.230455,-0.589079,0.000000,3.321069
0.663222,-0.390873,0.000000,3.321069
1.246990,-0.158312,0.000000,3.321069
1.749040,-0.132861,0.000000,3.321069
2.031403,0.070858,0.000000,3.321069
2.059555,0.246882,0.000000,3.321069
1.596405,0.573482,0.000000,3.321069
1.060595,0.528469,0.000000,3.321069
0.208708,0.842407,0.000000,3.321069
-0.211802,1.373932,0.000000,3.321069
-0.679608,1.891060,0.000000,3.321069
-1.118235,2.022768,0.000000,3.321069
-1.232647,1.788575,0.000000,3.321069
-1.027981,1.401856,0.000000,3.321069
-0.400029,0.781494,0.000000,3.321069
-0.641907,0.241700,0.000000,3.321069
-1.088452,0.112794,0.000000,3.321069
-1.460572,0.088624,0.000000,3.321069
-1.646632,0.096681,0.000000,3.321069
-1.562905,0.104738,0.000000,3.321069
-1.307072,-0.048339,0.000000,3.321069
-0.651211,-0.153076,0.000000,3.321069
-0.395378,-0.483398,0.000000,3.321069
-0.260485,-0.982910,0.000000,3.321069
0.032559,-1.434082,0.000000,3.321069
-0.316304,-1.788574,0.000000,3.321069
-0.372122,-1.998046,0.000000,3.321069
-0.311652,-2.038330,0.000000,3.321069
-0.320955,-1.925537,0.000000,3.321069
-0.223274,-1.619384,0.000000,3.321069
-0.046516,-1.248779,0.000000,3.321069
-0.060470,-1.007080,0.000000,3.321069
0.209317,-0.854004,0.000000,3.321069
0.400028,-0.950684,0.000000,3.321069
0.544225,-1.168213,0.000000,3.321069
1.107056,-1.442140,0.000000,3.321069
0.832618,-1.643555,0.000000,3.321069
1.000072,-1.820801,0.000000,3.321069
0.990769,-1.949708,0.000000,3.321069
1.009374,-2.038331,0.000000,3.321069
1.074495,-2.094727,0.000000,3.321069
1.116359,-2.102784,0.000000,3.321069
-1.161923,2.080456,0.000000,3.321069
-1.196250,1.972643,0.000000,3.321069
-1.186913,1.869998,0.000000,3.321069
-1.230006,1.781923,0.000000,3.321069
-1.208088,1.653322,0.000000,3.321069
-1.292873,1.536151,0.000000,3.321069
-1.330153,1.405352,0.000000,3.321069
-1.262175,1.316321,0.000000,3.321069
-1.185197,1.226874,0.000000,3.321069
-1.223690,1.126058,0.000000,3.321069
-1.352122,0.991830,0.000000,3.321069
-1.401808,0.898175,0.000000,3.321069
-1.459746,0.845901,0.000000,3.321069
-1.461338,0.793099,0.000000,3.321069
-1.321382,0.802011,0.000000,3.321069
-1.345184,0.810539,0.000000,3.321069
-1.165841,0.888435,0.000000,3.321069
-1.332116,0.821055,0.000000,3.321069
-1.350228,0.820008,0.000000,3.321069
-1.322044,0.807645,0.000000,3.321069
-1.150784,0.866153,0.000000,3.321069
-1.140799,0.893760,0.000000,3.321069
-1.308324,0.806934,0.000000,3.321069
-1.332116,0.821055,0.000000,3.321069
-1.333602,0.811871,0.000000,3.321069
-1.319223,0.805557,0.000000,3.321069
-1.345806,0.827245,0.000000,3.321069
-1.329971,0.819141,0.000000,3.321069
-1.149921,0.885946,0.000000,3.321069
-1.332166,0.815566,0.000000,3.321069
-1.153105,0.863062,0.000000,3.321069
-1.323530,0.798461,0.000000,3.321069
-1.144655,0.881508,0.000000,3.321069
-1.334978,0.828586,0.000000,3.321069
-1.152794,0.867563,0.000000,3.321069
-1.339326,0.826934,0.000000,3.321069
-1.322022,0.802210,0.000000,3.321069
-1.141773,0.873984,0.000000,3.321069
-1.336464,0.819402,0.000000,3.321069
-1.154260,0.884270,0.000000,3.321069
-1.127321,0.862266,0.000000,3.321069
-1.325668,0.794906,0.000000,3.321069
-1.142016,0.843630,0.000000,3.321069
-1.140841,0.848400,0.000000,3.321069
-1.128343,0.838159,0.000000,3.321069
-1.120245,0.826168,0.000000,3.321069
-1.124013,0.839858,0.000000,3.321069
-1.130424,0.839497,0.000000,3.321069
-1.118674,0.839695,0.000000,3.321069
-1.129604,0.833336,0.000000,3.321069
-1.118128,0.824858,0.000000,3.321069
-1.131952,0.825923,0.000000,3.321069
-0.980635,0.899502,0.000000,3.321069
-0.978611,0.884883,0.000000,3.321069
-0.966679,0.854946,0.000000,3.321069
-0.956940,0.881093,0.000000,3.321069
-0.962633,0.853234,0.000000,3.321069
-0.979294,0.865564,0.000000,3.321069
-0.978958,0.869100,0.000000,3.321069
-1.124013,0.839858,0.000000,3.321069
-0.979949,0.875677,0.000000,3.321069
-0.961652,0.846604,0.000000,3.321069
-0.951330,0.833385,0.000000,3.321069
-0.941917,0.826853,0.000000,3.321069
-0.848956,0.773287,0.000000,3.321069
-0.928513,0.668935,0.000000,3.321069
-0.886891,0.643066,0.000000,3.321069
-0.902550,0.472230,0.000000,3.321069
-0.862898,0.367505,0.000000,3.321069
-0.836512,0.228571,0.000000,3.321069
-0.780436,0.065343,0.000000,3.321069
-0.760899,-0.055457,0.000000,3.321069
-0.744587,-0.254778,0.000000,3.321069
-0.801077,-0.387183,0.000000,3.321069
-0.814390,-0.518776,0.000000,3.321069
-1.113918,-0.864088,0.000000,3.321069
-1.153454,-1.033855,0.000000,3.321069
-1.028723,-1.050381,0.000000,3.321069
-1.134303,-1.302143,0.000000,3.321069
-1.049475,-1.445355,0.000000,3.321069
-0.986350,-1.609332,0.000000,3.321069
-0.885561,-1.760105,0.000000,3.321069
-0.764307,-1.846107,0.000000,3.321069
-0.549256,-1.727041,0.000000,3.321069
-0.360867,-1.557643,0.000000,3.321069
-0.100391,-1.281235,0.000000,3.321069
0.034062,-1.248114,0.000000,3.321069
0.360004,-0.586716,0.000000,3.321069
0.782907,-0.376278,0.000000,3.321069
1.246565,-0.187464,0.000000,3.321069
1.641967,-0.182536,0.000000,3.321069
1.946342,-0.093700,0.000000,3.321069
2.086814,0.089217,0.000000,3.321069
2.105567,0.240057,0.000000,3.321069
1.850419,0.448146,0.000000,3.321069
1.505854,0.581434,0.000000,3.321069
1.185143,0.529444,0.000000,3.321069
0.544340,0.729874,0.000000,3.321069
0.207307,0.871281,0.000000,3.321069
-0.048828,1.192445,0.000000,3.321069
-0.052005,1.424173,0.000000,3.321069
-0.592865,1.815658,0.000000,3.321069
-0.772166,1.961534,0.000000,3.321069
-1.036265,2.058554,0.000000,3.321069
-1.171467,2.026987,0.000000,3.321069
-1.251253,1.957765,0.000000,3.321069
-1.279162,1.861085,0.000000,3.321069
-1.209389,1.691895,0.000000,3.321069
-1.014026,1.466309,0.000000,3.321069
-0.907042,1.200440,0.000000,3.321069
-0.734937,0.886231,0.000000,3.321069
-0.609346,0.588135,0.000000,3.321069
-0.646559,0.306153,0.000000,3.321069
-0.790755,0.193360,0.000000,3.321069
-1.148921,0.145020,0.000000,3.321069
-0.986118,0.145020,0.000000,3.321069
-1.446617,0.136964,0.000000,3.321069
-1.507087,0.145021,0.000000,3.321069
-1.632677,0.145021,0.000000,3.321069
-1.688495,0.145021,0.000000,3.321069
-1.669889,0.161134,0.000000,3.321069
-1.637329,0.161134,0.000000,3.321069
-1.600117,0.145021,0.000000,3.321069
-1.548950,0.016115,0.000000,3.321069
-1.325678,0.000001,0.000000,3.321069
-1.265209,-0.024169,0.000000,3.321069
-0.832619,-0.080566,0.000000,3.321069
-0.758195,-0.185302,0.000000,3.321069
-0.502363,-0.338378,0.000000,3.321069
-0.344212,-0.572021,0.000000,3.321069
-0.297697,-0.878173,0.000000,3.321069
-0.330258,-1.111816,0.000000,3.321069
0.018605,-1.321289,0.000000,3.321069
-0.307000,-1.546875,0.000000,3.321069
-0.330258,-1.691894,0.000000,3.321069
-0.339561,-1.844970,0.000000,3.321069
-0.386076,-1.989990,0.000000,3.321069
-0.409334,-2.006103,0.000000,3.321069
-0.372122,-2.078613,0.000000,3.321069
-0.376773,-2.070556,0.000000,3.321069
-0.344213,-2.110839,0.000000,3.321069
-0.367470,-2.046386,0.000000,3.321069
-0.372122,-1.973876,0.000000,3.321069
-0.358167,-1.869140,0.000000,3.321069
-0.269789,-1.708007,0.000000,3.321069
-0.232576,-1.522705,0.000000,3.321069
0.027908,-1.289062,0.000000,3.321069
-0.195364,-1.071533,0.000000,3.321069
0.065120,-0.878174,0.000000,3.321069
0.246529,-0.845947,0.000000,3.321069
0.460498,-0.982910,0.000000,3.321069
0.460498,-1.192383,0.000000,3.321069
1.065193,-1.401856,0.000000,3.321069
0.790754,-1.627442,0.000000,3.321069
0.962860,-1.796631,0.000000,3.321069
0.925647,-1.917481,0.000000,3.321069
0.981465,-1.998047,0.000000,3.321069
1.032632,-2.006104,0.000000,3.321069
-1.104243,1.964298,0.000000,3.321069
-1.154596,1.828600,0.000000,3.321069
-1.146039,1.641814,0.000000,3.321069
-1.180447,1.331256,0.000000,3.321069
-1.086162,1.000745,0.000000,3.321069
-1.238115,0.567743,0.000000,3.321069
-0.732599,0.338366,0.000000,3.321069
-0.677837,-0.040666,0.000000,3.321069
-0.716178,-0.340615,0.000000,3.321069
-0.724419,-0.538318,0.000000,3.321069
-1.106315,-1.037566,0.000000,3.321069
-1.079565,-1.245469,0.000000,3.321069
-1.004832,-1.384640,0.000000,3.321069
-0.935917,-1.591926,0.000000,3.321069
-0.862441,-1.713816,0.000000,3.321069
-0.740223,-1.796032,0.000000,3.321069
-0.583685,-1.699155,0.000000,3.321069
-0.423758,-1.607654,0.000000,3.321069
-0.274964,-1.532913,0.000000,3.321069
-0.109849,-1.259297,0.000000,3.321069
-0.038479,-1.397988,0.000000,3.321069
0.143439,-0.737788,0.000000,3.321069
0.250134,-0.719710,0.000000,3.321069
0.372324,-0.586993,0.000000,3.321069
0.516374,-0.487616,0.000000,3.321069
0.640041,-0.444202,0.000000,3.321069
0.746004,-0.425796,0.000000,3.321069
0.801891,-0.424596,0.000000,3.321069
0.816225,-0.437249,0.000000,3.321069
0.792634,-0.447935,0.000000,3.321069
0.794989,-0.422973,0.000000,3.321069
0.767552,-0.456041,0.000000,3.321069
0.757547,-0.444587,0.000000,3.321069
0.744375,-0.450733,0.000000,3.321069
0.734143,-0.459791,0.000000,3.321069
0.732906,-0.461761,0.000000,3.321069
0.733899,-0.455146,0.000000,3.321069
0.742188,-0.459368,0.000000,3.321069
0.775740,-0.434937,0.000000,3.321069
0.750234,-0.458945,0.000000,3.321069
0.741944,-0.454723,0.000000,3.321069
0.780046,-0.421942,0.000000,3.321069
0.731444,-0.459080,0.000000,3.321069
0.735774,-0.464641,0.000000,3.321069
0.748768,-0.456312,0.000000,3.321069
0.758994,-0.447197,0.000000,3.321069
0.735118,-0.453175,0.000000,3.321069
0.723396,-0.459460,0.000000,3.321069
0.716813,-0.462564,0.000000,3.321069
0.719286,-0.458709,0.000000,3.321069
0.754149,-0.455321,0.000000,3.321069
0.749745,-0.449655,0.000000,3.321069
0.768235,-0.444691,0.000000,3.321069
0.783514,-0.429827,0.000000,3.321069
0.752687,-0.454911,0.000000,3.321069
0.761103,-0.438472,0.000000,3.321069
0.789973,-0.447540,0.000000,3.321069
0.763159,-0.450354,0.000000,3.321069
0.801594,-0.440675,0.000000,3.321069
0.812989,-0.412910,0.000000,3.321069
0.803028,-0.422442,0.000000,3.321069
0.783245,-0.425183,0.000000,3.321069
0.785792,-0.446294,0.000000,3.321069
0.785792,-0.446294,0.000000,3.321069
0.818266,-0.428219,0.000000,3.321069
0.796441,-0.425477,0.000000,3.321069
0.800139,-0.438182,0.000000,3.321069
0.820235,-0.419179,0.000000,3.321069
0.804478,-0.424925,0.000000,3.321069
0.824268,-0.436783,0.000000,3.321069
0.843530,-0.424428,0.000000,3.321069
0.836310,-0.418074,0.000000,3.321069
0.822473,-0.414769,0.000000,3.321069
0.861538,-0.414105,0.000000,3.321069
0.851569,-0.423897,0.000000,3.321069
0.889642,-0.398212,0.000000,3.321069
0.920616,-0.381663,0.000000,3.321069
0.932894,-0.378596,0.000000,3.321069
0.931265,-0.368879,0.000000,3.321069
0.975549,-0.383185,0.000000,3.321069
1.027967,-0.304715,0.000000,3.321069
1.044711,-0.261291,0.000000,3.321069
1.114085,-0.206907,0.000000,3.321069
1.155375,-0.177161,0.000000,3.321069
1.232396,-0.277251,0.000000,3.321069
1.362338,-0.626306,0.000000,3.321069
1.429052,-0.632904,0.000000,3.321069
1.508769,-0.548199,0.000000,3.321069
1.582069,-0.396071,0.000000,3.321069
1.644871,-0.212338,0.000000,3.321069
1.741849,-0.236447,0.000000,3.321069
1.851953,-0.255828,0.000000,3.321069
1.906538,-0.179718,0.000000,3.321069
1.995435,-0.133345,0.000000,3.321069
2.049374,-0.042435,0.000000,3.321069
2.109045,0.011398,0.000000,3.321069
2.160744,0.060901,0.000000,3.321069
2.192870,0.120853,0.000000,3.321069
2.132857,0.203637,0.000000,3.321069
2.003482,0.415381,0.000000,3.321069
1.849588,0.497175,0.000000,3.321069
1.638821,0.566589,0.000000,3.321069
1.298029,0.673100,0.000000,3.321069
1.246118,0.466909,0.000000,3.321069
0.625955,0.718921,0.000000,3.321069
0.354602,0.719337,0.000000,3.321069
0.071501,0.993722,0.000000,3.321069
-0.392446,1.416426,0.000000,3.321069
-0.265144,1.590935,0.000000,3.321069
-0.645263,1.835903,0.000000,3.321069
-0.998410,1.939580,0.000000,3.321069
-1.153275,1.830091,0.000000,3.321069
-1.148920,1.691895,0.000000,3.321069
-1.069844,1.450196,0.000000,3.321069
-0.893088,1.055421,0.000000,3.321069
-0.748892,0.596192,0.000000,3.321069
-0.600044,0.217530,0.000000,3.321069
-0.976816,0.112794,0.000000,3.321069
-1.339633,0.096681,0.000000,3.321069
-1.483829,0.112794,0.000000,3.321069
-1.386148,0.120851,0.000000,3.321069
-1.209391,-0.104735,0.000000,3.321069
-0.790756,-0.136962,0.000000,3.321069
-0.320954,-0.451172,0.000000,3.321069
-0.181409,-0.990966,0.000000,3.321069
-0.316303,-1.514648,0.000000,3.321069
-0.274440,-1.716064,0.000000,3.321069
-0.232576,-1.530761,0.000000,3.321069
-0.060470,-1.047363,0.000000,3.321069
0.200014,-0.668701,0.000000,3.321069
0.544225,-1.015137,0.000000,3.321069
0.809360,-1.482422,0.000000,3.321069
0.874481,-1.611329,0.000000,3.321069
-0.837384,1.175672,0.000000,3.321069
-0.711093,0.460419,0.000000,3.321069
-0.544199,-0.177755,0.000000,3.321069
-0.975382,-0.915784,0.000000,3.321069
-0.752786,-1.234189,0.000000,3.321069
-0.373036,-1.312222,0.000000,3.321069
0.048009,-0.752703,0.000000,3.321069
0.412865,-0.350741,0.000000,3.321069
1.012526,-0.230357,0.000000,3.321069
1.573040,-0.138222,0.000000,3.321069
1.621483,0.152543,0.000000,3.321069
1.074128,0.462626,0.000000,3.321069
0.247432,0.651234,0.000000,3.321069
-0.129354,1.070732,0.000000,3.321069
-0.648150,1.590105,0.000000,3.321069
-0.973667,1.431536,0.000000,3.321069
-0.897739,1.055421,0.000000,3.321069
-0.632604,0.330323,0.000000,3.321069
-0.772149,0.072510,0.000000,3.321069
-1.241951,0.056398,0.000000,3.321069
-1.223345,0.096681,0.000000,3.321069
-0.827968,-0.080566,0.000000,3.321069
-0.265136,-0.427002,0.000000,3.321069
-0.181410,-1.071533,0.000000,3.321069
-0.200016,-1.595214,0.000000,3.321069
-0.172107,-1.417969,0.000000,3.321069
-0.162803,-1.031250,0.000000,3.321069
0.320953,-0.684815,0.000000,3.321069
0.753542,-1.240723,0.000000,3.321069
0.814012,-1.579102,0.000000,3.321069
-0.892616,1.308651,0.000000,3.321069
-0.607582,0.646529,0.000000,3.321069
-0.565879,-0.154065,0.000000,3.321069
-0.702793,-0.566949,0.000000,3.321069
-0.909235,-1.101749,0.000000,3.321069
-0.710733,-1.493714,0.000000,3.321069
-0.183822,-1.130901,0.000000,3.321069
0.353807,-0.430821,0.000000,3.321069
0.858764,-0.321028,0.000000,3.321069
1.109857,-0.255836,0.000000,3.321069
1.019399,-0.313524,0.000000,3.321069
1.080754,-0.232188,0.000000,3.321069
1.592378,0.032843,0.000000,3.321069
1.473890,0.302372,0.000000,3.321069
0.653146,0.515442,0.000000,3.321069
-0.009636,0.895371,0.000000,3.321069
-0.194713,1.410071,0.000000,3.321069
-0.453225,1.683388,0.000000,3.321069
-0.626447,1.854190,0.000000,3.321069
-0.959063,1.907752,0.000000,3.321069
-1.111531,1.791893,0.000000,3.321069
-1.055890,1.426026,0.000000,3.321069
-0.902391,1.111817,0.000000,3.321069
-0.627952,1.184327,0.000000,3.321069
-0.748891,0.660645,0.000000,3.321069
-0.576786,0.322266,0.000000,3.321069
-0.693074,0.257813,0.000000,3.321069
-0.762846,0.257813,0.000000,3.321069
-0.781452,0.265870,0.000000,3.321069
-0.753543,0.306153,0.000000,3.321069
-0.720983,0.322266,0.000000,3.321069
-0.711680,0.306153,0.000000,3.321069
-0.781452,0.209473,0.000000,3.321069
-1.046588,0.169190,0.000000,3.321069
-0.916346,0.177247,0.000000,3.321069
-1.065194,0.177247,0.000000,3.321069
-1.107058,0.177247,0.000000,3.321069
-1.218694,0.169190,0.000000,3.321069
-1.409405,0.177247,0.000000,3.321069
-1.418708,0.177247,0.000000,3.321069
-1.358239,0.185304,0.000000,3.321069
-1.441966,0.185304,0.000000,3.321069
-1.362890,0.185304,0.000000,3.321069
-1.409405,0.177247,0.000000,3.321069
-1.414057,0.177247,0.000000,3.321069
-1.414057,0.177247,0.000000,3.321069
-1.418708,0.177247,0.000000,3.321069
-1.348936,0.185304,0.000000,3.321069
-1.414057,0.177247,0.000000,3.321069
-1.348936,0.177247,0.000000,3.321069
-1.339633,0.185304,0.000000,3.321069
-1.339633,0.185304,0.000000,3.321069
-1.353587,0.185304,0.000000,3.321069
-1.330330,0.185304,0.000000,3.321069
-1.418708,0.185304,0.000000,3.321069
-1.418708,0.185304,0.000000,3.321069
-1.348936,0.185304,0.000000,3.321069
-1.307072,0.185304,0.000000,3.321069
-1.293118,0.185304,0.000000,3.321069
-1.316375,0.177247,0.000000,3.321069
-1.339633,0.177247,0.000000,3.321069
-1.400102,0.169191,0.000000,3.321069
-1.451269,0.161134,0.000000,3.321069
-1.553602,0.153077,0.000000,3.321069
-1.446617,0.145021,0.000000,3.321069
-1.572208,0.128908,0.000000,3.321069
-1.437314,0.120851,0.000000,3.321069
-1.562905,0.145021,0.000000,3.321069
-1.851298,0.209474,0.000000,3.321069
-1.567556,0.153077,0.000000,3.321069
-1.707101,0.161134,0.000000,3.321069
-1.590814,0.016115,0.000000,3.321069
-1.493132,0.040284,0.000000,3.321069
-1.358239,0.032228,0.000000,3.321069
-1.334981,-0.024169,0.000000,3.321069
-1.037285,-0.048339,0.000000,3.321069
-0.716332,-0.104736,0.000000,3.321069
-0.758195,-0.169189,0.000000,3.321069
-0.525620,-0.314209,0.000000,3.321069
-0.376772,-0.507568,0.000000,3.321069
-0.274439,-0.725097,0.000000,3.321069
-0.279091,-0.982910,0.000000,3.321069
-0.376773,-1.216552,0.000000,3.321069
-0.223273,-1.434082,0.000000,3.321069
-0.372122,-1.643554,0.000000,3.321069
-0.325607,-1.804687,0.000000,3.321069
-0.381425,-1.949706,0.000000,3.321069
-0.358167,-1.989990,0.000000,3.321069
-0.358167,-2.014160,0.000000,3.321069
-0.362819,-2.022216,0.000000,3.321069
-0.339561,-1.949707,0.000000,3.321069
-0.344213,-1.820800,0.000000,3.321069
-0.241880,-1.635498,0.000000,3.321069
-0.279091,-1.409912,0.000000,3.321069
0.125590,-1.127930,0.000000,3.321069
0.013954,-0.910400,0.000000,3.321069
0.209317,-0.805664,0.000000,3.321069
0.441892,-0.926514,0.000000,3.321069
0.483755,-1.200440,0.000000,3.321069
0.874481,-1.474366,0.000000,3.321069
0.930299,-1.708008,0.000000,3.321069
0.907042,-1.869141,0.000000,3.321069
0.986117,-1.901368,0.000000,3.321069
-1.034579,1.748698,0.000000,3.321069
-1.030657,1.436654,0.000000,3.321069
-0.913795,0.948391,0.000000,3.321069
-0.592501,0.488446,0.000000,3.321069
-0.626345,-0.097479,0.000000,3.321069
-0.763204,-0.532019,0.000000,3.321069
-0.914771,-0.976331,0.000000,3.321069
-1.004242,-1.305845,0.000000,3.321069
-0.694018,-1.583305,0.000000,3.321069
-0.353826,-1.434910,0.000000,3.321069
-0.019975,-1.033195,0.000000,3.321069
0.277792,-0.442392,0.000000,3.321069
0.731225,-0.326155,0.000000,3.321069
1.383762,-0.542820,0.000000,3.321069
1.788376,-0.105420,0.000000,3.321069
1.887627,0.138707,0.000000,3.321069
1.597293,0.424724,0.000000,3.321069
0.895723,0.639513,0.000000,3.321069
0.327790,0.674099,0.000000,3.321069
-0.128837,1.172933,0.000000,3.321069
-0.636453,1.708686,0.000000,3.321069
-1.028350,1.818303,0.000000,3.321069
-1.083799,1.506593,0.000000,3.321069
-0.967512,1.015137,0.000000,3.321069
-0.609347,0.370606,0.000000,3.321069
-0.837270,0.096680,0.000000,3.321069
-1.488481,0.064454,0.000000,3.321069
-1.483829,0.096681,0.000000,3.321069
-1.251254,0.032228,0.000000,3.321069
-0.511665,-0.177246,0.000000,3.321069
-0.195364,-0.596191,0.000000,3.321069
-0.307000,-1.289062,0.000000,3.321069
-0.269789,-1.756347,0.000000,3.321069
-0.241880,-1.780517,0.000000,3.321069
-0.176758,-1.385742,0.000000,3.321069
0.232574,-0.854004,0.000000,3.321069
0.446544,-0.894287,0.000000,3.321069
1.121011,-1.409913,0.000000,3.321069
0.911693,-1.788575,0.000000,3.321069
1.004723,-1.812745,0.000000,3.321069
-0.992761,1.382752,0.000000,3.321069
-0.813546,0.743980,0.000000,3.321069
-0.626475,0.101875,0.000000,3.321069
-0.726181,-0.357874,0.000000,3.321069
-0.726061,-0.528542,0.000000,3.321069
-1.194993,-1.043056,0.000000,3.321069
-1.029265,-1.108288,0.000000,3.321069
-1.071258,-1.350476,0.000000,3.321069
-0.889144,-1.580258,0.000000,3.321069
-0.597491,-1.641818,0.000000,3.321069
-0.139457,-1.184099,0.000000,3.321069
0.260967,-0.624486,0.000000,3.321069
0.595369,-0.429081,0.000000,3.321069
0.563522,-0.508783,0.000000,3.321069
0.396411,-0.645892,0.000000,3.321069
0.333110,-0.685280,0.000000,3.321069
0.328683,-0.660053,0.000000,3.321069
0.385142,-0.620679,0.000000,3.321069
0.434500,-0.564911,0.000000,3.321069
0.557590,-0.486486,0.000000,3.321069
0.620331,-0.477515,0.000000,3.321069
0.627241,-0.483584,0.000000,3.321069
0.628537,-0.481898,0.000000,3.321069
0.583156,-0.494166,0.000000,3.321069
0.588889,-0.501822,0.000000,3.321069
0.539209,-0.522673,0.000000,3.321069
0.520323,-0.530354,0.000000,3.321069
0.503438,-0.533160,0.000000,3.321069
0.477233,-0.547233,0.000000,3.321069
0.459659,-0.562479,0.000000,3.321069
0.459663,-0.567131,0.000000,3.321069
0.453128,-0.565922,0.000000,3.321069
0.464669,-0.569627,0.000000,3.321069
0.433951,-0.577620,0.000000,3.321069
0.474252,-0.568394,0.000000,3.321069
0.429286,-0.581095,0.000000,3.321069
0.450073,-0.572999,0.000000,3.321069
0.463171,-0.566221,0.000000,3.321069
0.453547,-0.572034,0.000000,3.321069
0.458739,-0.560631,0.000000,3.321069
0.480889,-0.546444,0.000000,3.321069
0.466213,-0.559075,0.000000,3.321069
0.462616,-0.550700,0.000000,3.321069
0.466213,-0.559075,0.000000,3.321069
0.467713,-0.557822,0.000000,3.321069
0.477233,-0.547233,0.000000,3.321069
0.507978,-0.534534,0.000000,3.321069
0.490410,-0.545167,0.000000,3.321069
0.496277,-0.544521,0.000000,3.321069
0.495532,-0.547851,0.000000,3.321069
0.445537,-0.567302,0.000000,3.321069
0.474297,-0.545136,0.000000,3.321069
0.487476,-0.547792,0.000000,3.321069
0.458130,-0.573014,0.000000,3.321069
0.474270,-0.559091,0.000000,3.321069
0.479352,-0.557036,0.000000,3.321069
0.479386,-0.552385,0.000000,3.321069
0.437435,-0.571873,0.000000,3.321069
0.463205,-0.561570,0.000000,3.321069
0.429239,-0.585747,0.000000,3.321069
0.424257,-0.597351,0.000000,3.321069
0.411436,-0.595995,0.000000,3.321069
0.403203,-0.609847,0.000000,3.321069
0.407978,-0.612148,0.000000,3.321069
0.375673,-0.616218,0.000000,3.321069
0.371815,-0.641477,0.000000,3.321069
0.337149,-0.669532,0.000000,3.321069
0.318976,-0.679270,0.000000,3.321069
0.285420,-0.740902,0.000000,3.321069
0.278697,-0.753689,0.000000,3.321069
0.218411,-0.812406,0.000000,3.321069
0.187788,-0.871572,0.000000,3.321069
0.176753,-0.912751,0.000000,3.321069
0.132492,-0.952612,0.000000,3.321069
0.098573,-0.912014,0.000000,3.321069
0.092879,-0.958179,0.000000,3.321069
0.003701,-1.229338,0.000000,3.321069
-0.000606,-1.256913,0.000000,3.321069
-0.114741,-1.625249,0.000000,3.321069
-0.113743,-1.643850,0.000000,3.321069
-0.141885,-1.566510,0.000000,3.321069
-0.159372,-1.588058,0.000000,3.321069
-0.160026,-1.513658,0.000000,3.321069
-0.173269,-1.516849,0.000000,3.321069
-0.190250,-1.500845,0.000000,3.321069
-0.266759,-1.628976,0.000000,3.321069
-0.259450,-1.602041,0.000000,3.321069
-0.264127,-1.525357,0.000000,3.321069
-0.360845,-1.728370,0.000000,3.321069
-0.378947,-1.738717,0.000000,3.321069
-0.375829,-1.777293,0.000000,3.321069
-0.404405,-1.771009,0.000000,3.321069
-0.465900,-1.784581,0.000000,3.321069
-0.466996,-1.793167,0.000000,3.321069
-0.502258,-1.802868,0.000000,3.321069
-0.533617,-1.809042,0.000000,3.321069
-0.568352,-1.827575,0.000000,3.321069
-0.592640,-1.840057,0.000000,3.321069
-0.652194,-1.891473,0.000000,3.321069
-0.665965,-1.883058,0.000000,3.321069
-0.713730,-1.915735,0.000000,3.321069
-0.737977,-1.946958,0.000000,3.321069
-0.768102,-1.933862,0.000000,3.321069
-0.781627,-1.929125,0.000000,3.321069
-0.812778,-1.921970,0.000000,3.321069
-0.867817,-1.947889,0.000000,3.321069
-0.897020,-1.965240,0.000000,3.321069
-0.943699,-1.953562,0.000000,3.321069
-0.972635,-1.934128,0.000000,3.321069
-0.983973,-1.844708,0.000000,3.321069
-1.009518,-1.813524,0.000000,3.321069
-1.057285,-1.775308,0.000000,3.321069
-1.084119,-1.669209,0.000000,3.321069
-1.125408,-1.534930,0.000000,3.321069
-1.199909,-1.403774,0.000000,3.321069
-1.209249,-1.333512,0.000000,3.321069
-1.141142,-1.088724,0.000000,3.321069
-1.173863,-0.955975,0.000000,3.321069
-1.178490,-0.752671,0.000000,3.321069
-0.874986,-0.293535,0.000000,3.321069
-0.910314,-0.018750,0.000000,3.321069
-1.023522,0.427049,0.000000,3.321069
-1.197412,0.828548,0.000000,3.321069
-1.533777,1.140460,0.000000,3.321069
-1.491556,1.565930,0.000000,3.321069
-1.521086,1.904196,0.000000,3.321069
-1.395665,2.185890,0.000000,3.321069
-1.251077,2.344336,0.000000,3.321069
1.148919,-2.352540,0.000000,3.321069
1.051238,-2.239747,0.000000,3.321069
1.000072,-1.989991,0.000000,3.321069
0.818663,-1.651612,0.000000,3.321069
0.316301,-1.264893,0.000000,3.321069
0.176756,-1.031250,0.000000,3.321069
-0.097683,-1.168213,0.000000,3.321069
-0.353516,-1.538818,0.000000,3.321069
-0.288395,-1.893310,0.000000,3.321069
-0.404683,-2.191406,0.000000,3.321069
-0.516319,-2.360595,0.000000,3.321069
-0.483758,-2.400878,0.000000,3.321069
-0.469804,-2.320312,0.000000,3.321069
-0.488410,-2.151122,0.000000,3.321069
-0.413985,-1.740234,0.000000,3.321069
-0.088380,-1.281006,0.000000,3.321069
-0.451196,-0.765380,0.000000,3.321069
-0.693074,-0.306152,0.000000,3.321069
-0.995422,-0.080566,0.000000,3.321069
-1.307072,-0.016112,0.000000,3.321069
-1.376845,0.032228,0.000000,3.321069
-1.628026,0.072511,0.000000,3.321069
-1.739662,0.112794,0.000000,3.321069
-1.902465,0.193361,0.000000,3.321069
-1.907116,0.233644,0.000000,3.321069
-1.902465,0.225588,0.000000,3.321069
-1.837343,0.217531,0.000000,3.321069
-1.553602,0.201417,0.000000,3.321069
-1.632677,0.193361,0.000000,3.321069
-1.241951,0.217530,0.000000,3.321069
-0.911694,0.241700,0.000000,3.321069
-0.990770,0.273927,0.000000,3.321069
-0.758195,0.402833,0.000000,3.321069
-0.669816,0.572022,0.000000,3.321069
-0.669816,0.733155,0.000000,3.321069
-0.720982,0.966797,0.000000,3.321069
-0.860527,1.127930,0.000000,3.321069
-0.981466,1.272950,0.000000,3.321069
-0.679118,1.401856,0.000000,3.321069
-0.832618,1.530762,0.000000,3.321069
-0.953557,1.627442,0.000000,3.321069
-1.130314,1.691895,0.000000,3.321069
-1.209389,1.724122,0.000000,3.321069
-1.139617,1.772462,0.000000,3.321069
-1.162874,1.796632,0.000000,3.321069
-1.153571,1.788575,0.000000,3.321069
-1.181480,1.788575,0.000000,3.321069
-1.186132,1.780518,0.000000,3.321069
-1.158223,1.780518,0.000000,3.321069
-1.153571,1.764405,0.000000,3.321069
-1.162874,1.788575,0.000000,3.321069
-1.167526,1.796632,0.000000,3.321069
-1.162874,1.788575,0.000000,3.321069
-1.162874,1.788575,0.000000,3.321069
-1.167526,1.788575,0.000000,3.321069
-1.167526,1.796632,0.000000,3.321069
-1.190783,1.788575,0.000000,3.321069
-1.195435,1.804688,0.000000,3.321069
-1.172177,1.796632,0.000000,3.321069
-1.167526,1.796632,0.000000,3.321069
-1.190783,1.804688,0.000000,3.321069
-1.190783,1.788575,0.000000,3.321069
-1.162874,1.796632,0.000000,3.321069
-1.190783,1.780518,0.000000,3.321069
-1.176829,1.804688,0.000000,3.321069
-1.204738,1.812745,0.000000,3.321069
-1.167526,1.804688,0.000000,3.321069
-1.195435,1.780518,0.000000,3.321069
-1.172177,1.788575,0.000000,3.321069
-1.167526,1.796632,0.000000,3.321069
-1.158223,1.780518,0.000000,3.321069
-1.153571,1.756348,0.000000,3.321069
-1.125662,1.740235,0.000000,3.321069
-1.130314,1.724122,0.000000,3.321069
-1.083799,1.659669,0.000000,3.321069
-1.009375,1.522706,0.000000,3.321069
-0.953557,1.353516,0.000000,3.321069
-0.534922,1.111817,0.000000,3.321069
-0.855876,0.878174,0.000000,3.321069
-0.637255,0.700928,0.000000,3.321069
-0.590741,0.499512,0.000000,3.321069
-0.627953,0.410889,0.000000,3.321069
-0.660513,0.370606,0.000000,3.321069
-0.674468,0.362549,0.000000,3.321069
-0.679119,0.338379,0.000000,3.321069
-0.702377,0.322266,0.000000,3.321069
-0.711680,0.298096,0.000000,3.321069
-0.762846,0.257813,0.000000,3.321069
-0.776801,0.249756,0.000000,3.321069
-0.860528,0.217530,0.000000,3.321069
-0.888437,0.209473,0.000000,3.321069
-1.060543,0.185304,0.000000,3.321069
-1.153573,0.185304,0.000000,3.321069
-0.958210,0.177247,0.000000,3.321069
-1.181482,0.153077,0.000000,3.321069
-1.437314,0.145021,0.000000,3.321069
-1.381496,0.136964,0.000000,3.321069
-1.558253,0.145021,0.000000,3.321069
-1.646632,0.153078,0.000000,3.321069
-1.646632,0.153078,0.000000,3.321069
-1.595465,0.153077,0.000000,3.321069
-1.539647,0.120851,0.000000,3.321069
-1.334981,0.008058,0.000000,3.321069
-1.014028,-0.088622,0.000000,3.321069
-0.744241,-0.209472,0.000000,3.321069
-0.316303,-0.547851,0.000000,3.321069
-0.223273,-0.990966,0.000000,3.321069
-0.181410,-1.450195,0.000000,3.321069
-0.288395,-1.780517,0.000000,3.321069
-0.316304,-1.925537,0.000000,3.321069
-0.307001,-1.861084,0.000000,3.321069
-0.274440,-1.627441,0.000000,3.321069
-0.190713,-1.240722,0.000000,3.321069
-0.018607,-0.878174,0.000000,3.321069
0.344211,-0.837891,0.000000,3.321069
0.502361,-1.200440,0.000000,3.321069
0.832618,-1.603272,0.000000,3.321069
0.916345,-1.844971,0.000000,3.321069
1.000072,-1.877198,0.000000,3.321069
-1.046911,1.618293,0.000000,3.321069
-1.046315,1.116800,0.000000,3.321069
-1.095469,0.423353,0.000000,3.321069
-0.622893,-0.079960,0.000000,3.321069
-0.747997,-0.545336,0.000000,3.321069
-0.927231,-1.048092,0.000000,3.321069
-0.853669,-1.521932,0.000000,3.321069
-0.646018,-1.678949,0.000000,3.321069
-0.265931,-1.350919,0.000000,3.321069
0.083275,-0.937049,0.000000,3.321069
0.540860,-0.430755,0.000000,3.321069
1.102138,-0.305774,0.000000,3.321069
1.623241,-0.119323,0.000000,3.321069
1.939743,0.027910,0.000000,3.321069
1.985042,0.197232,0.000000,3.321069
1.566277,0.500061,0.000000,3.321069
1.036598,0.643401,0.000000,3.321069
0.555388,0.701679,0.000000,3.321069
0.340729,0.765539,0.000000,3.321069
0.186230,0.944485,0.000000,3.321069
0.133560,1.008288,0.000000,3.321069
0.148677,1.001547,0.000000,3.321069
0.101309,1.032661,0.000000,3.321069
-0.033880,1.126192,0.000000,3.321069
-0.352710,1.489949,0.000000,3.321069
-0.472157,1.726414,0.000000,3.321069
-0.597435,1.895050,0.000000,3.321069
-0.709717,1.967641,0.000000,3.321069
-0.898466,2.042464,0.000000,3.321069
-0.981323,2.061875,0.000000,3.321069
-1.057977,2.109272,0.000000,3.321069
-1.137132,2.077298,0.000000,3.321069
-1.235402,1.986773,0.000000,3.321069
-1.237298,1.853028,0.000000,3.321069
-1.190783,1.643555,0.000000,3.321069
-1.111708,1.337403,0.000000,3.321069
-1.046587,1.619385,0.000000,3.321069
-1.069844,1.571046,0.000000,3.321069
-1.097753,1.571046,0.000000,3.321069
-1.130314,1.579102,0.000000,3.321069
-1.102405,1.595216,0.000000,3.321069
-1.041935,1.595215,0.000000,3.321069
-1.060541,1.619385,0.000000,3.321069
-1.116359,1.603272,0.000000,3.321069
-1.046587,1.603272,0.000000,3.321069
-1.125662,1.595216,0.000000,3.321069
-1.079147,1.611329,0.000000,3.321069
-1.116359,1.611329,0.000000,3.321069
-1.093102,1.619385,0.000000,3.321069
-1.209389,1.643555,0.000000,3.321069
-1.200086,1.635499,0.000000,3.321069
-1.121011,1.635499,0.000000,3.321069
-1.200086,1.627442,0.000000,3.321069
-1.218692,1.659669,0.000000,3.321069
-1.121011,1.675782,0.000000,3.321069
-1.144268,1.675782,0.000000,3.321069
-1.139617,1.708009,0.000000,3.321069
-1.079147,1.732178,0.000000,3.321069
-1.134965,1.764405,0.000000,3.321069
-1.153571,1.772462,0.000000,3.321069
-1.172177,1.804688,0.000000,3.321069
-1.223344,1.844972,0.000000,3.321069
-1.209389,1.885255,0.000000,3.321069
-1.293116,1.933595,0.000000,3.321069
-1.348934,1.981934,0.000000,3.321069
-1.372192,2.030274,0.000000,3.321069
-1.409404,2.078614,0.000000,3.321069
-1.339631,2.118897,0.000000,3.321069
-1.367540,2.151124,0.000000,3.321069
-1.325677,2.159181,0.000000,3.321069
-1.304758,2.228310,0.000000,3.321069
-1.238889,2.229162,0.000000,3.321069
-1.153488,2.257077,0.000000,3.321069
-1.026527,2.193939,0.000000,3.321069
-0.994161,2.082440,0.000000,3.321069
-0.977357,2.090379,0.000000,3.321069
-0.932514,2.087620,0.000000,3.321069
-0.861973,2.124902,0.000000,3.321069
-0.843902,2.092110,0.000000,3.321069
-0.822001,2.078150,0.000000,3.321069
-0.693533,2.019660,0.000000,3.321069
-0.621988,1.971922,0.000000,3.321069
-0.586956,1.955982,0.000000,3.321069
-0.551684,1.892631,0.000000,3.321069
-0.416834,1.799004,0.000000,3.321069
-0.190519,1.630691,0.000000,3.321069
0.053962,1.474567,0.000000,3.321069
-0.295362,1.459453,0.000000,3.321069
0.059106,1.174258,0.000000,3.321069
0.263826,0.979900,0.000000,3.321069
0.503708,0.862743,0.000000,3.321069
0.746743,0.833833,0.000000,3.321069
1.025386,0.858556,0.000000,3.321069
1.572245,0.667397,0.000000,3.321069
1.738883,0.702748,0.000000,3.321069
1.867398,0.786531,0.000000,3.321069
2.122667,0.650637,0.000000,3.321069
2.203158,0.561215,0.000000,3.321069
2.384527,0.375858,0.000000,3.321069
2.439402,0.177838,0.000000,3.321069
2.421741,0.085398,0.000000,3.321069
2.312591,0.026866,0.000000,3.321069
2.167803,-0.098809,0.000000,3.321069
1.973060,-0.302520,0.000000,3.321069
1.677666,-0.266099,0.000000,3.321069
1.402397,-0.693880,0.000000,3.321069
0.927265,-0.404642,0.000000,3.321069
0.532637,-0.608828,0.000000,3.321069
0.210698,-0.875511,0.000000,3.321069
0.089532,-1.095875,0.000000,3.321069
-0.061940,-1.388570,0.000000,3.321069
-0.220077,-1.755814,0.000000,3.321069
-0.371666,-1.780879,0.000000,3.321069
-0.526304,-1.929704,0.000000,3.321069
-0.616629,-1.947210,0.000000,3.321069
-0.729043,-1.963125,0.000000,3.321069
-0.873590,-1.990300,0.000000,3.321069
-0.981127,-2.001735,0.000000,3.321069
-1.000800,-1.877063,0.000000,3.321069
-1.083261,-1.731590,0.000000,3.321069
-1.141937,-1.569229,0.000000,3.321069
-1.217453,-1.406998,0.000000,3.321069
-1.207852,-1.193588,0.000000,3.321069
-1.161856,-0.955977,0.000000,3.321069
-1.017251,-0.597448,0.000000,3.321069
-0.888374,-0.240945,0.000000,3.321069
-0.955256,0.192528,0.000000,3.321069
-1.115358,0.654200,0.000000,3.321069
-1.204406,1.152926,0.000000,3.321069
-1.676624,1.440806,0.000000,3.321069
-1.589630,1.879656,0.000000,3.321069
-1.386428,2.186996,0.000000,3.321069
-1.262885,2.364956,0.000000,3.321069
1.144268,-2.352540,0.000000,3.321069
1.018677,-2.199464,0.000000,3.321069
0.986117,-1.965821,0.000000,3.321069
0.897739,-1.651612,0.000000,3.321069
0.446543,-1.305176,0.000000,3.321069
0.260483,-1.055420,0.000000,3.321069
-0.000001,-1.063476,0.000000,3.321069
-0.162804,-1.264892,0.000000,3.321069
-0.293046,-1.530761,0.000000,3.321069
-0.181410,-1.772461,0.000000,3.321069
-0.516319,-1.998046,0.000000,3.321069
-0.427940,-2.159179,0.000000,3.321069
-0.465152,-2.263915,0.000000,3.321069
-0.455849,-2.328368,0.000000,3.321069
-0.418637,-2.328369,0.000000,3.321069
-0.409334,-2.271972,0.000000,3.321069
-0.437243,-2.207519,0.000000,3.321069
-0.469804,-2.118896,0.000000,3.321069
-0.395379,-1.925537,0.000000,3.321069
-0.395379,-1.732177,0.000000,3.321069
-0.293046,-1.466308,0.000000,3.321069
-0.339561,-1.152099,0.000000,3.321069
-0.390727,-0.805664,0.000000,3.321069
-0.548878,-0.451171,0.000000,3.321069
-0.711680,-0.209472,0.000000,3.321069
-1.014028,-0.080566,0.000000,3.321069
-1.246603,-0.016112,0.000000,3.321069
-1.232648,0.016114,0.000000,3.321069
-1.595465,0.048341,0.000000,3.321069
-1.637329,0.072511,0.000000,3.321069
-1.772223,0.040285,0.000000,3.321069
-1.809435,0.177248,0.000000,3.321069
-1.814086,0.209474,0.000000,3.321069
-1.823389,0.209474,0.000000,3.321069
-1.809435,0.209474,0.000000,3.321069
-1.800132,0.209474,0.000000,3.321069
-1.786177,0.201417,0.000000,3.321069
-1.776874,0.209474,0.000000,3.321069
-1.767571,0.193361,0.000000,3.321069
-1.758268,0.193361,0.000000,3.321069
-1.758268,0.193361,0.000000,3.321069
-1.753616,0.185304,0.000000,3.321069
-1.721056,0.185304,0.000000,3.321069
-1.730359,0.177248,0.000000,3.321069
-1.707101,0.185304,0.000000,3.321069
-1.683844,0.177247,0.000000,3.321069
-1.660586,0.177247,0.000000,3.321069
-1.628026,0.177247,0.000000,3.321069
-1.609420,0.177247,0.000000,3.321069
-1.562905,0.177247,0.000000,3.321069
-1.539647,0.169191,0.000000,3.321069
-1.516390,0.177247,0.000000,3.321069
-1.493132,0.177247,0.000000,3.321069
-1.581511,0.177247,0.000000,3.321069
-1.623374,0.177247,0.000000,3.321069
-1.483829,0.177247,0.000000,3.321069
-1.446617,0.185304,0.000000,3.321069
-1.446617,0.185304,0.000000,3.321069
-1.334981,0.193360,0.000000,3.321069
-1.227997,0.193360,0.000000,3.321069
-1.111709,0.193360,0.000000,3.321069
-0.981467,0.193360,0.000000,3.321069
-0.893088,0.193360,0.000000,3.321069
-0.948906,0.193360,0.000000,3.321069
-0.948906,0.209473,0.000000,3.321069
-0.893088,0.193360,0.000000,3.321069
-1.069846,0.209474,0.000000,3.321069
-1.172179,0.201417,0.000000,3.321069
-0.809361,0.193360,0.000000,3.321069
-1.037285,0.193360,0.000000,3.321069
-0.902391,0.193360,0.000000,3.321069
-1.074497,0.193360,0.000000,3.321069
-0.902391,0.193360,0.000000,3.321069
-1.074497,0.201417,0.000000,3.321069
-0.934952,0.193360,0.000000,3.321069
-0.939603,0.185304,0.000000,3.321069
-0.851225,0.185303,0.000000,3.321069
-0.897740,0.177247,0.000000,3.321069
-1.130315,0.169190,0.000000,3.321069
-1.428011,0.153077,0.000000,3.321069
-1.367542,0.145021,0.000000,3.321069
-1.553602,0.136964,0.000000,3.321069
-1.595465,0.128908,0.000000,3.321069
-1.525693,0.145021,0.000000,3.321069
-1.804783,0.209474,0.000000,3.321069
-1.679192,0.177247,0.000000,3.321069
-1.693147,0.177247,0.000000,3.321069
-1.679192,0.161134,0.000000,3.321069
-1.600117,0.024171,0.000000,3.321069
-1.530344,0.072511,0.000000,3.321069
-1.386148,0.016114,0.000000,3.321069
-1.339633,-0.008056,0.000000,3.321069
-1.060543,-0.048339,0.000000,3.321069
-0.651210,-0.096679,0.000000,3.321069
-0.827968,-0.153075,0.000000,3.321069
-0.553529,-0.298095,0.000000,3.321069
-0.400030,-0.467285,0.000000,3.321069
-0.302348,-0.692871,0.000000,3.321069
-0.260485,-0.958740,0.000000,3.321069
-0.372121,-1.176269,0.000000,3.321069
-0.139546,-1.409912,0.000000,3.321069
-0.386076,-1.595214,0.000000,3.321069
-0.307001,-1.756347,0.000000,3.321069
-0.362819,-1.893310,0.000000,3.321069
-0.400031,-1.989990,0.000000,3.321069
-0.367470,-2.054443,0.000000,3.321069
-0.372122,-2.054443,0.000000,3.321069
-0.358167,-2.046386,0.000000,3.321069
-0.372122,-1.981933,0.000000,3.321069
-0.353516,-1.844970,0.000000,3.321069
-0.255834,-1.675781,0.000000,3.321069
-0.307000,-1.434082,0.000000,3.321069
0.111635,-1.176270,0.000000,3.321069
-0.032561,-0.934570,0.000000,3.321069
0.213968,-0.821777,0.000000,3.321069
0.455846,-0.958740,0.000000,3.321069
0.437240,-1.216553,0.000000,3.321069
1.032632,-1.466309,0.000000,3.321069
0.846572,-1.732178,0.000000,3.321069
0.934950,-1.901368,0.000000,3.321069
1.027980,-1.981934,0.000000,3.321069
-1.114604,1.938232,0.000000,3.321069
-1.096640,1.697670,0.000000,3.321069
-1.142666,1.330438,0.000000,3.321069
-0.999652,0.916156,0.000000,3.321069
-0.636001,0.527732,0.000000,3.321069
-0.604930,-0.015325,0.000000,3.321069
-0.759944,-0.470867,0.000000,3.321069
-1.201482,-1.085507,0.000000,3.321069
-1.053732,-1.269652,0.000000,3.321069
-0.850493,-1.581576,0.000000,3.321069
-0.684816,-1.725852,0.000000,3.321069
-0.372652,-1.506065,0.000000,3.321069
-0.055929,-1.098182,0.000000,3.321069
0.270329,-0.506704,0.000000,3.321069
0.728269,-0.356408,0.000000,3.321069
1.294064,-0.202903,0.000000,3.321069
1.742827,-0.084566,0.000000,3.321069
1.973204,0.060896,0.000000,3.321069
1.870792,0.287239,0.000000,3.321069
1.436516,0.528350,0.000000,3.321069
1.010055,0.497070,0.000000,3.321069
0.281493,0.740668,0.000000,3.321069
-0.107505,1.174308,0.000000,3.321069
-0.200494,1.563446,0.000000,3.321069
-0.874129,1.930529,0.000000,3.321069
-1.125970,1.920969,0.000000,3.321069
-1.190783,1.740235,0.000000,3.321069
-1.088451,1.474366,0.000000,3.321069
-0.883785,1.087647,0.000000,3.321069
-0.734937,0.668702,0.000000,3.321069
-0.590741,0.346436,0.000000,3.321069
-0.734937,0.225587,0.000000,3.321069
-0.860528,0.217530,0.000000,3.321069
-0.948906,0.217530,0.000000,3.321069
-0.995421,0.217530,0.000000,3.321069
-1.051240,0.201417,0.000000,3.321069
-1.139618,0.193360,0.000000,3.321069
-1.176830,0.177247,0.000000,3.321069
-0.986118,0.153077,0.000000,3.321069
-1.400102,0.161134,0.000000,3.321069
-1.548950,0.153077,0.000000,3.321069
-1.493132,0.161134,0.000000,3.321069
-1.474526,0.161134,0.000000,3.321069
-1.493132,0.177247,0.000000,3.321069
-1.469875,0.161134,0.000000,3.321069
-1.418708,0.169191,0.000000,3.321069
-1.483829,0.169191,0.000000,3.321069
-1.469875,0.161134,0.000000,3.321069
-1.483829,0.161134,0.000000,3.321069
-1.483829,0.161134,0.000000,3.321069
-1.590814,0.177247,0.000000,3.321069
-1.465223,0.169191,0.000000,3.321069
-1.469875,0.177247,0.000000,3.321069
-1.409405,0.169191,0.000000,3.321069
-1.409405,0.161134,0.000000,3.321069
-1.446617,0.177247,0.000000,3.321069
-1.404754,0.161134,0.000000,3.321069
-1.404754,0.169191,0.000000,3.321069
-1.614071,0.161134,0.000000,3.321069
-1.418708,0.161134,0.000000,3.321069
-1.651283,0.169191,0.000000,3.321069
-1.395451,0.169191,0.000000,3.321069
-1.460572,0.169191,0.000000,3.321069
-1.488481,0.161134,0.000000,3.321069
-1.474526,0.169191,0.000000,3.321069
-1.376845,0.169191,0.000000,3.321069
-1.567556,0.161134,0.000000,3.321069
-1.400102,0.169191,0.000000,3.321069
-1.465223,0.169191,0.000000,3.321069
-1.460572,0.169191,0.000000,3.321069
-1.474526,0.169191,0.000000,3.321069
-1.465223,0.169191,0.000000,3.321069
-1.488481,0.169191,0.000000,3.321069
-1.469875,0.161134,0.000000,3.321069
-1.474526,0.169191,0.000000,3.321069
-1.395451,0.169191,0.000000,3.321069
-1.409405,0.161134,0.000000,3.321069
-1.474526,0.169191,0.000000,3.321069
-1.400102,0.169191,0.000000,3.321069
-1.614071,0.169191,0.000000,3.321069
-1.455920,0.169191,0.000000,3.321069
-1.372193,0.153077,0.000000,3.321069
-1.451269,0.177247,0.000000,3.321069
-1.437314,0.169191,0.000000,3.321069
-1.614071,0.169191,0.000000,3.321069
-1.381496,0.153077,0.000000,3.321069
-1.460572,0.161134,0.000000,3.321069
-1.469875,0.169191,0.000000,3.321069
-1.507087,0.161134,0.000000,3.321069
-1.414057,0.161134,0.000000,3.321069
-1.479178,0.169191,0.000000,3.321069
-1.511738,0.169191,0.000000,3.321069
-1.469875,0.161134,0.000000,3.321069
-1.465223,0.161134,0.000000,3.321069
-1.474526,0.169191,0.000000,3.321069
-1.474526,0.161134,0.000000,3.321069
-1.483829,0.169191,0.000000,3.321069
-1.465223,0.169191,0.000000,3.321069
-1.432663,0.169191,0.000000,3.321069
-1.418708,0.169191,0.000000,3.321069
-1.479178,0.161134,0.000000,3.321069
-1.483829,0.169191,0.000000,3.321069
-1.404754,0.161134,0.000000,3.321069
-1.446617,0.169191,0.000000,3.321069
-1.460572,0.169191,0.000000,3.321069
-1.469875,0.169191,0.000000,3.321069
-1.376845,0.169191,0.000000,3.321069
-1.414057,0.169191,0.000000,3.321069
-1.409405,0.161134,0.000000,3.321069
-1.567556,0.161134,0.000000,3.321069
-1.469875,0.169191,0.000000,3.321069
-1.483829,0.169191,0.000000,3.321069
-1.488481,0.161134,0.000000,3.321069
-1.502435,0.169191,0.000000,3.321069
-1.507087,0.161134,0.000000,3.321069
-1.548950,0.153077,0.000000,3.321069
-1.637329,0.145021,0.000000,3.321069
-1.628026,0.145021,0.000000,3.321069
-1.572208,0.128908,0.000000,3.321069
-1.386148,0.064454,0.000000,3.321069
-1.441966,0.056398,0.000000,3.321069
-1.534996,0.040284,0.000000,3.321069
-1.404754,0.032228,0.000000,3.321069
-1.428011,0.024171,0.000000,3.321069
-1.409405,0.008058,0.000000,3.321069
-1.372193,0.000001,0.000000,3.321069
-1.232648,-0.024169,0.000000,3.321069
-1.000073,-0.040282,0.000000,3.321069
-0.762847,-0.072509,0.000000,3.321069
-1.046588,-0.096679,0.000000,3.321069
-0.939604,-0.120849,0.000000,3.321069
-0.707029,-0.193359,0.000000,3.321069
-0.609347,-0.257812,0.000000,3.321069
-0.516317,-0.338378,0.000000,3.321069
-0.441893,-0.451171,0.000000,3.321069
-0.409333,-0.507568,0.000000,3.321069
-0.353515,-0.620361,0.000000,3.321069
-0.376772,-0.717041,0.000000,3.321069
-0.348863,-0.773437,0.000000,3.321069
-0.330257,-0.813720,0.000000,3.321069
-0.316303,-0.805664,0.000000,3.321069
-0.334909,-0.837890,0.000000,3.321069
-0.307000,-0.829834,0.000000,3.321069
-0.316303,-0.837890,0.000000,3.321069
-0.307000,-0.821777,0.000000,3.321069
-0.307000,-0.854004,0.000000,3.321069
-0.320954,-0.821777,0.000000,3.321069
-0.307000,-0.854004,0.000000,3.321069
-0.311651,-0.854004,0.000000,3.321069
-0.316303,-0.845947,0.000000,3.321069
-0.302348,-0.870117,0.000000,3.321069
-0.307000,-0.878173,0.000000,3.321069
-0.325606,-0.845947,0.000000,3.321069
-0.344212,-0.854003,0.000000,3.321069
-0.307000,-0.854004,0.000000,3.321069
-0.316303,-0.870117,0.000000,3.321069
-0.334909,-0.854003,0.000000,3.321069
-0.307000,-0.870117,0.000000,3.321069
-0.307000,-0.902343,0.000000,3.321069
-0.307000,-0.854004,0.000000,3.321069
-0.302348,-0.886230,0.000000,3.321069
-0.311651,-0.870117,0.000000,3.321069
-0.307000,-0.870117,0.000000,3.321069
-0.311651,-0.854004,0.000000,3.321069
-0.311651,-0.870117,0.000000,3.321069
-0.307000,-0.862060,0.000000,3.321069
-0.307000,-0.862060,0.000000,3.321069
-0.330257,-0.854003,0.000000,3.321069
-0.311651,-0.878173,0.000000,3.321069
-0.307000,-0.878173,0.000000,3.321069
-0.302348,-0.918457,0.000000,3.321069
-0.316303,-0.918457,0.000000,3.321069
-0.307000,-0.894287,0.000000,3.321069
-0.348864,-0.934570,0.000000,3.321069
-0.307000,-0.918457,0.000000,3.321069
-0.316303,-0.942627,0.000000,3.321069
-0.334909,-0.982910,0.000000,3.321069
-0.330258,-0.982910,0.000000,3.321069
-0.367470,-1.031250,0.000000,3.321069
-0.367470,-1.063476,0.000000,3.321069
-0.400030,-1.071533,0.000000,3.321069
-0.413985,-1.119873,0.000000,3.321069
-0.418636,-1.160156,0.000000,3.321069
-0.293046,-1.184326,0.000000,3.321069
-0.120940,-1.240722,0.000000,3.321069
-0.111637,-1.256836,0.000000,3.321069
-0.013956,-1.297119,0.000000,3.321069
-0.018607,-1.337402,0.000000,3.321069
-0.088380,-1.369629,0.000000,3.321069
-0.093031,-1.393799,0.000000,3.321069
-0.097683,-1.417969,0.000000,3.321069
-0.246531,-1.458252,0.000000,3.321069
-0.246531,-1.498535,0.000000,3.321069
-0.330258,-1.538818,0.000000,3.321069
-0.395379,-1.546874,0.000000,3.321069
-0.400031,-1.587158,0.000000,3.321069
-0.437243,-1.619384,0.000000,3.321069
-0.395379,-1.635497,0.000000,3.321069
-0.441894,-1.651611,0.000000,3.321069
-0.409334,-1.675781,0.000000,3.321069
-0.362819,-1.691894,0.000000,3.321069
-0.325607,-1.724121,0.000000,3.321069
-0.362819,-1.732177,0.000000,3.321069
-0.334910,-1.756347,0.000000,3.321069
-0.334910,-1.772460,0.000000,3.321069
-0.339561,-1.796630,0.000000,3.321069
-0.339561,-1.820800,0.000000,3.321069
-0.348864,-1.844970,0.000000,3.321069
-0.358167,-1.853027,0.000000,3.321069
-0.339561,-1.869140,0.000000,3.321069
-0.381425,-1.909423,0.000000,3.321069
-0.381425,-1.885253,0.000000,3.321069
-0.413985,-2.014160,0.000000,3.321069
-0.423288,-2.014160,0.000000,3.321069
-0.404682,-2.046386,0.000000,3.321069
-0.413985,-2.054443,0.000000,3.321069
-0.390728,-2.110839,0.000000,3.321069
-0.381425,-2.094726,0.000000,3.321069
-0.353516,-2.135009,0.000000,3.321069
-0.372122,-2.070556,0.000000,3.321069
-0.362819,-2.030273,0.000000,3.321069
-0.372122,-1.925537,0.000000,3.321069
-0.297698,-1.764404,0.000000,3.321069
-0.251182,-1.571044,0.000000,3.321069
-0.065122,-1.305176,0.000000,3.321069
-0.148849,-1.055420,0.000000,3.321069
0.125590,-0.862061,0.000000,3.321069
0.344210,-0.886231,0.000000,3.321069
0.539573,-1.103760,0.000000,3.321069
0.939602,-1.361573,0.000000,3.321069
0.818663,-1.611329,0.000000,3.321069
0.930299,-1.844971,0.000000,3.321069
0.972162,-1.973878,0.000000,3.321069
1.046587,-2.006104,0.000000,3.321069
-1.119774,1.900998,0.000000,3.321069
-1.137944,1.656432,0.000000,3.321069
-1.141575,1.319097,0.000000,3.321069
-1.066993,0.841789,0.000000,3.321069
-0.687354,0.486787,0.000000,3.321069
-0.698331,-0.037185,0.000000,3.321069
-0.771319,-0.436232,0.000000,3.321069
-1.120586,-0.929651,0.000000,3.321069
-1.064731,-1.216318,0.000000,3.321069
-1.090030,-1.391827,0.000000,3.321069
-0.869778,-1.723583,0.000000,3.321069
-0.659195,-1.749543,0.000000,3.321069
-0.397033,-1.560510,0.000000,3.321069
-0.107328,-1.262294,0.000000,3.321069
0.125871,-0.993122,0.000000,3.321069
0.460222,-0.510305,0.000000,3.321069
0.843017,-0.379224,0.000000,3.321069
1.286071,-0.238310,0.000000,3.321069
1.677923,-0.190592,0.000000,3.321069
1.983326,-0.092178,0.000000,3.321069
2.136497,0.038169,0.000000,3.321069
2.145189,0.231786,0.000000,3.321069
1.923387,0.452715,0.000000,3.321069
1.579108,0.591217,0.000000,3.321069
1.204879,0.624001,0.000000,3.321069
0.597070,0.780795,0.000000,3.321069
0.310956,0.811870,0.000000,3.321069
-0.028545,1.153670,0.000000,3.321069
-0.361735,1.540906,0.000000,3.321069
-0.502122,1.810086,0.000000,3.321069
-0.766519,1.980099,0.000000,3.321069
-1.087148,2.074127,0.000000,3.321069
-1.199761,2.024148,0.000000,3.321069
-1.283813,1.933595,0.000000,3.321069
-1.260556,1.820802,0.000000,3.321069
-1.116359,1.603272,0.000000,3.321069
-1.014027,1.337403,0.000000,3.321069
-0.516316,1.015137,0.000000,3.321069
-0.665164,0.668702,0.000000,3.321069
-0.632604,0.362549,0.000000,3.321069
-0.753543,0.217530,0.000000,3.321069
-1.037285,0.161134,0.000000,3.321069
-0.981467,0.145020,0.000000,3.321069
-1.488481,0.136964,0.000000,3.321069
-1.488481,0.136964,0.000000,3.321069
-1.665238,0.136964,0.000000,3.321069
-1.683844,0.153078,0.000000,3.321069
-1.660586,0.153078,0.000000,3.321069
-1.688495,0.153078,0.000000,3.321069
-1.614071,0.136964,0.000000,3.321069
-1.534996,-0.040282,0.000000,3.321069
-1.293118,-0.024169,0.000000,3.321069
-1.102406,-0.064452,0.000000,3.321069
-0.790756,-0.153076,0.000000,3.321069
-0.534923,-0.314209,0.000000,3.321069
-0.344212,-0.612304,0.000000,3.321069
-0.293045,-0.926513,0.000000,3.321069
-0.255834,-1.240722,0.000000,3.321069
-0.144198,-1.498535,0.000000,3.321069
-0.330258,-1.740234,0.000000,3.321069
-0.348864,-1.901367,0.000000,3.321069
-0.400031,-2.006103,0.000000,3.321069
-0.372122,-2.094726,0.000000,3.321069
-0.344213,-2.118896,0.000000,3.321069
-0.358167,-2.062500,0.000000,3.321069
-0.376773,-1.981933,0.000000,3.321069
-0.325607,-1.836914,0.000000,3.321069
-0.209319,-1.643554,0.000000,3.321069
-0.241879,-1.409912,0.000000,3.321069
0.074423,-1.152100,0.000000,3.321069
0.032560,-0.934570,0.000000,3.321069
0.251180,-0.870117,0.000000,3.321069
0.488407,-1.007080,0.000000,3.321069
0.520967,-1.272950,0.000000,3.321069
1.009375,-1.554932,0.000000,3.321069
0.879133,-1.772461,0.000000,3.321069
0.967511,-1.965821,0.000000,3.321069
1.018677,-2.038331,0.000000,3.321069
1.116359,-2.054444,0.000000,3.321069
-1.166959,1.864012,0.000000,3.321069
-1.160303,1.536328,0.000000,3.321069
-1.134617,1.154516,0.000000,3.321069
-1.244671,0.632030,0.000000,3.321069
-0.741610,0.296261,0.000000,3.321069
-0.714767,-0.132745,0.000000,3.321069
-0.809414,-0.523042,0.000000,3.321069
-1.238764,-1.078029,0.000000,3.321069
-1.058632,-1.189641,0.000000,3.321069
-1.100545,-1.395230,0.000000,3.321069
-0.891519,-1.726970,0.000000,3.321069
-0.688277,-1.787886,0.000000,3.321069
-0.468336,-1.635713,0.000000,3.321069
-0.247876,-1.468559,0.000000,3.321069
-0.019639,-1.179824,0.000000,3.321069
0.220712,-0.606206,0.000000,3.321069
0.543776,-0.465746,0.000000,3.321069
0.925896,-0.368933,0.000000,3.321069
1.279740,-0.126333,0.000000,3.321069
1.628371,-0.182057,0.000000,3.321069
1.917628,-0.198111,0.000000,3.321069
2.064910,-0.001896,0.000000,3.321069
2.156854,0.100190,0.000000,3.321069
2.173710,0.212839,0.000000,3.321069
1.970036,0.447828,0.000000,3.321069
1.758590,0.565496,0.000000,3.321069
1.524426,0.620497,0.000000,3.321069
1.290186,0.619487,0.000000,3.321069
1.036217,0.614533,0.000000,3.321069
0.613034,0.730429,0.000000,3.321069
0.389497,0.764112,0.000000,3.321069
0.160784,0.950276,0.000000,3.321069
0.005903,1.126503,0.000000,3.321069
-0.175782,1.328442,0.000000,3.321069
-0.353985,1.526463,0.000000,3.321069
-0.105533,1.545337,0.000000,3.321069
-0.430566,1.738766,0.000000,3.321069
-0.599381,1.855761,0.000000,3.321069
-0.615560,1.897621,0.000000,3.321069
-0.623105,1.922969,0.000000,3.321069
-0.728356,1.990552,0.000000,3.321069
-0.775908,2.038176,0.000000,3.321069
-0.851637,2.074318,0.000000,3.321069
-0.883931,2.115862,0.000000,3.321069
-0.977783,2.082790,0.000000,3.321069
-1.043633,2.117477,0.000000,3.321069
-1.070472,2.138124,0.000000,3.321069
-1.103603,2.145754,0.000000,3.321069
-1.123846,2.139150,0.000000,3.321069
-1.166897,2.129433,0.000000,3.321069
-1.219309,2.089109,0.000000,3.321069
-1.272126,2.074183,0.000000,3.321069
-1.288465,2.054444,0.000000,3.321069
-1.325677,2.030274,0.000000,3.321069
-1.297768,1.989991,0.000000,3.321069
-1.293116,1.973878,0.000000,3.321069
-1.307071,1.925538,0.000000,3.321069
-1.288465,1.844972,0.000000,3.321069
-1.218692,1.764405,0.000000,3.321069
-1.107056,1.667725,0.000000,3.321069
-0.981466,1.562989,0.000000,3.321069
-1.037284,1.450196,0.000000,3.321069
-0.846572,1.305176,0.000000,3.321069
-0.544225,1.192383,0.000000,3.321069
-0.832618,1.055421,0.000000,3.321069
-0.888436,0.950684,0.000000,3.321069
-0.707028,0.829834,0.000000,3.321069
-0.655861,0.773438,0.000000,3.321069
-0.623301,0.684815,0.000000,3.321069
-0.609346,0.644532,0.000000,3.321069
-0.613998,0.636475,0.000000,3.321069
-0.618649,0.668702,0.000000,3.321069
-0.618649,0.636475,0.000000,3.321069
-0.609346,0.652588,0.000000,3.321069
-0.609346,0.660645,0.000000,3.321069
-0.604695,0.644532,0.000000,3.321069
-0.613998,0.644532,0.000000,3.321069
-0.618649,0.668702,0.000000,3.321069
-0.613998,0.660645,0.000000,3.321069
-0.618649,0.660645,0.000000,3.321069
-0.613998,0.660645,0.000000,3.321069
-0.609346,0.652588,0.000000,3.321069
-0.604695,0.668702,0.000000,3.321069
-0.613998,0.652588,0.000000,3.321069
-0.613998,0.660645,0.000000,3.321069
-0.618649,0.660645,0.000000,3.321069
-0.609346,0.652588,0.000000,3.321069
-0.613998,0.620362,0.000000,3.321069
-0.609346,0.652588,0.000000,3.321069
-0.613998,0.668702,0.000000,3.321069
-0.618649,0.636475,0.000000,3.321069
-0.613998,0.636475,0.000000,3.321069
-0.623301,0.604249,0.000000,3.321069
-0.613998,0.636475,0.000000,3.321069
-0.613998,0.628418,0.000000,3.321069
-0.627952,0.596192,0.000000,3.321069
-0.604695,0.644532,0.000000,3.321069
-0.623301,0.620362,0.000000,3.321069
-0.618649,0.612305,0.000000,3.321069
-0.618649,0.620362,0.000000,3.321069
-0.595392,0.620362,0.000000,3.321069
-0.609346,0.620362,0.000000,3.321069
-0.609346,0.652588,0.000000,3.321069
-0.604695,0.628418,0.000000,3.321069
-0.613998,0.628418,0.000000,3.321069
-0.613998,0.628418,0.000000,3.321069
-0.613998,0.620362,0.000000,3.321069
-0.609346,0.628418,0.000000,3.321069
-0.618649,0.604249,0.000000,3.321069
-0.613998,0.612305,0.000000,3.321069
-0.618649,0.636475,0.000000,3.321069
-0.618649,0.596192,0.000000,3.321069
-0.613998,0.620362,0.000000,3.321069
-0.623301,0.612305,0.000000,3.321069
-0.618649,0.612305,0.000000,3.321069
-0.613998,0.636475,0.000000,3.321069
-0.618649,0.596192,0.000000,3.321069
-0.627952,0.612305,0.000000,3.321069
-0.609346,0.636475,0.000000,3.321069
-0.618649,0.620362,0.000000,3.321069
-0.627952,0.596192,0.000000,3.321069
-0.613998,0.628418,0.000000,3.321069
-0.613998,0.612305,0.000000,3.321069
-0.618649,0.636475,0.000000,3.321069
-0.609346,0.620362,0.000000,3.321069
-0.613998,0.612305,0.000000,3.321069
-0.618649,0.628418,0.000000,3.321069
-0.604695,0.660645,0.000000,3.321069
-0.618649,0.636475,0.000000,3.321069
-0.609346,0.620362,0.000000,3.321069
-0.613998,0.620362,0.000000,3.321069
-0.604695,0.628418,0.000000,3.321069
-0.618649,0.612305,0.000000,3.321069
-0.613998,0.628418,0.000000,3.321069
-0.613998,0.628418,0.000000,3.321069
-0.618649,0.604249,0.000000,3.321069
-0.613998,0.620362,0.000000,3.321069
-0.618649,0.596192,0.000000,3.321069
-0.618649,0.604249,0.000000,3.321069
-0.618649,0.620362,0.000000,3.321069
-0.604695,0.644532,0.000000,3.321069
-0.609346,0.628418,0.000000,3.321069
-0.623301,0.604249,0.000000,3.321069
-0.609346,0.628418,0.000000,3.321069
-0.613998,0.636475,0.000000,3.321069
-0.604695,0.628418,0.000000,3.321069
-0.627952,0.596192,0.000000,3.321069
-0.623301,0.596192,0.000000,3.321069
-0.609346,0.628418,0.000000,3.321069
-0.609346,0.628418,0.000000,3.321069
-0.613998,0.636475,0.000000,3.321069
-0.609346,0.628418,0.000000,3.321069
-0.609346,0.628418,0.000000,3.321069
-0.618649,0.612305,0.000000,3.321069
-0.609346,0.612305,0.000000,3.321069
-0.618649,0.628418,0.000000,3.321069
-0.613998,0.620362,0.000000,3.321069
-0.609346,0.636475,0.000000,3.321069
-0.627952,0.596192,0.000000,3.321069
-0.623301,0.604249,0.000000,3.321069
-0.627952,0.628418,0.000000,3.321069
-0.613998,0.604249,0.000000,3.321069
-0.609346,0.628418,0.000000,3.321069
-0.623301,0.628418,0.000000,3.321069
-0.613998,0.628418,0.000000,3.321069
-0.609346,0.604249,0.000000,3.321069
-0.623301,0.604249,0.000000,3.321069
-0.613998,0.628418,0.000000,3.321069
-0.609346,0.620362,0.000000,3.321069
-0.609346,0.644532,0.000000,3.321069
-0.609346,0.620362,0.000000,3.321069
-0.632604,0.612305,0.000000,3.321069
-0.613998,0.612305,0.000000,3.321069
-0.609346,0.628418,0.000000,3.321069
-0.613998,0.604249,0.000000,3.321069
-0.613998,0.660645,0.000000,3.321069
-0.618649,0.644532,0.000000,3.321069
-0.609346,0.628418,0.000000,3.321069
-0.613998,0.636475,0.000000,3.321069
-0.613998,0.628418,0.000000,3.321069
-0.609346,0.636475,0.000000,3.321069
-0.604695,0.628418,0.000000,3.321069
-0.609346,0.628418,0.000000,3.321069
-0.613998,0.636475,0.000000,3.321069
-0.604695,0.628418,0.000000,3.321069
-0.613998,0.604249,0.000000,3.321069
-0.613998,0.620362,0.000000,3.321069
-0.604695,0.636475,0.000000,3.321069
-0.609346,0.644532,0.000000,3.321069
-0.609346,0.644532,0.000000,3.321069
-0.604695,0.636475,0.000000,3.321069
-0.618649,0.628418,0.000000,3.321069
-0.618649,0.628418,0.000000,3.321069
-0.604695,0.652588,0.000000,3.321069
-0.609346,0.612305,0.000000,3.321069
-0.613998,0.620362,0.000000,3.321069
-0.618649,0.604249,0.000000,3.321069
-0.613998,0.620362,0.000000,3.321069
-0.613998,0.628418,0.000000,3.321069
-0.613998,0.636475,0.000000,3.321069
-0.609346,0.628418,0.000000,3.321069
-0.618649,0.636475,0.000000,3.321069
-0.613998,0.612305,0.000000,3.321069
-0.609346,0.636475,0.000000,3.321069
-0.623301,0.612305,0.000000,3.321069
-0.618649,0.628418,0.000000,3.321069
-0.613998,0.628418,0.000000,3.321069
-0.609346,0.644532,0.000000,3.321069
-0.613998,0.636475,0.000000,3.321069
-0.618649,0.612305,0.000000,3.321069
-0.613998,0.612305,0.000000,3.321069
-0.609346,0.620362,0.000000,3.321069
-0.609346,0.628418,0.000000,3.321069
-0.609346,0.628418,0.000000,3.321069
-0.618649,0.604249,0.000000,3.321069
-0.609346,0.612305,0.000000,3.321069
-0.609346,0.612305,0.000000,3.321069
-0.604695,0.628418,0.000000,3.321069
-0.609346,0.644532,0.000000,3.321069
-0.609346,0.628418,0.000000,3.321069
-0.604695,0.612305,0.000000,3.321069
-0.609346,0.628418,0.000000,3.321069
-0.618649,0.644532,0.000000,3.321069
-0.609346,0.620362,0.000000,3.321069
-0.613998,0.620362,0.000000,3.321069
-0.609346,0.628418,0.000000,3.321069
-0.613998,0.628418,0.000000,3.321069
-0.604695,0.636475,0.000000,3.321069
-0.609346,0.628418,0.000000,3.321069
-0.609346,0.620362,0.000000,3.321069
-0.609346,0.628418,0.000000,3.321069
-0.618649,0.636475,0.000000,3.321069
-0.623301,0.612305,0.000000,3.321069
-0.613998,0.596192,0.000000,3.321069
-0.609346,0.612305,0.000000,3.321069
-0.623301,0.612305,0.000000,3.321069
-0.618649,0.628418,0.000000,3.321069
-0.604695,0.644532,0.000000,3.321069
-0.613998,0.628418,0.000000,3.321069
-0.613998,0.628418,0.000000,3.321069
-0.613998,0.636475,0.000000,3.321069
-0.618649,0.636475,0.000000,3.321069
-0.613998,0.612305,0.000000,3.321069
-0.613998,0.628418,0.000000,3.321069
-0.627952,0.612305,0.000000,3.321069
-0.609346,0.636475,0.000000,3.321069
-0.604695,0.612305,0.000000,3.321069
-0.604695,0.620362,0.000000,3.321069
-0.613998,0.628418,0.000000,3.321069
-0.609346,0.628418,0.000000,3.321069
-0.609346,0.628418,0.000000,3.321069
-0.613998,0.612305,0.000000,3.321069
-0.623301,0.612305,0.000000,3.321069
-0.627952,0.636475,0.000000,3.321069
-0.613998,0.620362,0.000000,3.321069
-0.604695,0.628418,0.000000,3.321069
-0.609346,0.636475,0.000000,3.321069
-0.604695,0.636475,0.000000,3.321069
-0.609346,0.604249,0.000000,3.321069
-0.604695,0.628418,0.000000,3.321069
-0.618649,0.636475,0.000000,3.321069
-0.609346,0.644532,0.000000,3.321069
-0.604695,0.628418,0.000000,3.321069
-0.609346,0.620362,0.000000,3.321069
-0.618649,0.612305,0.000000,3.321069
-0.609346,0.628418,0.000000,3.321069
-0.618649,0.628418,0.000000,3.321069
-0.613998,0.612305,0.000000,3.321069
-0.623301,0.628418,0.000000,3.321069
-0.609346,0.628418,0.000000,3.321069
-0.613998,0.644532,0.000000,3.321069
-0.609346,0.612305,0.000000,3.321069
-0.604695,0.612305,0.000000,3.321069
-0.613998,0.612305,0.000000,3.321069
-0.613998,0.596192,0.000000,3.321069
-0.623301,0.612305,0.000000,3.321069
-0.613998,0.612305,0.000000,3.321069
-0.600043,0.620362,0.000000,3.321069
-0.609346,0.644532,0.000000,3.321069
-0.609346,0.628418,0.000000,3.321069
-0.613998,0.604249,0.000000,3.321069
-0.627952,0.612305,0.000000,3.321069
-0.623301,0.620362,0.000000,3.321069
-0.604695,0.628418,0.000000,3.321069
-0.609346,0.612305,0.000000,3.321069
-0.613998,0.644532,0.000000,3.321069
-0.618649,0.636475,0.000000,3.321069
-0.618649,0.620362,0.000000,3.321069
-0.618649,0.644532,0.000000,3.321069
-0.609346,0.644532,0.000000,3.321069
-0.618649,0.644532,0.000000,3.321069
-0.618649,0.628418,0.000000,3.321069
-0.618649,0.620362,0.000000,3.321069
-0.613998,0.628418,0.000000,3.321069
-0.613998,0.652588,0.000000,3.321069
-0.613998,0.628418,0.000000,3.321069
-0.618649,0.628418,0.000000,3.321069
-0.618649,0.620362,0.000000,3.321069
-0.609346,0.612305,0.000000,3.321069
-0.618649,0.620362,0.000000,3.321069
-0.609346,0.612305,0.000000,3.321069
-0.604695,0.644532,0.000000,3.321069
-0.627952,0.596192,0.000000,3.321069
-0.613998,0.604249,0.000000,3.321069
-0.609346,0.636475,0.000000,3.321069
-0.609346,0.628418,0.000000,3.321069
-0.623301,0.636475,0.000000,3.321069
-0.604695,0.644532,0.000000,3.321069
-0.609346,0.604249,0.000000,3.321069
-0.618649,0.620362,0.000000,3.321069
-0.618649,0.612305,0.000000,3.321069
-0.613998,0.620362,0.000000,3.321069
-0.613998,0.628418,0.000000,3.321069
-0.609346,0.636475,0.000000,3.321069
-0.609346,0.636475,0.000000,3.321069
-0.604695,0.612305,0.000000,3.321069
-0.618649,0.620362,0.000000,3.321069
-0.604695,0.636475,0.000000,3.321069
-0.618649,0.612305,0.000000,3.321069
-0.623301,0.604249,0.000000,3.321069
-0.609346,0.620362,0.000000,3.321069
-0.604695,0.644532,0.000000,3.321069
-0.627952,0.628418,0.000000,3.321069
-0.632604,0.596192,0.000000,3.321069
-0.613998,0.628418,0.000000,3.321069
-0.600043,0.628418,0.000000,3.321069
-0.604695,0.620362,0.000000,3.321069
-0.613998,0.604249,0.000000,3.321069
-0.627952,0.604249,0.000000,3.321069
-0.604695,0.644532,0.000000,3.321069
-0.618649,0.628418,0.000000,3.321069
-0.609346,0.612305,0.000000,3.321069
-0.604695,0.628418,0.000000,3.321069
-0.604695,0.604248,0.000000,3.321069
-0.613998,0.636475,0.000000,3.321069
-0.613998,0.596192,0.000000,3.321069
-0.609346,0.636475,0.000000,3.321069
-0.613998,0.644532,0.000000,3.321069
-0.623301,0.604249,0.000000,3.321069
-0.613998,0.628418,0.000000,3.321069
-0.627952,0.612305,0.000000,3.321069
-0.604695,0.628418,0.000000,3.321069
-0.609346,0.628418,0.000000,3.321069
-0.618649,0.604249,0.000000,3.321069
-0.613998,0.612305,0.000000,3.321069
-0.604695,0.620362,0.000000,3.321069
-0.613998,0.628418,0.000000,3.321069
-0.609346,0.628418,0.000000,3.321069
-0.604695,0.620362,0.000000,3.321069
-0.618649,0.628418,0.000000,3.321069
-0.618649,0.620362,0.000000,3.321069
-0.618649,0.596192,0.000000,3.321069
-0.613998,0.604249,0.000000,3.321069
-0.618649,0.620362,0.000000,3.321069
-0.609346,0.636475,0.000000,3.321069
-0.613998,0.620362,0.000000,3.321069
-0.627952,0.604249,0.000000,3.321069
-0.627952,0.612305,0.000000,3.321069
-0.609346,0.644532,0.000000,3.321069
-0.618649,0.652588,0.000000,3.321069
-0.609346,0.620362,0.000000,3.321069
-0.627952,0.604249,0.000000,3.321069
-0.618649,0.636475,0.000000,3.321069
-0.613998,0.620362,0.000000,3.321069
-0.609346,0.652588,0.000000,3.321069
-0.609346,0.644532,0.000000,3.321069
-0.613998,0.628418,0.000000,3.321069
-0.613998,0.644532,0.000000,3.321069
-0.623301,0.612305,0.000000,3.321069
-0.609346,0.620362,0.000000,3.321069
-0.609346,0.636475,0.000000,3.321069
-0.627952,0.612305,0.000000,3.321069
-0.604695,0.636475,0.000000,3.321069
-0.623301,0.612305,0.000000,3.321069
-0.600043,0.628418,0.000000,3.321069
-0.613998,0.604249,0.000000,3.321069
-0.609346,0.628418,0.000000,3.321069
-0.613998,0.620362,0.000000,3.321069
-0.613998,0.628418,0.000000,3.321069
-0.609346,0.644532,0.000000,3.321069
-0.609346,0.644532,0.000000,3.321069
-0.609346,0.628418,0.000000,3.321069
-0.609346,0.620362,0.000000,3.321069
-0.623301,0.620362,0.000000,3.321069
-0.604695,0.628418,0.000000,3.321069
-0.609346,0.620362,0.000000,3.321069
-0.623301,0.612305,0.000000,3.321069
-0.609346,0.652588,0.000000,3.321069
-0.618649,0.620362,0.000000,3.321069
-0.613998,0.620362,0.000000,3.321069
-0.618649,0.644532,0.000000,3.321069
-0.618649,0.628418,0.000000,3.321069
-0.604695,0.620362,0.000000,3.321069
-0.613998,0.612305,0.000000,3.321069
-0.609346,0.628418,0.000000,3.321069
-0.613998,0.628418,0.000000,3.321069
-0.609346,0.628418,0.000000,3.321069
-0.609346,0.612305,0.000000,3.321069
-0.613998,0.612305,0.000000,3.321069
-0.613998,0.628418,0.000000,3.321069
-0.609346,0.660645,0.000000,3.321069
-0.609346,0.604249,0.000000,3.321069
-0.613998,0.628418,0.000000,3.321069
-0.609346,0.628418,0.000000,3.321069
-0.618649,0.612305,0.000000,3.321069
-0.604695,0.628418,0.000000,3.321069
-0.609346,0.628418,0.000000,3.321069
-0.623301,0.612305,0.000000,3.321069
-0.604695,0.612305,0.000000,3.321069
-0.604695,0.628418,0.000000,3.321069
-0.604695,0.628418,0.000000,3.321069
-0.609346,0.636475,0.000000,3.321069
-0.613998,0.604249,0.000000,3.321069
-0.618649,0.644532,0.000000,3.321069
-0.609346,0.620362,0.000000,3.321069
-0.604695,0.628418,0.000000,3.321069
-0.627952,0.596192,0.000000,3.321069
-0.609346,0.644532,0.000000,3.321069
-0.609346,0.620362,0.000000,3.321069
-0.613998,0.604249,0.000000,3.321069
-0.604695,0.636475,0.000000,3.321069
-0.609346,0.628418,0.000000,3.321069
-0.613998,0.652588,0.000000,3.321069
-0.613998,0.636475,0.000000,3.321069
-0.613998,0.628418,0.000000,3.321069
-0.609346,0.644532,0.000000,3.321069
-0.618649,0.628418,0.000000,3.321069
-0.613998,0.628418,0.000000,3.321069
-0.613998,0.636475,0.000000,3.321069
-0.609346,0.652588,0.000000,3.321069
-0.609346,0.636475,0.000000,3.321069
-0.618649,0.604249,0.000000,3.321069
-0.613998,0.604249,0.000000,3.321069
-0.613998,0.612305,0.000000,3.321069
-0.618649,0.604249,0.000000,3.321069
-0.618649,0.604249,0.000000,3.321069
-0.613998,0.644532,0.000000,3.321069
-0.613998,0.628418,0.000000,3.321069
-0.604695,0.628418,0.000000,3.321069
-0.613998,0.644532,0.000000,3.321069
-0.604695,0.628418,0.000000,3.321069
-0.618649,0.612305,0.000000,3.321069
-0.609346,0.612305,0.000000,3.321069
-0.623301,0.604249,0.000000,3.321069
-0.613998,0.604249,0.000000,3.321069
-0.609346,0.612305,0.000000,3.321069
-0.609346,0.620362,0.000000,3.321069
-0.609346,0.636475,0.000000,3.321069
-0.609346,0.628418,0.000000,3.321069
-0.618649,0.628418,0.000000,3.321069
-0.613998,0.628418,0.000000,3.321069
-0.618649,0.596192,0.000000,3.321069
-0.604695,0.612305,0.000000,3.321069
-0.609346,0.636475,0.000000,3.321069
-0.618649,0.612305,0.000000,3.321069
-0.618649,0.620362,0.000000,3.321069
-0.609346,0.604249,0.000000,3.321069
-0.627952,0.612305,0.000000,3.321069
-0.604695,0.628418,0.000000,3.321069
-0.609346,0.604249,0.000000,3.321069
-0.613998,0.620362,0.000000,3.321069
-0.600043,0.636475,0.000000,3.321069
-0.609346,0.636475,0.000000,3.321069
-0.623301,0.620362,0.000000,3.321069
-0.609346,0.620362,0.000000,3.321069
-0.618649,0.644532,0.000000,3.321069
-0.618649,0.620362,0.000000,3.321069
-0.618649,0.612305,0.000000,3.321069
-0.609346,0.644532,0.000000,3.321069
-0.609346,0.628418,0.000000,3.321069
-0.600043,0.636475,0.000000,3.321069
-0.613998,0.628418,0.000000,3.321069
-0.600043,0.644532,0.000000,3.321069
-0.609346,0.620362,0.000000,3.321069
-0.618649,0.604249,0.000000,3.321069
-0.609346,0.620362,0.000000,3.321069
-0.604695,0.612305,0.000000,3.321069
-0.613998,0.644532,0.000000,3.321069
-0.604695,0.636475,0.000000,3.321069
-0.618649,0.620362,0.000000,3.321069
-0.618649,0.612305,0.000000,3.321069
-0.609346,0.612305,0.000000,3.321069
-0.609346,0.644532,0.000000,3.321069
-0.613998,0.636475,0.000000,3.321069
-0.604695,0.620362,0.000000,3.321069
-0.618649,0.612305,0.000000,3.321069
-0.609346,0.620362,0.000000,3.321069
-0.623301,0.604249,0.000000,3.321069
-0.604695,0.628418,0.000000,3.321069
-0.613998,0.620362,0.000000,3.321069
-0.618649,0.620362,0.000000,3.321069
-0.613998,0.628418,0.000000,3.321069
-0.609346,0.628418,0.000000,3.321069
-0.613998,0.636475,0.000000,3.321069
-0.609346,0.636475,0.000000,3.321069
-0.604695,0.644532,0.000000,3.321069
-0.623301,0.604249,0.000000,3.321069
-0.618649,0.612305,0.000000,3.321069
-0.613998,0.612305,0.000000,3.321069
-0.618649,0.644532,0.000000,3.321069
-0.604695,0.628418,0.000000,3.321069
-0.613998,0.612305,0.000000,3.321069
-0.609346,0.644532,0.000000,3.321069
-0.623301,0.612305,0.000000,3.321069
-0.604695,0.636475,0.000000,3.321069
-0.609346,0.628418,0.000000,3.321069
-0.609346,0.636475,0.000000,3.321069
-0.609346,0.660645,0.000000,3.321069
-1.223344,1.861085,0.000000,3.350598
-1.190783,1.643555,0.000000,3.350598
-0.897739,1.224610,0.000000,3.350598
-0.786103,0.773438,0.000000,3.350598
-0.967511,1.329346,0.000000,3.350598
-0.744240,0.974854,0.000000,3.350598
-0.967512,1.127930,0.000000,3.350598
-0.893088,0.999024,0.000000,3.350598
-0.786103,0.999024,0.000000,3.350598
-0.786103,0.950684,0.000000,3.350598
-0.762846,0.974854,0.000000,3.350598
-0.776800,0.918458,0.000000,3.350598
-0.758194,0.950684,0.000000,3.350598
-0.786103,0.942627,0.000000,3.350598
-0.790755,0.966797,0.000000,3.350598
-0.762846,0.950684,0.000000,3.350598
-0.781452,0.950684,0.000000,3.350598
-0.734937,0.918458,0.000000,3.350598
-0.758194,0.934571,0.000000,3.350598
-0.781452,0.950684,0.000000,3.350598
-0.758194,0.942627,0.000000,3.350598
-0.748891,0.926514,0.000000,3.350598
-0.781452,0.942627,0.000000,3.350598
-0.744240,0.934571,0.000000,3.350598
-0.781452,0.942627,0.000000,3.350598
-0.762846,0.942627,0.000000,3.350598
-0.753543,0.942627,0.000000,3.350598
-0.767497,0.958741,0.000000,3.350598
-0.753543,0.918458,0.000000,3.350598
-0.748891,0.942627,0.000000,3.350598
-0.758194,0.950684,0.000000,3.350598
-0.730285,0.926514,0.000000,3.350598
-0.734937,0.926514,0.000000,3.350598
-0.758194,0.950684,0.000000,3.350598
-0.758194,0.934571,0.000000,3.350598
-0.786103,0.950684,0.000000,3.350598
-0.786103,0.958741,0.000000,3.350598
-0.748891,0.942627,0.000000,3.350598
-0.762846,0.942627,0.000000,3.350598
-0.748891,0.918458,0.000000,3.350598
-0.762846,0.950684,0.000000,3.350598
-0.753543,0.942627,0.000000,3.350598
-0.734937,0.934571,0.000000,3.350598
-0.734937,0.934571,0.000000,3.350598
-0.781452,0.950684,0.000000,3.350598
-0.762846,0.950684,0.000000,3.350598
-0.758194,0.942627,0.000000,3.350598
-0.734937,0.926514,0.000000,3.350598
-0.762846,0.942627,0.000000,3.350598
-0.781452,0.926514,0.000000,3.350598
-0.730285,0.926514,0.000000,3.350598
-0.758194,0.942627,0.000000,3.350598
-0.739588,0.942627,0.000000,3.350598
-0.767497,0.942627,0.000000,3.350598
-0.776800,0.942627,0.000000,3.350598
-0.753543,0.942627,0.000000,3.350598
-0.753543,0.934571,0.000000,3.350598
-0.734937,0.942627,0.000000,3.350598
-0.758194,0.934571,0.000000,3.350598
-0.758194,0.926514,0.000000,3.350598
-0.758194,0.942627,0.000000,3.350598
-0.753543,0.934571,0.000000,3.350598
-0.758194,0.950684,0.000000,3.350598
-0.758194,0.942627,0.000000,3.350598
-0.758194,0.942627,0.000000,3.350598
-0.753543,0.926514,0.000000,3.350598
-0.725634,0.926514,0.000000,3.350598
-0.739588,0.958741,0.000000,3.350598
-0.734937,0.926514,0.000000,3.350598
-0.730285,0.918458,0.000000,3.350598
-0.730285,0.934571,0.000000,3.350598
-0.739588,0.926514,0.000000,3.350598
-0.767497,0.958741,0.000000,3.350598
-0.748891,0.926514,0.000000,3.350598
-0.753543,0.926514,0.000000,3.350598
-0.781452,0.934571,0.000000,3.350598
-0.748891,0.950684,0.000000,3.350598
-0.758194,0.942627,0.000000,3.350598
-0.739588,0.934571,0.000000,3.350598
-0.776800,0.950684,0.000000,3.350598
-0.725634,0.918458,0.000000,3.350598
-0.762846,0.950684,0.000000,3.350598
-0.753543,0.926514,0.000000,3.350598
-0.767497,0.942627,0.000000,3.350598
-0.739588,0.934571,0.000000,3.350598
-0.734937,0.934571,0.000000,3.350598
-0.758194,0.934571,0.000000,3.350598
-0.753543,0.934571,0.000000,3.350598
-0.730285,0.934571,0.000000,3.350598
-0.734937,0.934571,0.000000,3.350598
-0.781452,0.942627,0.000000,3.350598
-0.776800,0.934571,0.000000,3.350598
-0.767497,0.942627,0.000000,3.350598
-0.748891,0.926514,0.000000,3.350598
-0.786103,0.942627,0.000000,3.350598
-0.739588,0.934571,0.000000,3.350598
-0.758194,0.950684,0.000000,3.350598
-0.758194,0.934571,0.000000,3.350598
-0.767497,0.934571,0.000000,3.350598
-0.772149,0.934571,0.000000,3.350598
-0.725634,0.942627,0.000000,3.350598
-0.730285,0.918458,0.000000,3.350598
-0.748891,0.926514,0.000000,3.350598
-0.734937,0.942627,0.000000,3.350598
-0.781452,0.950684,0.000000,3.350598
-0.739588,0.934571,0.000000,3.350598
-0.762846,0.942627,0.000000,3.350598
-0.725634,0.910401,0.000000,3.350598
-0.762846,0.950684,0.000000,3.350598
-0.762846,0.942627,0.000000,3.350598
-0.762846,0.950684,0.000000,3.350598
-0.734937,0.934571,0.000000,3.350598
-0.730285,0.926514,0.000000,3.350598
-0.786103,0.942627,0.000000,3.350598
-0.758194,0.926514,0.000000,3.350598
-0.776800,0.950684,0.000000,3.350598
-0.730285,0.934571,0.000000,3.350598
-0.753543,0.934571,0.000000,3.350598
-0.739588,0.950684,0.000000,3.350598
-0.753543,0.942627,0.000000,3.350598
-0.786103,0.958741,0.000000,3.350598
-0.758194,0.934571,0.000000,3.350598
-0.734937,0.942627,0.000000,3.350598
-0.762846,0.950684,0.000000,3.350598
-0.762846,0.950684,0.000000,3.350598
-0.762846,0.934571,0.000000,3.350598
-0.753543,0.942627,0.000000,3.350598
-0.758194,0.942627,0.000000,3.350598
-0.753543,0.934571,0.000000,3.350598
-0.734937,0.934571,0.000000,3.350598
-0.781452,0.934571,0.000000,3.350598
-0.767497,0.966797,0.000000,3.350598
-0.711679,0.934571,0.000000,3.350598
-0.739588,0.918458,0.000000,3.350598
-0.748891,0.934571,0.000000,3.350598
-0.730285,0.926514,0.000000,3.350598
-0.762846,0.942627,0.000000,3.350598
-0.739588,0.942627,0.000000,3.350598
-0.790755,0.942627,0.000000,3.350598
-0.734937,0.942627,0.000000,3.350598
-0.734937,0.934571,0.000000,3.350598
-0.758194,0.958741,0.000000,3.350598
-0.734937,0.926514,0.000000,3.350598
-0.739588,0.934571,0.000000,3.350598
-0.730285,0.926514,0.000000,3.350598
-0.781452,0.950684,0.000000,3.350598
-0.762846,0.958741,0.000000,3.350598
-0.725634,0.918458,0.000000,3.350598
-0.753543,0.934571,0.000000,3.350598
-0.758194,0.950684,0.000000,3.350598
-0.776800,0.950684,0.000000,3.350598
-0.734937,0.958741,0.000000,3.350598
-0.762846,0.950684,0.000000,3.350598
-0.753543,0.942627,0.000000,3.350598
-0.753543,0.934571,0.000000,3.350598
-0.781452,0.934571,0.000000,3.350598
-0.767497,0.934571,0.000000,3.350598
-0.753543,0.926514,0.000000,3.350598
-0.753543,0.934571,0.000000,3.350598
-0.748891,0.958741,0.000000,3.350598
-0.762846,0.942627,0.000000,3.350598
-0.786103,0.950684,0.000000,3.350598
-0.734937,0.934571,0.000000,3.350598
-0.734937,0.942627,0.000000,3.350598
-0.758194,0.934571,0.000000,3.350598
-0.753543,0.950684,0.000000,3.350598
-0.730285,0.934571,0.000000,3.350598
-0.786103,0.942627,0.000000,3.350598
-0.762846,0.942627,0.000000,3.350598
-0.707028,0.918458,0.000000,3.350598
-0.762846,0.950684,0.000000,3.350598
-0.734937,0.926514,0.000000,3.350598
-0.730285,0.926514,0.000000,3.350598
-0.762846,0.950684,0.000000,3.350598
-0.739588,0.942627,0.000000,3.350598
-0.753543,0.934571,0.000000,3.350598
-0.762846,0.950684,0.000000,3.350598
-0.753543,0.950684,0.000000,3.350598
-0.753543,0.926514,0.000000,3.350598
-0.730285,0.934571,0.000000,3.350598
-0.734937,0.950684,0.000000,3.350598
-0.781452,0.950684,0.000000,3.350598
-0.781452,0.966797,0.000000,3.350598
-0.762846,0.958741,0.000000,3.350598
-0.753543,0.934571,0.000000,3.350598
-0.753543,0.934571,0.000000,3.350598
-0.758194,0.950684,0.000000,3.350598
-0.739588,0.934571,0.000000,3.350598
-0.786103,0.950684,0.000000,3.350598
-0.758194,0.950684,0.000000,3.350598
-0.758194,0.934571,0.000000,3.350598
-0.753543,0.926514,0.000000,3.350598
-0.730285,0.926514,0.000000,3.350598
-0.762846,0.950684,0.000000,3.350598
-0.753543,0.942627,0.000000,3.350598
-0.753543,0.926514,0.000000,3.350598
-0.734937,0.934571,0.000000,3.350598
-0.744240,0.950684,0.000000,3.350598
-0.748891,0.942627,0.000000,3.350598
-0.762846,0.950684,0.000000,3.350598
-0.762846,0.934571,0.000000,3.350598
-0.734937,0.942627,0.000000,3.350598
-0.772149,0.934571,0.000000,3.350598
-0.753543,0.934571,0.000000,3.350598
-0.744240,0.926514,0.000000,3.350598
-0.753543,0.934571,0.000000,3.350598
-0.730285,0.926514,0.000000,3.350598
-0.744240,0.926514,0.000000,3.350598
-0.758194,0.950684,0.000000,3.350598
-0.730285,0.934571,0.000000,3.350598
-0.753543,0.942627,0.000000,3.350598
-0.753543,0.942627,0.000000,3.350598
-0.781452,0.950684,0.000000,3.350598
-0.786103,0.950684,0.000000,3.350598
-0.734937,0.950684,0.000000,3.350598
-0.781452,0.950684,0.000000,3.350598
-0.725634,0.918458,0.000000,3.350598
-0.730285,0.918458,0.000000,3.350598
-0.762846,0.950684,0.000000,3.350598
-0.730285,0.926514,0.000000,3.350598
-0.758194,0.942627,0.000000,3.350598
-0.753543,0.926514,0.000000,3.350598
-0.758194,0.934571,0.000000,3.350598
-0.739588,0.926514,0.000000,3.350598
-0.730285,0.934571,0.000000,3.350598
-0.753543,0.934571,0.000000,3.350598
-0.781452,0.950684,0.000000,3.350598
-0.730285,0.934571,0.000000,3.350598
-0.739588,0.950684,0.000000,3.350598
-0.762846,0.950684,0.000000,3.350598
-0.758194,0.950684,0.000000,3.350598
-0.758194,0.950684,0.000000,3.350598
-0.772149,0.934571,0.000000,3.350598
-0.725634,0.918458,0.000000,3.350598
-0.725634,0.918458,0.000000,3.350598
-0.762846,0.942627,0.000000,3.350598
-0.730285,0.950684,0.000000,3.350598
-0.781452,0.934571,0.000000,3.350598
-0.725634,0.934571,0.000000,3.350598
-0.758194,0.942627,0.000000,3.350598
-0.753543,0.918458,0.000000,3.350598
-0.730285,0.934571,0.000000,3.350598
-0.739588,0.942627,0.000000,3.350598
-0.730285,0.942627,0.000000,3.350598
-0.762846,0.934571,0.000000,3.350598
-0.781452,0.926514,0.000000,3.350598
-0.758194,0.942627,0.000000,3.350598
-0.758194,0.926514,0.000000,3.350598
-0.786103,0.966797,0.000000,3.350598
-0.725634,0.934571,0.000000,3.350598
-0.730285,0.926514,0.000000,3.350598
-0.762846,0.950684,0.000000,3.350598
-0.753543,0.934571,0.000000,3.350598
-0.758194,0.926514,0.000000,3.350598
-0.734937,0.934571,0.000000,3.350598
-0.767497,0.942627,0.000000,3.350598
-0.772149,0.950684,0.000000,3.350598
-0.753543,0.942627,0.000000,3.350598
-0.776800,0.942627,0.000000,3.350598
-0.734937,0.934571,0.000000,3.350598
-0.758194,0.934571,0.000000,3.350598
-0.776800,0.950684,0.000000,3.350598
-0.748891,0.934571,0.000000,3.350598
-0.734937,0.942627,0.000000,3.350598
-0.730285,0.910401,0.000000,3.350598
-0.748891,0.918458,0.000000,3.350598
-0.739588,0.926514,0.000000,3.350598
-0.758194,0.942627,0.000000,3.350598
-0.758194,0.942627,0.000000,3.350598
-0.748891,0.934571,0.000000,3.350598
-0.730285,0.926514,0.000000,3.350598
-0.781452,0.942627,0.000000,3.350598
-0.758194,0.942627,0.000000,3.350598
-0.730285,0.918458,0.000000,3.350598
-0.753543,0.934571,0.000000,3.350598
-0.776800,0.934571,0.000000,3.350598
-0.758194,0.926514,0.000000,3.350598
-0.734937,0.934571,0.000000,3.350598
-0.734937,0.950684,0.000000,3.350598
-0.772149,0.934571,0.000000,3.350598
-0.781452,0.942627,0.000000,3.350598
-0.734937,0.942627,0.000000,3.350598
-0.753543,0.934571,0.000000,3.350598
-0.753543,0.934571,0.000000,3.350598
-0.762846,0.942627,0.000000,3.350598
-0.776800,0.950684,0.000000,3.350598
-0.762846,0.958741,0.000000,3.350598
-0.711679,0.934571,0.000000,3.350598
-0.748891,0.942627,0.000000,3.350598
-0.734937,0.942627,0.000000,3.350598
-0.758194,0.934571,0.000000,3.350598
-0.758194,0.950684,0.000000,3.350598
-0.786103,0.958741,0.000000,3.350598
-0.753543,0.950684,0.000000,3.350598
-0.758194,0.934571,0.000000,3.350598
-0.753543,0.934571,0.000000,3.350598
-0.753543,0.934571,0.000000,3.350598
-0.758194,0.950684,0.000000,3.350598
-0.772149,0.950684,0.000000,3.350598
-0.762846,0.950684,0.000000,3.350598
-0.744240,0.942627,0.000000,3.350598
-0.753543,0.926514,0.000000,3.350598
-0.725634,0.926514,0.000000,3.350598
-0.762846,0.950684,0.000000,3.350598
-0.758194,0.950684,0.000000,3.350598
-0.758194,0.926514,0.000000,3.350598
-0.734937,0.934571,0.000000,3.350598
-0.776800,0.942627,0.000000,3.350598
-0.753543,0.942627,0.000000,3.350598
-0.734937,0.942627,0.000000,3.350598
-0.730285,0.942627,0.000000,3.350598
-0.786103,0.950684,0.000000,3.350598
-0.730285,0.942627,0.000000,3.350598
-0.734937,0.934571,0.000000,3.350598
-0.725634,0.926514,0.000000,3.350598
-0.772149,0.950684,0.000000,3.350598
-0.753543,0.934571,0.000000,3.350598
-0.776800,0.958741,0.000000,3.350598
-0.734937,0.950684,0.000000,3.350598
-0.776800,0.942627,0.000000,3.350598
-0.753543,0.950684,0.000000,3.350598
-0.786103,0.942627,0.000000,3.350598
-0.720982,0.918458,0.000000,3.350598
-0.758194,0.950684,0.000000,3.350598
-0.725634,0.918458,0.000000,3.350598
-0.734937,0.950684,0.000000,3.350598
-0.762846,0.942627,0.000000,3.350598
-0.730285,0.934571,0.000000,3.350598
-0.781452,0.926514,0.000000,3.350598
-0.772149,0.934571,0.000000,3.350598
-0.734937,0.918458,0.000000,3.350598
-0.758194,0.950684,0.000000,3.350598
-0.776800,0.950684,0.000000,3.350598
-0.748891,0.934571,0.000000,3.350598
-0.781452,0.950684,0.000000,3.350598
-0.748891,0.934571,0.000000,3.350598
-0.762846,0.958741,0.000000,3.350598
-0.753543,0.942627,0.000000,3.350598
-0.762846,0.950684,0.000000,3.350598
-0.734937,0.926514,0.000000,3.350598
-0.725634,0.918458,0.000000,3.350598
-0.734937,0.918458,0.000000,3.350598
-0.772149,0.942627,0.000000,3.350598
-0.702376,0.918458,0.000000,3.350598
-0.730285,0.918458,0.000000,3.350598
-0.734937,0.934571,0.000000,3.350598
-0.762846,0.950684,0.000000,3.350598
-0.753543,0.950684,0.000000,3.350598
-0.734937,0.910401,0.000000,3.350598
-0.725634,0.918458,0.000000,3.350598
-0.730285,0.926514,0.000000,3.350598
-0.753543,0.926514,0.000000,3.350598
-0.753543,0.934571,0.000000,3.350598
-0.753543,0.926514,0.000000,3.350598
-0.744240,0.934571,0.000000,3.350598
-0.758194,0.950684,0.000000,3.350598
-0.748891,0.934571,0.000000,3.350598
-0.753543,0.934571,0.000000,3.350598
-0.762846,0.950684,0.000000,3.350598
-0.753543,0.942627,0.000000,3.350598
-0.781452,0.950684,0.000000,3.350598
-0.776800,0.942627,0.000000,3.350598
-0.702376,0.918458,0.000000,3.350598
-0.748891,0.918458,0.000000,3.350598
-0.781452,0.958741,0.000000,3.350598
-0.734937,0.934571,0.000000,3.350598
-0.734937,0.926514,0.000000,3.350598
-0.739588,0.926514,0.000000,3.350598
-0.772149,0.950684,0.000000,3.350598
-0.720982,0.918458,0.000000,3.350598
-0.748891,0.950684,0.000000,3.350598
-0.725634,0.918458,0.000000,3.350598
-0.758194,0.926514,0.000000,3.350598
-0.753543,0.934571,0.000000,3.350598
-0.758194,0.950684,0.000000,3.350598
-0.730285,0.934571,0.000000,3.350598
-0.753543,0.950684,0.000000,3.350598
-0.786103,0.958741,0.000000,3.350598
-0.730285,0.934571,0.000000,3.350598
-0.739588,0.934571,0.000000,3.350598
-0.711679,0.926514,0.000000,3.350598
-0.748891,0.934571,0.000000,3.350598
-0.753543,0.934571,0.000000,3.350598
-0.730285,0.934571,0.000000,3.350598
-0.753543,0.934571,0.000000,3.350598
-0.739588,0.958741,0.000000,3.350598
-0.753543,0.934571,0.000000,3.350598
-0.762846,0.950684,0.000000,3.350598
-0.748891,0.926514,0.000000,3.350598
-0.730285,0.942627,0.000000,3.350598
-0.758194,0.942627,0.000000,3.350598
-0.730285,0.918458,0.000000,3.350598
-0.762846,0.942627,0.000000,3.350598
-0.734937,0.942627,0.000000,3.350598
-0.730285,0.926514,0.000000,3.350598
-0.786103,0.958741,0.000000,3.350598
-0.767497,0.958741,0.000000,3.350598
-0.720982,0.918458,0.000000,3.350598
-0.734937,0.934571,0.000000,3.350598
-0.776800,0.934571,0.000000,3.350598
-0.753543,0.934571,0.000000,3.350598
-0.744240,0.918458,0.000000,3.350598
-0.781452,0.942627,0.000000,3.350598
-0.734937,0.926514,0.000000,3.350598
-0.739588,0.950684,0.000000,3.350598
-0.758194,0.942627,0.000000,3.350598
-0.781452,0.958741,0.000000,3.350598
-0.758194,0.942627,0.000000,3.350598
-0.753543,0.910401,0.000000,3.350598
-0.748891,0.926514,0.000000,3.350598
-0.734937,0.918458,0.000000,3.350598
-0.781452,0.942627,0.000000,3.350598
-0.753543,0.950684,0.000000,3.350598
-0.748891,0.926514,0.000000,3.350598
-0.762846,0.934571,0.000000,3.350598
-0.711679,0.918458,0.000000,3.350598
-0.734937,0.942627,0.000000,3.350598
-0.739588,0.942627,0.000000,3.350598
-0.758194,0.950684,0.000000,3.350598
-0.730285,0.934571,0.000000,3.350598
-0.758194,0.934571,0.000000,3.350598
-0.781452,0.934571,0.000000,3.350598
-0.772149,0.950684,0.000000,3.350598
-0.734937,0.918458,0.000000,3.350598
-0.790755,0.950684,0.000000,3.350598
-0.730285,0.934571,0.000000,3.350598
-0.748891,0.934571,0.000000,3.350598
-0.753543,0.950684,0.000000,3.350598
-0.758194,0.950684,0.000000,3.350598
-0.734937,0.926514,0.000000,3.350598
-0.753543,0.950684,0.000000,3.350598
-0.734937,0.950684,0.000000,3.350598
-0.767497,0.966797,0.000000,3.350598
-0.758194,0.950684,0.000000,3.350598
-0.753543,0.934571,0.000000,3.350598
-0.748891,0.934571,0.000000,3.350598
-0.753543,0.942627,0.000000,3.350598
-0.758194,0.942627,0.000000,3.350598
-0.707028,0.918458,0.000000,3.350598
-0.730285,0.926514,0.000000,3.350598
-0.753543,0.926514,0.000000,3.350598
-0.725634,0.926514,0.000000,3.350598
-0.739588,0.950684,0.000000,3.350598
-0.734937,0.942627,0.000000,3.350598
-0.748891,0.926514,0.000000,3.350598
-0.730285,0.926514,0.000000,3.350598
-0.730285,0.934571,0.000000,3.350598
-0.758194,0.950684,0.000000,3.350598
-0.762846,0.950684,0.000000,3.350598
-0.781452,0.958741,0.000000,3.350598
-0.748891,0.926514,0.000000,3.350598
-0.758194,0.926514,0.000000,3.350598
-0.753543,0.934571,0.000000,3.350598
-0.758194,0.950684,0.000000,3.350598
-0.762846,0.950684,0.000000,3.350598
-0.730285,0.926514,0.000000,3.350598
-0.725634,0.926514,0.000000,3.350598
-0.776800,0.950684,0.000000,3.350598
-0.753543,0.942627,0.000000,3.350598
-0.753543,0.942627,0.000000,3.350598
-0.758194,0.950684,0.000000,3.350598
-0.725634,0.918458,0.000000,3.350598
-0.781452,0.934571,0.000000,3.350598
-0.758194,0.934571,0.000000,3.350598
-0.702376,0.918458,0.000000,3.350598
-0.725634,0.926514,0.000000,3.350598
-0.753543,0.926514,0.000000,3.350598
-0.748891,0.934571,0.000000,3.350598
-0.753543,0.942627,0.000000,3.350598
-0.707028,0.934571,0.000000,3.350598
-0.725634,0.918458,0.000000,3.350598
-0.762846,0.950684,0.000000,3.350598
-0.758194,0.934571,0.000000,3.350598
-0.753543,0.942627,0.000000,3.350598
-0.758194,0.942627,0.000000,3.350598
-0.748891,0.926514,0.000000,3.350598
-0.781452,0.950684,0.000000,3.350598
-0.730285,0.918458,0.000000,3.350598
-0.725634,0.918458,0.000000,3.350598
-0.753543,0.934571,0.000000,3.350598
-0.758194,0.926514,0.000000,3.350598
-0.730285,0.934571,0.000000,3.350598
-0.748891,0.918458,0.000000,3.350598
-0.758194,0.942627,0.000000,3.350598
-0.753543,0.918458,0.000000,3.350598
-0.725634,0.934571,0.000000,3.350598
-0.730285,0.926514,0.000000,3.350598
-0.730285,0.918458,0.000000,3.350598
-0.730285,0.934571,0.000000,3.350598
-0.781452,0.950684,0.000000,3.350598
-0.730285,0.934571,0.000000,3.350598
-0.767497,0.942627,0.000000,3.350598
-0.762846,0.942627,0.000000,3.350598
-0.725634,0.934571,0.000000,3.350598
-0.758194,0.950684,0.000000,3.350598
-0.758194,0.942627,0.000000,3.350598
-0.734937,0.934571,0.000000,3.350598
-0.776800,0.942627,0.000000,3.350598
-0.744240,0.958741,0.000000,3.350598
-0.739588,0.934571,0.000000,3.350598
-0.730285,0.950684,0.000000,3.350598
-0.744240,0.934571,0.000000,3.350598
-0.781452,0.942627,0.000000,3.350598
-0.734937,0.942627,0.000000,3.350598
-0.758194,0.934571,0.000000,3.350598
-0.748891,0.934571,0.000000,3.350598
-0.725634,0.918458,0.000000,3.350598
-0.753543,0.926514,0.000000,3.350598
-0.781452,0.950684,0.000000,3.350598
-0.734937,0.942627,0.000000,3.350598
-0.767497,0.950684,0.000000,3.350598
-0.734937,0.934571,0.000000,3.350598
-0.702376,0.918458,0.000000,3.350598
-0.734937,0.942627,0.000000,3.350598
-0.753543,0.942627,0.000000,3.350598
-0.748891,0.918458,0.000000,3.350598
-0.739588,0.934571,0.000000,3.350598
-0.725634,0.934571,0.000000,3.350598
-0.730285,0.934571,0.000000,3.350598
-0.753543,0.934571,0.000000,3.350598
-0.739588,0.942627,0.000000,3.350598
-0.725634,0.926514,0.000000,3.350598
-0.753543,0.926514,0.000000,3.350598
-0.753543,0.934571,0.000000,3.350598
-0.753543,0.942627,0.000000,3.350598
-0.730285,0.926514,0.000000,3.350598
-0.753543,0.950684,0.000000,3.350598
-0.758194,0.934571,0.000000,3.350598
-0.734937,0.934571,0.000000,3.350598
-0.748891,0.934571,0.000000,3.350598
-0.753543,0.918458,0.000000,3.350598
-0.753543,0.926514,0.000000,3.350598
-0.753543,0.934571,0.000000,3.350598
-0.748891,0.926514,0.000000,3.350598
-0.730285,0.934571,0.000000,3.350598
-0.739588,0.934571,0.000000,3.350598
-0.762846,0.942627,0.000000,3.350598
-0.725634,0.926514,0.000000,3.350598
-0.762846,0.950684,0.000000,3.350598
-0.734937,0.942627,0.000000,3.350598
-0.758194,0.942627,0.000000,3.350598
-0.781452,0.934571,0.000000,3.350598
-0.730285,0.918458,0.000000,3.350598
-0.730285,0.934571,0.000000,3.350598
-0.753543,0.934571,0.000000,3.350598
-0.753543,0.934571,0.000000,3.350598
-0.753543,0.942627,0.000000,3.350598
-0.758194,0.958741,0.000000,3.350598
-0.734937,0.942627,0.000000,3.350598
-0.739588,0.958741,0.000000,3.350598
-0.753543,0.934571,0.000000,3.350598
-0.762846,0.950684,0.000000,3.350598
-0.758194,0.934571,0.000000,3.350598
-0.753543,0.942627,0.000000,3.350598
-0.753543,0.934571,0.000000,3.350598
-0.730285,0.926514,0.000000,3.350598
-0.753543,0.926514,0.000000,3.350598
-0.776800,0.942627,0.000000,3.350598
-0.753543,0.934571,0.000000,3.350598
-0.753543,0.934571,0.000000,3.350598
-0.753543,0.934571,0.000000,3.350598
-0.730285,0.934571,0.000000,3.350598
-0.758194,0.934571,0.000000,3.350598
-0.730285,0.934571,0.000000,3.350598
-0.725634,0.918458,0.000000,3.350598
-0.753543,0.926514,0.000000,3.350598
-0.739588,0.942627,0.000000,3.350598
-0.730285,0.926514,0.000000,3.350598
-0.725634,0.926514,0.000000,3.350598
-0.753543,0.942627,0.000000,3.350598
-0.730285,0.918458,0.000000,3.350598
-0.725634,0.934571,0.000000,3.350598
-0.753543,0.934571,0.000000,3.350598
-0.739588,0.934571,0.000000,3.350598
-0.758194,0.942627,0.000000,3.350598
-0.739588,0.950684,0.000000,3.350598
-0.762846,0.934571,0.000000,3.350598
-0.753543,0.934571,0.000000,3.350598
-0.730285,0.918458,0.000000,3.350598
-0.762846,0.950684,0.000000,3.350598
-0.781452,0.934571,0.000000,3.350598
-0.748891,0.918458,0.000000,3.350598
-0.776800,0.950684,0.000000,3.350598
-0.739588,0.950684,0.000000,3.350598
-0.725634,0.926514,0.000000,3.350598
-0.781452,0.942627,0.000000,3.350598
-0.762846,0.950684,0.000000,3.350598
-0.758194,0.950684,0.000000,3.350598
-0.739588,0.950684,0.000000,3.350598
-0.753543,0.934571,0.000000,3.350598
-0.748891,0.926514,0.000000,3.350598
-0.748891,0.934571,0.000000,3.350598
-0.730285,0.942627,0.000000,3.350598
-0.730285,0.918458,0.000000,3.350598
-0.762846,0.958741,0.000000,3.350598
-0.734937,0.942627,0.000000,3.350598
-0.772149,0.942627,0.000000,3.350598
-0.744240,0.926514,0.000000,3.350598
-0.748891,0.934571,0.000000,3.350598
-0.776800,0.918458,0.000000,3.350598
-0.781452,0.942627,0.000000,3.350598
-0.748891,0.926514,0.000000,3.350598
-0.748891,0.934571,0.000000,3.350598
-0.734937,0.942627,0.000000,3.350598
-0.753543,0.942627,0.000000,3.350598
-0.776800,0.942627,0.000000,3.350598
-0.734937,0.926514,0.000000,3.350598
-0.730285,0.934571,0.000000,3.350598
-0.772149,0.934571,0.000000,3.350598
-0.734937,0.950684,0.000000,3.350598
-0.786103,0.942627,0.000000,3.350598
-0.753543,0.934571,0.000000,3.350598
-0.730285,0.934571,0.000000,3.350598
-0.730285,0.926514,0.000000,3.350598
-0.762846,0.958741,0.000000,3.350598
-0.762846,0.942627,0.000000,3.350598
-0.739588,0.934571,0.000000,3.350598
-0.767497,0.950684,0.000000,3.350598
-0.753543,0.942627,0.000000,3.350598
-0.734937,0.926514,0.000000,3.350598
-0.758194,0.942627,0.000000,3.350598
-0.772149,0.934571,0.000000,3.350598
-0.753543,0.934571,0.000000,3.350598
-0.753543,0.934571,0.000000,3.350598
-0.753543,0.926514,0.000000,3.350598
-0.776800,0.934571,0.000000,3.350598
-0.772149,0.934571,0.000000,3.350598
-0.762846,0.950684,0.000000,3.350598
-0.725634,0.934571,0.000000,3.350598
-0.776800,0.950684,0.000000,3.350598
-0.739588,0.942627,0.000000,3.350598
-0.725634,0.918458,0.000000,3.350598
-0.730285,0.934571,0.000000,3.350598
-0.748891,0.934571,0.000000,3.350598
-0.758194,0.942627,0.000000,3.350598
-0.734937,0.926514,0.000000,3.350598
-0.762846,0.950684,0.000000,3.350598
-0.725634,0.926514,0.000000,3.350598
-0.753543,0.934571,0.000000,3.350598
-0.739588,0.950684,0.000000,3.350598
-0.781452,0.942627,0.000000,3.350598
-0.767497,0.950684,0.000000,3.350598
-0.734937,0.942627,0.000000,3.350598
-0.753543,0.942627,0.000000,3.350598
-0.753543,0.934571,0.000000,3.350598
-0.772149,0.934571,0.000000,3.350598
-0.725634,0.918458,0.000000,3.350598
-0.758194,0.934571,0.000000,3.350598
-0.707028,0.918458,0.000000,3.350598
-0.748891,0.926514,0.000000,3.350598
-0.730285,0.918458,0.000000,3.350598
-0.730285,0.934571,0.000000,3.350598
-0.748891,0.918458,0.000000,3.350598
-0.762846,0.950684,0.000000,3.350598
-0.734937,0.942627,0.000000,3.350598
-0.758194,0.950684,0.000000,3.350598
-0.809361,0.950684,0.000000,3.350598
-0.776800,0.942627,0.000000,3.350598
-0.734937,0.942627,0.000000,3.350598
-0.758194,0.926514,0.000000,3.350598
-0.739588,0.950684,0.000000,3.350598
-0.725634,0.926514,0.000000,3.350598
-0.786103,0.950684,0.000000,3.350598
-0.772149,0.934571,0.000000,3.350598
-0.725634,0.918458,0.000000,3.350598
-0.753543,0.926514,0.000000,3.350598
-0.730285,0.926514,0.000000,3.350598
-0.753543,0.934571,0.000000,3.350598
-0.744240,0.926514,0.000000,3.350598
-0.753543,0.926514,0.000000,3.350598
-0.753543,0.942627,0.000000,3.350598
-0.781452,0.950684,0.000000,3.350598
-0.758194,0.942627,0.000000,3.350598
-0.730285,0.934571,0.000000,3.350598
-0.730285,0.934571,0.000000,3.350598
-0.753543,0.926514,0.000000,3.350598
-0.762846,0.942627,0.000000,3.350598
-0.753543,0.926514,0.000000,3.350598
-0.744240,0.918458,0.000000,3.350598
-0.762846,0.958741,0.000000,3.350598
-0.748891,0.926514,0.000000,3.350598
-0.725634,0.918458,0.000000,3.350598
-0.730285,0.918458,0.000000,3.350598
-0.725634,0.934571,0.000000,3.350598
-0.776800,0.942627,0.000000,3.350598
-0.725634,0.926514,0.000000,3.350598
-0.781452,0.942627,0.000000,3.350598
-0.734937,0.918458,0.000000,3.350598
-0.758194,0.934571,0.000000,3.350598
-0.734937,0.942627,0.000000,3.350598
-0.748891,0.942627,0.000000,3.350598
-0.748891,0.934571,0.000000,3.350598
-0.748891,0.934571,0.000000,3.350598
-0.781452,0.942627,0.000000,3.350598
-0.734937,0.926514,0.000000,3.350598
-0.781452,0.966797,0.000000,3.350598
-0.725634,0.918458,0.000000,3.350598
-0.758194,0.950684,0.000000,3.350598
-0.739588,0.950684,0.000000,3.350598
-0.725634,0.918458,0.000000,3.350598
-0.762846,0.942627,0.000000,3.350598
-0.758194,0.950684,0.000000,3.350598
-0.734937,0.942627,0.000000,3.350598
-0.730285,0.934571,0.000000,3.350598
-0.753543,0.918458,0.000000,3.350598
-0.776800,0.934571,0.000000,3.350598
-0.786103,0.958741,0.000000,3.350598
-0.762846,0.950684,0.000000,3.350598
-0.753543,0.926514,0.000000,3.350598
-0.753543,0.934571,0.000000,3.350598
-0.758194,0.942627,0.000000,3.350598
-0.748891,0.934571,0.000000,3.350598
-0.753543,0.918458,0.000000,3.350598
-0.753543,0.950684,0.000000,3.350598
-0.734937,0.926514,0.000000,3.350598
-0.725634,0.918458,0.000000,3.350598
-0.725634,0.934571,0.000000,3.350598
-0.753543,0.934571,0.000000,3.350598
-0.734937,0.934571,0.000000,3.350598
-0.725634,0.926514,0.000000,3.350598
-0.790755,0.966797,0.000000,3.350598
-0.758194,0.950684,0.000000,3.350598
-0.744240,0.918458,0.000000,3.350598
-0.753543,0.942627,0.000000,3.350598
-0.739588,0.934571,0.000000,3.350598
-0.730285,0.926514,0.000000,3.350598
-0.739588,0.942627,0.000000,3.350598
-0.781452,0.942627,0.000000,3.350598
-0.730285,0.942627,0.000000,3.350598
-0.753543,0.942627,0.000000,3.350598
-0.753543,0.942627,0.000000,3.350598
-0.730285,0.942627,0.000000,3.350598
-0.748891,0.934571,0.000000,3.350598
-0.730285,0.934571,0.000000,3.350598
-0.744240,0.918458,0.000000,3.350598
-0.725634,0.926514,0.000000,3.350598
-0.730285,0.926514,0.000000,3.350598
-0.734937,0.934571,0.000000,3.350598
-0.734937,0.942627,0.000000,3.350598
-0.725634,0.926514,0.000000,3.350598
-0.734937,0.934571,0.000000,3.350598
-0.734937,0.934571,0.000000,3.350598
-0.753543,0.942627,0.000000,3.350598
-0.758194,0.934571,0.000000,3.350598
-0.716331,0.910401,0.000000,3.350598
-0.748891,0.934571,0.000000,3.350598
-0.734937,0.934571,0.000000,3.350598
-0.730285,0.934571,0.000000,3.350598
-0.744240,0.942627,0.000000,3.350598
-0.753543,0.934571,0.000000,3.350598
-0.734937,0.934571,0.000000,3.350598
-0.758194,0.950684,0.000000,3.350598
-0.730285,0.934571,0.000000,3.350598
-0.753543,0.950684,0.000000,3.350598
-0.730285,0.918458,0.000000,3.350598
-0.711679,0.918458,0.000000,3.350598
-0.748891,0.934571,0.000000,3.350598
-0.758194,0.934571,0.000000,3.350598
-0.762846,0.942627,0.000000,3.350598
-0.748891,0.934571,0.000000,3.350598
-0.720982,0.918458,0.000000,3.350598
-0.744240,0.942627,0.000000,3.350598
-0.758194,0.950684,0.000000,3.350598
-0.739588,0.918458,0.000000,3.350598
-0.753543,0.934571,0.000000,3.350598
-0.753543,0.934571,0.000000,3.350598
-0.734937,0.942627,0.000000,3.350598
-0.758194,0.958741,0.000000,3.350598
-0.734937,0.950684,0.000000,3.350598
-0.734937,0.918458,0.000000,3.350598
-0.762846,0.942627,0.000000,3.350598
-0.758194,0.950684,0.000000,3.350598
-0.804709,0.934571,0.000000,3.350598
-0.748891,0.934571,0.000000,3.350598
-0.758194,0.942627,0.000000,3.350598
-0.781452,0.966797,0.000000,3.350598
-0.786103,0.942627,0.000000,3.350598
-0.753543,0.926514,0.000000,3.350598
-0.753543,0.942627,0.000000,3.350598
-0.753543,0.934571,0.000000,3.350598
-0.758194,0.934571,0.000000,3.350598
-0.753543,0.934571,0.000000,3.350598
-0.753543,0.926514,0.000000,3.350598
-0.730285,0.950684,0.000000,3.350598
-0.781452,0.934571,0.000000,3.350598
-0.762846,0.934571,0.000000,3.350598
-0.739588,0.950684,0.000000,3.350598
-0.730285,0.926514,0.000000,3.350598
-0.786103,0.934571,0.000000,3.350598
-0.748891,0.942627,0.000000,3.350598
-0.734937,0.926514,0.000000,3.350598
-0.725634,0.950684,0.000000,3.350598
-0.739588,0.926514,0.000000,3.350598
-0.758194,0.934571,0.000000,3.350598
-0.776800,0.942627,0.000000,3.350598
-0.725634,0.918458,0.000000,3.350598
-0.739588,0.950684,0.000000,3.350598
-0.734937,0.934571,0.000000,3.350598
-0.753543,0.934571,0.000000,3.350598
-0.786103,0.950684,0.000000,3.350598
-0.762846,0.950684,0.000000,3.350598
-0.730285,0.934571,0.000000,3.350598
-0.753543,0.934571,0.000000,3.350598
-0.753543,0.934571,0.000000,3.350598
-0.753543,0.934571,0.000000,3.350598
-0.734937,0.942627,0.000000,3.350598
-0.734937,0.958741,0.000000,3.350598
-0.734937,0.934571,0.000000,3.350598
-0.762846,0.942627,0.000000,3.350598
-0.758194,0.958741,0.000000,3.350598
-0.776800,0.950684,0.000000,3.350598
-0.776800,0.950684,0.000000,3.350598
-0.730285,0.934571,0.000000,3.350598
-0.776800,0.934571,0.000000,3.350598
-0.753543,0.926514,0.000000,3.350598
-0.748891,0.934571,0.000000,3.350598
-0.734937,0.918458,0.000000,3.350598
-0.720982,0.918458,0.000000,3.350598
-0.748891,0.934571,0.000000,3.350598
-0.762846,0.950684,0.000000,3.350598
-0.758194,0.926514,0.000000,3.350598
-0.725634,0.926514,0.000000,3.350598
-0.753543,0.934571,0.000000,3.350598
-0.730285,0.934571,0.000000,3.350598
-0.748891,0.934571,0.000000,3.350598
-0.748891,0.950684,0.000000,3.350598
-0.748891,0.942627,0.000000,3.350598
-0.762846,0.950684,0.000000,3.350598
-0.720982,0.918458,0.000000,3.350598
-0.748891,0.934571,0.000000,3.350598
-0.748891,0.950684,0.000000,3.350598
-0.730285,0.934571,0.000000,3.350598
-0.730285,0.918458,0.000000,3.350598
-0.730285,0.926514,0.000000,3.350598
-0.748891,0.934571,0.000000,3.350598
-0.753543,0.934571,0.000000,3.350598
-0.753543,0.934571,0.000000,3.350598
-0.762846,0.934571,0.000000,3.350598
-0.730285,0.918458,0.000000,3.350598
-0.734937,0.926514,0.000000,3.350598
-0.730285,0.934571,0.000000,3.350598
-0.753543,0.934571,0.000000,3.350598
-0.762846,0.950684,0.000000,3.350598
-0.758194,0.942627,0.000000,3.350598
-0.748891,0.934571,0.000000,3.350598
-0.758194,0.926514,0.000000,3.350598
-0.776800,0.942627,0.000000,3.350598
-0.739588,0.942627,0.000000,3.350598
-0.734937,0.926514,0.000000,3.350598
-0.730285,0.934571,0.000000,3.350598
-0.753543,0.934571,0.000000,3.350598
-0.739588,0.950684,0.000000,3.350598
-0.734937,0.942627,0.000000,3.350598
-0.725634,0.934571,0.000000,3.350598
-0.758194,0.950684,0.000000,3.350598
-0.739588,0.950684,0.000000,3.350598
-0.734937,0.942627,0.000000,3.350598
-0.725634,0.926514,0.000000,3.350598
-0.753543,0.942627,0.000000,3.350598
-0.776800,0.966797,0.000000,3.350598
-0.781452,0.926514,0.000000,3.350598
-0.781452,0.950684,0.000000,3.350598
-0.725634,0.934571,0.000000,3.350598
-0.753543,0.934571,0.000000,3.350598
-0.772149,0.934571,0.000000,3.350598
-0.730285,0.934571,0.000000,3.350598
-0.753543,0.926514,0.000000,3.350598
-0.753543,0.926514,0.000000,3.350598
-0.762846,0.950684,0.000000,3.350598
-0.753543,0.934571,0.000000,3.350598
-0.734937,0.918458,0.000000,3.350598
-0.781452,0.950684,0.000000,3.350598
-0.730285,0.926514,0.000000,3.350598
-0.711679,0.934571,0.000000,3.350598
-0.758194,0.942627,0.000000,3.350598
-0.758194,0.942627,0.000000,3.350598
-0.753543,0.926514,0.000000,3.350598
-0.781452,0.950684,0.000000,3.350598
-0.781452,0.950684,0.000000,3.350598
-0.725634,0.934571,0.000000,3.350598
-0.730285,0.926514,0.000000,3.350598
-0.753543,0.942627,0.000000,3.350598
-0.758194,0.926514,0.000000,3.350598
-0.734937,0.926514,0.000000,3.350598
-0.753543,0.934571,0.000000,3.350598
-0.748891,0.926514,0.000000,3.350598
-0.748891,0.942627,0.000000,3.350598
-0.758194,0.942627,0.000000,3.350598
-0.781452,0.958741,0.000000,3.350598
-0.720982,0.942627,0.000000,3.350598
-0.739588,0.934571,0.000000,3.350598
-0.753543,0.942627,0.000000,3.350598
-0.776800,0.934571,0.000000,3.350598
-0.734937,0.958741,0.000000,3.350598
-0.748891,0.934571,0.000000,3.350598
-0.748891,0.926514,0.000000,3.350598
-0.758194,0.926514,0.000000,3.350598
-0.762846,0.950684,0.000000,3.350598
-0.730285,0.942627,0.000000,3.350598
-0.753543,0.934571,0.000000,3.350598
-0.739588,0.950684,0.000000,3.350598
-0.744240,0.942627,0.000000,3.350598
-0.753543,0.942627,0.000000,3.350598
-0.730285,0.926514,0.000000,3.350598
-0.767497,0.958741,0.000000,3.350598
-0.762846,0.942627,0.000000,3.350598
-0.720982,0.926514,0.000000,3.350598
-0.753543,0.934571,0.000000,3.350598
-0.758194,0.950684,0.000000,3.350598
-0.753543,0.926514,0.000000,3.350598
-0.786103,0.942627,0.000000,3.350598
-0.776800,0.942627,0.000000,3.350598
-0.753543,0.942627,0.000000,3.350598
-0.748891,0.934571,0.000000,3.350598
-0.744240,0.918458,0.000000,3.350598
-0.730285,0.926514,0.000000,3.350598
-0.711679,0.934571,0.000000,3.350598
-0.776800,0.950684,0.000000,3.350598
-0.758194,0.926514,0.000000,3.350598
-0.730285,0.918458,0.000000,3.350598
-0.748891,0.934571,0.000000,3.350598
-0.730285,0.934571,0.000000,3.350598
-0.720982,0.918458,0.000000,3.350598
-0.753543,0.926514,0.000000,3.350598
-0.748891,0.934571,0.000000,3.350598
-0.734937,0.934571,0.000000,3.350598
-0.753543,0.934571,0.000000,3.350598
-0.748891,0.934571,0.000000,3.350598
-0.734937,0.942627,0.000000,3.350598
-0.730285,0.934571,0.000000,3.350598
-0.720982,0.926514,0.000000,3.350598
-0.748891,0.942627,0.000000,3.350598
-0.734937,0.942627,0.000000,3.350598
-0.753543,0.934571,0.000000,3.350598
-0.753543,0.942627,0.000000,3.350598
-0.753543,0.934571,0.000000,3.350598
-0.758194,0.942627,0.000000,3.350598
-0.753543,0.934571,0.000000,3.350598
-0.753543,0.958741,0.000000,3.350598
-0.753543,0.950684,0.000000,3.350598
-0.720982,0.918458,0.000000,3.350598
-0.744240,0.934571,0.000000,3.350598
-0.758194,0.934571,0.000000,3.350598
-0.734937,0.934571,0.000000,3.350598
-0.758194,0.950684,0.000000,3.350598
-0.758194,0.942627,0.000000,3.350598
-0.758194,0.950684,0.000000,3.350598
-0.753543,0.926514,0.000000,3.350598
-0.734937,0.950684,0.000000,3.350598
-0.748891,0.934571,0.000000,3.350598
-0.762846,0.942627,0.000000,3.350598
-0.758194,0.942627,0.000000,3.350598
-0.725634,0.918458,0.000000,3.350598
-0.748891,0.934571,0.000000,3.350598
-0.748891,0.918458,0.000000,3.350598
-0.781452,0.950684,0.000000,3.350598
-0.772149,0.958741,0.000000,3.350598
-0.748891,0.934571,0.000000,3.350598
-0.758194,0.934571,0.000000,3.350598
-0.758194,0.942627,0.000000,3.350598
-0.753543,0.926514,0.000000,3.350598
-0.725634,0.934571,0.000000,3.350598
-0.753543,0.918458,0.000000,3.350598
-0.734937,0.926514,0.000000,3.350598
-0.730285,0.926514,0.000000,3.350598
-0.762846,0.950684,0.000000,3.350598
-0.748891,0.918458,0.000000,3.350598
-0.734937,0.926514,0.000000,3.350598
-0.772149,0.942627,0.000000,3.350598
-0.753543,0.934571,0.000000,3.350598
-0.753543,0.934571,0.000000,3.350598
-0.753543,0.950684,0.000000,3.350598
-0.758194,0.950684,0.000000,3.350598
-0.748891,0.926514,0.000000,3.350598
-0.753543,0.950684,0.000000,3.350598
-0.748891,0.934571,0.000000,3.350598
-0.753543,0.934571,0.000000,3.350598
-0.758194,0.926514,0.000000,3.350598
-0.758194,0.950684,0.000000,3.350598
-0.730285,0.918458,0.000000,3.350598
-0.758194,0.950684,0.000000,3.350598
-0.753543,0.942627,0.000000,3.350598
-0.781452,0.950684,0.000000,3.350598
-0.730285,0.942627,0.000000,3.350598
-0.702376,0.934571,0.000000,3.350598
-0.725634,0.926514,0.000000,3.350598
-0.720982,0.926514,0.000000,3.350598
-0.758194,0.934571,0.000000,3.350598
-0.739588,0.934571,0.000000,3.350598
-0.781452,0.950684,0.000000,3.350598
-0.730285,0.934571,0.000000,3.350598
-0.758194,0.934571,0.000000,3.350598
-0.781452,0.942627,0.000000,3.350598
-0.734937,0.934571,0.000000,3.350598
-0.748891,0.926514,0.000000,3.350598
-0.734937,0.934571,0.000000,3.350598
-0.730285,0.926514,0.000000,3.350598
-0.753543,0.934571,0.000000,3.350598
-0.734937,0.934571,0.000000,3.350598
-0.776800,0.950684,0.000000,3.350598
-0.748891,0.934571,0.000000,3.350598
-0.781452,0.950684,0.000000,3.350598
-0.753543,0.918458,0.000000,3.350598
-0.753543,0.942627,0.000000,3.350598
-0.772149,0.926514,0.000000,3.350598
-0.725634,0.926514,0.000000,3.350598
-0.753543,0.926514,0.000000,3.350598
-0.758194,0.942627,0.000000,3.350598
-0.748891,0.950684,0.000000,3.350598
-0.753543,0.934571,0.000000,3.350598
-0.748891,0.918458,0.000000,3.350598
-0.734937,0.918458,0.000000,3.350598
-0.758194,0.934571,0.000000,3.350598
-0.725634,0.910401,0.000000,3.350598
-0.758194,0.942627,0.000000,3.350598
-0.776800,0.950684,0.000000,3.350598
-0.725634,0.918458,0.000000,3.350598
-0.730285,0.926514,0.000000,3.350598
-0.707028,0.918458,0.000000,3.350598
-0.730285,0.926514,0.000000,3.350598
-0.776800,0.958741,0.000000,3.350598
-0.758194,0.942627,0.000000,3.350598
-0.748891,0.934571,0.000000,3.350598
-0.781452,0.966797,0.000000,3.350598
-0.739588,0.942627,0.000000,3.350598
-0.748891,0.934571,0.000000,3.350598
-0.758194,0.934571,0.000000,3.350598
-0.758194,0.934571,0.000000,3.350598
-0.781452,0.950684,0.000000,3.350598
-0.762846,0.942627,0.000000,3.350598
-0.748891,0.934571,0.000000,3.350598
-0.758194,0.950684,0.000000,3.350598
-0.725634,0.934571,0.000000,3.350598
-0.753543,0.934571,0.000000,3.350598
-0.776800,0.942627,0.000000,3.350598
-0.758194,0.942627,0.000000,3.350598
-0.730285,0.934571,0.000000,3.350598
-0.739588,0.958741,0.000000,3.350598
-0.730285,0.918458,0.000000,3.350598
-0.730285,0.942627,0.000000,3.350598
-0.781452,0.950684,0.000000,3.350598
-0.725634,0.926514,0.000000,3.350598
-0.739588,0.942627,0.000000,3.350598
-0.772149,0.926514,0.000000,3.350598
-0.753543,0.926514,0.000000,3.350598
-0.762846,0.950684,0.000000,3.350598
-0.753543,0.934571,0.000000,3.350598
-0.739588,0.934571,0.000000,3.350598
-0.753543,0.934571,0.000000,3.350598
-0.734937,0.934571,0.000000,3.350598
-0.748891,0.926514,0.000000,3.350598
-0.730285,0.942627,0.000000,3.350598
-0.748891,0.926514,0.000000,3.350598
-0.753543,0.934571,0.000000,3.350598
-0.753543,0.942627,0.000000,3.350598
-0.734937,0.926514,0.000000,3.350598
-0.767497,0.934571,0.000000,3.350598
-0.730285,0.934571,0.000000,3.350598
-0.758194,0.934571,0.000000,3.350598
-0.734937,0.926514,0.000000,3.350598
-0.748891,0.934571,0.000000,3.350598
-0.758194,0.942627,0.000000,3.350598
-0.748891,0.950684,0.000000,3.350598
-0.730285,0.950684,0.000000,3.350598
-0.753543,0.934571,0.000000,3.350598
-0.716331,0.910401,0.000000,3.350598
-0.725634,0.918458,0.000000,3.350598
-0.753543,0.934571,0.000000,3.350598
-0.753543,0.934571,0.000000,3.350598
-0.725634,0.942627,0.000000,3.350598
-0.781452,0.958741,0.000000,3.350598
-0.781452,0.950684,0.000000,3.350598
-0.781452,0.950684,0.000000,3.350598
-0.730285,0.918458,0.000000,3.350598
-0.753543,0.926514,0.000000,3.350598
-0.758194,0.942627,0.000000,3.350598
-0.734937,0.926514,0.000000,3.350598
-0.758194,0.934571,0.000000,3.350598
-0.753543,0.934571,0.000000,3.350598
-0.702376,0.910401,0.000000,3.350598
-0.725634,0.926514,0.000000,3.350598
-0.772149,0.926514,0.000000,3.350598
-0.730285,0.934571,0.000000,3.350598
-0.734937,0.926514,0.000000,3.350598
-0.734937,0.934571,0.000000,3.350598
-0.730285,0.934571,0.000000,3.350598
-0.781452,0.942627,0.000000,3.350598
-0.758194,0.942627,0.000000,3.350598
-0.748891,0.934571,0.000000,3.350598
-0.734937,0.942627,0.000000,3.350598
-0.730285,0.918458,0.000000,3.350598
-0.748891,0.926514,0.000000,3.350598
-0.776800,0.950684,0.000000,3.350598
-0.739588,0.934571,0.000000,3.350598
-0.730285,0.926514,0.000000,3.350598
-0.725634,0.926514,0.000000,3.350598
-0.758194,0.934571,0.000000,3.350598
-0.734937,0.942627,0.000000,3.350598
-0.758194,0.950684,0.000000,3.350598
-0.758194,0.950684,0.000000,3.350598
-0.734937,0.934571,0.000000,3.350598
-0.734937,0.934571,0.000000,3.350598
-0.753543,0.934571,0.000000,3.350598
-0.753543,0.934571,0.000000,3.350598
-0.762846,0.950684,0.000000,3.350598
-0.753543,0.942627,0.000000,3.350598
-0.753543,0.942627,0.000000,3.350598
-0.762846,0.958741,0.000000,3.350598
-0.725634,0.918458,0.000000,3.350598
-0.758194,0.950684,0.000000,3.350598
-0.734937,0.934571,0.000000,3.350598
-0.772149,0.934571,0.000000,3.350598
-0.730285,0.950684,0.000000,3.350598
-0.772149,0.950684,0.000000,3.350598
-0.758194,0.926514,0.000000,3.350598
-0.734937,0.934571,0.000000,3.350598
-0.734937,0.934571,0.000000,3.350598
-0.734937,0.926514,0.000000,3.350598
-0.730285,0.926514,0.000000,3.350598
-0.753543,0.926514,0.000000,3.350598
-0.753543,0.934571,0.000000,3.350598
-0.753543,0.950684,0.000000,3.350598
-0.753543,0.926514,0.000000,3.350598
-0.772149,0.950684,0.000000,3.350598
-0.776800,0.926514,0.000000,3.350598
-0.753543,0.934571,0.000000,3.350598
-0.786103,0.958741,0.000000,3.350598
-0.753543,0.934571,0.000000,3.350598
-0.776800,0.942627,0.000000,3.350598
-0.725634,0.918458,0.000000,3.350598
-0.776800,0.942627,0.000000,3.350598
-0.730285,0.926514,0.000000,3.350598
-0.748891,0.934571,0.000000,3.350598
-0.744240,0.934571,0.000000,3.350598
-0.725634,0.934571,0.000000,3.350598
-0.748891,0.934571,0.000000,3.350598
-0.734937,0.926514,0.000000,3.350598
-0.753543,0.926514,0.000000,3.350598
-0.748891,0.926514,0.000000,3.350598
-0.725634,0.926514,0.000000,3.350598
-0.758194,0.950684,0.000000,3.350598
-0.762846,0.950684,0.000000,3.350598
-0.716331,0.942627,0.000000,3.350598
-0.716331,0.918458,0.000000,3.350598
-0.748891,0.918458,0.000000,3.350598
-0.744240,0.950684,0.000000,3.350598
-0.786103,0.950684,0.000000,3.350598
-0.753543,0.934571,0.000000,3.350598
-0.748891,0.926514,0.000000,3.350598
-0.781452,0.934571,0.000000,3.350598
-0.730285,0.926514,0.000000,3.350598
-0.758194,0.942627,0.000000,3.350598
-0.758194,0.950684,0.000000,3.350598
-0.758194,0.934571,0.000000,3.350598
-0.725634,0.926514,0.000000,3.350598
-0.762846,0.950684,0.000000,3.350598
-0.786103,0.934571,0.000000,3.350598
-0.748891,0.918458,0.000000,3.350598
-0.753543,0.926514,0.000000,3.350598
-0.730285,0.942627,0.000000,3.350598
-0.748891,0.926514,0.000000,3.350598
-0.762846,0.942627,0.000000,3.350598
-0.734937,0.918458,0.000000,3.350598
-0.734937,0.918458,0.000000,3.350598
-0.758194,0.942627,0.000000,3.350598
-0.725634,0.926514,0.000000,3.350598
-0.748891,0.918458,0.000000,3.350598
-0.767497,0.950684,0.000000,3.350598
-0.786103,0.958741,0.000000,3.350598
-0.772149,0.942627,0.000000,3.350598
-0.786103,0.950684,0.000000,3.350598
-0.758194,0.934571,0.000000,3.350598
-0.776800,0.942627,0.000000,3.350598
-0.734937,0.942627,0.000000,3.350598
-0.753543,0.950684,0.000000,3.350598
-0.758194,0.950684,0.000000,3.350598
-0.781452,0.950684,0.000000,3.350598
-0.734937,0.942627,0.000000,3.350598
-0.748891,0.918458,0.000000,3.350598
-0.730285,0.926514,0.000000,3.350598
-0.730285,0.926514,0.000000,3.350598
-0.725634,0.910401,0.000000,3.350598
-0.758194,0.934571,0.000000,3.350598
-0.734937,0.926514,0.000000,3.350598
-0.734937,0.942627,0.000000,3.350598
-0.734937,0.942627,0.000000,3.350598
-0.730285,0.934571,0.000000,3.350598
-0.762846,0.950684,0.000000,3.350598
-0.730285,0.926514,0.000000,3.350598
-0.758194,0.942627,0.000000,3.350598
-0.753543,0.926514,0.000000,3.350598
-0.739588,0.926514,0.000000,3.350598
-0.734937,0.918458,0.000000,3.350598
-0.748891,0.918458,0.000000,3.350598
-0.725634,0.926514,0.000000,3.350598
-0.725634,0.934571,0.000000,3.350598
-0.762846,0.950684,0.000000,3.350598
-0.767497,0.950684,0.000000,3.350598
-0.720982,0.918458,0.000000,3.350598
-0.730285,0.934571,0.000000,3.350598
-0.753543,0.934571,0.000000,3.350598
-0.753543,0.950684,0.000000,3.350598
-0.776800,0.942627,0.000000,3.350598
-0.762846,0.950684,0.000000,3.350598
-0.725634,0.934571,0.000000,3.350598
-0.753543,0.934571,0.000000,3.350598
-0.730285,0.934571,0.000000,3.350598
-0.730285,0.926514,0.000000,3.350598
-0.730285,0.942627,0.000000,3.350598
-0.748891,0.918458,0.000000,3.350598
-0.748891,0.934571,0.000000,3.350598
-0.758194,0.934571,0.000000,3.350598
-0.725634,0.918458,0.000000,3.350598
-0.781452,0.950684,0.000000,3.350598
-0.744240,0.934571,0.000000,3.350598
-0.730285,0.926514,0.000000,3.350598
-0.720982,0.934571,0.000000,3.350598
-0.781452,0.942627,0.000000,3.350598
-0.753543,0.918458,0.000000,3.350598
-0.786103,0.934571,0.000000,3.350598
-0.776800,0.942627,0.000000,3.350598
-0.725634,0.918458,0.000000,3.350598
-0.776800,0.934571,0.000000,3.350598
-0.753543,0.942627,0.000000,3.350598
-0.725634,0.926514,0.000000,3.350598
-0.748891,0.926514,0.000000,3.350598
-0.748891,0.926514,0.000000,3.350598
-0.762846,0.950684,0.000000,3.350598
-0.758194,0.926514,0.000000,3.350598
-0.730285,0.918458,0.000000,3.350598
-0.734937,0.950684,0.000000,3.350598
-0.758194,0.950684,0.000000,3.350598
-0.748891,0.926514,0.000000,3.350598
-0.786103,0.958741,0.000000,3.350598
-0.725634,0.910401,0.000000,3.350598
-0.739588,0.942627,0.000000,3.350598
-0.730285,0.918458,0.000000,3.350598
-0.734937,0.926514,0.000000,3.350598
-0.781452,0.958741,0.000000,3.350598
-0.730285,0.926514,0.000000,3.350598
-0.748891,0.926514,0.000000,3.350598
-0.758194,0.950684,0.000000,3.350598
-0.725634,0.950684,0.000000,3.350598
-0.734937,0.942627,0.000000,3.350598
-0.753543,0.934571,0.000000,3.350598
-0.758194,0.934571,0.000000,3.350598
-0.767497,0.934571,0.000000,3.350598
-0.781452,0.950684,0.000000,3.350598
-0.758194,0.934571,0.000000,3.350598
-0.753543,0.966797,0.000000,3.350598
-0.772149,0.934571,0.000000,3.350598
-0.753543,0.934571,0.000000,3.350598
-0.753543,0.942627,0.000000,3.350598
-0.753543,0.926514,0.000000,3.350598
-0.725634,0.934571,0.000000,3.350598
-0.758194,0.950684,0.000000,3.350598
-0.753543,0.926514,0.000000,3.350598
-0.781452,0.950684,0.000000,3.350598
-0.707028,0.942627,0.000000,3.350598
-0.748891,0.934571,0.000000,3.350598
-0.748891,0.934571,0.000000,3.350598
-0.734937,0.926514,0.000000,3.350598
-0.767497,0.950684,0.000000,3.350598
-0.725634,0.934571,0.000000,3.350598
-0.744240,0.934571,0.000000,3.350598
-0.748891,0.942627,0.000000,3.350598
-0.776800,0.942627,0.000000,3.350598
-0.734937,0.934571,0.000000,3.350598
-0.739588,0.950684,0.000000,3.350598
-0.734937,0.942627,0.000000,3.350598
-0.697725,0.902344,0.000000,3.350598
-0.786103,0.950684,0.000000,3.350598
-0.725634,0.918458,0.000000,3.350598
-0.753543,0.942627,0.000000,3.350598
-0.739588,0.950684,0.000000,3.350598
-0.734937,0.926514,0.000000,3.350598
-0.786103,0.966797,0.000000,3.350598
-0.762846,0.926514,0.000000,3.350598
-0.720982,0.918458,0.000000,3.350598
-0.748891,0.934571,0.000000,3.350598
-0.781452,0.950684,0.000000,3.350598
-0.758194,0.942627,0.000000,3.350598
-0.716331,0.918458,0.000000,3.350598
-0.758194,0.942627,0.000000,3.350598
-0.725634,0.926514,0.000000,3.350598
-0.758194,0.942627,0.000000,3.350598
-0.744240,0.926514,0.000000,3.350598
-0.707028,0.918458,0.000000,3.350598
-0.739588,0.934571,0.000000,3.350598
-0.753543,0.934571,0.000000,3.350598
-0.753543,0.934571,0.000000,3.350598
-0.697725,0.910401,0.000000,3.350598
-0.725634,0.926514,0.000000,3.350598
-0.753543,0.926514,0.000000,3.350598
-0.725634,0.918458,0.000000,3.350598
-0.758194,0.934571,0.000000,3.350598
-0.781452,0.950684,0.000000,3.350598
-0.730285,0.942627,0.000000,3.350598
-0.707028,0.934571,0.000000,3.350598
-0.748891,0.926514,0.000000,3.350598
-0.772149,0.950684,0.000000,3.350598
-0.739588,0.950684,0.000000,3.350598
-0.767497,0.942627,0.000000,3.350598
-0.730285,0.926514,0.000000,3.350598
-0.725634,0.926514,0.000000,3.350598
-0.730285,0.942627,0.000000,3.350598
-0.734937,0.926514,0.000000,3.350598
-0.786103,0.950684,0.000000,3.350598
-0.753543,0.950684,0.000000,3.350598
-0.748891,0.942627,0.000000,3.350598
-0.758194,0.934571,0.000000,3.350598
-0.748891,0.934571,0.000000,3.350598
-0.753543,0.926514,0.000000,3.350598
-0.758194,0.934571,0.000000,3.350598
-0.772149,0.942627,0.000000,3.350598
-0.781452,0.950684,0.000000,3.350598
-0.748891,0.934571,0.000000,3.350598
-0.776800,0.934571,0.000000,3.350598
-0.730285,0.926514,0.000000,3.350598
-0.758194,0.950684,0.000000,3.350598
-0.781452,0.934571,0.000000,3.350598
-0.762846,0.934571,0.000000,3.350598
-0.758194,0.950684,0.000000,3.350598
-0.734937,0.942627,0.000000,3.350598
-0.762846,0.950684,0.000000,3.350598
-0.734937,0.934571,0.000000,3.350598
-0.730285,0.918458,0.000000,3.350598
-0.725634,0.926514,0.000000,3.350598
-0.725634,0.918458,0.000000,3.350598
-0.753543,0.918458,0.000000,3.350598
-0.734937,0.926514,0.000000,3.350598
-0.730285,0.926514,0.000000,3.350598
-0.758194,0.942627,0.000000,3.350598
-0.753543,0.934571,0.000000,3.350598
-0.753543,0.942627,0.000000,3.350598
-0.748891,0.918458,0.000000,3.350598
-0.758194,0.950684,0.000000,3.350598
-0.762846,0.950684,0.000000,3.350598
-0.758194,0.942627,0.000000,3.350598
-0.753543,0.950684,0.000000,3.350598
-0.730285,0.934571,0.000000,3.350598
-0.753543,0.934571,0.000000,3.350598
-0.730285,0.918458,0.000000,3.350598
-0.730285,0.934571,0.000000,3.350598
-0.753543,0.934571,0.000000,3.350598
-0.739588,0.926514,0.000000,3.350598
-0.753543,0.926514,0.000000,3.350598
-0.734937,0.950684,0.000000,3.350598
-0.725634,0.926514,0.000000,3.350598
-0.725634,0.918458,0.000000,3.350598
-0.744240,0.910401,0.000000,3.350598
-0.734937,0.934571,0.000000,3.350598
-0.734937,0.942627,0.000000,3.350598
-0.734937,0.950684,0.000000,3.350598
-0.725634,0.918458,0.000000,3.350598
-0.725634,0.926514,0.000000,3.350598
-0.753543,0.934571,0.000000,3.350598
-0.753543,0.950684,0.000000,3.350598
-0.758194,0.934571,0.000000,3.350598
-0.753543,0.942627,0.000000,3.350598
-0.758194,0.934571,0.000000,3.350598
-0.734937,0.918458,0.000000,3.350598
-0.725634,0.934571,0.000000,3.350598
-0.744240,0.926514,0.000000,3.350598
-0.776800,0.934571,0.000000,3.350598
-0.730285,0.950684,0.000000,3.350598
-0.753543,0.926514,0.000000,3.350598
-0.725634,0.918458,0.000000,3.350598
-0.786103,0.942627,0.000000,3.350598
-0.730285,0.942627,0.000000,3.350598
-0.725634,0.918458,0.000000,3.350598
-0.762846,0.942627,0.000000,3.350598
-0.711679,0.934571,0.000000,3.350598
-0.739588,0.934571,0.000000,3.350598
-0.753543,0.934571,0.000000,3.350598
-0.707028,0.934571,0.000000,3.350598
-0.781452,0.950684,0.000000,3.350598
-0.725634,0.926514,0.000000,3.350598
-0.781452,0.950684,0.000000,3.350598
-0.786103,0.942627,0.000000,3.350598
-0.734937,0.926514,0.000000,3.350598
-0.748891,0.934571,0.000000,3.350598
-0.730285,0.926514,0.000000,3.350598
-0.762846,0.934571,0.000000,3.350598
-0.753543,0.942627,0.000000,3.350598
-0.753543,0.926514,0.000000,3.350598
-0.758194,0.950684,0.000000,3.350598
-0.730285,0.926514,0.000000,3.350598
-0.748891,0.910401,0.000000,3.350598
-0.734937,0.934571,0.000000,3.350598
-0.730285,0.926514,0.000000,3.350598
-0.758194,0.934571,0.000000,3.350598
-0.758194,0.942627,0.000000,3.350598
-0.758194,0.934571,0.000000,3.350598
-0.753543,0.918458,0.000000,3.350598
-0.734937,0.950684,0.000000,3.350598
-0.753543,0.934571,0.000000,3.350598
-0.776800,0.942627,0.000000,3.350598
-0.734937,0.942627,0.000000,3.350598
-0.730285,0.934571,0.000000,3.350598
-0.758194,0.950684,0.000000,3.350598
-0.753543,0.934571,0.000000,3.350598
-0.758194,0.934571,0.000000,3.350598
-0.753543,0.926514,0.000000,3.350598
-0.758194,0.950684,0.000000,3.350598
-0.734937,0.942627,0.000000,3.350598
-0.753543,0.926514,0.000000,3.350598
-0.730285,0.926514,0.000000,3.350598
-0.720982,0.918458,0.000000,3.350598
-0.734937,0.934571,0.000000,3.350598
-0.720982,0.934571,0.000000,3.350598
-0.758194,0.942627,0.000000,3.350598
-0.748891,0.942627,0.000000,3.350598
-0.748891,0.918458,0.000000,3.350598
-0.772149,0.926514,0.000000,3.350598
-0.744240,0.918458,0.000000,3.350598
-0.781452,0.942627,0.000000,3.350598
-0.748891,0.934571,0.000000,3.350598
-0.734937,0.934571,0.000000,3.350598
-0.748891,0.934571,0.000000,3.350598
-0.725634,0.918458,0.000000,3.350598
-0.758194,0.950684,0.000000,3.350598
-0.748891,0.942627,0.000000,3.350598
-0.753543,0.934571,0.000000,3.350598
-0.720982,0.918458,0.000000,3.350598
-0.730285,0.934571,0.000000,3.350598
-0.725634,0.918458,0.000000,3.350598
-0.753543,0.934571,0.000000,3.350598
-0.795406,0.942627,0.000000,3.350598
-0.730285,0.942627,0.000000,3.350598
-0.730285,0.926514,0.000000,3.350598
-0.753543,0.934571,0.000000,3.350598
-0.748891,0.934571,0.000000,3.350598
-0.758194,0.942627,0.000000,3.350598
-0.753543,0.934571,0.000000,3.350598
-0.758194,0.942627,0.000000,3.350598
-0.776800,0.950684,0.000000,3.350598
-0.781452,0.942627,0.000000,3.350598
-0.781452,0.950684,0.000000,3.350598
-0.753543,0.942627,0.000000,3.350598
-0.753543,0.934571,0.000000,3.350598
-0.748891,0.926514,0.000000,3.350598
-0.748891,0.942627,0.000000,3.350598
-0.753543,0.926514,0.000000,3.350598
-0.725634,0.934571,0.000000,3.350598
-0.748891,0.934571,0.000000,3.350598
-0.781452,0.934571,0.000000,3.350598
-0.725634,0.926514,0.000000,3.350598
-0.734937,0.918458,0.000000,3.350598
-0.748891,0.934571,0.000000,3.350598
-0.730285,0.918458,0.000000,3.350598
-0.758194,0.934571,0.000000,3.350598
-0.734937,0.942627,0.000000,3.350598
-0.734937,0.942627,0.000000,3.350598
-0.725634,0.918458,0.000000,3.350598
-0.753543,0.942627,0.000000,3.350598
-0.730285,0.926514,0.000000,3.350598
-0.790755,0.958741,0.000000,3.350598
-0.753543,0.934571,0.000000,3.350598
-0.734937,0.934571,0.000000,3.350598
-0.748891,0.918458,0.000000,3.350598
-0.744240,0.918458,0.000000,3.350598
-0.753543,0.926514,0.000000,3.350598
-0.730285,0.942627,0.000000,3.350598
-0.730285,0.926514,0.000000,3.350598
-0.730285,0.934571,0.000000,3.350598
-0.720982,0.910401,0.000000,3.350598
-0.758194,0.950684,0.000000,3.350598
-0.758194,0.942627,0.000000,3.350598
-0.776800,0.934571,0.000000,3.350598
-0.758194,0.934571,0.000000,3.350598
-0.748891,0.934571,0.000000,3.350598
-0.762846,0.950684,0.000000,3.350598
-0.753543,0.926514,0.000000,3.350598
-0.730285,0.926514,0.000000,3.350598
-0.781452,0.950684,0.000000,3.350598
-0.748891,0.926514,0.000000,3.350598
-0.758194,0.950684,0.000000,3.350598
-0.758194,0.950684,0.000000,3.350598
-0.748891,0.934571,0.000000,3.350598
-0.753543,0.950684,0.000000,3.350598
-0.748891,0.926514,0.000000,3.350598
-0.814012,0.942627,0.000000,3.350598
-0.725634,0.926514,0.000000,3.350598
-0.753543,0.934571,0.000000,3.350598
-0.758194,0.942627,0.000000,3.350598
-0.758194,0.942627,0.000000,3.350598
-0.734937,0.942627,0.000000,3.350598
-0.730285,0.934571,0.000000,3.350598
-0.758194,0.942627,0.000000,3.350598
-0.739588,0.934571,0.000000,3.350598
-0.725634,0.926514,0.000000,3.350598
-0.730285,0.950684,0.000000,3.350598
-0.748891,0.910401,0.000000,3.350598
-0.730285,0.942627,0.000000,3.350598
-0.748891,0.926514,0.000000,3.350598
-0.753543,0.942627,0.000000,3.350598
-0.776800,0.942627,0.000000,3.350598
-0.730285,0.934571,0.000000,3.350598
-0.772149,0.926514,0.000000,3.350598
-0.748891,0.926514,0.000000,3.350598
-0.753543,0.934571,0.000000,3.350598
-0.748891,0.918458,0.000000,3.350598
-0.730285,0.926514,0.000000,3.350598
-0.753543,0.934571,0.000000,3.350598
-0.748891,0.950684,0.000000,3.350598
-0.772149,0.934571,0.000000,3.350598
-0.725634,0.918458,0.000000,3.350598
-0.744240,0.918458,0.000000,3.350598
-0.758194,0.950684,0.000000,3.350598
-0.744240,0.934571,0.000000,3.350598
-0.758194,0.942627,0.000000,3.350598
-0.748891,0.934571,0.000000,3.350598
-0.786103,0.942627,0.000000,3.350598
-0.776800,0.950684,0.000000,3.350598
-0.753543,0.934571,0.000000,3.350598
-0.720982,0.950684,0.000000,3.350598
-0.744240,0.926514,0.000000,3.350598
-0.730285,0.926514,0.000000,3.350598
-0.772149,0.934571,0.000000,3.350598
-0.734937,0.942627,0.000000,3.350598
-0.781452,0.950684,0.000000,3.350598
-0.758194,0.942627,0.000000,3.350598
-0.753543,0.926514,0.000000,3.350598
-0.753543,0.942627,0.000000,3.350598
-0.730285,0.934571,0.000000,3.350598
-0.753543,0.942627,0.000000,3.350598
-0.716331,0.894288,0.000000,3.350598
-0.725634,0.918458,0.000000,3.350598
-0.748891,0.934571,0.000000,3.350598
-0.753543,0.934571,0.000000,3.350598
-0.753543,0.934571,0.000000,3.350598
-0.739588,0.942627,0.000000,3.350598
-0.725634,0.934571,0.000000,3.350598
-0.748891,0.942627,0.000000,3.350598
-0.781452,0.942627,0.000000,3.350598
-0.725634,0.934571,0.000000,3.350598
-0.725634,0.918458,0.000000,3.350598
-0.697725,0.918458,0.000000,3.350598
-0.748891,0.926514,0.000000,3.350598
-0.753543,0.926514,0.000000,3.350598
-0.734937,0.934571,0.000000,3.350598
-0.753543,0.934571,0.000000,3.350598
-0.753543,0.942627,0.000000,3.350598
-0.748891,0.926514,0.000000,3.350598
-0.725634,0.918458,0.000000,3.350598
-0.776800,0.942627,0.000000,3.350598
-0.758194,0.926514,0.000000,3.350598
-0.762846,0.950684,0.000000,3.350598
-0.734937,0.934571,0.000000,3.350598
-0.748891,0.918458,0.000000,3.350598
-0.758194,0.934571,0.000000,3.350598
-0.748891,0.918458,0.000000,3.350598
-0.753543,0.950684,0.000000,3.350598
-0.753543,0.934571,0.000000,3.350598
-0.744240,0.918458,0.000000,3.350598
-0.762846,0.958741,0.000000,3.350598
-0.786103,0.958741,0.000000,3.350598
-0.753543,0.934571,0.000000,3.350598
-0.786103,0.950684,0.000000,3.350598
-0.753543,0.942627,0.000000,3.350598
-0.734937,0.942627,0.000000,3.350598
-0.762846,0.950684,0.000000,3.350598
-0.739588,0.934571,0.000000,3.350598
-0.730285,0.942627,0.000000,3.350598
-0.753543,0.926514,0.000000,3.350598
-0.753543,0.926514,0.000000,3.350598
-0.776800,0.942627,0.000000,3.350598
-0.725634,0.926514,0.000000,3.350598
-0.734937,0.950684,0.000000,3.350598
-0.753543,0.934571,0.000000,3.350598
-0.772149,0.934571,0.000000,3.350598
-0.753543,0.934571,0.000000,3.350598
-0.734937,0.926514,0.000000,3.350598
-0.753543,0.934571,0.000000,3.350598
-0.781452,0.934571,0.000000,3.350598
-0.748891,0.934571,0.000000,3.350598
-0.753543,0.942627,0.000000,3.350598
-0.734937,0.942627,0.000000,3.350598
-0.725634,0.918458,0.000000,3.350598
-0.744240,0.910401,0.000000,3.350598
-0.758194,0.942627,0.000000,3.350598
-0.781452,0.950684,0.000000,3.350598
-0.702376,0.918458,0.000000,3.350598
-0.776800,0.934571,0.000000,3.350598
-0.753543,0.934571,0.000000,3.350598
-0.725634,0.926514,0.000000,3.350598
-0.753543,0.918458,0.000000,3.350598
-0.758194,0.942627,0.000000,3.350598
-0.758194,0.934571,0.000000,3.350598
-0.781452,0.942627,0.000000,3.350598
-0.734937,0.934571,0.000000,3.350598
-0.748891,0.934571,0.000000,3.350598
-0.707028,0.918458,0.000000,3.350598
-0.753543,0.926514,0.000000,3.350598
-0.725634,0.918458,0.000000,3.350598
-0.762846,0.934571,0.000000,3.350598
-0.781452,0.942627,0.000000,3.350598
-0.748891,0.926514,0.000000,3.350598
-0.758194,0.950684,0.000000,3.350598
-0.725634,0.926514,0.000000,3.350598
-0.748891,0.918458,0.000000,3.350598
-0.730285,0.950684,0.000000,3.350598
-0.762846,0.958741,0.000000,3.350598
-0.725634,0.918458,0.000000,3.350598
-0.734937,0.934571,0.000000,3.350598
-0.762846,0.934571,0.000000,3.350598
-0.767497,0.926514,0.000000,3.350598
-0.730285,0.942627,0.000000,3.350598
-0.786103,0.966797,0.000000,3.350598
-0.730285,0.934571,0.000000,3.350598
-0.725634,0.926514,0.000000,3.350598
-0.758194,0.934571,0.000000,3.350598
-0.748891,0.926514,0.000000,3.350598
-0.730285,0.942627,0.000000,3.350598
-0.739588,0.934571,0.000000,3.350598
-0.748891,0.926514,0.000000,3.350598
-0.758194,0.918458,0.000000,3.350598
-0.734937,0.918458,0.000000,3.350598
-0.758194,0.942627,0.000000,3.350598
-0.744240,0.926514,0.000000,3.350598
-0.748891,0.926514,0.000000,3.350598
-0.734937,0.942627,0.000000,3.350598
-0.734937,0.934571,0.000000,3.350598
-0.758194,0.958741,0.000000,3.350598
-0.748891,0.942627,0.000000,3.350598
-0.720982,0.918458,0.000000,3.350598
-0.734937,0.934571,0.000000,3.350598
-0.744240,0.918458,0.000000,3.350598
-0.725634,0.926514,0.000000,3.350598
-0.748891,0.926514,0.000000,3.350598
-0.781452,0.934571,0.000000,3.350598
-0.730285,0.926514,0.000000,3.350598
-0.753543,0.934571,0.000000,3.350598
-0.748891,0.926514,0.000000,3.350598
-0.744240,0.934571,0.000000,3.350598
-0.744240,0.918458,0.000000,3.350598
-0.744240,0.918458,0.000000,3.350598
-0.725634,0.926514,0.000000,3.350598
-0.748891,0.934571,0.000000,3.350598
-0.753543,0.918458,0.000000,3.350598
-0.725634,0.918458,0.000000,3.350598
-0.707028,0.918458,0.000000,3.350598
-0.734937,0.942627,0.000000,3.350598
-0.753543,0.950684,0.000000,3.350598
-0.748891,0.942627,0.000000,3.350598
-0.776800,0.934571,0.000000,3.350598
-0.730285,0.918458,0.000000,3.350598
-0.730285,0.934571,0.000000,3.350598
-0.753543,0.942627,0.000000,3.350598
-0.762846,0.950684,0.000000,3.350598
-0.730285,0.926514,0.000000,3.350598
-0.781452,0.950684,0.000000,3.350598
-0.730285,0.902344,0.000000,3.350598
-0.730285,0.918458,0.000000,3.350598
-0.758194,0.950684,0.000000,3.350598
-0.730285,0.926514,0.000000,3.350598
-0.748891,0.934571,0.000000,3.350598
-0.707028,0.918458,0.000000,3.350598
-0.758194,0.942627,0.000000,3.350598
-0.739588,0.934571,0.000000,3.350598
-0.786103,0.958741,0.000000,3.350598
-0.725634,0.942627,0.000000,3.350598
-0.734937,0.934571,0.000000,3.350598
-0.758194,0.934571,0.000000,3.350598
-0.781452,0.942627,0.000000,3.350598
-0.730285,0.934571,0.000000,3.350598
-0.748891,0.934571,0.000000,3.350598
-0.730285,0.934571,0.000000,3.350598
-0.725634,0.926514,0.000000,3.350598
-0.772149,0.926514,0.000000,3.350598
-0.730285,0.934571,0.000000,3.350598
-0.767497,0.950684,0.000000,3.350598
-0.786103,0.934571,0.000000,3.350598
-0.725634,0.918458,0.000000,3.350598
-0.725634,0.926514,0.000000,3.350598
-0.748891,0.934571,0.000000,3.350598
-0.776800,0.942627,0.000000,3.350598
-0.753543,0.918458,0.000000,3.350598
-0.725634,0.934571,0.000000,3.350598
-0.781452,0.950684,0.000000,3.350598
-0.753543,0.934571,0.000000,3.350598
-0.734937,0.942627,0.000000,3.350598
-0.739588,0.934571,0.000000,3.350598
-0.758194,0.934571,0.000000,3.350598
-0.758194,0.950684,0.000000,3.350598
-0.762846,0.950684,0.000000,3.350598
-0.748891,0.926514,0.000000,3.350598
-0.725634,0.934571,0.000000,3.350598
-0.725634,0.926514,0.000000,3.350598
-0.753543,0.942627,0.000000,3.350598
-0.734937,0.942627,0.000000,3.350598
-0.734937,0.942627,0.000000,3.350598
-0.753543,0.942627,0.000000,3.350598
-0.748891,0.934571,0.000000,3.350598
-0.748891,0.934571,0.000000,3.350598
-0.720982,0.934571,0.000000,3.350598
-0.730285,0.926514,0.000000,3.350598
-0.748891,0.926514,0.000000,3.350598
-0.786103,0.942627,0.000000,3.350598
-0.725634,0.926514,0.000000,3.350598
-0.730285,0.934571,0.000000,3.350598
-0.748891,0.926514,0.000000,3.350598
-0.748891,0.950684,0.000000,3.350598
-0.734937,0.934571,0.000000,3.350598
-0.748891,0.934571,0.000000,3.350598
-0.734937,0.934571,0.000000,3.350598
-0.730285,0.942627,0.000000,3.350598
-0.720982,0.918458,0.000000,3.350598
-0.748891,0.926514,0.000000,3.350598
-0.748891,0.926514,0.000000,3.350598
-0.753543,0.934571,0.000000,3.350598
-0.781452,0.934571,0.000000,3.350598
-0.730285,0.918458,0.000000,3.350598
-0.734937,0.934571,0.000000,3.350598
-0.730285,0.942627,0.000000,3.350598
-0.725634,0.910401,0.000000,3.350598
-0.725634,0.918458,0.000000,3.350598
-0.786103,0.934571,0.000000,3.350598
-0.720982,0.918458,0.000000,3.350598
-0.748891,0.934571,0.000000,3.350598
-0.762846,0.950684,0.000000,3.350598
-0.702376,0.942627,0.000000,3.350598
-0.753543,0.926514,0.000000,3.350598
-0.753543,0.934571,0.000000,3.350598
-0.753543,0.942627,0.000000,3.350598
-0.725634,0.934571,0.000000,3.350598
-0.776800,0.950684,0.000000,3.350598
-0.725634,0.926514,0.000000,3.350598
-0.730285,0.926514,0.000000,3.350598
-0.748891,0.934571,0.000000,3.350598
-0.730285,0.926514,0.000000,3.350598
-0.758194,0.942627,0.000000,3.350598
-0.753543,0.942627,0.000000,3.350598
-0.725634,0.934571,0.000000,3.350598
-0.725634,0.926514,0.000000,3.350598
-0.730285,0.950684,0.000000,3.350598
-0.725634,0.926514,0.000000,3.350598
-0.725634,0.918458,0.000000,3.350598
-0.730285,0.942627,0.000000,3.350598
-0.725634,0.942627,0.000000,3.350598
-0.744240,0.934571,0.000000,3.350598
-0.781452,0.934571,0.000000,3.350598
-0.753543,0.942627,0.000000,3.350598
-0.707028,0.934571,0.000000,3.350598
-0.725634,0.926514,0.000000,3.350598
-0.776800,0.950684,0.000000,3.350598
-0.725634,0.926514,0.000000,3.350598
-0.753543,0.926514,0.000000,3.350598
-0.720982,0.910401,0.000000,3.350598
-0.753543,0.926514,0.000000,3.350598
-0.762846,0.950684,0.000000,3.350598
-0.748891,0.934571,0.000000,3.350598
-0.748891,0.942627,0.000000,3.350598
-0.720982,0.910401,0.000000,3.350598
-0.725634,0.926514,0.000000,3.350598
-0.772149,0.934571,0.000000,3.350598
-0.758194,0.942627,0.000000,3.350598
-0.781452,0.934571,0.000000,3.350598
-0.772149,0.934571,0.000000,3.350598
-0.707028,0.910401,0.000000,3.350598
-0.730285,0.918458,0.000000,3.350598
-0.753543,0.950684,0.000000,3.350598
-0.725634,0.926514,0.000000,3.350598
-0.762846,0.950684,0.000000,3.350598
-0.720982,0.918458,0.000000,3.350598
-0.758194,0.942627,0.000000,3.350598
-0.730285,0.934571,0.000000,3.350598
-0.734937,0.926514,0.000000,3.350598
-0.758194,0.942627,0.000000,3.350598
-0.753543,0.950684,0.000000,3.350598
-0.753543,0.934571,0.000000,3.350598
-0.725634,0.918458,0.000000,3.350598
-0.725634,0.918458,0.000000,3.350598
-0.748891,0.926514,0.000000,3.350598
-0.720982,0.926514,0.000000,3.350598
-0.758194,0.942627,0.000000,3.350598
-0.748891,0.918458,0.000000,3.350598
-0.720982,0.926514,0.000000,3.350598
-0.744240,0.918458,0.000000,3.350598
-0.748891,0.926514,0.000000,3.350598
-0.744240,0.926514,0.000000,3.350598
-0.739588,0.918458,0.000000,3.350598
-0.744240,0.926514,0.000000,3.350598
-0.734937,0.910401,0.000000,3.350598
-0.702376,0.894288,0.000000,3.350598
-0.744240,0.910401,0.000000,3.350598
-0.730285,0.894288,0.000000,3.350598
-0.758194,0.918458,0.000000,3.350598
-0.725634,0.894288,0.000000,3.350598
-0.711679,0.918458,0.000000,3.350598
-0.720982,0.902344,0.000000,3.350598
-0.753543,0.902344,0.000000,3.350598
-0.720982,0.894288,0.000000,3.350598
-0.720982,0.902344,0.000000,3.350598
-0.716331,0.886231,0.000000,3.350598
-0.734937,0.886231,0.000000,3.350598
-0.739588,0.886231,0.000000,3.350598
-0.683770,0.862061,0.000000,3.350598
-0.697725,0.886231,0.000000,3.350598
-0.707028,0.886231,0.000000,3.350598
-0.693073,0.878174,0.000000,3.350598
-0.674467,0.854004,0.000000,3.350598
-0.707028,0.870118,0.000000,3.350598
-0.702376,0.862061,0.000000,3.350598
-0.693073,0.862061,0.000000,3.350598
-0.720982,0.870118,0.000000,3.350598
-0.669816,0.854004,0.000000,3.350598
-0.669816,0.837891,0.000000,3.350598
-0.669816,0.854004,0.000000,3.350598
-0.660513,0.829834,0.000000,3.350598
-0.688422,0.837891,0.000000,3.350598
-0.711679,0.837891,0.000000,3.350598
-0.679119,0.829834,0.000000,3.350598
-0.683770,0.837891,0.000000,3.350598
-0.683770,0.829834,0.000000,3.350598
-0.683770,0.821778,0.000000,3.350598
-0.669816,0.829834,0.000000,3.350598
-0.651210,0.813721,0.000000,3.350598
-0.674467,0.821778,0.000000,3.350598
-0.646558,0.821778,0.000000,3.350598
-0.660513,0.805664,0.000000,3.350598
-0.679119,0.837891,0.000000,3.350598
-0.655861,0.789551,0.000000,3.350598
-0.660513,0.805664,0.000000,3.350598
-0.665164,0.829834,0.000000,3.350598
-0.655861,0.805664,0.000000,3.350598
-0.683770,0.797608,0.000000,3.350598
-0.627952,0.797608,0.000000,3.350598
-0.646558,0.773438,0.000000,3.350598
-0.646558,0.789551,0.000000,3.350598
-0.679119,0.789551,0.000000,3.350598
-0.641907,0.781495,0.000000,3.350598
-0.641907,0.781495,0.000000,3.350598
-0.641907,0.773438,0.000000,3.350598
-0.646558,0.781495,0.000000,3.350598
-1.227995,1.844972,0.000000,3.345229
-1.172177,1.603272,0.000000,3.345229
-0.925648,1.135987,0.000000,3.345229
-0.851224,0.878174,0.000000,3.345229
-0.627952,1.442139,0.000000,3.345229
-0.739588,0.958741,0.000000,3.345229
-1.018678,1.200440,0.000000,3.345229
-0.888436,0.982911,0.000000,3.345229
-0.939603,1.071534,0.000000,3.345229
-0.827967,0.958741,0.000000,3.345229
-0.758194,0.974854,0.000000,3.345229
-0.753543,0.910401,0.000000,3.345229
-0.739588,0.926514,0.000000,3.345229
-0.762846,0.934571,0.000000,3.345229
-0.739588,0.950684,0.000000,3.345229
-0.767497,0.934571,0.000000,3.345229
-0.772149,0.942627,0.000000,3.345229
-0.781452,0.934571,0.000000,3.345229
-0.720982,0.942627,0.000000,3.345229
-0.786103,0.942627,0.000000,3.345229
-0.795406,0.958741,0.000000,3.345229
-0.762846,0.934571,0.000000,3.345229
-0.753543,0.918458,0.000000,3.345229
-0.730285,0.918458,0.000000,3.345229
-0.739588,0.934571,0.000000,3.345229
-0.739588,0.926514,0.000000,3.345229
-0.781452,0.942627,0.000000,3.345229
-0.739588,0.942627,0.000000,3.345229
-0.762846,0.934571,0.000000,3.345229
-0.781452,0.942627,0.000000,3.345229
-0.762846,0.926514,0.000000,3.345229
-0.762846,0.942627,0.000000,3.345229
-0.758194,0.942627,0.000000,3.345229
-0.776800,0.918458,0.000000,3.345229
-0.758194,0.926514,0.000000,3.345229
-0.767497,0.942627,0.000000,3.345229
-0.767497,0.950684,0.000000,3.345229
-0.758194,0.934571,0.000000,3.345229
-0.753543,0.942627,0.000000,3.345229
-0.786103,0.942627,0.000000,3.345229
-0.772149,0.942627,0.000000,3.345229
-0.781452,0.934571,0.000000,3.345229
-0.758194,0.918458,0.000000,3.345229
-0.762846,0.934571,0.000000,3.345229
-0.786103,0.942627,0.000000,3.345229
-0.753543,0.926514,0.000000,3.345229
-0.725634,0.918458,0.000000,3.345229
-0.762846,0.942627,0.000000,3.345229
-0.739588,0.958741,0.000000,3.345229
-0.786103,0.942627,0.000000,3.345229
-0.730285,0.926514,0.000000,3.345229
-0.767497,0.934571,0.000000,3.345229
-0.734937,0.926514,0.000000,3.345229
-0.739588,0.934571,0.000000,3.345229
-0.790755,0.942627,0.000000,3.345229
-0.762846,0.934571,0.000000,3.345229
-0.772149,0.942627,0.000000,3.345229
-0.786103,0.942627,0.000000,3.345229
-0.734937,0.926514,0.000000,3.345229
-0.762846,0.942627,0.000000,3.345229
-0.758194,0.942627,0.000000,3.345229
-0.758194,0.918458,0.000000,3.345229
-0.758194,0.934571,0.000000,3.345229
-0.758194,0.934571,0.000000,3.345229
-0.762846,0.934571,0.000000,3.345229
-0.781452,0.926514,0.000000,3.345229
-0.790755,0.958741,0.000000,3.345229
-0.762846,0.942627,0.000000,3.345229
-0.753543,0.934571,0.000000,3.345229
-0.753543,0.942627,0.000000,3.345229
-0.734937,0.934571,0.000000,3.345229
-0.753543,0.918458,0.000000,3.345229
-0.762846,0.934571,0.000000,3.345229
-0.790755,0.950684,0.000000,3.345229
-0.758194,0.934571,0.000000,3.345229
-0.725634,0.902344,0.000000,3.345229
-0.762846,0.934571,0.000000,3.345229
-0.786103,0.926514,0.000000,3.345229
-0.786103,0.950684,0.000000,3.345229
-0.762846,0.934571,0.000000,3.345229
-0.734937,0.902344,0.000000,3.345229
-0.762846,0.934571,0.000000,3.345229
-0.739588,0.910401,0.000000,3.345229
-0.786103,0.950684,0.000000,3.345229
-0.711679,0.910401,0.000000,3.345229
-0.790755,0.942627,0.000000,3.345229
-0.730285,0.918458,0.000000,3.345229
-0.762846,0.934571,0.000000,3.345229
-0.767497,0.942627,0.000000,3.345229
-0.767497,0.942627,0.000000,3.345229
-0.734937,0.918458,0.000000,3.345229
-0.753543,0.918458,0.000000,3.345229
-0.758194,0.918458,0.000000,3.345229
-0.753543,0.918458,0.000000,3.345229
-0.781452,0.950684,0.000000,3.345229
-0.753543,0.926514,0.000000,3.345229
-0.762846,0.950684,0.000000,3.345229
-0.762846,0.926514,0.000000,3.345229
-0.790755,0.958741,0.000000,3.345229
-0.734937,0.934571,0.000000,3.345229
-0.762846,0.942627,0.000000,3.345229
-0.762846,0.942627,0.000000,3.345229
-0.762846,0.942627,0.000000,3.345229
-0.786103,0.934571,0.000000,3.345229
-0.758194,0.934571,0.000000,3.345229
-0.827967,0.934571,0.000000,3.345229
-0.790755,0.934571,0.000000,3.345229
-0.725634,0.918458,0.000000,3.345229
-0.758194,0.950684,0.000000,3.345229
-0.734937,0.926514,0.000000,3.345229
-0.753543,0.910401,0.000000,3.345229
-0.758194,0.942627,0.000000,3.345229
-0.748891,0.926514,0.000000,3.345229
-0.786103,0.942627,0.000000,3.345229
-0.758194,0.934571,0.000000,3.345229
-0.786103,0.950684,0.000000,3.345229
-0.767497,0.934571,0.000000,3.345229
-0.781452,0.942627,0.000000,3.345229
-0.790755,0.942627,0.000000,3.345229
-0.734937,0.918458,0.000000,3.345229
-0.781452,0.934571,0.000000,3.345229
-0.762846,0.950684,0.000000,3.345229
-0.753543,0.926514,0.000000,3.345229
-0.730285,0.926514,0.000000,3.345229
-0.758194,0.926514,0.000000,3.345229
-0.781452,0.934571,0.000000,3.345229
-0.730285,0.926514,0.000000,3.345229
-0.767497,0.934571,0.000000,3.345229
-0.786103,0.942627,0.000000,3.345229
-0.753543,0.918458,0.000000,3.345229
-0.790755,0.950684,0.000000,3.345229
-0.762846,0.942627,0.000000,3.345229
-0.744240,0.934571,0.000000,3.345229
-0.767497,0.934571,0.000000,3.345229
-0.734937,0.934571,0.000000,3.345229
-0.753543,0.918458,0.000000,3.345229
-0.762846,0.950684,0.000000,3.345229
-0.730285,0.934571,0.000000,3.345229
-0.786103,0.950684,0.000000,3.345229
-0.827967,0.958741,0.000000,3.345229
-0.758194,0.942627,0.000000,3.345229
-0.762846,0.942627,0.000000,3.345229
-0.734937,0.926514,0.000000,3.345229
-0.758194,0.926514,0.000000,3.345229
-0.762846,0.934571,0.000000,3.345229
-0.781452,0.934571,0.000000,3.345229
-0.758194,0.942627,0.000000,3.345229
-0.758194,0.942627,0.000000,3.345229
-0.758194,0.926514,0.000000,3.345229
-0.734937,0.934571,0.000000,3.345229
-0.786103,0.934571,0.000000,3.345229
-0.753543,0.926514,0.000000,3.345229
-0.744240,0.942627,0.000000,3.345229
-0.758194,0.910401,0.000000,3.345229
-0.786103,0.950684,0.000000,3.345229
-0.762846,0.934571,0.000000,3.345229
-0.762846,0.926514,0.000000,3.345229
-0.753543,0.926514,0.000000,3.345229
-0.748891,0.910401,0.000000,3.345229
-0.772149,0.950684,0.000000,3.345229
-0.762846,0.942627,0.000000,3.345229
-0.758194,0.942627,0.000000,3.345229
-0.753543,0.926514,0.000000,3.345229
-0.758194,0.934571,0.000000,3.345229
-0.753543,0.934571,0.000000,3.345229
-0.762846,0.942627,0.000000,3.345229
-0.734937,0.934571,0.000000,3.345229
-0.786103,0.950684,0.000000,3.345229
-0.707028,0.926514,0.000000,3.345229
-0.758194,0.926514,0.000000,3.345229
-0.762846,0.942627,0.000000,3.345229
-0.762846,0.926514,0.000000,3.345229
-0.739588,0.926514,0.000000,3.345229
-0.758194,0.942627,0.000000,3.345229
-0.762846,0.942627,0.000000,3.345229
-0.739588,0.926514,0.000000,3.345229
-0.786103,0.942627,0.000000,3.345229
-0.758194,0.926514,0.000000,3.345229
-0.758194,0.934571,0.000000,3.345229
-0.762846,0.934571,0.000000,3.345229
-0.781452,0.942627,0.000000,3.345229
-0.823315,0.934571,0.000000,3.345229
-0.739588,0.934571,0.000000,3.345229
-0.767497,0.926514,0.000000,3.345229
-0.758194,0.934571,0.000000,3.345229
-0.762846,0.934571,0.000000,3.345229
-0.772149,0.926514,0.000000,3.345229
-0.758194,0.910401,0.000000,3.345229
-0.753543,0.918458,0.000000,3.345229
-0.762846,0.934571,0.000000,3.345229
-0.758194,0.934571,0.000000,3.345229
-0.730285,0.910401,0.000000,3.345229
-0.753543,0.934571,0.000000,3.345229
-0.758194,0.942627,0.000000,3.345229
-0.781452,0.942627,0.000000,3.345229
-0.753543,0.942627,0.000000,3.345229
-0.781452,0.934571,0.000000,3.345229
-0.720982,0.902344,0.000000,3.345229
-0.762846,0.934571,0.000000,3.345229
-0.786103,0.942627,0.000000,3.345229
-0.762846,0.934571,0.000000,3.345229
-0.786103,0.942627,0.000000,3.345229
-0.781452,0.934571,0.000000,3.345229
-0.786103,0.918458,0.000000,3.345229
-0.753543,0.918458,0.000000,3.345229
-0.776800,0.934571,0.000000,3.345229
-0.748891,0.926514,0.000000,3.345229
-0.762846,0.942627,0.000000,3.345229
-0.781452,0.934571,0.000000,3.345229
-0.786103,0.934571,0.000000,3.345229
-0.744240,0.942627,0.000000,3.345229
-0.739588,0.918458,0.000000,3.345229
-0.734937,0.926514,0.000000,3.345229
-0.762846,0.934571,0.000000,3.345229
-0.758194,0.934571,0.000000,3.345229
-0.753543,0.934571,0.000000,3.345229
-0.758194,0.918458,0.000000,3.345229
-0.730285,0.926514,0.000000,3.345229
-0.730285,0.902344,0.000000,3.345229
-0.720982,0.926514,0.000000,3.345229
-0.767497,0.934571,0.000000,3.345229
-0.753543,0.942627,0.000000,3.345229
-0.758194,0.926514,0.000000,3.345229
-0.790755,0.950684,0.000000,3.345229
-0.786103,0.934571,0.000000,3.345229
-0.730285,0.942627,0.000000,3.345229
-0.762846,0.934571,0.000000,3.345229
-0.744240,0.934571,0.000000,3.345229
-0.730285,0.926514,0.000000,3.345229
-0.734937,0.926514,0.000000,3.345229
-0.762846,0.934571,0.000000,3.345229
-0.739588,0.934571,0.000000,3.345229
-0.753543,0.910401,0.000000,3.345229
-0.730285,0.910401,0.000000,3.345229
-0.758194,0.926514,0.000000,3.345229
-0.758194,0.950684,0.000000,3.345229
-0.753543,0.942627,0.000000,3.345229
-0.730285,0.910401,0.000000,3.345229
-0.758194,0.926514,0.000000,3.345229
-0.758194,0.942627,0.000000,3.345229
-0.790755,0.950684,0.000000,3.345229
-0.758194,0.926514,0.000000,3.345229
-0.758194,0.926514,0.000000,3.345229
-0.762846,0.934571,0.000000,3.345229
-0.762846,0.942627,0.000000,3.345229
-0.762846,0.950684,0.000000,3.345229
-0.730285,0.910401,0.000000,3.345229
-0.776800,0.926514,0.000000,3.345229
-0.730285,0.926514,0.000000,3.345229
-0.762846,0.942627,0.000000,3.345229
-0.734937,0.950684,0.000000,3.345229
-0.739588,0.934571,0.000000,3.345229
-0.767497,0.942627,0.000000,3.345229
-0.762846,0.942627,0.000000,3.345229
-0.739588,0.942627,0.000000,3.345229
-0.758194,0.942627,0.000000,3.345229
-0.758194,0.926514,0.000000,3.345229
-0.734937,0.934571,0.000000,3.345229
-0.753543,0.926514,0.000000,3.345229
-0.758194,0.926514,0.000000,3.345229
-0.758194,0.926514,0.000000,3.345229
-0.730285,0.926514,0.000000,3.345229
-0.748891,0.918458,0.000000,3.345229
-0.730285,0.926514,0.000000,3.345229
-0.748891,0.918458,0.000000,3.345229
-0.753543,0.926514,0.000000,3.345229
-0.730285,0.918458,0.000000,3.345229
-0.762846,0.942627,0.000000,3.345229
-0.730285,0.910401,0.000000,3.345229
-0.762846,0.934571,0.000000,3.345229
-0.753543,0.926514,0.000000,3.345229
-0.753543,0.918458,0.000000,3.345229
-0.772149,0.934571,0.000000,3.345229
-0.781452,0.934571,0.000000,3.345229
-0.814012,0.942627,0.000000,3.345229
-0.762846,0.942627,0.000000,3.345229
-0.734937,0.918458,0.000000,3.345229
-0.753543,0.910401,0.000000,3.345229
-0.758194,0.934571,0.000000,3.345229
-0.753543,0.934571,0.000000,3.345229
-0.753543,0.926514,0.000000,3.345229
-0.734937,0.926514,0.000000,3.345229
-0.730285,0.918458,0.000000,3.345229
-0.734937,0.934571,0.000000,3.345229
-0.767497,0.934571,0.000000,3.345229
-0.734937,0.950684,0.000000,3.345229
-0.758194,0.926514,0.000000,3.345229
-0.739588,0.926514,0.000000,3.345229
-0.781452,0.942627,0.000000,3.345229
-0.730285,0.934571,0.000000,3.345229
-0.758194,0.942627,0.000000,3.345229
-0.730285,0.918458,0.000000,3.345229
-0.786103,0.942627,0.000000,3.345229
-0.781452,0.926514,0.000000,3.345229
-0.762846,0.958741,0.000000,3.345229
-0.748891,0.926514,0.000000,3.345229
-0.818664,0.966797,0.000000,3.345229
-0.786103,0.950684,0.000000,3.345229
-0.753543,0.926514,0.000000,3.345229
-0.781452,0.934571,0.000000,3.345229
-0.767497,0.942627,0.000000,3.345229
-0.776800,0.934571,0.000000,3.345229
-0.767497,0.934571,0.000000,3.345229
-0.762846,0.934571,0.000000,3.345229
-0.758194,0.934571,0.000000,3.345229
-0.762846,0.934571,0.000000,3.345229
-0.753543,0.918458,0.000000,3.345229
-0.753543,0.910401,0.000000,3.345229
-0.707028,0.918458,0.000000,3.345229
-0.753543,0.910401,0.000000,3.345229
-0.734937,0.934571,0.000000,3.345229
-0.753543,0.926514,0.000000,3.345229
-0.781452,0.942627,0.000000,3.345229
-0.748891,0.918458,0.000000,3.345229
-0.753543,0.910401,0.000000,3.345229
-0.758194,0.942627,0.000000,3.345229
-0.762846,0.942627,0.000000,3.345229
-0.758194,0.918458,0.000000,3.345229
-0.786103,0.926514,0.000000,3.345229
-0.781452,0.942627,0.000000,3.345229
-0.781452,0.942627,0.000000,3.345229
-0.786103,0.934571,0.000000,3.345229
-0.781452,0.942627,0.000000,3.345229
-0.781452,0.950684,0.000000,3.345229
-0.753543,0.926514,0.000000,3.345229
-0.748891,0.918458,0.000000,3.345229
-0.734937,0.934571,0.000000,3.345229
-0.823315,0.950684,0.000000,3.345229
-0.758194,0.942627,0.000000,3.345229
-0.739588,0.926514,0.000000,3.345229
-0.781452,0.942627,0.000000,3.345229
-0.734937,0.926514,0.000000,3.345229
-0.734937,0.918458,0.000000,3.345229
-0.739588,0.934571,0.000000,3.345229
-0.762846,0.934571,0.000000,3.345229
-0.758194,0.934571,0.000000,3.345229
-0.753543,0.926514,0.000000,3.345229
-0.786103,0.942627,0.000000,3.345229
-0.730285,0.918458,0.000000,3.345229
-0.734937,0.918458,0.000000,3.345229
-0.739588,0.934571,0.000000,3.345229
-0.730285,0.910401,0.000000,3.345229
-0.739588,0.918458,0.000000,3.345229
-0.730285,0.926514,0.000000,3.345229
-0.748891,0.926514,0.000000,3.345229
-0.748891,0.910401,0.000000,3.345229
-0.758194,0.934571,0.000000,3.345229
-0.762846,0.926514,0.000000,3.345229
-0.758194,0.934571,0.000000,3.345229
-0.748891,0.926514,0.000000,3.345229
-0.734937,0.926514,0.000000,3.345229
-0.762846,0.934571,0.000000,3.345229
-0.753543,0.926514,0.000000,3.345229
-0.762846,0.934571,0.000000,3.345229
-0.776800,0.926514,0.000000,3.345229
-0.786103,0.926514,0.000000,3.345229
-0.748891,0.926514,0.000000,3.345229
-0.776800,0.934571,0.000000,3.345229
-0.762846,0.934571,0.000000,3.345229
-0.786103,0.942627,0.000000,3.345229
-0.790755,0.926514,0.000000,3.345229
-0.730285,0.910401,0.000000,3.345229
-0.734937,0.934571,0.000000,3.345229
-0.795406,0.966797,0.000000,3.345229
-0.762846,0.934571,0.000000,3.345229
-0.776800,0.942627,0.000000,3.345229
-0.734937,0.926514,0.000000,3.345229
-0.781452,0.934571,0.000000,3.345229
-0.762846,0.934571,0.000000,3.345229
-0.725634,0.926514,0.000000,3.345229
-0.753543,0.934571,0.000000,3.345229
-0.758194,0.942627,0.000000,3.345229
-0.758194,0.934571,0.000000,3.345229
-0.730285,0.918458,0.000000,3.345229
-0.762846,0.934571,0.000000,3.345229
-0.734937,0.926514,0.000000,3.345229
-0.781452,0.934571,0.000000,3.345229
-0.739588,0.926514,0.000000,3.345229
-0.707028,0.918458,0.000000,3.345229
-0.744240,0.910401,0.000000,3.345229
-0.776800,0.958741,0.000000,3.345229
-0.762846,0.918458,0.000000,3.345229
-0.781452,0.942627,0.000000,3.345229
-0.730285,0.918458,0.000000,3.345229
-0.753543,0.934571,0.000000,3.345229
-0.730285,0.918458,0.000000,3.345229
-0.748891,0.918458,0.000000,3.345229
-0.758194,0.926514,0.000000,3.345229
-0.748891,0.926514,0.000000,3.345229
-0.776800,0.942627,0.000000,3.345229
-0.786103,0.926514,0.000000,3.345229
-0.781452,0.934571,0.000000,3.345229
-0.758194,0.934571,0.000000,3.345229
-0.758194,0.926514,0.000000,3.345229
-0.758194,0.926514,0.000000,3.345229
-0.758194,0.942627,0.000000,3.345229
-0.762846,0.942627,0.000000,3.345229
-0.734937,0.926514,0.000000,3.345229
-0.734937,0.918458,0.000000,3.345229
-0.753543,0.934571,0.000000,3.345229
-0.753543,0.918458,0.000000,3.345229
-0.739588,0.926514,0.000000,3.345229
-0.762846,0.950684,0.000000,3.345229
-0.725634,0.910401,0.000000,3.345229
-0.758194,0.942627,0.000000,3.345229
-0.758194,0.918458,0.000000,3.345229
-0.739588,0.926514,0.000000,3.345229
-0.758194,0.926514,0.000000,3.345229
-0.767497,0.942627,0.000000,3.345229
-0.734937,0.926514,0.000000,3.345229
-0.734937,0.934571,0.000000,3.345229
-0.767497,0.950684,0.000000,3.345229
-0.748891,0.918458,0.000000,3.345229
-0.730285,0.926514,0.000000,3.345229
-0.739588,0.926514,0.000000,3.345229
-0.753543,0.942627,0.000000,3.345229
-0.758194,0.934571,0.000000,3.345229
-0.739588,0.926514,0.000000,3.345229
-0.730285,0.926514,0.000000,3.345229
-0.753543,0.934571,0.000000,3.345229
-0.748891,0.926514,0.000000,3.345229
-0.758194,0.934571,0.000000,3.345229
-0.758194,0.926514,0.000000,3.345229
-0.786103,0.942627,0.000000,3.345229
-0.767497,0.934571,0.000000,3.345229
-0.762846,0.926514,0.000000,3.345229
-0.762846,0.942627,0.000000,3.345229
-0.753543,0.934571,0.000000,3.345229
-0.748891,0.918458,0.000000,3.345229
-0.753543,0.910401,0.000000,3.345229
-0.734937,0.942627,0.000000,3.345229
-0.786103,0.942627,0.000000,3.345229
-0.762846,0.934571,0.000000,3.345229
-0.753543,0.918458,0.000000,3.345229
-0.753543,0.926514,0.000000,3.345229
-0.725634,0.910401,0.000000,3.345229
-0.730285,0.910401,0.000000,3.345229
-0.730285,0.918458,0.000000,3.345229
-0.753543,0.934571,0.000000,3.345229
-0.758194,0.942627,0.000000,3.345229
-0.748891,0.926514,0.000000,3.345229
-0.753543,0.934571,0.000000,3.345229
-0.758194,0.942627,0.000000,3.345229
-0.786103,0.942627,0.000000,3.345229
-0.762846,0.934571,0.000000,3.345229
-0.748891,0.918458,0.000000,3.345229
-0.758194,0.942627,0.000000,3.345229
-0.786103,0.934571,0.000000,3.345229
-0.725634,0.910401,0.000000,3.345229
-0.786103,0.926514,0.000000,3.345229
-0.767497,0.934571,0.000000,3.345229
-0.730285,0.918458,0.000000,3.345229
-0.730285,0.934571,0.000000,3.345229
-0.781452,0.934571,0.000000,3.345229
-0.748891,0.910401,0.000000,3.345229
-0.748891,0.910401,0.000000,3.345229
-0.758194,0.958741,0.000000,3.345229
-0.781452,0.942627,0.000000,3.345229
-0.767497,0.942627,0.000000,3.345229
-0.748891,0.918458,0.000000,3.345229
-0.730285,0.926514,0.000000,3.345229
-0.725634,0.910401,0.000000,3.345229
-0.753543,0.918458,0.000000,3.345229
-0.767497,0.950684,0.000000,3.345229
-0.730285,0.918458,0.000000,3.345229
-0.753543,0.934571,0.000000,3.345229
-0.781452,0.942627,0.000000,3.345229
-0.781452,0.942627,0.000000,3.345229
-0.753543,0.926514,0.000000,3.345229
-0.776800,0.910401,0.000000,3.345229
-0.786103,0.942627,0.000000,3.345229
-0.753543,0.926514,0.000000,3.345229
-0.753543,0.918458,0.000000,3.345229
-0.781452,0.926514,0.000000,3.345229
-0.758194,0.934571,0.000000,3.345229
-0.767497,0.950684,0.000000,3.345229
-0.730285,0.910401,0.000000,3.345229
-0.730285,0.926514,0.000000,3.345229
-0.762846,0.942627,0.000000,3.345229
-0.758194,0.934571,0.000000,3.345229
-0.734937,0.926514,0.000000,3.345229
-0.730285,0.926514,0.000000,3.345229
-0.762846,0.942627,0.000000,3.345229
-0.762846,0.934571,0.000000,3.345229
-0.776800,0.926514,0.000000,3.345229
-0.734937,0.918458,0.000000,3.345229
-0.762846,0.942627,0.000000,3.345229
-0.739588,0.934571,0.000000,3.345229
-0.734937,0.918458,0.000000,3.345229
-0.762846,0.942627,0.000000,3.345229
-0.739588,0.942627,0.000000,3.345229
-0.753543,0.918458,0.000000,3.345229
-0.753543,0.910401,0.000000,3.345229
-0.762846,0.942627,0.000000,3.345229
-0.739588,0.942627,0.000000,3.345229
-0.758194,0.934571,0.000000,3.345229
-0.767497,0.958741,0.000000,3.345229
-0.758194,0.926514,0.000000,3.345229
-0.744240,0.918458,0.000000,3.345229
-0.739588,0.934571,0.000000,3.345229
-0.758194,0.942627,0.000000,3.345229
-0.758194,0.918458,0.000000,3.345229
-0.758194,0.934571,0.000000,3.345229
-0.734937,0.934571,0.000000,3.345229
-0.739588,0.934571,0.000000,3.345229
-0.781452,0.934571,0.000000,3.345229
-0.725634,0.910401,0.000000,3.345229
-0.786103,0.942627,0.000000,3.345229
-0.786103,0.950684,0.000000,3.345229
-0.762846,0.950684,0.000000,3.345229
-0.734937,0.926514,0.000000,3.345229
-0.762846,0.926514,0.000000,3.345229
-0.786103,0.942627,0.000000,3.345229
-0.823315,0.958741,0.000000,3.345229
-0.758194,0.942627,0.000000,3.345229
-0.748891,0.918458,0.000000,3.345229
-0.781452,0.934571,0.000000,3.345229
-0.739588,0.934571,0.000000,3.345229
-0.748891,0.926514,0.000000,3.345229
-0.758194,0.942627,0.000000,3.345229
-0.730285,0.934571,0.000000,3.345229
-0.762846,0.950684,0.000000,3.345229
-0.781452,0.942627,0.000000,3.345229
-0.758194,0.934571,0.000000,3.345229
-0.786103,0.958741,0.000000,3.345229
-0.734937,0.926514,0.000000,3.345229
-0.758194,0.942627,0.000000,3.345229
-0.753543,0.934571,0.000000,3.345229
-0.753543,0.926514,0.000000,3.345229
-0.725634,0.902344,0.000000,3.345229
-0.734937,0.910401,0.000000,3.345229
-0.734937,0.926514,0.000000,3.345229
-0.753543,0.918458,0.000000,3.345229
-0.758194,0.926514,0.000000,3.345229
-0.739588,0.926514,0.000000,3.345229
-0.744240,0.934571,0.000000,3.345229
-0.772149,0.918458,0.000000,3.345229
-0.753543,0.926514,0.000000,3.345229
-0.758194,0.942627,0.000000,3.345229
-0.762846,0.934571,0.000000,3.345229
-0.744240,0.910401,0.000000,3.345229
-0.739588,0.918458,0.000000,3.345229
-0.758194,0.934571,0.000000,3.345229
-0.776800,0.918458,0.000000,3.345229
-0.762846,0.934571,0.000000,3.345229
-0.748891,0.910401,0.000000,3.345229
-0.762846,0.934571,0.000000,3.345229
-0.753543,0.918458,0.000000,3.345229
-0.730285,0.942627,0.000000,3.345229
-0.758194,0.934571,0.000000,3.345229
-0.762846,0.942627,0.000000,3.345229
-0.786103,0.942627,0.000000,3.345229
-0.767497,0.950684,0.000000,3.345229
-0.730285,0.918458,0.000000,3.345229
-0.762846,0.926514,0.000000,3.345229
-0.762846,0.926514,0.000000,3.345229
-0.753543,0.926514,0.000000,3.345229
-0.725634,0.910401,0.000000,3.345229
-0.762846,0.926514,0.000000,3.345229
-0.730285,0.918458,0.000000,3.345229
-0.739588,0.934571,0.000000,3.345229
-0.762846,0.942627,0.000000,3.345229
-0.762846,0.950684,0.000000,3.345229
-0.758194,0.942627,0.000000,3.345229
-0.762846,0.942627,0.000000,3.345229
-0.776800,0.918458,0.000000,3.345229
-0.781452,0.934571,0.000000,3.345229
-0.762846,0.942627,0.000000,3.345229
-0.748891,0.918458,0.000000,3.345229
-0.711679,0.918458,0.000000,3.345229
-0.772149,0.918458,0.000000,3.345229
-0.758194,0.942627,0.000000,3.345229
-0.758194,0.926514,0.000000,3.345229
-0.776800,0.918458,0.000000,3.345229
-0.758194,0.942627,0.000000,3.345229
-0.725634,0.918458,0.000000,3.345229
-0.758194,0.926514,0.000000,3.345229
-0.762846,0.934571,0.000000,3.345229
-0.748891,0.926514,0.000000,3.345229
-0.776800,0.934571,0.000000,3.345229
-0.786103,0.934571,0.000000,3.345229
-0.772149,0.934571,0.000000,3.345229
-0.786103,0.934571,0.000000,3.345229
-0.734937,0.926514,0.000000,3.345229
-0.758194,0.934571,0.000000,3.345229
-0.748891,0.918458,0.000000,3.345229
-0.730285,0.926514,0.000000,3.345229
-0.781452,0.950684,0.000000,3.345229
-0.753543,0.926514,0.000000,3.345229
-0.786103,0.942627,0.000000,3.345229
-0.776800,0.942627,0.000000,3.345229
-0.753543,0.926514,0.000000,3.345229
-0.734937,0.926514,0.000000,3.345229
-0.767497,0.926514,0.000000,3.345229
-0.753543,0.926514,0.000000,3.345229
-0.720982,0.902344,0.000000,3.345229
-0.753543,0.918458,0.000000,3.345229
-0.753543,0.910401,0.000000,3.345229
-0.734937,0.926514,0.000000,3.345229
-0.762846,0.934571,0.000000,3.345229
-0.758194,0.934571,0.000000,3.345229
-0.730285,0.910401,0.000000,3.345229
-0.734937,0.926514,0.000000,3.345229
-0.762846,0.926514,0.000000,3.345229
-0.758194,0.926514,0.000000,3.345229
-0.790755,0.958741,0.000000,3.345229
-0.730285,0.926514,0.000000,3.345229
-0.748891,0.918458,0.000000,3.345229
-0.753543,0.926514,0.000000,3.345229
-0.758194,0.918458,0.000000,3.345229
-0.730285,0.926514,0.000000,3.345229
-0.730285,0.926514,0.000000,3.345229
-0.781452,0.918458,0.000000,3.345229
-0.781452,0.950684,0.000000,3.345229
-0.762846,0.934571,0.000000,3.345229
-0.734937,0.926514,0.000000,3.345229
-0.739588,0.926514,0.000000,3.345229
-0.739588,0.926514,0.000000,3.345229
-0.776800,0.934571,0.000000,3.345229
-0.753543,0.910401,0.000000,3.345229
-0.734937,0.926514,0.000000,3.345229
-0.730285,0.926514,0.000000,3.345229
-0.762846,0.942627,0.000000,3.345229
-0.753543,0.926514,0.000000,3.345229
-0.734937,0.934571,0.000000,3.345229
-0.762846,0.942627,0.000000,3.345229
-0.730285,0.918458,0.000000,3.345229
-0.786103,0.934571,0.000000,3.345229
-0.730285,0.934571,0.000000,3.345229
-0.739588,0.926514,0.000000,3.345229
-0.753543,0.934571,0.000000,3.345229
-0.762846,0.942627,0.000000,3.345229
-0.730285,0.926514,0.000000,3.345229
-0.762846,0.934571,0.000000,3.345229
-0.753543,0.926514,0.000000,3.345229
-0.739588,0.926514,0.000000,3.345229
-0.748891,0.934571,0.000000,3.345229
-0.748891,0.918458,0.000000,3.345229
-0.781452,0.950684,0.000000,3.345229
-0.734937,0.918458,0.000000,3.345229
-0.762846,0.942627,0.000000,3.345229
-0.744240,0.934571,0.000000,3.345229
-0.786103,0.934571,0.000000,3.345229
-0.753543,0.926514,0.000000,3.345229
-0.730285,0.926514,0.000000,3.345229
-0.730285,0.926514,0.000000,3.345229
-0.781452,0.934571,0.000000,3.345229
-0.734937,0.926514,0.000000,3.345229
-0.730285,0.934571,0.000000,3.345229
-0.753543,0.926514,0.000000,3.345229
-0.730285,0.918458,0.000000,3.345229
-0.734937,0.926514,0.000000,3.345229
-0.730285,0.926514,0.000000,3.345229
-0.758194,0.934571,0.000000,3.345229
-0.767497,0.950684,0.000000,3.345229
-0.753543,0.934571,0.000000,3.345229
-0.758194,0.942627,0.000000,3.345229
-0.772149,0.942627,0.000000,3.345229
-0.753543,0.934571,0.000000,3.345229
-0.762846,0.950684,0.000000,3.345229
-0.730285,0.926514,0.000000,3.345229
-0.786103,0.950684,0.000000,3.345229
-0.758194,0.934571,0.000000,3.345229
-0.758194,0.942627,0.000000,3.345229
-0.748891,0.918458,0.000000,3.345229
-0.758194,0.934571,0.000000,3.345229
-0.748891,0.918458,0.000000,3.345229
-0.753543,0.918458,0.000000,3.345229
-0.753543,0.918458,0.000000,3.345229
-0.744240,0.950684,0.000000,3.345229
-0.767497,0.958741,0.000000,3.345229
-0.734937,0.918458,0.000000,3.345229
-0.734937,0.926514,0.000000,3.345229
-0.762846,0.942627,0.000000,3.345229
-0.739588,0.942627,0.000000,3.345229
-0.781452,0.950684,0.000000,3.345229
-0.758194,0.926514,0.000000,3.345229
-0.744240,0.942627,0.000000,3.345229
-0.730285,0.926514,0.000000,3.345229
-0.734937,0.926514,0.000000,3.345229
-0.781452,0.942627,0.000000,3.345229
-0.758194,0.926514,0.000000,3.345229
-0.753543,0.926514,0.000000,3.345229
-0.758194,0.926514,0.000000,3.345229
-0.753543,0.926514,0.000000,3.345229
-0.762846,0.942627,0.000000,3.345229
-0.739588,0.942627,0.000000,3.345229
-0.730285,0.918458,0.000000,3.345229
-0.762846,0.926514,0.000000,3.345229
-0.730285,0.934571,0.000000,3.345229
-0.758194,0.942627,0.000000,3.345229
-0.753543,0.910401,0.000000,3.345229
-0.758194,0.934571,0.000000,3.345229
-0.762846,0.934571,0.000000,3.345229
-0.767497,0.934571,0.000000,3.345229
-0.823315,0.934571,0.000000,3.345229
-0.758194,0.926514,0.000000,3.345229
-0.753543,0.926514,0.000000,3.345229
-0.753543,0.918458,0.000000,3.345229
-0.781452,0.934571,0.000000,3.345229
-0.762846,0.950684,0.000000,3.345229
-0.744240,0.942627,0.000000,3.345229
-0.711679,0.926514,0.000000,3.345229
-0.734937,0.910401,0.000000,3.345229
-0.762846,0.934571,0.000000,3.345229
-0.753543,0.926514,0.000000,3.345229
-0.758194,0.926514,0.000000,3.345229
-0.734937,0.950684,0.000000,3.345229
-0.767497,0.958741,0.000000,3.345229
-0.758194,0.934571,0.000000,3.345229
-0.748891,0.934571,0.000000,3.345229
-0.758194,0.942627,0.000000,3.345229
-0.753543,0.926514,0.000000,3.345229
-0.730285,0.902344,0.000000,3.345229
-0.725634,0.910401,0.000000,3.345229
-0.786103,0.950684,0.000000,3.345229
-0.762846,0.942627,0.000000,3.345229
-0.786103,0.950684,0.000000,3.345229
-0.758194,0.918458,0.000000,3.345229
-0.734937,0.926514,0.000000,3.345229
-0.762846,0.934571,0.000000,3.345229
-0.725634,0.910401,0.000000,3.345229
-0.781452,0.934571,0.000000,3.345229
-0.781452,0.926514,0.000000,3.345229
-0.758194,0.926514,0.000000,3.345229
-0.758194,0.934571,0.000000,3.345229
-0.781452,0.934571,0.000000,3.345229
-0.734937,0.926514,0.000000,3.345229
-0.758194,0.934571,0.000000,3.345229
-0.772149,0.934571,0.000000,3.345229
-0.762846,0.958741,0.000000,3.345229
-0.758194,0.934571,0.000000,3.345229
-0.730285,0.918458,0.000000,3.345229
-0.758194,0.942627,0.000000,3.345229
-0.786103,0.942627,0.000000,3.345229
-0.762846,0.934571,0.000000,3.345229
-0.734937,0.926514,0.000000,3.345229
-0.734937,0.910401,0.000000,3.345229
-0.730285,0.910401,0.000000,3.345229
-0.758194,0.926514,0.000000,3.345229
-0.786103,0.950684,0.000000,3.345229
-0.786103,0.934571,0.000000,3.345229
-0.730285,0.918458,0.000000,3.345229
-0.734937,0.926514,0.000000,3.345229
-0.730285,0.926514,0.000000,3.345229
-0.781452,0.934571,0.000000,3.345229
-0.744240,0.934571,0.000000,3.345229
-0.772149,0.926514,0.000000,3.345229
-0.734937,0.918458,0.000000,3.345229
-0.734937,0.926514,0.000000,3.345229
-0.725634,0.910401,0.000000,3.345229
-0.753543,0.926514,0.000000,3.345229
-0.739588,0.934571,0.000000,3.345229
-0.725634,0.910401,0.000000,3.345229
-0.739588,0.926514,0.000000,3.345229
-0.753543,0.934571,0.000000,3.345229
-0.748891,0.918458,0.000000,3.345229
-0.734937,0.934571,0.000000,3.345229
-0.730285,0.926514,0.000000,3.345229
-0.758194,0.934571,0.000000,3.345229
-0.786103,0.942627,0.000000,3.345229
-0.758194,0.934571,0.000000,3.345229
-0.762846,0.934571,0.000000,3.345229
-0.725634,0.918458,0.000000,3.345229
-0.762846,0.942627,0.000000,3.345229
-0.762846,0.942627,0.000000,3.345229
-0.786103,0.958741,0.000000,3.345229
-0.739588,0.934571,0.000000,3.345229
-0.781452,0.926514,0.000000,3.345229
-0.762846,0.934571,0.000000,3.345229
-0.730285,0.918458,0.000000,3.345229
-0.730285,0.910401,0.000000,3.345229
-0.762846,0.950684,0.000000,3.345229
-0.758194,0.934571,0.000000,3.345229
-0.758194,0.942627,0.000000,3.345229
-0.725634,0.910401,0.000000,3.345229
-0.786103,0.950684,0.000000,3.345229
-0.748891,0.918458,0.000000,3.345229
-0.744240,0.918458,0.000000,3.345229
-0.730285,0.926514,0.000000,3.345229
-0.739588,0.934571,0.000000,3.345229
-0.734937,0.910401,0.000000,3.345229
-0.762846,0.950684,0.000000,3.345229
-0.730285,0.918458,0.000000,3.345229
-0.730285,0.934571,0.000000,3.345229
-0.758194,0.934571,0.000000,3.345229
-0.753543,0.918458,0.000000,3.345229
-0.776800,0.918458,0.000000,3.345229
-0.758194,0.926514,0.000000,3.345229
-0.758194,0.958741,0.000000,3.345229
-0.762846,0.934571,0.000000,3.345229
-0.753543,0.934571,0.000000,3.345229
-0.758194,0.934571,0.000000,3.345229
-0.753543,0.926514,0.000000,3.345229
-0.781452,0.934571,0.000000,3.345229
-0.739588,0.926514,0.000000,3.345229
-0.758194,0.950684,0.000000,3.345229
-0.734937,0.934571,0.000000,3.345229
-0.753543,0.926514,0.000000,3.345229
-0.734937,0.926514,0.000000,3.345229
-0.748891,0.918458,0.000000,3.345229
-0.762846,0.926514,0.000000,3.345229
-0.758194,0.926514,0.000000,3.345229
-0.753543,0.918458,0.000000,3.345229
-0.781452,0.942627,0.000000,3.345229
-0.762846,0.942627,0.000000,3.345229
-0.734937,0.926514,0.000000,3.345229
-0.730285,0.910401,0.000000,3.345229
-0.739588,0.934571,0.000000,3.345229
-0.730285,0.934571,0.000000,3.345229
-0.730285,0.918458,0.000000,3.345229
-0.739588,0.926514,0.000000,3.345229
-0.753543,0.926514,0.000000,3.345229
-0.753543,0.918458,0.000000,3.345229
-0.734937,0.926514,0.000000,3.345229
-0.762846,0.950684,0.000000,3.345229
-0.758194,0.894288,0.000000,3.345229
-0.776800,0.926514,0.000000,3.345229
-0.753543,0.934571,0.000000,3.345229
-0.753543,0.934571,0.000000,3.345229
-0.786103,0.958741,0.000000,3.345229
-0.758194,0.950684,0.000000,3.345229
-0.758194,0.934571,0.000000,3.345229
-0.781452,0.942627,0.000000,3.345229
-0.758194,0.926514,0.000000,3.345229
-0.753543,0.934571,0.000000,3.345229
-0.753543,0.934571,0.000000,3.345229
-0.720982,0.910401,0.000000,3.345229
-0.758194,0.942627,0.000000,3.345229
-0.720982,0.910401,0.000000,3.345229
-0.730285,0.926514,0.000000,3.345229
-0.739588,0.926514,0.000000,3.345229
-0.776800,0.934571,0.000000,3.345229
-0.720982,0.910401,0.000000,3.345229
-0.739588,0.950684,0.000000,3.345229
-0.734937,0.934571,0.000000,3.345229
-0.762846,0.942627,0.000000,3.345229
-0.762846,0.942627,0.000000,3.345229
-0.748891,0.918458,0.000000,3.345229
-0.725634,0.918458,0.000000,3.345229
-0.776800,0.934571,0.000000,3.345229
-0.734937,0.918458,0.000000,3.345229
-0.786103,0.942627,0.000000,3.345229
-0.753543,0.942627,0.000000,3.345229
-0.748891,0.926514,0.000000,3.345229
-0.758194,0.934571,0.000000,3.345229
-0.762846,0.926514,0.000000,3.345229
-0.781452,0.942627,0.000000,3.345229
-0.739588,0.926514,0.000000,3.345229
-0.758194,0.934571,0.000000,3.345229
-0.748891,0.926514,0.000000,3.345229
-0.762846,0.942627,0.000000,3.345229
-0.762846,0.926514,0.000000,3.345229
-0.730285,0.910401,0.000000,3.345229
-0.767497,0.950684,0.000000,3.345229
-0.748891,0.942627,0.000000,3.345229
-0.734937,0.926514,0.000000,3.345229
-0.762846,0.934571,0.000000,3.345229
-0.758194,0.934571,0.000000,3.345229
-0.725634,0.910401,0.000000,3.345229
-0.748891,0.926514,0.000000,3.345229
-0.734937,0.942627,0.000000,3.345229
-0.762846,0.934571,0.000000,3.345229
-0.758194,0.942627,0.000000,3.345229
-0.734937,0.934571,0.000000,3.345229
-0.753543,0.926514,0.000000,3.345229
-0.748891,0.926514,0.000000,3.345229
-0.781452,0.942627,0.000000,3.345229
-0.753543,0.926514,0.000000,3.345229
-0.781452,0.942627,0.000000,3.345229
-0.762846,0.934571,0.000000,3.345229
-0.725634,0.918458,0.000000,3.345229
-0.762846,0.950684,0.000000,3.345229
-0.739588,0.950684,0.000000,3.345229
-0.758194,0.942627,0.000000,3.345229
-0.762846,0.934571,0.000000,3.345229
-0.730285,0.926514,0.000000,3.345229
-0.734937,0.934571,0.000000,3.345229
-0.725634,0.918458,0.000000,3.345229
-0.781452,0.942627,0.000000,3.345229
-0.781452,0.942627,0.000000,3.345229
-0.748891,0.934571,0.000000,3.345229
-0.753543,0.926514,0.000000,3.345229
-0.762846,0.950684,0.000000,3.345229
-0.734937,0.934571,0.000000,3.345229
-0.753543,0.910401,0.000000,3.345229
-0.734937,0.934571,0.000000,3.345229
-0.725634,0.910401,0.000000,3.345229
-0.758194,0.934571,0.000000,3.345229
-0.758194,0.942627,0.000000,3.345229
-0.730285,0.918458,0.000000,3.345229
-0.720982,0.910401,0.000000,3.345229
-0.739588,0.934571,0.000000,3.345229
-0.744240,0.942627,0.000000,3.345229
-0.725634,0.926514,0.000000,3.345229
-0.781452,0.942627,0.000000,3.345229
-0.753543,0.926514,0.000000,3.345229
-0.748891,0.934571,0.000000,3.345229
-0.776800,0.934571,0.000000,3.345229
-0.734937,0.918458,0.000000,3.345229
-0.730285,0.926514,0.000000,3.345229
-0.781452,0.934571,0.000000,3.345229
-0.781452,0.942627,0.000000,3.345229
-0.734937,0.934571,0.000000,3.345229
-0.758194,0.942627,0.000000,3.345229
-0.762846,0.958741,0.000000,3.345229
-0.734937,0.926514,0.000000,3.345229
-0.776800,0.934571,0.000000,3.345229
-0.730285,0.918458,0.000000,3.345229
-0.753543,0.918458,0.000000,3.345229
-0.734937,0.926514,0.000000,3.345229
-0.734937,0.942627,0.000000,3.345229
-0.753543,0.926514,0.000000,3.345229
-0.758194,0.942627,0.000000,3.345229
-0.734937,0.926514,0.000000,3.345229
-0.748891,0.926514,0.000000,3.345229
-0.758194,0.926514,0.000000,3.345229
-0.748891,0.918458,0.000000,3.345229
-0.753543,0.926514,0.000000,3.345229
-0.730285,0.926514,0.000000,3.345229
-0.739588,0.942627,0.000000,3.345229
-0.790755,0.942627,0.000000,3.345229
-0.758194,0.934571,0.000000,3.345229
-0.781452,0.926514,0.000000,3.345229
-0.730285,0.918458,0.000000,3.345229
-0.734937,0.918458,0.000000,3.345229
-0.758194,0.910401,0.000000,3.345229
-0.762846,0.942627,0.000000,3.345229
-0.734937,0.926514,0.000000,3.345229
-0.781452,0.942627,0.000000,3.345229
-0.753543,0.926514,0.000000,3.345229
-0.730285,0.926514,0.000000,3.345229
-0.758194,0.934571,0.000000,3.345229
-0.758194,0.934571,0.000000,3.345229
-0.823315,0.942628,0.000000,3.345229
-0.739588,0.910401,0.000000,3.345229
-0.758194,0.950684,0.000000,3.345229
-0.772149,0.958741,0.000000,3.345229
-0.758194,0.934571,0.000000,3.345229
-0.758194,0.934571,0.000000,3.345229
-0.753543,0.918458,0.000000,3.345229
-0.786103,0.942627,0.000000,3.345229
-0.758194,0.942627,0.000000,3.345229
-0.781452,0.942627,0.000000,3.345229
-0.758194,0.942627,0.000000,3.345229
-0.786103,0.926514,0.000000,3.345229
-0.762846,0.942627,0.000000,3.345229
-0.786103,0.942627,0.000000,3.345229
-0.730285,0.926514,0.000000,3.345229
-0.739588,0.926514,0.000000,3.345229
-0.758194,0.934571,0.000000,3.345229
-0.758194,0.950684,0.000000,3.345229
-0.739588,0.926514,0.000000,3.345229
-0.725634,0.910401,0.000000,3.345229
-0.814012,0.942627,0.000000,3.345229
-0.753543,0.926514,0.000000,3.345229
-0.730285,0.934571,0.000000,3.345229
-0.748891,0.910401,0.000000,3.345229
-0.734937,0.926514,0.000000,3.345229
-0.725634,0.918458,0.000000,3.345229
-0.772149,0.910401,0.000000,3.345229
-0.753543,0.918458,0.000000,3.345229
-0.744240,0.902344,0.000000,3.345229
-0.720982,0.910401,0.000000,3.345229
-0.734937,0.910401,0.000000,3.345229
-0.748891,0.918458,0.000000,3.345229
-0.762846,0.934571,0.000000,3.345229
-0.744240,0.910401,0.000000,3.345229
-0.725634,0.918458,0.000000,3.345229
-0.767497,0.918458,0.000000,3.345229
-0.758194,0.926514,0.000000,3.345229
-0.753543,0.910401,0.000000,3.345229
-0.725634,0.910401,0.000000,3.345229
-0.720982,0.910401,0.000000,3.345229
-0.753543,0.942627,0.000000,3.345229
-0.730285,0.910401,0.000000,3.345229
-0.730285,0.910401,0.000000,3.345229
-0.707028,0.910401,0.000000,3.345229
-0.720982,0.902344,0.000000,3.345229
-0.720982,0.902344,0.000000,3.345229
-0.702376,0.886231,0.000000,3.345229
-0.716331,0.886231,0.000000,3.345229
-0.679119,0.862061,0.000000,3.345229
-0.679119,0.845948,0.000000,3.345229
-0.669816,0.829834,0.000000,3.345229
-0.637255,0.765381,0.000000,3.345229
-0.623301,0.700928,0.000000,3.345229
-0.600043,0.652588,0.000000,3.345229
-0.590740,0.563965,0.000000,3.345229
-0.613998,0.475342,0.000000,3.345229
-0.632604,0.410889,0.000000,3.345229
-0.655862,0.346436,0.000000,3.345229
-0.716331,0.273926,0.000000,3.345229
-0.790755,0.217530,0.000000,3.345229
-0.920997,0.185303,0.000000,3.345229
-1.121012,0.169190,0.000000,3.345229
-0.930300,0.169190,0.000000,3.345229
-1.000073,0.153077,0.000000,3.345229
-1.409405,0.136964,0.000000,3.345229
-1.548950,0.136964,0.000000,3.345229
-1.521041,0.145021,0.000000,3.345229
-1.637329,0.136964,0.000000,3.345229
-1.683844,0.145021,0.000000,3.345229
-1.674541,0.145021,0.000000,3.345229
-1.637329,0.145021,0.000000,3.345229
-1.600117,0.136964,0.000000,3.345229
-1.530344,0.040284,0.000000,3.345229
-1.293118,-0.024169,0.000000,3.345229
-1.162876,-0.056396,0.000000,3.345229
-0.613999,-0.153076,0.000000,3.345229
-0.548878,-0.273925,0.000000,3.345229
-0.348863,-0.539795,0.000000,3.345229
-0.307000,-0.821777,0.000000,3.345229
-0.307000,-1.144043,0.000000,3.345229
0.023256,-1.385742,0.000000,3.345229
-0.367470,-1.627441,0.000000,3.345229
-0.297698,-1.796630,0.000000,3.345229
-0.376773,-1.941650,0.000000,3.345229
-0.376773,-2.030273,0.000000,3.345229
-0.358167,-2.078613,0.000000,3.345229
-0.330258,-2.102783,0.000000,3.345229
-0.344213,-2.022216,0.000000,3.345229
-0.358167,-1.925537,0.000000,3.345229
-0.269789,-1.740234,0.000000,3.345229
-0.302349,-1.490478,0.000000,3.345229
0.116287,-1.208496,0.000000,3.345229
-0.032561,-0.950683,0.000000,3.345229
0.251180,-0.845947,0.000000,3.345229
0.460498,-0.958740,0.000000,3.345229
0.502361,-1.248780,0.000000,3.345229
0.981466,-1.514649,0.000000,3.345229
1.009375,-1.740235,0.000000,3.345229
0.934950,-1.901368,0.000000,3.345229
0.995420,-1.998047,0.000000,3.345229
1.041935,-2.014161,0.000000,3.345229
-1.113611,1.991013,0.000000,3.345229
-1.151910,1.839650,0.000000,3.345229
-1.154887,1.677119,0.000000,3.345229
-1.217005,1.414104,0.000000,3.345229
-1.093946,1.143152,0.000000,3.345229
-1.254774,0.780072,0.000000,3.345229
-0.742441,0.647589,0.000000,3.345229
-0.779516,0.283691,0.000000,3.345229
-0.725156,0.001078,0.000000,3.345229
-0.721083,-0.271717,0.000000,3.345229
-0.832565,-0.474820,0.000000,3.345229
-0.835419,-0.600370,0.000000,3.345229
-1.280935,-1.085798,0.000000,3.345229
-1.036362,-1.016228,0.000000,3.345229
-1.141344,-1.263840,0.000000,3.345229
-1.113533,-1.380207,0.000000,3.345229
-1.028937,-1.492084,0.000000,3.345229
-0.945088,-1.656152,0.000000,3.345229
-0.899115,-1.750386,0.000000,3.345229
-0.844132,-1.849911,0.000000,3.345229
-0.701420,-1.803830,0.000000,3.345229
-0.588952,-1.725798,0.000000,3.345229
-0.450972,-1.642470,0.000000,3.345229
-0.315437,-1.551346,0.000000,3.345229
-0.124261,-1.306197,0.000000,3.345229
-0.049086,-1.257219,0.000000,3.345229
0.144695,-0.728570,0.000000,3.345229
0.258888,-0.688584,0.000000,3.345229
0.444596,-0.528969,0.000000,3.345229
0.645135,-0.419564,0.000000,3.345229
0.877677,-0.380411,0.000000,3.345229
1.052489,-0.306842,0.000000,3.345229
1.196787,-0.290396,0.000000,3.345229
1.393121,-0.697916,0.000000,3.345229
1.465381,-0.559527,0.000000,3.345229
1.501217,-0.562949,0.000000,3.345229
1.520039,-0.492771,0.000000,3.345229
1.525242,-0.476422,0.000000,3.345229
1.520668,-0.578032,0.000000,3.345229
1.498398,-0.476339,0.000000,3.345229
1.489598,-0.581107,0.000000,3.345229
1.483245,-0.578644,0.000000,3.345229
1.490511,-0.477984,0.000000,3.345229
1.472199,-0.588095,0.000000,3.345229
1.476320,-0.643831,0.000000,3.345229
1.438619,-0.571937,0.000000,3.345229
1.456995,-0.664404,0.000000,3.345229
1.431543,-0.659613,0.000000,3.345229
1.415929,-0.705973,0.000000,3.345229
1.388289,-0.717607,0.000000,3.345229
1.334122,-0.667307,0.000000,3.345229
1.273317,-0.479525,0.000000,3.345229
1.299308,-0.654164,0.000000,3.345229
1.300814,-0.663344,0.000000,3.345229
1.247431,-0.481999,0.000000,3.345229
1.252012,-0.476530,0.000000,3.345229
1.209912,-0.290103,0.000000,3.345229
1.257957,-0.474033,0.000000,3.345229
1.256680,-0.477409,0.000000,3.345229
1.253475,-0.492114,0.000000,3.345229
1.269416,-0.489762,0.000000,3.345229
1.264766,-0.488757,0.000000,3.345229
1.294713,-0.669203,0.000000,3.345229
1.312420,-0.663201,0.000000,3.345229
1.256500,-0.464845,0.000000,3.345229
1.257957,-0.474033,0.000000,3.345229
1.240043,-0.475293,0.000000,3.345229
1.262066,-0.482951,0.000000,3.345229
1.248003,-0.474053,0.000000,3.345229
1.223334,-0.305417,0.000000,3.345229
1.252796,-0.487513,0.000000,3.345229
1.281640,-0.660216,0.000000,3.345229
1.238059,-0.474022,0.000000,3.345229
1.291358,-0.655468,0.000000,3.345229
1.293997,-0.664607,0.000000,3.345229
1.286037,-0.665847,0.000000,3.345229
1.264062,-0.484159,0.000000,3.345229
1.312420,-0.663201,0.000000,3.345229
1.189829,-0.293383,0.000000,3.345229
1.216842,-0.307890,0.000000,3.345229
1.247431,-0.481999,0.000000,3.345229
1.255394,-0.480780,0.000000,3.345229
1.229506,-0.483141,0.000000,3.345229
1.259557,-0.660685,0.000000,3.345229
1.264640,-0.476169,0.000000,3.345229
1.301825,-0.655262,0.000000,3.345229
1.239467,-0.483218,0.000000,3.345229
1.266073,-0.485361,0.000000,3.345229
1.190592,-0.313147,0.000000,3.345229
1.255964,-0.472813,0.000000,3.345229
1.210374,-0.310399,0.000000,3.345229
1.254099,-0.484149,0.000000,3.345229
1.290411,-0.671545,0.000000,3.345229
1.258485,-0.466062,0.000000,3.345229
1.263358,-0.479561,0.000000,3.345229
1.232927,-0.297668,0.000000,3.345229
1.220865,-0.291530,0.000000,3.345229
1.223482,-0.297528,0.000000,3.345229
1.262655,-0.474964,0.000000,3.345229
1.258485,-0.466062,0.000000,3.345229
1.238763,-0.478620,0.000000,3.345229
1.219409,-0.282341,0.000000,3.345229
1.263358,-0.479561,0.000000,3.345229
1.226446,-0.300155,0.000000,3.345229
1.247431,-0.481999,0.000000,3.345229
1.224149,-0.302132,0.000000,3.345229
1.192082,-0.314555,0.000000,3.345229
1.238763,-0.478620,0.000000,3.345229
1.230198,-0.487741,0.000000,3.345229
1.246727,-0.477401,0.000000,3.345229
1.230889,-0.492341,0.000000,3.345229
1.237474,-0.481944,0.000000,3.345229
1.192536,-0.182954,0.000000,3.345229
1.257957,-0.474033,0.000000,3.345229
1.232082,-0.476534,0.000000,3.345229
1.255964,-0.472813,0.000000,3.345229
1.256098,-0.485378,0.000000,3.345229
1.223334,-0.305417,0.000000,3.345229
1.209820,-0.297950,0.000000,3.345229
1.261375,-0.478352,0.000000,3.345229
1.270033,-0.481754,0.000000,3.345229
1.200059,-0.313422,0.000000,3.345229
1.259414,-0.483221,0.000000,3.345229
1.265186,-0.468177,0.000000,3.345229
1.234285,-0.306871,0.000000,3.345229
1.238763,-0.478620,0.000000,3.345229
1.235127,-0.462005,0.000000,3.345229
1.250151,-0.487841,0.000000,3.345229
1.256098,-0.485378,0.000000,3.345229
1.249272,-0.470700,0.000000,3.345229
1.237474,-0.481944,0.000000,3.345229
1.252716,-0.474949,0.000000,3.345229
1.248003,-0.474053,0.000000,3.345229
1.303006,-0.655275,0.000000,3.345229
1.255394,-0.480780,0.000000,3.345229
1.254691,-0.476182,0.000000,3.345229
1.284401,-0.648737,0.000000,3.345229
1.256680,-0.477409,0.000000,3.345229
1.289594,-0.658933,0.000000,3.345229
1.262066,-0.482951,0.000000,3.345229
1.253408,-0.479549,0.000000,3.345229
1.231965,-0.308889,0.000000,3.345229
1.258485,-0.466062,0.000000,3.345229
1.257396,-0.482005,0.000000,3.345229
1.258686,-0.478627,0.000000,3.345229
1.224121,-0.477774,0.000000,3.345229
1.225636,-0.303445,0.000000,3.345229
1.248719,-0.478649,0.000000,3.345229
1.277219,-0.654650,0.000000,3.345229
1.300877,-0.671457,0.000000,3.345229
1.270619,-0.473745,0.000000,3.345229
1.268651,-0.472554,0.000000,3.345229
1.264062,-0.484159,0.000000,3.345229
1.203355,-0.300518,0.000000,3.345229
1.255394,-0.480780,0.000000,3.345229
1.249272,-0.470700,0.000000,3.345229
1.208337,-0.296594,0.000000,3.345229
1.246727,-0.477401,0.000000,3.345229
1.264062,-0.484159,0.000000,3.345229
1.238763,-0.478620,0.000000,3.345229
1.266439,-0.464779,0.000000,3.345229
1.240043,-0.475293,0.000000,3.345229
1.256098,-0.485378,0.000000,3.345229
1.236618,-0.304839,0.000000,3.345229
1.264640,-0.476169,0.000000,3.345229
1.252716,-0.474949,0.000000,3.345229
1.224837,-0.482370,0.000000,3.345229
1.289594,-0.658933,0.000000,3.345229
1.257957,-0.474033,0.000000,3.345229
1.239467,-0.483218,0.000000,3.345229
1.274427,-0.666091,0.000000,3.345229
1.250815,-0.486271,0.000000,3.345229
1.260087,-0.481735,0.000000,3.345229
1.270619,-0.473745,0.000000,3.345229
1.270619,-0.473745,0.000000,3.345229
1.241475,-0.484485,0.000000,3.345229
1.265186,-0.468177,0.000000,3.345229
1.229506,-0.483141,0.000000,3.345229
1.257396,-0.482005,0.000000,3.345229
1.255394,-0.480780,0.000000,3.345229
1.249435,-0.483245,0.000000,3.345229
1.255964,-0.472813,0.000000,3.345229
1.224149,-0.302132,0.000000,3.345229
1.210686,-0.286855,0.000000,3.345229
1.270619,-0.473745,0.000000,3.345229
1.264062,-0.484159,0.000000,3.345229
1.250159,-0.494233,0.000000,3.345229
1.262066,-0.482951,0.000000,3.345229
1.253408,-0.479549,0.000000,3.345229
1.254099,-0.484149,0.000000,3.345229
1.253287,-0.473167,0.000000,3.345229
1.254099,-0.484149,0.000000,3.345229
1.252025,-0.470349,0.000000,3.345229
1.264062,-0.484159,0.000000,3.345229
1.252534,-0.468577,0.000000,3.345229
1.230799,-0.479839,0.000000,3.345229
1.289594,-0.658933,0.000000,3.345229
1.272601,-0.474929,0.000000,3.345229
1.243318,-0.473220,0.000000,3.345229
1.205938,-0.196763,0.000000,3.345229
1.224957,-0.298844,0.000000,3.345229
1.232123,-0.300977,0.000000,3.345229
1.240874,-0.492414,0.000000,3.345229
1.263358,-0.479561,0.000000,3.345229
1.254099,-0.484149,0.000000,3.345229
1.284949,-0.673895,0.000000,3.345229
1.257396,-0.482005,0.000000,3.345229
1.252716,-0.474949,0.000000,3.345229
1.284245,-0.669297,0.000000,3.345229
1.236201,-0.497787,0.000000,3.345229
1.289594,-0.658933,0.000000,3.345229
1.207104,-0.198132,0.000000,3.345229
1.218478,-0.301353,0.000000,3.345229
1.225482,-0.311339,0.000000,3.345229
1.297548,-0.657650,0.000000,3.345229
1.240043,-0.475293,0.000000,3.345229
1.253283,-0.466986,0.000000,3.345229
1.257229,-0.469439,0.000000,3.345229
1.222835,-0.481058,0.000000,3.345229
1.279846,-0.469092,0.000000,3.345229
1.295777,-0.661130,0.000000,3.345229
1.292111,-0.660058,0.000000,3.345229
1.257957,-0.474033,0.000000,3.345229
1.210616,-0.294701,0.000000,3.345229
1.263449,-0.492151,0.000000,3.345229
1.248134,-0.486597,0.000000,3.345229
1.270619,-0.473745,0.000000,3.345229
1.208337,-0.296594,0.000000,3.345229
1.193886,-0.300345,0.000000,3.345229
1.233606,-0.302269,0.000000,3.345229
1.245441,-0.480746,0.000000,3.345229
1.271322,-0.478343,0.000000,3.345229
1.255964,-0.472813,0.000000,3.345229
1.257779,-0.664064,0.000000,3.345229
1.252796,-0.487513,0.000000,3.345229
1.236176,-0.485263,0.000000,3.345229
1.232206,-0.489035,0.000000,3.345229
1.238856,-0.491144,0.000000,3.345229
1.309203,-0.657531,0.000000,3.345229
1.220078,-0.294807,0.000000,3.345229
1.190503,-0.195748,0.000000,3.345229
1.240170,-0.487816,0.000000,3.345229
1.251272,-0.471937,0.000000,3.345229
1.224816,-0.306735,0.000000,3.345229
1.232927,-0.297668,0.000000,3.345229
1.270619,-0.473745,0.000000,3.345229
1.297548,-0.657650,0.000000,3.345229
1.282346,-0.462214,0.000000,3.345229
1.264062,-0.484159,0.000000,3.345229
1.261375,-0.478352,0.000000,3.345229
1.264140,-0.496751,0.000000,3.345229
1.256802,-0.489976,0.000000,3.345229
1.207658,-0.291992,0.000000,3.345229
1.252117,-0.482911,0.000000,3.345229
1.291358,-0.655468,0.000000,3.345229
1.216176,-0.303287,0.000000,3.345229
1.248838,-0.491195,0.000000,3.345229
1.256098,-0.485378,0.000000,3.345229
1.289594,-0.658933,0.000000,3.345229
1.246727,-0.477401,0.000000,3.345229
1.254099,-0.484149,0.000000,3.345229
1.245504,-0.493290,0.000000,3.345229
1.263358,-0.479561,0.000000,3.345229
1.270033,-0.481754,0.000000,3.345229
1.292209,-0.668078,0.000000,3.345229
1.279135,-0.659059,0.000000,3.345229
1.265915,-0.472771,0.000000,3.345229
1.252025,-0.470349,0.000000,3.345229
1.307037,-0.673750,0.000000,3.345229
1.263001,-0.454395,0.000000,3.345229
1.292111,-0.660058,0.000000,3.345229
1.250531,-0.467345,0.000000,3.345229
1.245504,-0.493290,0.000000,3.345229
1.256680,-0.477409,0.000000,3.345229
1.257229,-0.469439,0.000000,3.345229
1.242841,-0.487426,0.000000,3.345229
1.244146,-0.484087,0.000000,3.345229
1.269342,-0.477154,0.000000,3.345229
1.262655,-0.474964,0.000000,3.345229
1.271687,-0.457727,0.000000,3.345229
1.237474,-0.481944,0.000000,3.345229
1.275329,-0.480698,0.000000,3.345229
1.232123,-0.300977,0.000000,3.345229
1.263924,-0.471573,0.000000,3.345229
1.295777,-0.661130,0.000000,3.345229
1.255394,-0.480780,0.000000,3.345229
1.238611,-0.466101,0.000000,3.345229
1.263358,-0.479561,0.000000,3.345229
1.251334,-0.465750,0.000000,3.345229
1.229506,-0.483141,0.000000,3.345229
1.274033,-0.484121,0.000000,3.345229
1.205712,-0.314162,0.000000,3.345229
1.247431,-0.481999,0.000000,3.345229
1.240043,-0.475293,0.000000,3.345229
1.212023,-0.303897,0.000000,3.345229
1.247287,-0.469457,0.000000,3.345229
1.274033,-0.484121,0.000000,3.345229
1.291358,-0.655468,0.000000,3.345229
1.209129,-0.293350,0.000000,3.345229
1.246727,-0.477401,0.000000,3.345229
1.247431,-0.481999,0.000000,3.345229
1.258485,-0.466062,0.000000,3.345229
1.222680,-0.300812,0.000000,3.345229
1.248134,-0.486597,0.000000,3.345229
1.248003,-0.474053,0.000000,3.345229
1.253987,-0.471584,0.000000,3.345229
1.304463,-0.664463,0.000000,3.345229
1.192736,-0.319161,0.000000,3.345229
1.222680,-0.300812,0.000000,3.345229
1.284605,-0.656655,0.000000,3.345229
1.297548,-0.657650,0.000000,3.345229
1.264062,-0.484159,0.000000,3.345229
1.193076,-0.303548,0.000000,3.345229
1.260766,-0.486336,0.000000,3.345229
1.257229,-0.469439,0.000000,3.345229
1.255394,-0.480780,0.000000,3.345229
1.238763,-0.478620,0.000000,3.345229
1.252117,-0.482911,0.000000,3.345229
1.246132,-0.485346,0.000000,3.345229
1.274600,-0.476104,0.000000,3.345229
1.254099,-0.484149,0.000000,3.345229
1.259966,-0.475247,0.000000,3.345229
1.232789,-0.305581,0.000000,3.345229
1.254691,-0.476182,0.000000,3.345229
1.208437,-0.288751,0.000000,3.345229
1.307434,-0.661043,0.000000,3.345229
1.199125,-0.199244,0.000000,3.345229
1.266643,-0.477365,0.000000,3.345229
1.202652,-0.295920,0.000000,3.345229
1.224121,-0.477774,0.000000,3.345229
1.256098,-0.485378,0.000000,3.345229
1.206869,-0.295234,0.000000,3.345229
1.253987,-0.471584,0.000000,3.345229
1.224957,-0.298844,0.000000,3.345229
1.255964,-0.472813,0.000000,3.345229
1.264640,-0.476169,0.000000,3.345229
1.253287,-0.473167,0.000000,3.345229
1.258686,-0.478627,0.000000,3.345229
1.257957,-0.474033,0.000000,3.345229
1.246132,-0.485346,0.000000,3.345229
1.249272,-0.470700,0.000000,3.345229
1.246023,-0.472803,0.000000,3.345229
1.257229,-0.469439,0.000000,3.345229
1.266073,-0.485361,0.000000,3.345229
1.263208,-0.466977,0.000000,3.345229
1.284401,-0.648737,0.000000,3.345229
1.263358,-0.479561,0.000000,3.345229
1.261237,-0.471862,0.000000,3.345229
1.248719,-0.478649,0.000000,3.345229
1.253987,-0.471584,0.000000,3.345229
1.256680,-0.477409,0.000000,3.345229
1.238165,-0.486544,0.000000,3.345229
1.252716,-0.474949,0.000000,3.345229
1.259226,-0.470655,0.000000,3.345229
1.255394,-0.480780,0.000000,3.345229
1.254691,-0.476182,0.000000,3.345229
1.206568,-0.201372,0.000000,3.345229
1.246132,-0.485346,0.000000,3.345229
1.223482,-0.297528,0.000000,3.345229
1.246132,-0.485346,0.000000,3.345229
1.257396,-0.482005,0.000000,3.345229
1.272730,-0.487539,0.000000,3.345229
1.254691,-0.476182,0.000000,3.345229
1.262066,-0.482951,0.000000,3.345229
1.258686,-0.478627,0.000000,3.345229
1.234086,-0.477818,0.000000,3.345229
1.250000,-0.475294,0.000000,3.345229
1.240586,-0.467368,0.000000,3.345229
1.246132,-0.485346,0.000000,3.345229
1.216945,-0.489555,0.000000,3.345229
1.223405,-0.473178,0.000000,3.345229
1.224671,-0.469891,0.000000,3.345229
1.223539,-0.485656,0.000000,3.345229
1.193280,-0.287943,0.000000,3.345229
1.220157,-0.475139,0.000000,3.345229
1.223943,-0.465297,0.000000,3.345229
1.224671,-0.469891,0.000000,3.345229
1.211498,-0.471737,0.000000,3.345229
1.238908,-0.648262,0.000000,3.345229
1.170209,-0.280722,0.000000,3.345229
1.187461,-0.462943,0.000000,3.345229
1.174743,-0.463678,0.000000,3.345229
1.156905,-0.296062,0.000000,3.345229
1.133629,-0.304067,0.000000,3.345229
1.138380,-0.285769,0.000000,3.345229
1.157695,-0.292955,0.000000,3.345229
1.125134,-0.292970,0.000000,3.345229
1.118627,-0.295726,0.000000,3.345229
1.158288,-0.473907,0.000000,3.345229
1.107737,-0.293651,0.000000,3.345229
1.118627,-0.295726,0.000000,3.345229
1.119494,-0.285118,0.000000,3.345229
1.147641,-0.469037,0.000000,3.345229
-1.297768,2.070558,0.000000,3.721438
-1.316374,2.022218,0.000000,3.721438
-1.316374,2.022218,0.000000,3.721438
-1.334980,1.981934,0.000000,3.721438
-1.330328,1.973878,0.000000,3.721438
-1.339631,1.957765,0.000000,3.721438
-1.339631,1.949708,0.000000,3.721438
-1.334980,1.949708,0.000000,3.721438
-1.339631,1.949708,0.000000,3.721438
-1.344283,1.949708,0.000000,3.721438
-1.321025,1.965821,0.000000,3.721438
-1.321025,1.973878,0.000000,3.721438
-1.330328,1.941651,0.000000,3.721438
-1.311722,1.965821,0.000000,3.721438
-1.334980,1.941651,0.000000,3.721438
-1.316374,1.973878,0.000000,3.721438
-1.339631,1.949708,0.000000,3.721438
-1.344283,1.965821,0.000000,3.721438
-1.344283,1.949708,0.000000,3.721438
-1.344283,1.957765,0.000000,3.721438
-1.334980,1.949708,0.000000,3.721438
-1.339631,1.957765,0.000000,3.721438
-1.339631,1.957765,0.000000,3.721438
-1.339631,1.949708,0.000000,3.721438
-1.307071,1.949708,0.000000,3.721438
-1.334980,1.941651,0.000000,3.721438
-1.321025,1.965821,0.000000,3.721438
-1.344283,1.957765,0.000000,3.721438
-1.348934,1.973878,0.000000,3.721438
-1.325677,1.973878,0.000000,3.721438
-1.339631,1.949708,0.000000,3.721438
-1.325677,1.981934,0.000000,3.721438
-1.307071,1.949708,0.000000,3.721438
-1.339631,1.973878,0.000000,3.721438
-1.334980,1.949708,0.000000,3.721438
-1.321025,1.973878,0.000000,3.721438
-1.348934,1.957765,0.000000,3.721438
-1.321025,1.973878,0.000000,3.721438
-1.321025,1.973878,0.000000,3.721438
-1.307071,1.957765,0.000000,3.721438
-1.344283,1.965821,0.000000,3.721438
-1.311722,1.957765,0.000000,3.721438
-1.334980,1.949708,0.000000,3.721438
-1.344283,1.957765,0.000000,3.721438
-1.353586,1.973878,0.000000,3.721438
-1.348934,1.957765,0.000000,3.721438
-1.339631,1.949708,0.000000,3.721438
-1.330328,1.957765,0.000000,3.721438
-1.344283,1.957765,0.000000,3.721438
-1.339631,1.965821,0.000000,3.721438
-1.344283,1.957765,0.000000,3.721438
-1.316374,1.965821,0.000000,3.721438
-1.334980,1.941651,0.000000,3.721438
-1.334980,1.957765,0.000000,3.721438
-1.311722,1.957765,0.000000,3.721438
-1.353586,1.973878,0.000000,3.721438
-1.344283,1.957765,0.000000,3.721438
-1.339631,1.949708,0.000000,3.721438
-1.307071,1.957765,0.000000,3.721438
-1.348934,1.965821,0.000000,3.721438
-1.334980,1.941651,0.000000,3.721438
-1.344283,1.957765,0.000000,3.721438
-1.325677,1.957765,0.000000,3.721438
-1.344283,1.941651,0.000000,3.721438
-1.316374,1.965821,0.000000,3.721438
-1.316374,1.965821,0.000000,3.721438
-1.330328,1.941651,0.000000,3.721438
-1.334980,1.941651,0.000000,3.721438
-1.316374,1.973878,0.000000,3.721438
-1.316374,1.965821,0.000000,3.721438
-1.321025,1.965821,0.000000,3.721438
-1.321025,1.965821,0.000000,3.721438
-1.316374,1.965821,0.000000,3.721438
-1.344283,1.957765,0.000000,3.721438
-1.344283,1.949708,0.000000,3.721438
-1.339631,1.949708,0.000000,3.721438
-1.344283,1.957765,0.000000,3.721438
-1.353586,1.957765,0.000000,3.721438
-1.348934,1.957765,0.000000,3.721438
-1.339631,1.941651,0.000000,3.721438
-1.339631,1.957765,0.000000,3.721438
-1.316374,1.973878,0.000000,3.721438
-1.344283,1.949708,0.000000,3.721438
-1.339631,1.949708,0.000000,3.721438
-1.321025,1.957765,0.000000,3.721438
-1.334980,1.941651,0.000000,3.721438
-1.348934,1.957765,0.000000,3.721438
-1.339631,1.957765,0.000000,3.721438
-1.321025,1.973878,0.000000,3.721438
-1.311722,1.957765,0.000000,3.721438
-1.344283,1.949708,0.000000,3.721438
-1.353586,1.973878,0.000000,3.721438
-1.339631,1.957765,0.000000,3.721438
-1.334980,1.941651,0.000000,3.721438
-1.316374,1.965821,0.000000,3.721438
-1.353586,1.965821,0.000000,3.721438
-1.307071,1.957765,0.000000,3.721438
-1.339631,1.941651,0.000000,3.721438
-1.330328,1.941651,0.000000,3.721438
-1.302419,1.949708,0.000000,3.721438
-1.344283,1.957765,0.000000,3.721438
-1.339631,1.949708,0.000000,3.721438
-1.344283,1.965821,0.000000,3.721438
-1.339631,1.949708,0.000000,3.721438
-1.339631,1.957765,0.000000,3.721438
-1.316374,1.973878,0.000000,3.721438
-1.344283,1.957765,0.000000,3.721438
-1.321025,1.973878,0.000000,3.721438
-1.344283,1.957765,0.000000,3.721438
-1.321025,1.981934,0.000000,3.721438
-1.339631,1.941651,0.000000,3.721438
-1.325677,1.941651,0.000000,3.721438
-1.334980,1.941651,0.000000,3.721438
-1.334980,1.949708,0.000000,3.721438
-1.307071,1.957765,0.000000,3.721438
-1.353586,1.973878,0.000000,3.721438
-1.316374,1.973878,0.000000,3.721438
-1.339631,1.949708,0.000000,3.721438
-1.348934,1.965821,0.000000,3.721438
-1.316374,1.965821,0.000000,3.721438
-1.307071,1.957765,0.000000,3.721438
-1.334980,1.949708,0.000000,3.721438
-1.348934,1.949708,0.000000,3.721438
-1.307071,1.957765,0.000000,3.721438
-1.339631,1.957765,0.000000,3.721438
-1.316374,1.973878,0.000000,3.721438
-1.344283,1.957765,0.000000,3.721438
-1.344283,1.957765,0.000000,3.721438
-1.339631,1.949708,0.000000,3.721438
-1.311722,1.965821,0.000000,3.721438
-1.344283,1.957765,0.000000,3.721438
-1.339631,1.949708,0.000000,3.721438
-1.316374,1.965821,0.000000,3.721438
-1.348934,1.957765,0.000000,3.721438
-1.316374,1.973878,0.000000,3.721438
-1.321025,1.973878,0.000000,3.721438
-1.344283,1.957765,0.000000,3.721438
-1.339631,1.949708,0.000000,3.721438
-1.311722,1.949708,0.000000,3.721438
-1.334980,1.949708,0.000000,3.721438
-1.344283,1.957765,0.000000,3.721438
-1.334980,1.941651,0.000000,3.721438
-1.358237,1.973878,0.000000,3.721438
-1.344283,1.957765,0.000000,3.721438
-1.339631,1.949708,0.000000,3.721438
-1.334980,1.949708,0.000000,3.721438
-1.339631,1.965821,0.000000,3.721438
-1.316374,1.965821,0.000000,3.721438
-1.344283,1.949708,0.000000,3.721438
-1.334980,1.949708,0.000000,3.721438
-1.334980,1.949708,0.000000,3.721438
-1.344283,1.957765,0.000000,3.721438
-1.339631,1.957765,0.000000,3.721438
-1.316374,1.957765,0.000000,3.721438
-1.321025,1.973878,0.000000,3.721438
-1.316374,1.973878,0.000000,3.721438
-1.348934,1.957765,0.000000,3.721438
-1.339631,1.949708,0.000000,3.721438
-1.311722,1.949708,0.000000,3.721438
-1.316374,1.965821,0.000000,3.721438
-1.348934,1.965821,0.000000,3.721438
-1.344283,1.949708,0.000000,3.721438
-1.339631,1.957765,0.000000,3.721438
-1.325677,1.965821,0.000000,3.721438
-1.344283,1.957765,0.000000,3.721438
-1.339631,1.957765,0.000000,3.721438
-1.339631,1.957765,0.000000,3.721438
-1.311722,1.965821,0.000000,3.721438
-1.339631,1.949708,0.000000,3.721438
-1.344283,1.957765,0.000000,3.721438
-1.339631,1.957765,0.000000,3.721438
-1.307071,1.949708,0.000000,3.721438
-1.321025,1.973878,0.000000,3.721438
-1.344283,1.949708,0.000000,3.721438
-1.348934,1.965821,0.000000,3.721438
-1.344283,1.957765,0.000000,3.721438
-1.339631,1.949708,0.000000,3.721438
-1.334980,1.949708,0.000000,3.721438
-1.344283,1.949708,0.000000,3.721438
-1.311722,1.965821,0.000000,3.721438
-1.348934,1.965821,0.000000,3.721438
-1.344283,1.949708,0.000000,3.721438
-1.334980,1.949708,0.000000,3.721438
-1.348934,1.965821,0.000000,3.721438
-1.353586,1.973878,0.000000,3.721438
-1.334980,1.949708,0.000000,3.721438
-1.334980,1.933595,0.000000,3.721438
-1.339631,1.957765,0.000000,3.721438
-1.316374,1.965821,0.000000,3.721438
-1.348934,1.957765,0.000000,3.721438
-1.316374,1.973878,0.000000,3.721438
-1.353586,1.965821,0.000000,3.721438
-1.339631,1.949708,0.000000,3.721438
-1.348934,1.973878,0.000000,3.721438
-1.339631,1.949708,0.000000,3.721438
-1.348934,1.973878,0.000000,3.721438
-1.339631,1.957765,0.000000,3.721438
-1.334980,1.949708,0.000000,3.721438
-1.316374,1.981934,0.000000,3.721438
-1.344283,1.949708,0.000000,3.721438
-1.330328,1.949708,0.000000,3.721438
-1.344283,1.957765,0.000000,3.721438
-1.344283,1.957765,0.000000,3.721438
-1.339631,1.949708,0.000000,3.721438
-1.344283,1.941651,0.000000,3.721438
-1.334980,1.941651,0.000000,3.721438
-1.311722,1.957765,0.000000,3.721438
-1.344283,1.957765,0.000000,3.721438
-1.348934,1.965821,0.000000,3.721438
-1.334980,1.957765,0.000000,3.721438
-1.321025,1.965821,0.000000,3.721438
-1.339631,1.949708,0.000000,3.721438
-1.334980,1.949708,0.000000,3.721438
-1.339631,1.949708,0.000000,3.721438
-1.316374,1.957765,0.000000,3.721438
-1.334980,1.957765,0.000000,3.721438
-1.321025,1.965821,0.000000,3.721438
-1.334980,1.941651,0.000000,3.721438
-1.334980,1.949708,0.000000,3.721438
-1.339631,1.941651,0.000000,3.721438
-1.339631,1.957765,0.000000,3.721438
-1.339631,1.941651,0.000000,3.721438
-1.307071,1.949708,0.000000,3.721438
-1.344283,1.957765,0.000000,3.721438
-1.339631,1.941651,0.000000,3.721438
-1.344283,1.949708,0.000000,3.721438
-1.339631,1.957765,0.000000,3.721438
-1.353586,1.965821,0.000000,3.721438
-1.344283,1.957765,0.000000,3.721438
-1.348934,1.957765,0.000000,3.721438
-1.339631,1.941651,0.000000,3.721438
-1.339631,1.941651,0.000000,3.721438
-1.344283,1.957765,0.000000,3.721438
-1.348934,1.957765,0.000000,3.721438
-1.311722,1.957765,0.000000,3.721438
-1.330328,1.981934,0.000000,3.721438
-1.344283,1.957765,0.000000,3.721438
-1.321025,1.973878,0.000000,3.721438
-1.334980,1.941651,0.000000,3.721438
-1.334980,1.949708,0.000000,3.721438
-1.330328,1.949708,0.000000,3.721438
-1.307071,1.949708,0.000000,3.721438
-1.316374,1.957765,0.000000,3.721438
-1.348934,1.973878,0.000000,3.721438
-1.344283,1.949708,0.000000,3.721438
-1.344283,1.965821,0.000000,3.721438
-1.307071,1.957765,0.000000,3.721438
-1.311722,1.949708,0.000000,3.721438
-1.330328,1.941651,0.000000,3.721438
-1.307071,1.941651,0.000000,3.721438
-1.344283,1.957765,0.000000,3.721438
-1.325677,1.973878,0.000000,3.721438
-1.321025,1.957765,0.000000,3.721438
-1.330328,1.981934,0.000000,3.721438
-1.339631,1.957765,0.000000,3.721438
-1.334980,1.949708,0.000000,3.721438
-1.339631,1.941651,0.000000,3.721438
-1.334980,1.949708,0.000000,3.721438
-1.344283,1.957765,0.000000,3.721438
-1.316374,1.965821,0.000000,3.721438
-1.330328,1.941651,0.000000,3.721438
-1.339631,1.941651,0.000000,3.721438
-1.348934,1.957765,0.000000,3.721438
-1.311722,1.957765,0.000000,3.721438
-1.334980,1.949708,0.000000,3.721438
-1.348934,1.973878,0.000000,3.721438
-1.339631,1.957765,0.000000,3.721438
-1.316374,1.965821,0.000000,3.721438
-1.334980,1.949708,0.000000,3.721438
-1.348934,1.973878,0.000000,3.721438
-1.353586,1.965821,0.000000,3.721438
-1.316374,1.965821,0.000000,3.721438
-1.334980,1.941651,0.000000,3.721438
-1.334980,1.949708,0.000000,3.721438
-1.339631,1.949708,0.000000,3.721438
-1.348934,1.957765,0.000000,3.721438
-1.344283,1.957765,0.000000,3.721438
-1.344283,1.957765,0.000000,3.721438
-1.339631,1.957765,0.000000,3.721438
-1.344283,1.965821,0.000000,3.721438
-1.339631,1.949708,0.000000,3.721438
-1.344283,1.957765,0.000000,3.721438
-1.311722,1.957765,0.000000,3.721438
-1.344283,1.957765,0.000000,3.721438
-1.353586,1.965821,0.000000,3.721438
-1.348934,1.957765,0.000000,3.721438
-1.311722,1.957765,0.000000,3.721438
-1.339631,1.957765,0.000000,3.721438
-1.339631,1.941651,0.000000,3.721438
-1.344283,1.949708,0.000000,3.721438
-1.334980,1.941651,0.000000,3.721438
-1.307071,1.965821,0.000000,3.721438
-1.344283,1.949708,0.000000,3.721438
-1.339631,1.957765,0.000000,3.721438
-1.325677,1.965821,0.000000,3.721438
-1.334980,1.949708,0.000000,3.721438
-1.316374,1.957765,0.000000,3.721438
-1.344283,1.957765,0.000000,3.721438
-1.311722,1.965821,0.000000,3.721438
-1.316374,1.973878,0.000000,3.721438
-1.334980,1.949708,0.000000,3.721438
-1.344283,1.957765,0.000000,3.721438
-1.321025,1.973878,0.000000,3.721438
-1.334980,1.941651,0.000000,3.721438
-1.339631,1.949708,0.000000,3.721438
-1.321025,1.965821,0.000000,3.721438
-1.334980,1.949708,0.000000,3.721438
-1.339631,1.941651,0.000000,3.721438
-1.334980,1.949708,0.000000,3.721438
-1.339631,1.941651,0.000000,3.721438
-1.334980,1.949708,0.000000,3.721438
-1.334980,1.949708,0.000000,3.721438
-1.353586,1.965821,0.000000,3.721438
-1.344283,1.949708,0.000000,3.721438
-1.348934,1.949708,0.000000,3.721438
-1.325677,1.973878,0.000000,3.721438
-1.339631,1.941651,0.000000,3.721438
-1.330328,1.941651,0.000000,3.721438
-1.348934,1.965821,0.000000,3.721438
-1.339631,1.957765,0.000000,3.721438
-1.344283,1.957765,0.000000,3.721438
-1.344283,1.957765,0.000000,3.721438
-1.316374,1.957765,0.000000,3.721438
-1.339631,1.957765,0.000000,3.721438
-1.316374,1.957765,0.000000,3.721438
-1.344283,1.965821,0.000000,3.721438
-1.321025,1.965821,0.000000,3.721438
-1.344283,1.941651,0.000000,3.721438
-1.339631,1.957765,0.000000,3.721438
-1.344283,1.957765,0.000000,3.721438
-1.353586,1.973878,0.000000,3.721438
-1.339631,1.949708,0.000000,3.721438
-1.339631,1.957765,0.000000,3.721438
-1.339631,1.941651,0.000000,3.721438
-1.311722,1.957765,0.000000,3.721438
-1.316374,1.965821,0.000000,3.721438
-1.339631,1.941651,0.000000,3.721438
-1.344283,1.965821,0.000000,3.721438
-1.334980,1.949708,0.000000,3.721438
-1.358237,1.973878,0.000000,3.721438
-1.344283,1.957765,0.000000,3.721438
-1.344283,1.965821,0.000000,3.721438
-1.311722,1.965821,0.000000,3.721438
-1.348934,1.957765,0.000000,3.721438
-1.344283,1.949708,0.000000,3.721438
-1.344283,1.957765,0.000000,3.721438
-1.307071,1.941651,0.000000,3.721438
-1.334980,1.949708,0.000000,3.721438
-1.316374,1.957765,0.000000,3.721438
-1.339631,1.957765,0.000000,3.721438
-1.339631,1.949708,0.000000,3.721438
-1.339631,1.941651,0.000000,3.721438
-1.339631,1.957765,0.000000,3.721438
-1.339631,1.949708,0.000000,3.721438
-1.344283,1.949708,0.000000,3.721438
-1.339631,1.949708,0.000000,3.721438
-1.334980,1.957765,0.000000,3.721438
-1.339631,1.949708,0.000000,3.721438
-1.311722,1.957765,0.000000,3.721438
-1.339631,1.957765,0.000000,3.721438
-1.353586,1.973878,0.000000,3.721438
-1.348934,1.965821,0.000000,3.721438
-1.316374,1.957765,0.000000,3.721438
-1.348934,1.957765,0.000000,3.721438
-1.321025,1.965821,0.000000,3.721438
-1.311722,1.965821,0.000000,3.721438
-1.334980,1.941651,0.000000,3.721438
-1.348934,1.965821,0.000000,3.721438
-1.348934,1.973878,0.000000,3.721438
-1.321025,1.965821,0.000000,3.721438
-1.344283,1.949708,0.000000,3.721438
-1.334980,1.941651,0.000000,3.721438
-1.344283,1.957765,0.000000,3.721438
-1.316374,1.957765,0.000000,3.721438
-1.334980,1.941651,0.000000,3.721438
-1.334980,1.949708,0.000000,3.721438
-1.307071,1.949708,0.000000,3.721438
-1.334980,1.949708,0.000000,3.721438
-1.316374,1.949708,0.000000,3.721438
-1.311722,1.949708,0.000000,3.721438
-1.344283,1.949708,0.000000,3.721438
-1.321025,1.965821,0.000000,3.721438
-1.334980,1.949708,0.000000,3.721438
-1.353586,1.965821,0.000000,3.721438
-1.353586,1.973878,0.000000,3.721438
-1.358237,1.973878,0.000000,3.721438
-1.334980,1.949708,0.000000,3.721438
-1.339631,1.949708,0.000000,3.721438
-1.339631,1.941651,0.000000,3.721438
-1.344283,1.957765,0.000000,3.721438
-1.348934,1.965821,0.000000,3.721438
-1.344283,1.957765,0.000000,3.721438
-1.311722,1.957765,0.000000,3.721438
-1.348934,1.973878,0.000000,3.721438
-1.348934,1.949708,0.000000,3.721438
-1.344283,1.949708,0.000000,3.721438
-1.334980,1.941651,0.000000,3.721438
-1.334980,1.949708,0.000000,3.721438
-1.334980,1.941651,0.000000,3.721438
-1.344283,1.949708,0.000000,3.721438
-1.334980,1.941651,0.000000,3.721438
-1.321025,1.973878,0.000000,3.721438
-1.321025,1.973878,0.000000,3.721438
-1.339631,1.949708,0.000000,3.721438
-1.316374,1.965821,0.000000,3.721438
-1.321025,1.973878,0.000000,3.721438
-1.339631,1.949708,0.000000,3.721438
-1.311722,1.949708,0.000000,3.721438
-1.334980,1.949708,0.000000,3.721438
-1.348934,1.973878,0.000000,3.721438
-1.344283,1.949708,0.000000,3.721438
-1.344283,1.957765,0.000000,3.721438
-1.316374,1.965821,0.000000,3.721438
-1.334980,1.949708,0.000000,3.721438
-1.344283,1.949708,0.000000,3.721438
-1.344283,1.941651,0.000000,3.721438
-1.334980,1.949708,0.000000,3.721438
-1.334980,1.949708,0.000000,3.721438
-1.348934,1.957765,0.000000,3.721438
-1.339631,1.949708,0.000000,3.721438
-1.344283,1.949708,0.000000,3.721438
-1.344283,1.949708,0.000000,3.721438
-1.339631,1.949708,0.000000,3.721438
-1.321025,1.965821,0.000000,3.721438
-1.339631,1.941651,0.000000,3.721438
-1.334980,1.941651,0.000000,3.721438
-1.344283,1.957765,0.000000,3.721438
-1.334980,1.949708,0.000000,3.721438
-1.316374,1.957765,0.000000,3.721438
-1.321025,1.957765,0.000000,3.721438
-1.330328,1.949708,0.000000,3.721438
-1.344283,1.949708,0.000000,3.721438
-1.344283,1.957765,0.000000,3.721438
-1.348934,1.981934,0.000000,3.721438
-1.353586,1.973878,0.000000,3.721438
-1.316374,1.957765,0.000000,3.721438
-1.348934,1.941651,0.000000,3.721438
-1.330328,1.973878,0.000000,3.721438
-1.348934,1.949708,0.000000,3.721438
-1.344283,1.957765,0.000000,3.721438
-1.311722,1.957765,0.000000,3.721438
-1.311722,1.957765,0.000000,3.721438
-1.339631,1.941651,0.000000,3.721438
-1.344283,1.949708,0.000000,3.721438
-1.339631,1.941651,0.000000,3.721438
-1.358237,1.981935,0.000000,3.721438
-1.321025,1.957765,0.000000,3.721438
-1.334980,1.941651,0.000000,3.721438
-1.325677,1.973878,0.000000,3.721438
-1.348934,1.965821,0.000000,3.721438
-1.344283,1.949708,0.000000,3.721438
-1.330328,1.941651,0.000000,3.721438
-1.316374,1.965821,0.000000,3.721438
-1.344283,1.957765,0.000000,3.721438
-1.307071,1.965821,0.000000,3.721438
-1.316374,1.957765,0.000000,3.721438
-1.344283,1.957765,0.000000,3.721438
-1.339631,1.957765,0.000000,3.721438
-1.339631,1.957765,0.000000,3.721438
-1.353586,1.957765,0.000000,3.721438
-1.330328,1.957765,0.000000,3.721438
-1.321025,1.957765,0.000000,3.721438
-1.334980,1.949708,0.000000,3.721438
-1.339631,1.965821,0.000000,3.721438
-1.316374,1.957765,0.000000,3.721438
-1.316374,1.973878,0.000000,3.721438
-1.339631,1.949708,0.000000,3.721438
-1.348934,1.965821,0.000000,3.721438
-1.334980,1.949708,0.000000,3.721438
-1.344283,1.957765,0.000000,3.721438
-1.339631,1.957765,0.000000,3.721438
-1.334980,1.949708,0.000000,3.721438
-1.344283,1.957765,0.000000,3.721438
-1.316374,1.965821,0.000000,3.721438
-1.339631,1.949708,0.000000,3.721438
-1.330328,1.949708,0.000000,3.721438
-1.339631,1.957765,0.000000,3.721438
-1.344283,1.957765,0.000000,3.721438
-1.344283,1.957765,0.000000,3.721438
-1.358237,1.965821,0.000000,3.721438
-1.353586,1.965821,0.000000,3.721438
-1.321025,1.957765,0.000000,3.721438
-1.316374,1.949708,0.000000,3.721438
-1.316374,1.949708,0.000000,3.721438
-1.316374,1.973878,0.000000,3.721438
-1.339631,1.957765,0.000000,3.721438
-1.348934,1.965821,0.000000,3.721438
-1.321025,1.973878,0.000000,3.721438
-1.348934,1.949708,0.000000,3.721438
-1.344283,1.957765,0.000000,3.721438
-1.311722,1.965821,0.000000,3.721438
-1.348934,1.957765,0.000000,3.721438
-1.344283,1.957765,0.000000,3.721438
-1.334980,1.949708,0.000000,3.721438
-1.316374,1.973878,0.000000,3.721438
-1.348934,1.949708,0.000000,3.721438
-1.321025,1.965821,0.000000,3.721438
-1.325677,1.973878,0.000000,3.721438
-1.348934,1.957765,0.000000,3.721438
-1.344283,1.941651,0.000000,3.721438
-1.321025,1.957765,0.000000,3.721438
-1.339631,1.949708,0.000000,3.721438
-1.321025,1.973878,0.000000,3.721438
-1.344283,1.957765,0.000000,3.721438
-1.316374,1.957765,0.000000,3.721438
-1.348934,1.965821,0.000000,3.721438
-1.321025,1.949708,0.000000,3.721438
-1.330328,1.949708,0.000000,3.721438
-1.321025,1.973878,0.000000,3.721438
-1.344283,1.949708,0.000000,3.721438
-1.311722,1.965821,0.000000,3.721438
-1.353586,1.965821,0.000000,3.721438
-1.311722,1.957765,0.000000,3.721438
-1.339631,1.949708,0.000000,3.721438
-1.311722,1.957765,0.000000,3.721438
-1.321025,1.965821,0.000000,3.721438
-1.316374,1.957765,0.000000,3.721438
-1.307071,1.949708,0.000000,3.721438
-1.334980,1.941651,0.000000,3.721438
-1.348934,1.965821,0.000000,3.721438
-1.348934,1.973878,0.000000,3.721438
-1.334980,1.949708,0.000000,3.721438
-1.311722,1.949708,0.000000,3.721438
-1.344283,1.957765,0.000000,3.721438
-1.334980,1.949708,0.000000,3.721438
-1.339631,1.949708,0.000000,3.721438
-1.348934,1.957765,0.000000,3.721438
-1.334980,1.949708,0.000000,3.721438
-1.307071,1.957765,0.000000,3.721438
-1.325677,1.973878,0.000000,3.721438
-1.339631,1.941651,0.000000,3.721438
-1.316374,1.965821,0.000000,3.721438
-1.348934,1.965821,0.000000,3.721438
-1.316374,1.949708,0.000000,3.721438
-1.311722,1.957765,0.000000,3.721438
-1.334980,1.941651,0.000000,3.721438
-1.325677,1.981934,0.000000,3.721438
-1.339631,1.949708,0.000000,3.721438
-1.325677,1.965821,0.000000,3.721438
-1.348934,1.957765,0.000000,3.721438
-1.344283,1.965821,0.000000,3.721438
-1.348934,1.973878,0.000000,3.721438
-1.311722,1.965821,0.000000,3.721438
-1.344283,1.957765,0.000000,3.721438
-1.344283,1.973878,0.000000,3.721438
-1.311722,1.949708,0.000000,3.721438
-1.339631,1.949708,0.000000,3.721438
-1.344283,1.949708,0.000000,3.721438
-1.339631,1.949708,0.000000,3.721438
-1.339631,1.941651,0.000000,3.721438
-1.339631,1.957765,0.000000,3.721438
-1.339631,1.949708,0.000000,3.721438
-1.339631,1.957765,0.000000,3.721438
-1.330328,1.957765,0.000000,3.721438
-1.348934,1.965821,0.000000,3.721438
-1.348934,1.965821,0.000000,3.721438
-1.330328,1.949708,0.000000,3.721438
-1.334980,1.989991,0.000000,3.721438
-1.344283,1.957765,0.000000,3.721438
-1.334980,1.949708,0.000000,3.721438
-1.348934,1.965821,0.000000,3.721438
-1.321025,1.973878,0.000000,3.721438
-1.353586,1.973878,0.000000,3.721438
-1.344283,1.957765,0.000000,3.721438
-1.353586,1.957765,0.000000,3.721438
-1.344283,1.957765,0.000000,3.721438
-1.344283,1.949708,0.000000,3.721438
-1.339631,1.949708,0.000000,3.721438
-1.325677,1.957765,0.000000,3.721438
-1.334980,1.949708,0.000000,3.721438
-1.344283,1.949708,0.000000,3.721438
-1.334980,1.957765,0.000000,3.721438
-1.311722,1.957765,0.000000,3.721438
-1.330328,1.949708,0.000000,3.721438
-1.344283,1.949708,0.000000,3.721438
-1.325677,1.973878,0.000000,3.721438
-1.344283,1.949708,0.000000,3.721438
-1.339631,1.957765,0.000000,3.721438
-1.339631,1.949708,0.000000,3.721438
-1.325677,1.973878,0.000000,3.721438
-1.321025,1.973878,0.000000,3.721438
-1.339631,1.949708,0.000000,3.721438
-1.334980,1.941651,0.000000,3.721438
-1.344283,1.957765,0.000000,3.721438
-1.325677,1.973878,0.000000,3.721438
-1.325677,1.973878,0.000000,3.721438
-1.321025,1.965821,0.000000,3.721438
-1.348934,1.965821,0.000000,3.721438
-1.334980,1.941651,0.000000,3.721438
-1.339631,1.949708,0.000000,3.721438
-1.344283,1.949708,0.000000,3.721438
-1.344283,1.957765,0.000000,3.721438
-1.344283,1.957765,0.000000,3.721438
-1.344283,1.965821,0.000000,3.721438
-1.311722,1.949708,0.000000,3.721438
-1.321025,1.965821,0.000000,3.721438
-1.316374,1.957765,0.000000,3.721438
-1.353586,1.965821,0.000000,3.721438
-1.344283,1.965821,0.000000,3.721438
-1.344283,1.957765,0.000000,3.721438
-1.321025,1.965821,0.000000,3.721438
-1.325677,1.965821,0.000000,3.721438
-1.311722,1.957765,0.000000,3.721438
-1.311722,1.949708,0.000000,3.721438
-1.353586,1.973878,0.000000,3.721438
-1.344283,1.957765,0.000000,3.721438
-1.344283,1.957765,0.000000,3.721438
-1.316374,1.957765,0.000000,3.721438
-1.348934,1.965821,0.000000,3.721438
-1.339631,1.949708,0.000000,3.721438
-1.348934,1.957765,0.000000,3.721438
-1.344283,1.957765,0.000000,3.721438
-1.316374,1.965821,0.000000,3.721438
-1.339631,1.957765,0.000000,3.721438
-1.344283,1.949708,0.000000,3.721438
-1.316374,1.957765,0.000000,3.721438
-1.348934,1.965821,0.000000,3.721438
-1.334980,1.941651,0.000000,3.721438
-1.344283,1.957765,0.000000,3.721438
-1.311722,1.973878,0.000000,3.721438
-1.316374,1.973878,0.000000,3.721438
-1.316374,1.957765,0.000000,3.721438
-1.353586,1.965821,0.000000,3.721438
-1.348934,1.965821,0.000000,3.721438
-1.339631,1.949708,0.000000,3.721438
-1.334980,1.941651,0.000000,3.721438
-1.339631,1.949708,0.000000,3.721438
-1.339631,1.941651,0.000000,3.721438
-1.316374,1.949708,0.000000,3.721438
-1.334980,1.949708,0.000000,3.721438
-1.321025,1.965821,0.000000,3.721438
-1.321025,1.965821,0.000000,3.721438
-1.334980,1.941651,0.000000,3.721438
-1.344283,1.965821,0.000000,3.721438
-1.344283,1.965821,0.000000,3.721438
-1.311722,1.965821,0.000000,3.721438
-1.348934,1.965821,0.000000,3.721438
-1.334980,1.949708,0.000000,3.721438
-1.339631,1.949708,0.000000,3.721438
-1.339631,1.949708,0.000000,3.721438
-1.334980,1.941651,0.000000,3.721438
-1.330328,1.941651,0.000000,3.721438
-1.339631,1.949708,0.000000,3.721438
-1.344283,1.949708,0.000000,3.721438
-1.325677,1.973878,0.000000,3.721438
-1.334980,1.941651,0.000000,3.721438
-1.334980,1.949708,0.000000,3.721438
-1.334980,1.949708,0.000000,3.721438
-1.316374,1.957765,0.000000,3.721438
-1.344283,1.949708,0.000000,3.721438
-1.344283,1.957765,0.000000,3.721438
-1.334980,1.949708,0.000000,3.721438
-1.344283,1.941651,0.000000,3.721438
-1.334980,1.941651,0.000000,3.721438
-1.344283,1.949708,0.000000,3.721438
-1.339631,1.957765,0.000000,3.721438
-1.353586,1.965821,0.000000,3.721438
-1.339631,1.949708,0.000000,3.721438
-1.344283,1.957765,0.000000,3.721438
-1.325677,1.965821,0.000000,3.721438
-1.339631,1.957765,0.000000,3.721438
-1.344283,1.965821,0.000000,3.721438
-1.348934,1.957765,0.000000,3.721438
-1.316374,1.965821,0.000000,3.721438
-1.330328,1.981934,0.000000,3.721438
-1.344283,1.949708,0.000000,3.721438
-1.344283,1.949708,0.000000,3.721438
-1.334980,1.941651,0.000000,3.721438
-1.339631,1.949708,0.000000,3.721438
-1.348934,1.957765,0.000000,3.721438
-1.344283,1.957765,0.000000,3.721438
-1.316374,1.965821,0.000000,3.721438
-1.311722,1.949708,0.000000,3.721438
-1.316374,1.957765,0.000000,3.721438
-1.339631,1.957765,0.000000,3.721438
-1.325677,1.973878,0.000000,3.721438
-1.339631,1.949708,0.000000,3.721438
-1.339631,1.941651,0.000000,3.721438
-1.344283,1.957765,0.000000,3.721438
-1.339631,1.965821,0.000000,3.721438
-1.334980,1.949708,0.000000,3.721438
-1.344283,1.957765,0.000000,3.721438
-1.344283,1.957765,0.000000,3.721438
-1.334980,1.941651,0.000000,3.721438
-1.339631,1.949708,0.000000,3.721438
-1.339631,1.957765,0.000000,3.721438
-1.334980,1.949708,0.000000,3.721438
-1.321025,1.965821,0.000000,3.721438
-1.316374,1.957765,0.000000,3.721438
-1.348934,1.957765,0.000000,3.721438
-1.339631,1.949708,0.000000,3.721438
-1.334980,1.949708,0.000000,3.721438
-1.339631,1.957765,0.000000,3.721438
-1.339631,1.949708,0.000000,3.721438
-1.325677,1.965821,0.000000,3.721438
-1.339631,1.957765,0.000000,3.721438
-1.348934,1.957765,0.000000,3.721438
-1.321025,1.965821,0.000000,3.721438
-1.348934,1.949708,0.000000,3.721438
-1.348934,1.965821,0.000000,3.721438
-1.344283,1.957765,0.000000,3.721438
-1.344283,1.941651,0.000000,3.721438
-1.311722,1.957765,0.000000,3.721438
-1.344283,1.949708,0.000000,3.721438
-1.325677,1.973878,0.000000,3.721438
-1.330328,1.973878,0.000000,3.721438
-1.348934,1.965821,0.000000,3.721438
-1.339631,1.949708,0.000000,3.721438
-1.316374,1.949708,0.000000,3.721438
-1.321025,1.957765,0.000000,3.721438
-1.344283,1.957765,0.000000,3.721438
-1.339631,1.957765,0.000000,3.721438
-1.344283,1.957765,0.000000,3.721438
-1.358237,1.973878,0.000000,3.721438
-1.339631,1.949708,0.000000,3.721438
-1.325677,1.973878,0.000000,3.721438
-1.344283,1.965821,0.000000,3.721438
-1.344283,1.965821,0.000000,3.721438
-1.321025,1.973878,0.000000,3.721438
-1.353586,1.957765,0.000000,3.721438
-1.344283,1.957765,0.000000,3.721438
-1.339631,1.949708,0.000000,3.721438
-1.311722,1.965821,0.000000,3.721438
-1.339631,1.949708,0.000000,3.721438
-1.339631,1.949708,0.000000,3.721438
-1.311722,1.957765,0.000000,3.721438
-1.334980,1.941651,0.000000,3.721438
-1.353586,1.949708,0.000000,3.721438
-1.339631,1.949708,0.000000,3.721438
-1.358237,1.973878,0.000000,3.721438
-1.344283,1.949708,0.000000,3.721438
-1.334980,1.941651,0.000000,3.721438
-1.334980,1.949708,0.000000,3.721438
-1.344283,1.957765,0.000000,3.721438
-1.348934,1.949708,0.000000,3.721438
-1.344283,1.957765,0.000000,3.721438
-1.344283,1.949708,0.000000,3.721438
-1.316374,1.957765,0.000000,3.721438
-1.344283,1.957765,0.000000,3.721438
-1.348934,1.965821,0.000000,3.721438
-1.344283,1.965821,0.000000,3.721438
-1.330328,1.941651,0.000000,3.721438
-1.339631,1.957765,0.000000,3.721438
-1.348934,1.965821,0.000000,3.721438
-1.344283,1.957765,0.000000,3.721438
-1.344283,1.957765,0.000000,3.721438
-1.353586,1.965821,0.000000,3.721438
-1.339631,1.941651,0.000000,3.721438
-1.339631,1.957765,0.000000,3.721438
-1.334980,1.941651,0.000000,3.721438
-1.325677,1.973878,0.000000,3.721438
-1.339631,1.949708,0.000000,3.721438
-1.334980,1.949708,0.000000,3.721438
-1.348934,1.957765,0.000000,3.721438
-1.344283,1.949708,0.000000,3.721438
-1.316374,1.957765,0.000000,3.721438
-1.334980,1.949708,0.000000,3.721438
-1.344283,1.957765,0.000000,3.721438
-1.344283,1.973878,0.000000,3.721438
-1.334980,1.949708,0.000000,3.721438
-1.321025,1.965821,0.000000,3.721438
-1.339631,1.949708,0.000000,3.721438
-1.339631,1.949708,0.000000,3.721438
-1.339631,1.949708,0.000000,3.721438
-1.316374,1.957765,0.000000,3.721438
-1.353586,1.973878,0.000000,3.721438
-1.344283,1.949708,0.000000,3.721438
-1.344283,1.957765,0.000000,3.721438
-1.334980,1.957765,0.000000,3.721438
-1.339631,1.949708,0.000000,3.721438
-1.321025,1.965821,0.000000,3.721438
-1.311722,1.965821,0.000000,3.721438
-1.348934,1.957765,0.000000,3.721438
-1.339631,1.949708,0.000000,3.721438
-1.311722,1.957765,0.000000,3.721438
-1.348934,1.957765,0.000000,3.721438
-1.334980,1.941651,0.000000,3.721438
-1.344283,1.957765,0.000000,3.721438
-1.344283,1.957765,0.000000,3.721438
-1.344283,1.949708,0.000000,3.721438
-1.344283,1.957765,0.000000,3.721438
-1.334980,1.941651,0.000000,3.721438
-1.348934,1.973878,0.000000,3.721438
-1.321025,1.957765,0.000000,3.721438
-1.344283,1.957765,0.000000,3.721438
-1.353586,1.973878,0.000000,3.721438
-1.353586,1.973878,0.000000,3.721438
-1.339631,1.949708,0.000000,3.721438
-1.348934,1.949708,0.000000,3.721438
-1.339631,1.949708,0.000000,3.721438
-1.316374,1.949708,0.000000,3.721438
-1.339631,1.957765,0.000000,3.721438
-1.316374,1.957765,0.000000,3.721438
-1.344283,1.957765,0.000000,3.721438
-1.344283,1.957765,0.000000,3.721438
-1.339631,1.949708,0.000000,3.721438
-1.334980,1.973878,0.000000,3.721438
-1.348934,1.965821,0.000000,3.721438
-1.316374,1.957765,0.000000,3.721438
-1.344283,1.949708,0.000000,3.721438
-1.330328,1.973878,0.000000,3.721438
-1.316374,1.957765,0.000000,3.721438
-1.339631,1.957765,0.000000,3.721438
-1.334980,1.949708,0.000000,3.721438
-1.344283,1.965821,0.000000,3.721438
-1.334980,1.949708,0.000000,3.721438
-1.339631,1.949708,0.000000,3.721438
-1.344283,1.949708,0.000000,3.721438
-1.316374,1.965821,0.000000,3.721438
-1.353586,1.965821,0.000000,3.721438
-1.316374,1.957765,0.000000,3.721438
-1.339631,1.957765,0.000000,3.721438
-1.339631,1.949708,0.000000,3.721438
-1.321025,1.965821,0.000000,3.721438
-1.348934,1.957765,0.000000,3.721438
-1.316374,1.957765,0.000000,3.721438
-1.353586,1.965821,0.000000,3.721438
-1.339631,1.957765,0.000000,3.721438
-1.348934,1.965821,0.000000,3.721438
-1.339631,1.957765,0.000000,3.721438
-1.344283,1.941651,0.000000,3.721438
-1.344283,1.965821,0.000000,3.721438
-1.334980,1.981934,0.000000,3.721438
-1.344283,1.957765,0.000000,3.721438
-1.348934,1.957765,0.000000,3.721438
-1.330328,1.957765,0.000000,3.721438
-1.344283,1.941651,0.000000,3.721438
-1.334980,1.941651,0.000000,3.721438
-1.348934,1.949708,0.000000,3.721438
-1.339631,1.949708,0.000000,3.721438
-1.344283,1.957765,0.000000,3.721438
-1.321025,1.957765,0.000000,3.721438
-1.316374,1.965821,0.000000,3.721438
-1.339631,1.949708,0.000000,3.721438
-1.334980,1.949708,0.000000,3.721438
-1.344283,1.957765,0.000000,3.721438
-1.339631,1.949708,0.000000,3.721438
-1.344283,1.957765,0.000000,3.721438
-1.334980,1.941651,0.000000,3.721438
-1.344283,1.957765,0.000000,3.721438
-1.316374,1.957765,0.000000,3.721438
-1.339631,1.949708,0.000000,3.721438
-1.339631,1.957765,0.000000,3.721438
-1.339631,1.941651,0.000000,3.721438
-1.339631,1.965821,0.000000,3.721438
-1.334980,1.949708,0.000000,3.721438
-1.334980,1.949708,0.000000,3.721438
-1.339631,1.941651,0.000000,3.721438
-1.311722,1.949708,0.000000,3.721438
-1.339631,1.941651,0.000000,3.721438
-1.339631,1.949708,0.000000,3.721438
-1.339631,1.949708,0.000000,3.721438
-1.339631,1.949708,0.000000,3.721438
-1.344283,1.941651,0.000000,3.721438
-1.339631,1.949708,0.000000,3.721438
-1.311722,1.957765,0.000000,3.721438
-1.325677,1.965821,0.000000,3.721438
-1.339631,1.965821,0.000000,3.721438
-1.348934,1.957765,0.000000,3.721438
-1.339631,1.949708,0.000000,3.721438
-1.334980,1.949708,0.000000,3.721438
-1.330328,1.973878,0.000000,3.721438
-1.339631,1.949708,0.000000,3.721438
-1.339631,1.949708,0.000000,3.721438
-1.344283,1.957765,0.000000,3.721438
-1.330328,1.941651,0.000000,3.721438
-1.316374,1.957765,0.000000,3.721438
-1.339631,1.941651,0.000000,3.721438
-1.339631,1.941651,0.000000,3.721438
-1.339631,1.933595,0.000000,3.721438
-1.330328,1.909425,0.000000,3.721438
-1.260556,1.812745,0.000000,3.721438
-1.148920,1.699952,0.000000,3.721438
-1.074496,1.434083,0.000000,3.721438
-0.548876,1.119873,0.000000,3.721438
-0.748891,0.789551,0.000000,3.721438
-0.623301,0.620362,0.000000,3.721438
-0.613998,0.700928,0.000000,3.721438
-0.613998,0.684815,0.000000,3.721438
-0.609346,0.668702,0.000000,3.721438
-0.609346,0.636475,0.000000,3.721438
-0.604695,0.652588,0.000000,3.721438
-0.604695,0.620362,0.000000,3.721438
-0.609346,0.596192,0.000000,3.721438
-0.609346,0.572022,0.000000,3.721438
-0.623301,0.515625,0.000000,3.721438
-0.641907,0.483399,0.000000,3.721438
-0.641907,0.443116,0.000000,3.721438
-0.665165,0.378663,0.000000,3.721438
-0.688422,0.338379,0.000000,3.721438
-0.716331,0.306153,0.000000,3.721438
-0.795407,0.249757,0.000000,3.721438
-0.846573,0.217530,0.000000,3.721438
-1.004725,0.201417,0.000000,3.721438
-1.088452,0.185304,0.000000,3.721438
-1.088452,0.169190,0.000000,3.721438
-0.907043,0.153077,0.000000,3.721438
-1.041937,0.153077,0.000000,3.721438
-1.362890,0.161134,0.000000,3.721438
-1.534996,0.145021,0.000000,3.721438
-1.548950,0.136964,0.000000,3.721438
-1.539647,0.145021,0.000000,3.721438
-1.646632,0.136964,0.000000,3.721438
-1.716404,0.136964,0.000000,3.721438
-1.762920,0.136964,0.000000,3.721438
-1.767571,0.136964,0.000000,3.721438
-1.735011,0.136964,0.000000,3.721438
-1.748965,0.145021,0.000000,3.721438
-1.721056,0.120851,0.000000,3.721438
-1.665238,0.040285,0.000000,3.721438
-1.455920,-0.024169,0.000000,3.721438
-1.311724,-0.072509,0.000000,3.721438
-0.665165,-0.145019,0.000000,3.721438
-0.632605,-0.314208,0.000000,3.721438
-0.372121,-0.684814,0.000000,3.721438
-0.302349,-1.079589,0.000000,3.721438
0.009302,-1.490478,0.000000,3.721438
-0.423288,-1.812744,0.000000,3.721438
-0.334910,-2.054443,0.000000,3.721438
-0.390728,-2.175292,0.000000,3.721438
-0.344213,-2.231689,0.000000,3.721438
-0.367471,-2.167236,0.000000,3.721438
-0.362819,-2.014160,0.000000,3.721438
-0.241880,-1.756347,0.000000,3.721438
-0.065122,-1.409912,0.000000,3.721438
-0.116288,-1.087646,0.000000,3.721438
0.269786,-0.942627,0.000000,3.721438
0.558179,-1.127930,0.000000,3.721438
0.809360,-1.498536,0.000000,3.721438
1.023329,-1.796631,0.000000,3.721438
1.121011,-2.030274,0.000000,3.721438
1.079147,-2.167237,0.000000,3.721438
1.167526,-2.207520,0.000000,3.721438
-1.235597,2.145560,0.000000,3.721438
-1.275529,1.916345,0.000000,3.721438
-1.308334,1.640830,0.000000,3.721438
-1.327145,1.314279,0.000000,3.721438
-1.318790,0.916864,0.000000,3.721438
-0.816422,0.693081,0.000000,3.721438
-0.848124,0.293212,0.000000,3.721438
-0.796995,0.038954,0.000000,3.721438
-0.797156,-0.049712,0.000000,3.721438
-0.795287,-0.099744,0.000000,3.721438
-0.796002,-0.086172,0.000000,3.721438
-0.806945,-0.116332,0.000000,3.721438
-0.800748,-0.051376,0.000000,3.721438
-0.797230,-0.028226,0.000000,3.721438
-0.785608,0.017418,0.000000,3.721438
-0.794017,0.022811,0.000000,3.721438
-0.793382,0.056333,0.000000,3.721438
-0.797820,0.026850,0.000000,3.721438
-0.805812,0.082285,0.000000,3.721438
-0.805795,0.072982,0.000000,3.721438
-0.817135,0.100476,0.000000,3.721438
-0.816259,0.132769,0.000000,3.721438
-0.830358,0.186162,0.000000,3.721438
-0.830175,0.195463,0.000000,3.721438
-0.843002,0.242050,0.000000,3.721438
-0.873612,0.324617,0.000000,3.721438
-0.887520,0.339346,0.000000,3.721438
-0.893362,0.428883,0.000000,3.721438
-0.936437,0.510450,0.000000,3.721438
-0.941488,0.565175,0.000000,3.721438
-0.973924,0.608968,0.000000,3.721438
-0.892542,0.732417,0.000000,3.721438
-0.951889,0.796386,0.000000,3.721438
-0.984535,0.829758,0.000000,3.721438
-1.139887,0.865150,0.000000,3.721438
-1.489840,0.835936,0.000000,3.721438
-1.531066,0.880902,0.000000,3.721438
-1.481454,1.006709,0.000000,3.721438
-1.376659,1.151551,0.000000,3.721438
-1.334248,1.256401,0.000000,3.721438
-1.272535,1.369547,0.000000,3.721438
-1.377254,1.434496,0.000000,3.721438
-1.418429,1.526710,0.000000,3.721438
-1.363561,1.668577,0.000000,3.721438
-1.309811,1.755137,0.000000,3.721438
-1.285374,1.886638,0.000000,3.721438
-1.249831,1.983828,0.000000,3.721438
-1.250869,2.060915,0.000000,3.721438
-1.146502,2.124181,0.000000,3.721438
1.116359,-2.183350,0.000000,3.721438
1.037283,-2.118897,0.000000,3.721438
0.916344,-1.998047,0.000000,3.721438
0.879133,-1.828858,0.000000,3.721438
0.720982,-1.587159,0.000000,3.721438
0.893088,-1.256837,0.000000,3.721438
0.293044,-0.999024,0.000000,3.721438
0.032560,-0.926514,0.000000,3.721438
-0.148849,-1.168213,0.000000,3.721438
-0.093031,-1.506591,0.000000,3.721438
-0.465152,-1.812744,0.000000,3.721438
-0.418637,-2.022216,0.000000,3.721438
-0.460501,-2.143066,0.000000,3.721438
-0.400031,-2.151123,0.000000,3.721438
-0.441894,-1.998046,0.000000,3.721438
-0.390728,-1.732177,0.000000,3.721438
-0.344212,-1.329345,0.000000,3.721438
-0.427939,-0.845947,0.000000,3.721438
-0.534923,-0.330322,0.000000,3.721438
-0.879134,-0.080566,0.000000,3.721438
-1.060543,0.016114,0.000000,3.721438
-1.586162,0.064454,0.000000,3.721438
-1.721056,0.056398,0.000000,3.721438
-1.762919,0.217531,0.000000,3.721438
-1.748965,0.217531,0.000000,3.721438
-1.646632,0.201417,0.000000,3.721438
-1.358239,0.209474,0.000000,3.721438
-0.855876,0.233643,0.000000,3.721438
-0.739589,0.370606,0.000000,3.721438
-0.604695,0.717041,0.000000,3.721438
-0.767497,1.168213,0.000000,3.721438
-0.711679,1.562989,0.000000,3.721438
-1.107056,1.853028,0.000000,3.721438
-1.358237,2.046388,0.000000,3.721438
-1.297768,2.094728,0.000000,3.721438
-1.146302,2.104210,0.000000,3.721438
-0.930989,2.029717,0.000000,3.721438
-0.536387,1.825302,0.000000,3.721438
-0.160897,1.455077,0.000000,3.721438
-0.177520,1.243401,0.000000,3.721438
0.253435,0.893990,0.000000,3.721438
0.560021,0.783180,0.000000,3.721438
0.819711,0.747689,0.000000,3.721438
0.926512,0.808038,0.000000,3.721438
1.280904,0.705465,0.000000,3.721438
1.614498,0.555135,0.000000,3.721438
1.562630,0.760298,0.000000,3.721438
1.803206,0.655304,0.000000,3.721438
1.910837,0.633093,0.000000,3.721438
1.999339,0.604066,0.000000,3.721438
2.103563,0.524961,0.000000,3.721438
2.186317,0.463135,0.000000,3.721438
2.258695,0.277226,0.000000,3.721438
2.303448,0.195118,0.000000,3.721438
2.316628,0.172692,0.000000,3.721438
2.323387,0.149640,0.000000,3.721438
2.290540,0.114279,0.000000,3.721438
2.247547,0.081388,0.000000,3.721438
2.249016,0.002920,0.000000,3.721438
2.239742,-0.002372,0.000000,3.721438
2.163007,-0.012583,0.000000,3.721438
2.103132,-0.034777,0.000000,3.721438
2.064885,-0.080012,0.000000,3.721438
2.003824,-0.146823,0.000000,3.721438
1.948757,-0.206876,0.000000,3.721438
1.892793,-0.245234,0.000000,3.721438
1.852369,-0.354267,0.000000,3.721438
1.754793,-0.250849,0.000000,3.721438
1.682112,-0.130029,0.000000,3.721438
1.655916,-0.225727,0.000000,3.721438
1.620995,-0.246701,0.000000,3.721438
1.604648,-0.234466,0.000000,3.721438
1.610943,-0.239600,0.000000,3.721438
1.619175,-0.311035,0.000000,3.721438
1.611096,-0.304007,0.000000,3.721438
1.595898,-0.253719,0.000000,3.721438
1.618412,-0.243773,0.000000,3.721438
1.641742,-0.209632,0.000000,3.721438
1.636638,-0.242840,0.000000,3.721438
1.651264,-0.207712,0.000000,3.721438
1.664582,-0.221569,0.000000,3.721438
1.697634,-0.247348,0.000000,3.721438
1.739763,-0.224799,0.000000,3.721438
1.895572,-0.346276,0.000000,3.721438
1.938248,-0.250322,0.000000,3.721438
2.019913,-0.197947,0.000000,3.721438
2.104147,-0.071975,0.000000,3.721438
2.183037,0.003834,0.000000,3.721438
2.295779,0.041804,0.000000,3.721438
2.340871,0.139691,0.000000,3.721438
2.233025,0.364641,0.000000,3.721438
2.163319,0.454994,0.000000,3.721438
2.172423,0.474009,0.000000,3.721438
2.147385,0.467390,0.000000,3.721438
2.097392,0.535153,0.000000,3.721438
1.960136,0.554108,0.000000,3.721438
1.945610,0.617388,0.000000,3.721438
1.850067,0.639536,0.000000,3.721438
1.710623,0.675974,0.000000,3.721438
1.460806,0.745161,0.000000,3.721438
1.427249,0.612278,0.000000,3.721438
1.139109,0.685329,0.000000,3.721438
0.740358,0.804553,0.000000,3.721438
0.554954,0.782297,0.000000,3.721438
0.312402,0.892862,0.000000,3.721438
0.126071,1.048462,0.000000,3.721438
-0.058712,1.276257,0.000000,3.721438
-0.390083,1.564775,0.000000,3.721438
-0.042854,1.562512,0.000000,3.721438
-0.471186,1.841536,0.000000,3.721438
-0.650686,1.984685,0.000000,3.721438
-0.784463,2.062805,0.000000,3.721438
-1.012105,2.104387,0.000000,3.721438
-1.121503,2.174678,0.000000,3.721438
-1.207583,2.148319,0.000000,3.721438
-1.262479,2.090093,0.000000,3.721438
-1.344283,2.054444,0.000000,3.721438
-1.316374,1.998048,0.000000,3.721438
-1.330328,1.885255,0.000000,3.721438
-1.186132,1.748292,0.000000,3.721438
-1.181481,1.538819,0.000000,3.721438
-0.772148,1.289063,0.000000,3.721438
-0.632604,1.007080,0.000000,3.721438
-0.683770,0.684815,0.000000,3.721438
-0.679119,0.370606,0.000000,3.721438
-0.823316,0.209473,0.000000,3.721438
-1.214042,0.153077,0.000000,3.721438
-1.093103,0.128907,0.000000,3.721438
-1.614071,0.120851,0.000000,3.721438
-1.679192,0.112794,0.000000,3.721438
-1.795480,0.128908,0.000000,3.721438
-1.781525,0.120851,0.000000,3.721438
-1.739662,0.120851,0.000000,3.721438
-1.688496,0.056398,0.000000,3.721438
-1.395451,-0.040282,0.000000,3.721438
-1.060543,-0.112792,0.000000,3.721438
-0.809362,-0.249755,0.000000,3.721438
-0.381424,-0.652588,0.000000,3.721438
-0.279091,-1.119873,0.000000,3.721438
-0.125592,-1.522705,0.000000,3.721438
-0.390728,-1.885253,0.000000,3.721438
-0.362819,-2.086669,0.000000,3.721438
-0.372122,-2.239746,0.000000,3.721438
-0.372122,-2.223632,0.000000,3.721438
-0.386076,-2.078613,0.000000,3.721438
-0.255834,-1.796630,0.000000,3.721438
-0.134895,-1.442138,0.000000,3.721438
-0.079076,-1.095703,0.000000,3.721438
0.274438,-0.950684,0.000000,3.721438
0.590740,-1.184327,0.000000,3.721438
0.632603,-1.466309,0.000000,3.721438
1.116359,-1.708009,0.000000,3.721438
1.111708,-1.917481,0.000000,3.721438
1.079147,-2.078614,0.000000,3.721438
1.116359,-2.199464,0.000000,3.721438
1.214040,-2.223634,0.000000,3.721438
-1.294275,2.006030,0.000000,3.721438
-1.310827,1.831225,0.000000,3.721438
-1.330597,1.549160,0.000000,3.721438
-1.245794,1.261107,0.000000,3.721438
-1.231701,0.964444,0.000000,3.721438
-0.842645,0.727342,0.000000,3.721438
-0.873934,0.395577,0.000000,3.721438
-0.800519,0.064612,0.000000,3.721438
-0.804844,-0.117400,0.000000,3.721438
-0.790241,-0.288302,0.000000,3.721438
-0.850557,-0.403786,0.000000,3.721438
-0.858849,-0.453979,0.000000,3.721438
-0.815641,-0.487153,0.000000,3.721438
-0.833791,-0.510749,0.000000,3.721438
-0.832213,-0.560409,0.000000,3.721438
-0.827178,-0.542860,0.000000,3.721438
-0.998212,-0.726049,0.000000,3.721438
-1.281590,-0.982819,0.000000,3.721438
-1.258510,-0.997303,0.000000,3.721438
-1.261191,-1.015872,0.000000,3.721438
-1.228675,-1.003647,0.000000,3.721438
-1.225597,-1.029234,0.000000,3.721438
-1.250773,-1.057096,0.000000,3.721438
-1.135957,-1.004800,0.000000,3.721438
-1.127090,-1.007612,0.000000,3.721438
-1.085440,-0.991169,0.000000,3.721438
-1.104576,-0.997871,0.000000,3.721438
-1.079356,-1.018204,0.000000,3.721438
-1.094382,-1.015794,0.000000,3.721438
-1.117602,-1.004421,0.000000,3.721438
-1.106624,-0.988796,0.000000,3.721438
-1.024789,-0.960836,0.000000,3.721438
-1.089718,-1.000370,0.000000,3.721438
-1.095569,-0.973238,0.000000,3.721438
-1.075865,-0.960398,0.000000,3.721438
-1.199886,-1.023619,0.000000,3.721438
-1.167431,-1.011724,0.000000,3.721438
-1.132931,-0.980235,0.000000,3.721438
-1.050756,-0.953365,0.000000,3.721438
-1.161647,-0.989623,0.000000,3.721438
-1.244356,-1.007118,0.000000,3.721438
-1.274358,-1.000214,0.000000,3.721438
-1.264542,-0.974986,0.000000,3.721438
-1.250681,-0.910226,0.000000,3.721438
-0.816320,-0.496757,0.000000,3.721438
-0.784391,-0.412894,0.000000,3.721438
-0.816442,-0.319194,0.000000,3.721438
-0.777221,-0.171277,0.000000,3.721438
-0.831843,-0.067681,0.000000,3.721438
-0.817901,0.084589,0.000000,3.721438
-0.855149,0.261046,0.000000,3.721438
-0.868224,0.387392,0.000000,3.721438
-0.941579,0.478792,0.000000,3.721438
-0.949049,0.504479,0.000000,3.721438
-0.945469,0.513205,0.000000,3.721438
-0.957540,0.566572,0.000000,3.721438
-0.948684,0.604597,0.000000,3.721438
-0.944113,0.647334,0.000000,3.721438
-0.993412,0.745412,0.000000,3.721438
-1.006523,0.762759,0.000000,3.721438
-0.993462,0.914622,0.000000,3.721438
-1.357581,0.844662,0.000000,3.721438
-1.526672,0.954293,0.000000,3.721438
-1.385976,1.165496,0.000000,3.721438
-1.267055,1.336454,0.000000,3.721438
-1.388912,1.481272,0.000000,3.721438
-1.407723,1.615090,0.000000,3.721438
-1.282184,1.805869,0.000000,3.721438
-1.247585,1.937788,0.000000,3.721438
-1.235724,2.075972,0.000000,3.721438
-1.149721,2.165966,0.000000,3.721438
1.041935,-2.126954,0.000000,3.721438
0.953556,-2.038331,0.000000,3.721438
0.865178,-1.869141,0.000000,3.721438
0.665164,-1.611328,0.000000,3.721438
0.893088,-1.321290,0.000000,3.721438
0.288392,-1.031250,0.000000,3.721438
0.097681,-0.910400,0.000000,3.721438
-0.079076,-1.063476,0.000000,3.721438
-0.297697,-1.329345,0.000000,3.721438
-0.060471,-1.579101,0.000000,3.721438
-0.451197,-1.812744,0.000000,3.721438
-0.372122,-1.981933,0.000000,3.721438
-0.441895,-2.094726,0.000000,3.721438
-0.423289,-2.151123,0.000000,3.721438
-0.386077,-2.175292,0.000000,3.721438
-0.413985,-2.038330,0.000000,3.721438
-0.437243,-1.949706,0.000000,3.721438
-0.362819,-1.756347,0.000000,3.721438
-0.423288,-1.474365,0.000000,3.721438
-0.037213,-1.152099,0.000000,3.721438
-0.372121,-0.765380,0.000000,3.721438
-0.460499,-0.386718,0.000000,3.721438
-0.702377,-0.153076,0.000000,3.721438
-1.111709,-0.032226,0.000000,3.721438
-1.255906,0.032228,0.000000,3.721438
-1.539647,0.064454,0.000000,3.721438
-1.707101,0.072511,0.000000,3.721438
-1.762920,0.209474,0.000000,3.721438
-1.735011,0.209474,0.000000,3.721438
-1.683844,0.201417,0.000000,3.721438
-1.497784,0.201417,0.000000,3.721438
-1.334981,0.209474,0.000000,3.721438
-0.888437,0.257813,0.000000,3.721438
-0.641907,0.418946,0.000000,3.721438
-0.627952,0.773438,0.000000,3.721438
-0.837270,1.144044,0.000000,3.721438
-0.590740,1.409912,0.000000,3.721438
-1.097753,1.587159,0.000000,3.721438
-1.107056,1.635499,0.000000,3.721438
-1.214041,1.667725,0.000000,3.721438
-1.065193,1.716065,0.000000,3.721438
-1.139617,1.748292,0.000000,3.721438
-1.162874,1.780518,0.000000,3.721438
-1.186132,1.804688,0.000000,3.721438
-1.223344,1.853028,0.000000,3.721438
-1.311722,1.941651,0.000000,3.721438
-1.339631,1.957765,0.000000,3.721438
-1.344283,1.965821,0.000000,3.721438
-1.339631,1.998048,0.000000,3.721438
-1.334980,1.989991,0.000000,3.721438
-1.330328,1.989991,0.000000,3.721438
-1.334980,1.989991,0.000000,3.721438
-1.334980,1.989991,0.000000,3.721438
-1.344283,1.989991,0.000000,3.721438
-1.339631,1.998048,0.000000,3.721438
-1.330328,1.998048,0.000000,3.721438
-1.344283,1.989991,0.000000,3.721438
-1.334980,1.998048,0.000000,3.721438
-1.334980,1.998048,0.000000,3.721438
-1.334980,1.989991,0.000000,3.721438
-1.334980,1.989991,0.000000,3.721438
-1.339631,1.998048,0.000000,3.721438
-1.339631,1.998048,0.000000,3.721438
-1.334980,1.998048,0.000000,3.721438
-1.330328,1.998048,0.000000,3.721438
-1.334980,1.989991,0.000000,3.721438
-1.334980,1.998048,0.000000,3.721438
-1.334980,1.998048,0.000000,3.721438
-1.339631,1.998048,0.000000,3.721438
-1.339631,1.989991,0.000000,3.721438
-1.339631,1.989991,0.000000,3.721438
-1.339631,1.998048,0.000000,3.721438
-1.330328,1.989991,0.000000,3.721438
-1.334980,1.998048,0.000000,3.721438
-1.334980,1.998048,0.000000,3.721438
-1.339631,1.989991,0.000000,3.721438
-1.334980,1.989991,0.000000,3.721438
-1.339631,1.998048,0.000000,3.721438
-1.334980,1.989991,0.000000,3.721438
-1.334980,1.998048,0.000000,3.721438
-1.334980,1.989991,0.000000,3.721438
-1.334980,1.998048,0.000000,3.721438
-1.339631,1.998048,0.000000,3.721438
-1.334980,1.998048,0.000000,3.721438
-1.334980,1.989991,0.000000,3.721438
-1.334980,1.989991,0.000000,3.721438
-1.339631,1.998048,0.000000,3.721438
-1.339631,1.989991,0.000000,3.721438
-1.334980,1.998048,0.000000,3.721438
-1.334980,1.998048,0.000000,3.721438
-1.339631,1.998048,0.000000,3.721438
-1.339631,1.998048,0.000000,3.721438
-1.334980,1.998048,0.000000,3.721438
-1.339631,1.989991,0.000000,3.721438
-1.334980,1.989991,0.000000,3.721438
-1.339631,1.989991,0.000000,3.721438
-1.334980,1.998048,0.000000,3.721438
-1.334980,1.998048,0.000000,3.721438
-1.334980,1.989991,0.000000,3.721438
-1.334980,1.998048,0.000000,3.721438
-1.339631,1.998048,0.000000,3.721438
-1.334980,1.981934,0.000000,3.721438
-1.334980,1.981934,0.000000,3.721438
-1.339631,1.989991,0.000000,3.721438
-1.334980,1.989991,0.000000,3.721438
-1.339631,1.998048,0.000000,3.721438
-1.334980,1.989991,0.000000,3.721438
-1.339631,1.989991,0.000000,3.721438
-1.339631,1.998048,0.000000,3.721438
-1.330328,1.989991,0.000000,3.721438
-1.334980,1.989991,0.000000,3.721438
-1.334980,1.998048,0.000000,3.721438
-1.339631,1.989991,0.000000,3.721438
-1.334980,2.006104,0.000000,3.721438
-1.334980,1.989991,0.000000,3.721438
-1.330328,1.989991,0.000000,3.721438
-1.339631,1.989991,0.000000,3.721438
-1.334980,1.989991,0.000000,3.721438
-1.344283,1.989991,0.000000,3.721438
-1.339631,1.998048,0.000000,3.721438
-1.334980,1.998048,0.000000,3.721438
-1.330328,1.989991,0.000000,3.721438
-1.339631,1.989991,0.000000,3.721438
-1.339631,1.989991,0.000000,3.721438
-1.334980,1.989991,0.000000,3.721438
-1.334980,1.998048,0.000000,3.721438
-1.334980,1.989991,0.000000,3.721438
-1.339631,1.989991,0.000000,3.721438
-1.330328,1.989991,0.000000,3.721438
-1.339631,1.989991,0.000000,3.721438
-1.339631,1.998048,0.000000,3.721438
-1.334980,1.989991,0.000000,3.721438
-1.334980,1.998048,0.000000,3.721438
-1.334980,1.989991,0.000000,3.721438
-1.334980,1.981934,0.000000,3.721438
-1.334980,1.989991,0.000000,3.721438
-1.330328,1.973878,0.000000,3.721438
-1.339631,1.998048,0.000000,3.721438
-1.330328,1.998048,0.000000,3.721438
-1.334980,1.989991,0.000000,3.721438
-1.325677,1.981934,0.000000,3.721438
-1.330328,1.981934,0.000000,3.721438
-1.334980,1.998048,0.000000,3.721438
-1.334980,1.998048,0.000000,3.721438
-1.334980,1.989991,0.000000,3.721438
-1.339631,1.989991,0.000000,3.721438
-1.330328,1.998048,0.000000,3.721438
-1.334980,1.998048,0.000000,3.721438
-1.334980,1.998048,0.000000,3.721438
-1.344283,1.989991,0.000000,3.721438
-1.334980,1.998048,0.000000,3.721438
-1.339631,1.989991,0.000000,3.721438
-1.339631,1.998048,0.000000,3.721438
-1.334980,1.989991,0.000000,3.721438
-1.330328,1.998048,0.000000,3.721438
-1.339631,1.989991,0.000000,3.721438
-1.330328,1.998048,0.000000,3.721438
-1.339631,1.989991,0.000000,3.721438
-1.334980,1.989991,0.000000,3.721438
-1.334980,1.998048,0.000000,3.721438
-1.334980,1.998048,0.000000,3.721438
-1.334980,1.989991,0.000000,3.721438
-1.334980,1.998048,0.000000,3.721438
-1.339631,1.989991,0.000000,3.721438
-1.339631,1.989991,0.000000,3.721438
-1.334980,1.989991,0.000000,3.721438
-1.330328,1.981934,0.000000,3.721438
-1.334980,1.998048,0.000000,3.721438
-1.344283,1.989991,0.000000,3.721438
-1.330328,1.989991,0.000000,3.721438
-1.339631,1.989991,0.000000,3.721438
-1.334980,1.989991,0.000000,3.721438
-1.330328,1.989991,0.000000,3.721438
-1.339631,1.998048,0.000000,3.721438
-1.339631,1.998048,0.000000,3.721438
-1.334980,1.989991,0.000000,3.721438
-1.339631,1.989991,0.000000,3.721438
-1.334980,1.989991,0.000000,3.721438
-1.330328,1.981934,0.000000,3.721438
-1.334980,1.998048,0.000000,3.721438
-1.339631,1.998048,0.000000,3.721438
-1.334980,1.998048,0.000000,3.721438
-1.339631,1.998048,0.000000,3.721438
-1.344283,1.998048,0.000000,3.721438
-1.339631,1.989991,0.000000,3.721438
-1.339631,1.981934,0.000000,3.721438
-1.330328,1.989991,0.000000,3.721438
-1.339631,1.998048,0.000000,3.721438
-1.334980,1.989991,0.000000,3.721438
-1.339631,2.006104,0.000000,3.721438
-1.330328,1.989991,0.000000,3.721438
-1.367540,1.998048,0.000000,3.721438
-1.330328,1.989991,0.000000,3.721438
-1.339631,1.989991,0.000000,3.721438
-1.339631,1.998048,0.000000,3.721438
-1.330328,1.989991,0.000000,3.721438
-1.339631,1.998048,0.000000,3.721438
-1.339631,1.989991,0.000000,3.721438
-1.339631,1.998048,0.000000,3.721438
-1.339631,1.989991,0.000000,3.721438
-1.344283,1.989991,0.000000,3.721438
-1.330328,1.989991,0.000000,3.721438
-1.334980,1.989991,0.000000,3.721438
-1.339631,1.989991,0.000000,3.721438
-1.334980,1.998048,0.000000,3.721438
-1.334980,1.989991,0.000000,3.721438
-1.339631,1.998048,0.000000,3.721438
-1.339631,1.989991,0.000000,3.721438
-1.334980,1.989991,0.000000,3.721438
-1.334980,1.989991,0.000000,3.721438
-1.334980,1.989991,0.000000,3.721438
-1.339631,1.989991,0.000000,3.721438
-1.334980,1.998048,0.000000,3.721438
-1.334980,1.998048,0.000000,3.721438
-1.334980,1.989991,0.000000,3.721438
-1.334980,1.998048,0.000000,3.721438
-1.334980,1.998048,0.000000,3.721438
-1.334980,1.998048,0.000000,3.721438
-1.339631,1.998048,0.000000,3.721438
-1.339631,1.998048,0.000000,3.721438
-1.334980,1.989991,0.000000,3.721438
-1.339631,1.998048,0.000000,3.721438
-1.334980,1.989991,0.000000,3.721438
-1.334980,1.989991,0.000000,3.721438
-1.339631,1.998048,0.000000,3.721438
-1.330328,1.998048,0.000000,3.721438
-1.339631,1.998048,0.000000,3.721438
-1.339631,1.998048,0.000000,3.721438
-1.348934,1.989991,0.000000,3.721438
-1.334980,1.998048,0.000000,3.721438
-1.334980,1.989991,0.000000,3.721438
-1.334980,1.989991,0.000000,3.721438
-1.339631,1.998048,0.000000,3.721438
-1.334980,1.998048,0.000000,3.721438
-1.334980,1.989991,0.000000,3.721438
-1.334980,1.998048,0.000000,3.721438
-1.334980,1.989991,0.000000,3.721438
-1.334980,1.989991,0.000000,3.721438
-1.334980,1.989991,0.000000,3.721438
-1.339631,1.981934,0.000000,3.721438
-1.339631,1.989991,0.000000,3.721438
-1.334980,1.989991,0.000000,3.721438
-1.334980,1.998048,0.000000,3.721438
-1.330328,1.989991,0.000000,3.721438
-1.334980,1.989991,0.000000,3.721438
-1.334980,1.989991,0.000000,3.721438
-1.339631,1.998048,0.000000,3.721438
-1.334980,1.998048,0.000000,3.721438
-1.330328,1.998048,0.000000,3.721438
-1.339631,1.989991,0.000000,3.721438
-1.339631,1.998048,0.000000,3.721438
-1.339631,1.998048,0.000000,3.721438
-1.334980,1.989991,0.000000,3.721438
-1.339631,1.989991,0.000000,3.721438
-1.339631,1.989991,0.000000,3.721438
-1.334980,1.989991,0.000000,3.721438
-1.330328,1.998048,0.000000,3.721438
-1.339631,1.998048,0.000000,3.721438
-1.334980,1.989991,0.000000,3.721438
-1.339631,1.989991,0.000000,3.721438
-1.334980,1.998048,0.000000,3.721438
-1.339631,1.989991,0.000000,3.721438
-1.334980,1.998048,0.000000,3.721438
-1.330328,1.998048,0.000000,3.721438
-1.334980,1.989991,0.000000,3.721438
-1.334980,1.998048,0.000000,3.721438
-1.339631,1.989991,0.000000,3.721438
-1.330328,1.989991,0.000000,3.721438
-1.334980,1.998048,0.000000,3.721438
-1.330328,1.989991,0.000000,3.721438
-1.339631,1.998048,0.000000,3.721438
-1.334980,1.989991,0.000000,3.721438
-1.344283,1.998048,0.000000,3.721438
-1.344283,1.998048,0.000000,3.721438
-1.334980,1.998048,0.000000,3.721438
-1.339631,1.998048,0.000000,3.721438
-1.334980,1.989991,0.000000,3.721438
-1.330328,1.981934,0.000000,3.721438
-1.321025,1.973878,0.000000,3.721438
-1.279162,1.965821,0.000000,3.721438
-1.316374,1.941651,0.000000,3.721438
-1.307071,1.941651,0.000000,3.721438
-1.302419,1.925538,0.000000,3.721438
-1.288465,1.917481,0.000000,3.721438
-1.288465,1.917481,0.000000,3.721438
-1.283813,1.909425,0.000000,3.721438
-1.279162,1.901368,0.000000,3.721438
-1.274510,1.885255,0.000000,3.721438
-1.269859,1.869141,0.000000,3.721438
-1.255904,1.877198,0.000000,3.721438
-1.260556,1.861085,0.000000,3.721438
-1.251253,1.853028,0.000000,3.721438
-1.251253,1.844972,0.000000,3.721438
-1.246601,1.836915,0.000000,3.721438
-1.237298,1.820802,0.000000,3.721438
-1.227995,1.812745,0.000000,3.721438
-1.237298,1.804688,0.000000,3.721438
-1.218692,1.804688,0.000000,3.721438
-1.218692,1.796632,0.000000,3.721438
-1.209389,1.780518,0.000000,3.721438
-1.204738,1.772462,0.000000,3.721438
-1.195435,1.764405,0.000000,3.721438
-1.195435,1.764405,0.000000,3.721438
-1.190783,1.740235,0.000000,3.721438
-1.181480,1.740235,0.000000,3.721438
-1.176829,1.732178,0.000000,3.721438
-1.176829,1.716065,0.000000,3.721438
-1.172177,1.716065,0.000000,3.721438
-1.158223,1.699952,0.000000,3.721438
-1.158223,1.691895,0.000000,3.721438
-1.148920,1.691895,0.000000,3.721438
-1.148920,1.675782,0.000000,3.721438
-1.144268,1.675782,0.000000,3.721438
-1.144268,1.667725,0.000000,3.721438
-1.130314,1.659669,0.000000,3.721438
-1.130314,1.651612,0.000000,3.721438
-1.121011,1.643555,0.000000,3.721438
-1.116359,1.627442,0.000000,3.721438
-1.111708,1.619385,0.000000,3.721438
-1.107056,1.611329,0.000000,3.721438
-1.107056,1.611329,0.000000,3.721438
-1.102405,1.595216,0.000000,3.721438
-1.093102,1.595216,0.000000,3.721438
-1.088450,1.579102,0.000000,3.721438
-1.083799,1.571046,0.000000,3.721438
-1.079147,1.562989,0.000000,3.721438
-1.079147,1.562989,0.000000,3.721438
-1.069844,1.554932,0.000000,3.721438
-1.060541,1.538819,0.000000,3.721438
-1.069844,1.530762,0.000000,3.721438
-1.060541,1.522706,0.000000,3.721438
-1.055890,1.514649,0.000000,3.721438
-1.051238,1.506592,0.000000,3.721438
-1.046587,1.498536,0.000000,3.721438
-1.041935,1.490479,0.000000,3.721438
-1.037284,1.482423,0.000000,3.721438
-1.041935,1.474366,0.000000,3.721438
-1.032632,1.466309,0.000000,3.721438
-1.018678,1.450196,0.000000,3.721438
-1.014026,1.434083,0.000000,3.721438
-1.004723,1.417969,0.000000,3.721438
-0.995420,1.409913,0.000000,3.721438
-0.990769,1.393800,0.000000,3.721438
-0.976815,1.377686,0.000000,3.721438
-0.972163,1.361573,0.000000,3.721438
-0.972163,1.345460,0.000000,3.721438
-0.958209,1.321290,0.000000,3.721438
-0.948906,1.321290,0.000000,3.721438
-0.939603,1.297120,0.000000,3.721438
-0.930300,1.281007,0.000000,3.721438
-0.916345,1.264893,0.000000,3.721438
-0.916345,1.248780,0.000000,3.721438
-0.907042,1.232667,0.000000,3.721438
-0.902391,1.224610,0.000000,3.721438
-0.893088,1.200440,0.000000,3.721438
-0.879133,1.192383,0.000000,3.721438
-0.865179,1.176270,0.000000,3.721438
-0.860527,1.160157,0.000000,3.721438
-0.851224,1.144044,0.000000,3.721438
-0.837270,1.127930,0.000000,3.721438
-0.832618,1.111817,0.000000,3.721438
-0.823315,1.103760,0.000000,3.721438
-0.809361,1.087647,0.000000,3.721438
-0.800058,1.071534,0.000000,3.721438
-0.786103,1.055421,0.000000,3.721438
-0.781452,1.039307,0.000000,3.721438
-0.772149,1.031250,0.000000,3.721438
-0.758194,1.007081,0.000000,3.721438
-0.753543,1.007081,0.000000,3.721438
-0.744240,0.974854,0.000000,3.721438
-0.734937,0.966797,0.000000,3.721438
-0.720982,0.950684,0.000000,3.721438
-0.707028,0.942627,0.000000,3.721438
-0.702376,0.910401,0.000000,3.721438
-0.688422,0.918458,0.000000,3.721438
-0.674467,0.910401,0.000000,3.721438
-0.669816,0.878174,0.000000,3.721438
-0.655861,0.862061,0.000000,3.721438
-0.651210,0.854004,0.000000,3.721438
-0.641907,0.829834,0.000000,3.721438
-0.627952,0.821778,0.000000,3.721438
-0.627952,0.805664,0.000000,3.721438
-0.613998,0.789551,0.000000,3.721438
-0.609346,0.781495,0.000000,3.721438
-0.604695,0.765381,0.000000,3.721438
-0.576786,0.749268,0.000000,3.721438
-0.562831,0.725098,0.000000,3.721438
-0.548877,0.700928,0.000000,3.721438
-0.520968,0.692871,0.000000,3.721438
-0.502362,0.676758,0.000000,3.721438
-0.497710,0.652588,0.000000,3.721438
-0.474453,0.636475,0.000000,3.721438
-0.465150,0.620362,0.000000,3.721438
-0.455847,0.604248,0.000000,3.721438
-0.441892,0.588135,0.000000,3.721438
-0.427938,0.563965,0.000000,3.721438
-0.413983,0.547852,0.000000,3.721438
-0.404680,0.531739,0.000000,3.721438
-0.390726,0.515625,0.000000,3.721438
-0.381423,0.491455,0.000000,3.721438
-0.372120,0.483399,0.000000,3.721438
-0.358165,0.459229,0.000000,3.721438
-0.348862,0.443115,0.000000,3.721438
-0.330256,0.427002,0.000000,3.721438
-0.316302,0.410889,0.000000,3.721438
-0.311650,0.394776,0.000000,3.721438
-0.297696,0.378662,0.000000,3.721438
-0.297696,0.362549,0.000000,3.721438
-0.288393,0.346436,0.000000,3.721438
-0.279090,0.330322,0.000000,3.721438
-0.269787,0.314209,0.000000,3.721438
-0.265135,0.298096,0.000000,3.721438
-0.241878,0.281983,0.000000,3.721438
-0.218620,0.273926,0.000000,3.721438
-0.195363,0.249756,0.000000,3.721438
-0.167454,0.233643,0.000000,3.721438
-0.134893,0.209473,0.000000,3.721438
-0.013954,0.064453,0.000000,3.721438
-0.009303,0.056396,0.000000,3.721438
-0.027909,0.040283,0.000000,3.721438
-0.032561,0.016113,0.000000,3.721438
-0.037212,0.008057,0.000000,3.721438
-0.004652,0.000000,0.000000,3.721438
