:020000040800F2
:1000000080620020ED010008A9690008255D000854
:10001000A5690008E1040008B573000800000000AD
:10002000000000000000000000000000F16B00086C
:10003000B105000800000000D1690008216C00082B
:10004000070200080702000807020008070200086C
:10005000070200080702000807020008070200085C
:100060000702000807020008070200080D05000843
:1000700019050008070200081D05000829050008E9
:1000800035050008390500081D03000807020008AF
:1000900007020008310600080702000807020008EE
:1000A000556C0008756C000807020008070200087C
:1000B00007020008070200080702000807020008FC
:1000C00007020008070200080702000807020008EC
:1000D00007020008A97300080702000807020008C9
:1000E0000702000807020008070200088D6C0008DC
:1000F000996C000807020008070200083D03000889
:1001000007020008070200080702000807020008AB
:10011000070200080702000807020008816C0008B7
:10012000070200080702000807020008070200088B
:100130000702000807020008490300080702000838
:10014000070200080702000807020008070200086B
:10015000070200080702000807020008070200085B
:10016000070200080702000807020008070200084B
:10017000070200080702000807020008070200083B
:10018000070200080702000807020008070200082B
:10019000070200080000000007020008070200082C
:1001A0000702000807020008070200083D5D00087A
:1001B00007020008070200080702000807020008FB
:1001C00007020008070200080702000807020008EB
:1001D0000702000807020008DFF80CD000F08CF8D6
:1001E00000480047418B0008806200200648804795
:1001F00006480047FEE7FEE7FEE7FEE7FEE7FEE70C
:10020000FEE7FEE7FEE7FEE7416C0008D9010008C3
:100210002DE9F05F0546002092469B46884606463B
:10022000814640241BE0284641464746224600F0CE
:1002300053F853465A46C01A914110D311461846F6
:10024000224600F03AF82D1A67EB01084F46224685
:100250000120002100F031F817EB00094E41201E6B
:10026000A4F10104DFDC484631462A464346BDE896
:10027000F09F40EA01039B0703D009E008C9121F61
:1002800008C0042AFAD203E011F8013B00F8013B50
:10029000521EF9D27047D2B201E000F8012B491E7C
:1002A000FBD270470022F6E710B513460A46044613
:1002B0001946FFF7F0FF204610BD202A04DB203A44
:1002C00000FA02F1002070479140C2F1200320FAA9
:1002D00003F3194390407047202A04DB203A21FAA7
:1002E00002F00021704721FA02F3D040C2F120024F
:1002F0009140084319467047064C074D06E0E068F8
:1003000040F0010394E8070098471034AC42F6D35C
:10031000FFF766FF14F1000834F1000880B540F2E1
:10032000CC40C2F2000001F04FF840F23850C2F267
:100330000000BDE8804001F047B8000040F2A45042
:10034000C2F2000001F040B840F21060C2F20000BA
:1003500001F03AB8B0B50446002021688B688A687D
:1003600013F0020F37D112F0010208BFB0BD886848
:1003700000F00D0001282FD188684FF6C072C7F633
:10038000FF72104040F0020088600320086002F015
:1003900053FA05462068806810F0010F04BF002062
:1003A000B0BD05E0806810F0010F04BF0020B0BDB3
:1003B00002F042FA411B20680229F3D9816811F04A
:1003C000010FEFD0E06D40F01000E065206E40F0CE
:1003D000010020660120B0BDE06D40F01000E06536
:1003E000206E40F0010020660120B0BD70B582B0E3
:1003F00004460020019021688A6812F0010F69D13B
:1004000088684FF6C076C7F6FF7606F17F02104285
:100410000AD0E06D40F01000E065206E40F0010071
:100420002066012002B070BD8868304040F00100B5
:10043000886040F20010C5F2000000F500728142B1
:10044000134618BF00F5C063B1F1A04F08BF1346B3
:10045000986810F4000F19D040F2040042F663517E
:10046000C2F20000C0F23E5100688009A0FB010109
:1004700088090C2100EB400001EB800002E000BF86
:1004800001980138019001980028F9D102F0D4F9BF
:1004900005462068016811F0010F1DD1816811F037
:1004A000010F01BF8168314041F00101816002F01C
:1004B000C3F9411B20680329ECD3016811F0010F37
:1004C000E8D1E06D40F01000E065206E40F00100E2
:1004D0002066012002B070BD002002B070BD000097
:1004E000FEE7000080B500BF01200AF063FAFBE7D9
:1004F0009FED052A30EEC11A80ED000A21EE020AB6
:1005000081ED000A704700BF3ACD133F40F2A4606E
:10051000C2F2000001F070BB07F030B940F6E40011
:10052000C2F2000001F068BB40F68400C2F2000095
:1005300001F062BB07F030B9704700004EF6FC5185
:10054000CEF200010A6842F080720A6041F20001B6
:100550000022CEF200014A600B6843F001030B60F9
:1005600044F24021C0F20F01484340F25C01C2F264
:100570000001086044F6D351C1F26201A0FB0113EF
:10058000990940F26003C2F2000319604DF68361DD
:10059000C4F21B31A0FB0101880C40F26401C2F2DD
:1005A0000001086040F26800C2F20000026070477B
:1005B00070470000EFF3108072B600BFFEE7000046
:1005C000B0B588B00025022040F6441402A9CDE958
:1005D000025504900120C2F2000405904FF400700F
:1005E000069040F2FF700790204601F019FD20466A
:1005F000022102220023009501F03EFD204602F078
:1006000009F820460121002201F088FC40F2780020
:1006100040F20221C2F20000C0E900150821856005
:10062000C0E90755C0E90555C0E9031508B0B0BDDC
:1006300040F64410C2F2000001F0D8BDB0B582B05F
:10064000044600200D46019094F85800012802BF8E
:10065000022002B0B0BD012084F858002046FFF708
:1006600079FEE16D10B141F010012DE041F2021070
:100670004FF6C07221EA0000C3F6FF7240F002009C
:10068000E06520688168114005F08042114341F027
:10069000004181604DF60261C0F204018268B2F14E
:1006A000FF3F0CDC019A01320192019A8A42F5D394
:1006B000E06D20F0120040F01001012004E0E16D37
:1006C000012060F301010020E165002184F8581049
:1006D00002B0B0BD704700002DE9F04381B00022A8
:1006E000009290F85820012A02D14FF0020E27E222
:1006F000012280F8582044F200024369C0F21042FF
:10070000002B1CBF0E6A012E16D14B68092B3DD160
:100710008F6A0B684FF4785606EA5343002F1FBFC9
:1007200007F07C073B43CF6A3B430768FE6C3240CF
:100730001A43FA64436629E0876E17B1436E0025B9
:100740000FE00023751EC0E919368F6A002F1FBF06
:1007500007F07C032B43CF6A43EA070518BF002349
:100760003746D1E90064013F876604F01F07C6F3EE
:10077000846606FA07F747EA050743EA0703436674
:1007800004D10768FE6C32401A43FA6403689A6821
:1007900012F0080F0FD191F82560DA6891F82670F1
:1007A0007F05002E22F4401204BF91F8246047EA2E
:1007B00006573A43DA609A689F684FF6FF7CC0F2AA
:1007C000070CFF0847EA9202D20710D18F6A91F80E
:1007D0002520002F1CBFCF6A002F0BD1DF68012A14
:1007E00027F0007608BF47F00076DE600FE04FF09C
:1007F000000EC7E0012A06D1C26D4FF0010E42F093
:100800002002C26505E0DA6822F00072DA604FF07B
:10081000000E91F830401A69012C08D1D1E90D453C
:1008200022F4FF7222432A4342F0020201E022F046
:1008300002021A6103F1140207240F68D1F808803C
:10084000C7F34065B8F1004F52F82550C7F304567E
:1008500004FA06F425EA04054FF0040404EAD75725
:1008600004D1D551126842F0004206E008FA06F4BD
:100870002C43D451126822F000425A61D1E9042479
:10088000DD68042A50D11A6E1C6E0A68C2F38465B2
:1008900092FAA2F612EA0C0F18BFB6FA86F5C4F364
:1008A0008464AC4201BF1A6E22F000421A660A68E4
:1008B0005C6EC2F3846492FAA2F512EA0C0F18BFC0
:1008C000B5FA85F45D6EC5F38465A54201BF5A6E25
:1008D00022F000425A660A689C6EC2F3846492FA5F
:1008E000A2F512EA0C0F18BFB5FA85F49D6EC5F398
:1008F0008465A54201BF9A6E22F000429A660A689A
:10090000DC6EC2F3846492FAA2F512EA0C0F18BFEF
:10091000B5FA85F4DA6EC2F38462A24202BFDA6EDF
:1009200022F00042DA662DE003F16007D1F8008082
:100930004FF2000657F82290C0F2FF3609EA060986
:10094000062606EA9505AC4008F0F8452C4344EA33
:10095000090444F0004447F822400A698C6957F8BA
:10096000225025F080752C4347F822400C690A7FFD
:1009700057F82450012A25F0007508BF45F000758E
:1009800047F824509A6812F0010F43D10A68CD68E5
:10099000D3F8B04042F0784705F0180602EA0C0898
:1009A00047F0FF672CFA06F687EA0C0706EA080606
:1009B00027403743C3F8B0700027C4F27F07BD4219
:1009C00028D192FAA2F7B8F1000F4FF00106B7FA5A
:1009D00087F708BF970E7A1C02F01E0702F01F026D
:1009E00096400A2F24BF46F000760A3A02EB4202F4
:1009F00046EA02520726C2F30457C2F340628D68EA
:100A000003EB8202BE40546905FA07F724EA0606A2
:100A1000374357610D680021C8F208010D4200F00C
:100A20008C8040F200310022C5F20001CCF221326C
:100A3000A1F5007401F58068A342464604BF40F268
:100A40000036C5F20006B3F1A04F04BF40F20036F5
:100A5000C5F200069542B76807F0E07C04D010228A
:100A6000C9F2C00295422CD1390266D440F200612D
:100A7000C5F200018B4218BFB3F1A04F5DD1B16840
:100A800042F66352C0F23E5221F0E07141EA0C019D
:100A900041F40001B16040F20401C2F200010968B2
:100AA0008909A1FB02129109182201EB410102EB15
:100AB000810101E000990139009100990029F9D1E3
:100AC0003BE0FA011ED40022CCF25272954219D1B9
:100AD000B3F1A04F0ED040F20012C5F200029342D3
:100AE0002BD040F20052C5F20002934225D0A3421F
:100AF00018BF41468A6822F0E07242EA0C0242F0D6
:100B0000807219E07A0218D40022CCF68432954221
:100B100013D1B3F1A04F08D040F20012C5F2000289
:100B200093420AD0A34218BF41468A6822F0E0727D
:100B300042EA0C0242F480028A60002180F85810D8
:100B40005FFA8EF001B0BDE8F083000080B540F29E
:100B5000CC4240F2003EC2F20002C4F2010E9042CA
:100B60006BD040F23851C2F20001884200F0B780E9
:100B700040F2A452C2F20002904200F0B88040F26B
:100B80001062C2F20002904218BF80BD116840F2AC
:100B9000A00C40F2A803C2F2000CC2F20003D1F88C
:100BA0008000ACF80400D1F880101986596B01312F
:100BB0005963DEF8001001F0010219601A71C1F3E7
:100BC00000225A71C1F38431D980DEF8081001F097
:100BD000010259611A76C1F300225A76C1F38431B9
:100BE0005983DEF80C1001F00102996283F82C2081
:100BF000C1F3002283F82D20C1F38431D98540F65A
:100C00009021C2F2000191F83A10196140F6CC210E
:100C1000C2F2000191F83A10596240F60831C2F26E
:100C2000000191F83A109963BCF800109987BCF85C
:100C30000210D987A3F8400080BD136840F2A00CD1
:100C4000C2F2000CD3F88020ACF80020D3F880006A
:100C500040F2A803C2F200031881D8680130D860BE
:100C6000DEF8000000F0010118601971C0F30021E6
:100C70005971C0F38430D880DEF8080000F001011B
:100C800058611976C0F300215976C0F38430588337
:100C9000DEF80C0000F00101986283F82C10C0F31C
:100CA000002183F82D10C0F38430D88540F69020C1
:100CB000C2F2000090F83A00186140F6CC20C2F26F
:100CC000000090F83A00586240F60830C2F2000086
:100CD00090F83A0098639A87BCF8020058E040F216
:100CE0003850C2F20000BDE8804006F095BC1168A3
:100CF00040F2A00C40F2A803C2F2000CC2F20003C2
:100D0000D1F88000ACF80200D1F880109983196AFC
:100D100001311962DEF8001001F0010219601A7148
:100D2000C1F300225A71C1F38431D980DEF8081072
:100D300001F0010259611A76C1F300225A76C1F31B
:100D400084315983DEF80C1001F00102996283F8B6
:100D50002C20C1F3002283F82D20C1F38431D985E2
:100D600040F69021C2F2000191F83A10196140F664
:100D7000CC21C2F2000191F83A10596240F60831D4
:100D8000C2F2000191F83A109963BCF800109987FB
:100D9000D887BCF80400A3F8400080BD704700006D
:100DA00070B5044640F200452068C5F20005A5F57F
:100DB0004071A5F580728842114618BF05F5407153
:100DC000B0F1A04F08BF11468E68816811F0080F7E
:100DD0001CBF022070BDC168C06C002908DB10F484
:100DE000C07005D1E06D40F02000E065012070BDCD
:100DF00094F85800012804BF022070BD012084F837
:100E000058002046FFF7F2FA00281EBF002184F8A0
:100E1000581070BDE06D43F2010240F2001C06F074
:100E20001F01C5F2000C10F4807F1ABF206E20F065
:100E3000080000202066E06D904340F48050E0659B
:100E40002068604507D040F20053C5F20003984285
:100E500007D12B4601E04FF0A043002918BF834281
:100E600003D1E36D23F48013E36560236FF0400644
:100E70000360002384F85830C36813F4001F1EBFBA
:100E8000436843F480634360A369082B08BF6FF095
:100E900020064268082B02EA060242604FF0200258
:100EA00008BF40224368604542EA0302426015D011
:100EB00040F20052C5F20002904213D1854211D097
:100EC000072905D8012202FA01F111F0C10F09D159
:100ED000E06D40F48010E065002070BD4FF0A0454B
:100EE0008542EDD1C16811F0007F1CBF002070BDAC
:100EF00081684FF6C072C7F6FF72114041F00801D9
:100F00008160002070BD0000704700007047000045
:100F100090F85820012A02BF0221C8B27047B0B52C
:100F200082B0012240F2001580F858200022C5F25C
:100F300000050192009205F540740368A34208BFC2
:100F400005F58062B3F1A04F04BF40F20012C5F274
:100F500000023AB392689C682243520722D405F5F6
:100F60000072AB42944618BF05F5C06CB3F1A04FB8
:100F700008BF9446D1F800E0DCF80820BEF1000F6D
:100F800022F460421BD04C68224390F8384042EA79
:100F90004432CCF8082043F48072AA4218D155F8A4
:100FA000F82C1CE0C16D41F02001C1650121002237
:100FB00080F8582002B0BDE8B040C8B2704743F492
:100FC0008071CCF80820A94219D155F8F81C1DE011
:100FD000D5F80823D5F8083405F5A0651A43AB68A1
:100FE0001A43D20709D1DCF80820896840F61F733C
:100FF0009A4342EA0E02114311E00021D7E7D5F8E7
:101000000813D5F8082405F5A0651143AA68114313
:10101000C90708D1DCF8081040F61F729143CCF8DC
:1010200008100021C3E70021C1E700002DE9F041CD
:1010300081B00022009290F85820012A01D10221AB
:10104000BAE1012280F858200768BB6813F0040F4A
:1010500039D1D1E900361F244FF6FF7CC0F2070CCE
:1010600006F01F05C6F3012607EB8606AC40326B7F
:10107000C3F38463AB40A2431A433263BA68BB68CC
:10108000DB0843EA9202D20740F0B1800A68D1F847
:10109000088007F114060725C2F34063B8F1004F3A
:1010A00056F82340C2F3045305FA03F524EA050E6B
:1010B0004FF0040404EAD2540BD146F804E032683D
:1010C00042F000430DE0C16D41F02001C1650121F6
:1010D0006FE108FA03F242EA0E023251326822F05E
:1010E00000437B61D1E90465FC68042E50D13A6E5F
:1010F0003A6E0C68C4F3846394FAA4F614EA0C0FF5
:1011000018BFB6FA86F3C2F384629A4201BF3A6E00
:1011100022F000423A660C687A6EC4F3846294FA54
:10112000A4F314EA0C0F18BFB3FA83F27B6EC3F377
:101130008463934201BF7A6E22F000427A660C68A3
:10114000BA6EC4F3846294FAA4F314EA0C0F18BFC5
:10115000B3FA83F2BB6EC3F38463934201BFBA6EEA
:1011600022F00042BA660C68FA6EC4F3846294FA04
:10117000A4F314EA0C0F18BFB3FA83F2FB6EC3F3A7
:101180008463934202BFFA6E22F00042FA662EE0B8
:1011900007F16003D1F800E04FF2000253F8268017
:1011A000C0F2FF3208EA0208062202EA940205FAB7
:1011B00002F20EF0F8452A4342EA080242F00042E9
:1011C00043F826200A698E6953F8225025F080756D
:1011D0002E4343F822600E690A7F53F82650012AF5
:1011E00025F0007508BF45F0007543F82650BA6831
:1011F00012F0010F42D10E68CA68D7F8B05046F01D
:10120000784402F0180306EA0C0E44F0FF642CFA4E
:1012100003F384EA0C0403EA0E0325402B43C7F8CA
:10122000B0300023C4F27F039A4227D196FAA6F287
:10123000BEF1000FB2FA82F208BFB20E01260132EF
:1012400002F01E0302F01F0296400A2B24BF46F054
:1012500000760A3A02EB420246EA02520726C2F33D
:101260000453C2F340628D6807EB82029E405469CA
:1012700005FA03F324EA0606334353610D6800219F
:10128000C8F208010D4200F0938040F200330022C2
:10129000C5F20003CCF22132A3F5007403F5806E91
:1012A000A742714604BF40F20031C5F20001B7F118
:1012B000A04F04BF40F20031C5F2000195428E6894
:1012C00006F0E07C04D01022C9F2C002954230D171
:1012D00032026DD440F20062C5F20002974218BF9C
:1012E000B7F1A04F64D18A6822F0E07242EA0C02A2
:1012F00042F400028A6040F2040142F66352C2F2F4
:101300000001C0F23E5209688909A1FB021291094D
:101310000C2201EB410102EB8101009100990029AF
:1013200046D000BF00990139009100990029F9D1F8
:101330003EE0F1011FD40021CCF252718D421AD14E
:10134000B7F1A04F0FD040F200120021C5F2000209
:1013500097422ED040F20052C5F20002974228D0A8
:10136000A74218BF7346996821F0E07141EA0C0169
:1013700041F080711BE071024FF0000119D400228E
:10138000CCF68432954214D1B7F1A04F08D040F288
:101390000011C5F200018F420AD0A74218BF734660
:1013A000996821F0E07141EA0C0141F480019960F3
:1013B0000021002280F85820C8B201B0BDE8F081B9
:1013C00070470000704700002DE9F047044640F2E6
:1013D000001A2068C5F2000A0AF5C0680AF500760E
:1013E0004146504508BF3146B0F1A04F08BF3146D5
:1013F000026843688F6802EA0305A9070DD5E06D0E
:1014000010F0100F02BFE06D40F40060E065204670
:10141000FFF760F9206802210160690707F01F09E2
:1014200058BF5FEA057151D5214651F85C2F12F083
:10143000100F02BF0A6842F400720A60C26812F418
:10144000406F3DD10AF5806203469042024608BFD4
:101450000AF54072504508BF4FF0A04282420CD0BE
:10146000B9F1090F00F20481012340F2212703FAA8
:1014700009F33B42034608BF1346DA6812F4005FE3
:101480001ED1026812F0080F1AD0826812F0040F01
:101490000CD1426822F00C024260086820F480708F
:1014A0000860086810F4805F06D009E0E06D04F180
:1014B000600140F01000E065086840F0010008603D
:1014C0002046FFF77DFF20680C210160A90658BF68
:1014D0005FEA456132D5214651F85C2F12F0100FBA
:1014E00002BF0A6842F400520A605045C26C02F41E
:1014F000C073C26809D040F20057C5F20007B84275
:10150000074613D10AF5407701E04FF0A047874224
:1015100007460BD0B9F1070F00F29080012707FAB8
:1015200009F717F0C10F074600F08880FF68F3B392
:101530002046FFF70BFB206860210160290609D5D2
:10154000E06D40F48030E065204600F0A3F92068AB
:1015500080210160E9050AD5E06D40F40030E065C6
:101560002046FFF7D1FC20684FF480710160A90587
:101570000AD5E06D40F48020E0652046FFF7C6FC08
:1015800020684FF400710160E90643D5E16B99B31F
:10159000B9F1000F2AD050454FF4604208BFB04661
:1015A000B0F1A04F08BFB04608F1080121E0BB012F
:1015B00005D502F4406207F400531A43B8D102681B
:1015C000BB02B5D412F04002B2D0826812F0080F0C
:1015D00040D1426822F060024260086820F48050E6
:1015E0000860086810F4807FA2D139E000F10C0196
:1015F0000122096811420BD0E06D40F48060E06583
:10160000206E40F0020020662046FFF7DBFE2068D7
:1016100010210160690558BFBDE8F087E16D41F414
:101620008041E165216E41F0080121664FF480613F
:1016300001602046BDE8F047FFF7B0BB504514D02D
:1016400040F20057C5F20007B842074608BF0AF546
:1016500040776BE7E06D04F1600140F01000E06559
:10166000086840F00100086062E74FF0A0475DE7BE
:10167000134602E770B582B004460020002C0190AA
:1016800002BF012002B070BDE06D30B9204600F00D
:1016900003F90020206684F8580021684FF6C070D6
:1016A000C5F6FF708A6812F0005F1EBF8A680240AC
:1016B0008A608A6812F0805F1ED18A6800F18050CB
:1016C000104042F6635240F08050C0F23E528860B3
:1016D00040F20400C2F2000000688009A0FB020290
:1016E0009009022202EB400002E000BF019801389D
:1016F000019001980028F9D1886810F0805F09D125
:10170000E06D40F01000E065206E40F001002066C2
:10171000012000E000208A68C2F38006E26DE36DDC
:1017200002F01002324303D043F010010120ADE07B
:1017300023F4817242F00202E2658A6812F0010F1E
:101740002BD140F2001E41F48072C5F2000E7245AA
:1017500003D15EF8F8CC734607E0DEF80823DEF824
:10176000083443EA020C0EF5A0639A6842EA0C02C0
:10177000D20712D10EF500727145134618BF0EF54F
:10178000C063B1F1A04F08BF1346D4F804C09A68F3
:1017900022F47C1242EA0C029A60627FE36B43EA15
:1017A0004232D4E902352A4394F824501A4342EADB
:1017B0000543012D06D1A26A0025CFF6FE7505EB83
:1017C00042421343E26A44F20705CFF6F075002A5D
:1017D0001FBF02F478721A43236B1343CA682A406E
:1017E0001A43CA600A69636B22F040621A430A61B5
:1017F0008A68C2F3C00232433AD194F83830227F6B
:10180000CE6844F202055B00AE4343EA82323243C3
:10181000CA6022690B694AB143F4803343F6FF760C
:101820000B61D1F8C030B3431A4307E023F4803290
:1018300043F6FF730A61D1F8C0209A43C1F8C02073
:1018400094F840300A69012B0FD140F2FD7322EA6F
:10185000030CD4E91136D4E9135243EA0C033343A1
:101860002B431A4342F0010201E022F001020A6117
:1018700063690A6B22F00F02012B02BF236A013B4E
:101880001A430A630122E16D62F30101E16502B0CE
:1018900070BD000070470000F0B59BB0044600200A
:1018A00054211A90CDE91800CDE9160001A8FEF7E1
:1018B000F9FC206800F130404FEA3020062800F2A1
:1018C000EE8041F24C0540F20044C4F20205C4F639
:1018D0000004DFE800F00448E4E494E4BD004FF4C1
:1018E000004001904FF00050129001A801F0F8FA6A
:1018F000002818BFFEF75EFE40F26C00C2F2000046
:1019000001684A1C0029026008D1286840F4005090
:101910002860286800F4005000900098286803268A
:10192000002740F001002860286800F001000090C6
:101930000098286840F002002860286816AD294603
:1019400000F0020000900098042016904FF09040A4
:101950001796189700F082FE41F2020016A9C1C145
:101960002046294642E04FF4004001904FF00050DD
:10197000129001A801F0B4FA002818BFFEF71AFE71
:1019800040F26C00C2F2000001684A1C00290260AB
:1019900008D1286840F400502860286800F40050FE
:1019A000009000982868002640F00400286028680D
:1019B00000F0040000900098286840F001002860C2
:1019C0002868032500F00100009000981820169068
:1019D00004F5806016AC17951896214600F03EFE7F
:1019E000012016A961C14FF09040214600F036FE5B
:1019F00012200221002201F0C7F8122024E04FF447
:101A0000803001904FF00040139001A801F068FA77
:101A1000002818BFFEF7CEFD40F27000C2F20000B1
:101A200001684A1C0029026008D1286840F48040FF
:101A30002860286800F48040009000982F20022140
:101A4000002201F0A1F82F2001F08EF81BB0F0BDAC
:101A50004FF4803001904FF00040139001A801F046
:101A60003FFA002818BFFEF7A5FD40F27000C2F251
:101A7000000001684A1C0029026008D1286840F46F
:101A800080402860286800F48040009000983E2044
:101A90000221002201F078F83E2001F065F81BB029
:101AA000F0BD000010B50446002C04BF012010BD9D
:101AB00094F8210028B9002084F82000204600F086
:101AC0000BF8002001216062C4E90100C4E90300B1
:101AD000606184F8211010BD016841F24800C4F231
:101AE0000200A0F58962914218BF704781B0016879
:101AF00041F008010160006800F0080000900098C3
:101B000001B07047002802BF01210846704790F8D5
:101B10002510022925D1016801230A6822F001025B
:101B20000A600A6822F00E020A60816C0A6822F4D8
:101B300080720A60D0E9101202F01F0203FA02F26A
:101B40004A60D0E913124A60416D00291FBF0A683C
:101B500022F480720A60D0E9161218BF4A60002190
:101B600002E00421C1630121012280F82520002226
:101B700080F824200846704790F82510022931D1BA
:101B800001680A6822F001020A600A6822F00E0267
:101B90000A60816C0A6822F480720A60D0E9102120
:101BA00001F01F03012101FA03F35360D0E913236D
:101BB0005360426D002A1FBF136823F480731360C3
:101BC000D0E9162318BF536080F82510002180F853
:101BD0002410826B22B180B590470021BDE880407F
:101BE0000846704704210022C163012180F82510B6
:101BF00080F8242008467047B0B5D0E910C4DCF85E
:101C00000010026804F01F0E136813F0040F1EBFCB
:101C1000042404FA0EF414EA01050ED0116811F040
:101C2000200F02BF116821F004011160CCF80440BC
:101C3000016BD9B3BDE8B04008479C071AD5022410
:101C400004FA0EF414EA010514D0116811F0200F03
:101C500006D1116821F00A011160012180F82510D8
:101C60000021CCF8044080F82410C16AF1B1BDE82D
:101C7000B04008471B0719D5082303FA0EF3194093
:101C800008BFB0BD116821F00E011160012101FAF9
:101C90000EF2CCF80420C16380F82510002180F8F2
:101CA0002410416B11B1BDE8B0400847B0BD000041
:101CB0000121002800F0A7802DE9F04F02680027DD
:101CC0004FF6F83500F1180CC4F20207CBF6FD759B
:101CD00007F581633E464CF6CD47CCF6CC479A4299
:101CE00038BF05F580659A4205EB0204A4FB074561
:101CF0004FF6FC74C3F6FF7404EA950906F5806498
:101D000047F6F076C0F844903CBF0024C4F20204C9
:101D10009A4204644FF0020480F825401468D0E928
:101D20000287D0E904E524EA060A9CE840184AEA5A
:101D3000080444EA070444EA0E0747EA050747EAAD
:101D4000060740F2000647EA0B07C4F2020647EA1C
:101D50000C07176006F5026738BF06F500679A4260
:101D600009EB070506F508674CF6CD468564C764A0
:101D70006FF00707CCF6CC4657FA82F7A7FB06763A
:101D80004FF0080707EB161738BF3709B8F5804F33
:101D900007F01F0201FA02F240F68401C4F20201C8
:101DA000026504D1002343602B600A601EE0436893
:101DB00003F07F072F600A605A1E032A16D84FF4DB
:101DC000FE7201F1BC06012502EA83021F330A44B8
:101DD00003F01F0302F1780705FA03F3C0E9157653
:101DE0000027C3659767C1F8C03003E00021C0E950
:101DF0001511C16500210122C16380F8252080F8FA
:101E00002410BDE8F04F08467047000090F824C049
:101E1000BCF1010F44D04FF0010C80F824C090F8C1
:101E200025C0BCF1010F38D170B54FF0020C01266E
:101E300080F825C04FF0000CC0F83CC0D0F800C0BE
:101E4000DCF800E02EF0010ECCF800E0D0E913E45D
:101E5000CEF80440D0F854E0BEF1000F1CBFD0E92A
:101E600016456560D0E9104505F01F0506FA05F531
:101E70006560CCF804308368102B0B4608BF13460E
:101E8000CCF8083008BF0A46CCF80C20026BDCF80E
:101E9000001042B141F00E010DE0002180F8241045
:101EA0000220C0B2704721F00401CCF80010DCF829
:101EB000001041F00A01CCF80010806C016811F4A8
:101EC000803F1EBF016841F480710160BEF1000FC8
:101ED0001EBFDEF8000040F48070CEF80000DCF891
:101EE000000040F00100CCF800000020BDE8704088
:101EF000C0B27047B0B5044600F09EFC054640F203
:101F00004800611CC2F20000006818BF044400BF12
:101F100000F092FC401BA042FAD3B0BD90F85C30B8
:101F2000013BDBB2012B72D810B5006811F0070C31
:101F3000D0F858E00EF0010300D01BB311F0380FB9
:101F400002D01EF002041DD011F4E07F02D01EF07A
:101F5000040417D011F4F05F02D01EF0080411D071
:101F600011F4604F02D01EF010040BD011F4403F6A
:101F700002D01EF0200405D011F47C0F06D01EF014
:101F8000400403D1C46D44F00104C465002B18BFA4
:101F9000BCF1000F23D111F0380F18BF1EF002035F
:101FA0001DD111F4E07F18BF1EF0040317D111F406
:101FB000F05F18BF1EF0080311D111F4604F18BF75
:101FC0001EF010030BD111F4403F18BF1EF0200388
:101FD00005D111F47C0F18BF1EF0400303D0C36D70
:101FE00043F00203C3650B06BDE8104042BFD0F8C2
:101FF000DC301343C0F8DC30CB0542BFD0F8E03012
:102000001A43C0F8E02000F15402002003E000F180
:10201000600201200221136819431160704700001B
:10202000B0B590F85C20013AD2B2012A13D8D1E9B8
:102030000042D1E90253D1E904CEA9078CB1406C2A
:102040004CEA437341EA0E0140F8323000EBC20023
:1020500041600020B0BD016E41F002010166012027
:10206000B0BD006C41EA0E0141EAC36141EA0C4196
:1020700040F822100020B0BD90F85CC0BCF1010F08
:1020800010D100689200DDF800C042EA011141EA77
:10209000430150F8802F41EA0C0122F03F020A432D
:1020A000002104E050F8601F41F0040201210260A9
:1020B000084670477047000070470000F0B590F880
:1020C0005C50022D1ED1D0F800C040291ED1DCF892
:1020D000905015F00F0F00F08180DCF89040C4F3B1
:1020E000012EDCF8905015F0807F08D0DCF880508D
:1020F00015F4007F1EBF250A013505F0030E00F11F
:1021000048041CE0016E41F008016AE0DCF89850D8
:1021100015F00F0F62D0DCF89840C4F3012EDCF804
:10212000985015F0807F08D0DCF8805015F4807F3F
:102130001EBF250A013505F0030E00F14C0424688A
:102140000EEBCE0554F8356016F08046566054F814
:102150003560C6F38A4718BF26F06047176054F809
:10216000356006F00056966054F8356004EBC504FF
:1021700006F000461661A588D561E58815F00F05C3
:10218000D560656805F480155561656805F400152E
:102190009561E57905F07F05156265684FEAD575AB
:1021A000556211D04EF6300504F1080C0024C0F63B
:1021B000000500BF1CF804601E550134D668AE5DF2
:1021C000B442F7D3D0F800C00CF19C00402908BFFE
:1021D0000CF19400C0F800E00020F0BD016E41F465
:1021E000807101660120F0BD704700002DE9F04FBD
:1021F00085B004462068016D426DD0F85090D0F84B
:1022000054A0D0F850B0D0F8548001EA0205016D16
:102210000491416D0391016D0291416D0191416DF8
:10222000026D01EA0207790604D5402101652046C6
:10223000FFF7DAFF09EA0A0605F4E055F8050BD5C1
:1022400020684FF48073D0F8D810D0F8E0200365F0
:102250002046114000F0FAF908EA0B0806F00706DC
:102260002DB1206829460565204600F0F3F908F0F5
:1022700038052EB1206831460665204600F0BCF9CD
:102280002DB1206829460565204600F0C1F9B80542
:1022900006D520684FF400710165204600F0DCF996
:1022A00038060AD520688023D0F8D410D0F8DC2076
:1022B00003652046114000F0CBF9B80406D520682C
:1022C0004FF400510165204600F0BEF9DDE9011030
:1022D00000EA0105380406D520684FF40041016585
:1022E000204600F0AFF9DDE903107A0400EA0100AE
:1022F00005F4602107D522684FF480431365226EF0
:1023000042F08002226600F4710521B12068016567
:102310002046FFF7D1FE3DB120680565204650F804
:10232000601F2943016001E004F16000006800289B
:1023300004BF05B0BDE8F08F204605B0BDE8F04F02
:10234000FFF7B8BE2DE9F0410446002C04BF012080
:10235000BDE8F08194F85C0028B9002084F85D00A5
:10236000204600F0F5F82068816921F010018161B4
:1023700000F062FA054600BF2068816911F0080F7D
:1023800005D000F059FA401B0B28F5D310E0816905
:1023900041F00101816100F04FFA05462068816932
:1023A00011F0010F0ED100F047FA401B0B28F5D3B6
:1023B000206E032140F001002066012084F85C10AB
:1023C000BDE8F081816946F2004CC4F2000C604522
:1023D00041F00201816104BF6268CCF80021227CD7
:1023E000836943F04005012A08BF23F04005856159
:1023F000627C836923F48045012A08BF43F4804549
:102400008561A27C836943F48055012A08BF23F4C7
:10241000805585618369D4F808E023F4407343EA6A
:102420000E038361836923F0A4038361036923F0AE
:1024300010030361E368ABB1012B03D1836943F05F
:1024400004030EE08569022B09D045F08005032BBB
:102450008561056945F01005056103D1856945F081
:102460002003836104F114054FF07E466FF0FF08EE
:10247000BEF5407F2ACD226A06EB436608EB0525B0
:10248000A2F1010245EA060542EA050240F2000512
:10249000CFF6FF7505EB014141EA0201C16110D1A0
:1024A00004F124066FF00F0746CE236B07EB0313EE
:1024B00008EB0627013A05EB01413A431A43114361
:1024C000C160E16BD0F8C02011430CF58042C0F828
:1024D000C0100CF5806188420CF5006104BF4AF21F
:1024E0005072C4F20002884208BF02F5D46222642E
:1024F000D0F88010636B21F4F81141EA0341C0F871
:10250000801002F170016164D0F88010A36B21F09B
:10251000706141EA0361C0F8801002F1B00000214F
:10252000A06402F5C470E06402F51870206502F53D
:102530001E70606502F5547042F8041B8242FBD3A2
:1025400000200121A065206684F85C10BDE8F081C0
:1025500010B59CB00446002054211B90CDE9190011
:10256000CDE9170002A8FDF79DFE206846F2004164
:10257000C4F20001884201D01CB010BD4FF480505D
:1025800002904FF00070109002A800F0A9FC002803
:1025900018BFFEF70FF841F24C00C4F20200C16808
:1025A00041F00071C160C16801F0007101910199B1
:1025B000016841F00101016017A9006800F0010005
:1025C000019001984FF4C0501790022018900020FD
:1025D000199003201A9009201B904FF0904000F0B2
:1025E0003DF815200321002200F0CEFA152000F05E
:1025F000BBFA1CB010BD000041F2683241F26033FA
:102600004021C2F20002C2F20003FFF757BD0000F2
:102610007047000090F85C1001290BD1022180F86E
:102620005C1001688A6922F001028A61002101665A
:1026300008467047016E41F0040101660121084619
:1026400070470000704700007047000070470000AE
:102650007047000070470000704700002DE9F04F00
:1026600082B00E68002E00F0DC8041F200420627A6
:102670004FF0010B00250124C4F60002904200F146
:1026800038424FEAB22308BF0527052B4FF000035D
:1026900038BF4FEAB2270097A4F101090BFA09FCF1
:1026A00016EA0C0800F0B480D1F804A00AF0030E7A
:1026B000AEF10102012A15D8D0F808B0CF68032284
:1026C0009A402BEA02029F404FF0010B3A4382608E
:1026D000CAF30012476802FA09F227EA0C073A43E4
:1026E000426007E0BEF1030F04D18A68012A26D0B8
:1026F00001E000BF8A68C66803279A40BEF1020F56
:1027000007FA03F726EA070742EA0702C26016D172
:1027100005F01C020F2707FA02FC4FF6FC77C7F6FC
:10272000FF7707EA59060644376A27EA0C0C0F6957
:1027300007FA02F242EA0C023262D1F804A00668FB
:1027400003270AF003021AF4403F07FA03F702FADC
:1027500003F226EA070742EA0702026058D041F274
:10276000600240F2004E05F00C06C4F20202C4F210
:10277000010E17463A6842F001023A603A6802F0E8
:102780000102019229F00302019F72444FF60847AB
:10279000CFF6FF77B9460F2752F809C0B7402CEAA9
:1027A000070C009F07FA06F64CEA060742F8097084
:1027B000DEF808204F6822EA080217F4801F18BFCD
:1027C00042EA080217F4001FCEF8082040F20C423B
:1027D000C4F201021646326822EA080218BF42EA31
:1027E000080217F4003F3260DEF8042022EA0802F3
:1027F00018BF42EA080217F4803FCEF80420DEF842
:10280000002022EA080218BF42EA0802CEF800209F
:102810000E680233043536FA04F204F101047FF441
:102820003BAF02B0BDE8F08F00F12803002A18BFCB
:1028300000F118031960704745F2A460C2F200006D
:102840000068704790F84120202A03D190F840207A
:10285000012A02D10221C8B27047242280F8412007
:102860000268136823F001031360136823F4805394
:102870001360136819431160116841F00101116080
:10288000202180F84110002180F84010C8B2704724
:1028900090F84120202A03D190F84020012A02D14B
:1028A0000221C8B27047242280F8412002681368D0
:1028B00023F001031360136823F4706343EA0121DA
:1028C0001160116841F001011160202180F8411070
:1028D000002180F84010C8B27047000010B50446CF
:1028E000002C04BF012010BD94F8410028B900203D
:1028F00084F84000204600F045F824204FF40443BB
:1029000084F841002068016821F0010101606168DC
:1029100021F070610161816821F400418160D4E996
:102920000212012A08BF4FF40043022A41EA0301C0
:102930008160416821F4006308BF41F40063436093
:1029400004F11003416841F0007141F4004141601D
:10295000C16821F40041C1600ECB114341EA03215B
:10296000C160D4E9071211430160016841F001011F
:10297000016000202021606484F84110206384F805
:10298000420010BDB0B59CB00446002502A85421F9
:102990001B95CDE91955CDE91755FDF783FC206846
:1029A00045F20041C4F20001884201D01CB0B0BD24
:1029B0004020029002A8099500F092FA002818BF62
:1029C000FDF7F8FD41F24C0417A9C4F20204206897
:1029D00040F002002060206800F0020001900198A1
:1029E0004FF440701790122018900020CDE9190084
:1029F00004201B9040F20040C4F60000FFF72EFEBA
:102A0000E06840F40010E060E06800F4001001901D
:102A100001981CB0B0BD000040F2480045F2A4612E
:102A2000C2F20000C2F2000100680A6810440860A7
:102A30007047000080B5032000F0D8F80F2000F0A8
:102A400009F800281CBF012080BD00F055F80020C7
:102A500080BD0000B0B586B0044641F25800C4F213
:102A60000200016841F0200101606946006800F041
:102A700020000190019801A800F022FD00F042FD25
:102A80004DF6836540F6A44141F2004240F2E7333F
:102A9000C4F21B35C2F20001C4F20002A0FB05051E
:102AA0004FF0FF3000EB95400025C1E900200846BB
:102AB000C1E902530D6101F005FC0546CDB940F6B0
:102AC000A440C2F2000001F06BFD05468DB937202D
:102AD00000F04AF80F2C0BD83720214600220025A1
:102AE00000F052F840F24C00C2F20000046000E036
:102AF0000125284606B0B0BD80B582B041F258002D
:102B00000022C4F20200816841F001018160816805
:102B100001F0010101910199016841F080510160CA
:102B20000F21006800F08050009000986FF00100C5
:102B300000F02AF802B0BDE8804000F0C7B90000FC
:102B40000028B8BF704700F01F010122400902FAB7
:102B500001F14EF28012CEF2000242F82010BFF3D3
:102B60004F8FBFF36F8F70470028B8BF704700F0DA
:102B70001F010122400902FA01F14EF20012CEF2C9
:102B8000000242F82010704710B500F00F034EF617
:102B90000C5E00F1604CB0F1FF3FA3F10403CEF2F4
:102BA000000E734403F10C04C8BF0CF56444DEF856
:102BB0000000C0F3022000F1040CC31E80F00700E7
:102BC000BCF1070F4FF0010C38BF0023042828BFC9
:102BD00004200CFA00F0013808400CFA03F10F3120
:102BE0009840114008430001207010BD4EF60C5172
:102BF0004FF6FF03CEF200010A681A4060F30A2282
:102C000042F0806040F0FD700860704710B582B0FF
:102C100004463CB194F83A0005281CBF94F83A00E9
:102C2000022802D1012002B010BD41F26000C4F2BE
:102C30000200016841F001010160006800F001003C
:102C40000190019894F83A00002804BF002084F80D
:102C50003900204600F050F8A168E26A41F02000F7
:102C6000602809D1206804F1080C036823F01003E0
:102C70001A430260626809E0206804F10C0C0368E2
:102C800023F010031A43026062680A43036843F6A4
:102C90001161CEF200011940DCF800301A431143F3
:102CA00022691143D4E909231143227D012A08BF77
:102CB00041F480711943D4E90C2341EAC24141EA4D
:102CC00003610160816900290BDB816904F1180C43
:102CD0009CE80C1021F03F011143194341EA0C011B
:102CE000816194F83A00002804BF012084F83A007A
:102CF000002002B010BD000080B586B0002240F276
:102D00000C3141F24C0C0592CDE90322CDE90122B0
:102D1000C4F20101C4F2020C036840F20040C4F6A0
:102D200000008B4221D040F20831C4F201018B42F5
:102D300032D040F20030C4F2010083422AD1DCF8E4
:102D4000000001A940F00100CCF80000DCF8000010
:102D500000F00100009000980A20019003200290EA
:102D6000002003904FF0904029E0DCF8001041F083
:102D70000201CCF80010DCF8001001F00201009113
:102D800000994FF4406101910321CDE9021201A99C
:102D9000FFF764FC06B080BDDCF8001041F00201D2
:102DA000CCF80010DCF8001001F00201009100994D
:102DB00005210191032102910021039101A9FFF74F
:102DC0004DFC06B080BD000000281CBF90F83A10F2
:102DD00005290DD090F83A10012909D101680A6837
:102DE00042F001020A60042180F83A100020704786
:102DF0000120704747F200010028C4F200012FD0E3
:102E00000A68B0F5007F59D1D1F8800040F4807095
:102E1000C1F8800002F4C060B0F5806F52D108683C
:102E2000012262F34A203222086040F20400C2F21A
:102E30000000006850434DF68362C4F21B32A0FBD1
:102E400002026FEA924000BF4A6900281CBF0130AD
:102E500012F48062F8D1486910F4806F32D02AE011
:102E60000868D1F8802000F4C06022F48072B0F5C8
:102E7000806FC1F8802025D10868012262F34A20C2
:102E80003222086040F20400C2F2000000685043A1
:102E90004DF68362C4F21B32A0FB02026FEA92403D
:102EA0004A6900281CBF013012F48062F8D14869D9
:102EB00010F4806F06D00320C0B27047022060F388
:102EC0004A220A600020C0B27047000047F20800A2
:102ED000C4F20000016841F48041016070470000C5
:102EE0002DE9F04182B0044641F28806A078C4F290
:102EF0000206000701D4002061E056F8300C47F2CA
:102F00000007C4F2000710F0805F0ED156F8300CB5
:102F10004FF0010840F0805046F8300C56F8300C65
:102F200000F080500190019801E04FF000083868EF
:102F300040F480703860FFF77FFC0546386810F475
:102F4000807F06D1FFF778FC401B0228F6D90320CA
:102F50002CE0B06810F4407021D0216D88420BD075
:102F6000B068B16841F4803120F44070B160B1685C
:102F700021F48031B160B060C00710D0FFF75CFC75
:102F8000054641F2883700BFB06810F0020F06D145
:102F9000FFF752FC401BB842F6D9032006E0B068A8
:102FA000216D20F440700843B0600020B8F1010F9B
:102FB00002BF56F8301C21F0805146F8301C2168C1
:102FC00011F0010F3ED18A0744D44A074AD40A07B8
:102FD00050D4CA0656D48A065CD44A0662D40A067D
:102FE00068D4CA056ED48A0375D48A057CD44A0590
:102FF00000F183800A0500F19380CA0400F1A380E8
:103000008A0400F1B3804A0400F1C3800A0400F18D
:10301000D380CA0300F1E38049030FD57169E26CE4
:1030200021F44011B2F5001F41EA0201716102BFB3
:1030300056F87C1C41F4801146F87C1CC0B202B0EA
:10304000BDE8F0813268636822F003021A433260FF
:103050008A07BAD53268A36822F00C021A4332609C
:103060004A07B4D53268E36822F030021A4332606E
:103070000A07AED53268236922F0C0021A433260D3
:10308000CA06A8D53268636922F440721A433260D6
:103090008A06A2D53268A36922F440621A433260DC
:1030A0004A069CD53268E36922F440521A433260E2
:1030B0000A0696D53268236A22F440421A433260E7
:1030C000CA0590D53268636A22F440321A433260EE
:1030D0008A037FF58AAF7269A36A22F003021A435A
:1030E00072618A057FF583AF3268E36A22F4402279
:1030F0001A4332604A057FF57DAF3268236B22F4B4
:103100004012B3F5801F42EA0302326002BF56F854
:103110007C2C42F4801246F87C2C0A057FF56DAFBA
:103120003268636B22F44002B3F5800F42EA030277
:10313000326002BF56F87C2C42F4801246F87C2C98
:10314000CA047FF55DAF3268A36B22F04072B3F121
:10315000807F42EA0302326002BF56F87C2C42F4C0
:10316000801246F87C2C8A047FF54DAF3268E36B01
:1031700022F04062B3F1006F42EA0302326002BF04
:1031800056F87C2C42F4801246F87C2C4A047FF5D9
:103190003DAF3268236C22F04062B3F1006F42EA27
:1031A0000302326002BF56F87C2C42F4801246F8CB
:1031B0007C2C0A047FF52DAF3268636C22F04052FC
:1031C000B3F1805F42EA0302326002BF56F87C2C02
:1031D00042F4803246F87C2CCA037FF51DAF32687A
:1031E000A36C22F04042B3F1804F42EA0302326006
:1031F00002BF56F87C2C42F4803246F87C2C4903FE
:103200007FF51CAF0AE700002DE9F04704460D46A4
:10321000002C62D041F2080AC4F2020ADAF8F80F70
:1032200000F00F00A8420CD2DAF8F80F20F00F00DF
:103230002843CAF8F80FDAF8F80F00F00F00A84298
:103240004BD1216842F20048C0F2F40811F0010F9E
:103250000DD14FF00009880700F19A80B9F1800F75
:1032600040F0AF80DAF8000020F0F000A7E06068DE
:103270004BF2004CC0F2C44C032828D15AF8083C49
:1032800013F0007F29D0DAF804300222DAF8043093
:10329000DAF80470DAF80460C6F34166C3F3031386
:1032A000C7F30627013302EB4602B8FBF3F37B4377
:1032B000B3FBF2F262454BD9DAF8002012F0F00FBE
:1032C0003CD0890744D5A168002941D136E05AF89D
:1032D000081C022805D1890305D40120C0B2BDE82D
:1032E000F0874905F9D5DAF8001001F00C0104293E
:1032F0002ED0DAF8001001F00C01082928D0DAF8F5
:10330000001001F00C010C2922D1DAF80410022778
:10331000DAF80410DAF80420DAF80430C3F3416371
:10332000C1F30311C2F30622013107EB4303B8FBDB
:10333000F1F15143B1FBF3F1614509D9DAF800101D
:1033400008224FF0800962F30711CAF8001001E06B
:103350004FF00009DAF8001021F003010843CAF821
:103360000000FFF769FA064641F28837DAF80000F4
:10337000616800F00C00B0EB810F05D0FFF75CFA3C
:10338000801BB842F2D93AE0216888077FF566AF22
:10339000480742BFDAF8000040F4E060CAF80000D5
:1033A000080741BFDAF80000072262F30D20CAF8CF
:1033B0000000DAF80000A26820F0F0001043CAF81C
:1033C0000000DAF8F80F00F00F00A8421CD9DAF874
:1033D000F80F20F00F002843CAF8F80FFFF72CFA77
:1033E000064641F2883700BFDAF8F80F00F00F0008
:1033F000A84208D0FFF720FA801BB842F4D9032076
:10340000C0B2BDE8F0872168480707D5DAF80000A8
:10341000E26820F4E0601043CAF80000080708D50D
:10342000DAF80000216920F4605040EAC100CAF8CF
:103430000000DAF8000000F00C00042825D0DAF8CB
:10344000000000F00C0008281FD0DAF8000000F09F
:103450000C000C2817D1DAF804000223DAF8040073
:10346000DAF80410DAF80420C2F34162C0F3031062
:10347000C1F30621013003EB4202B8FBF0F04843F0
:10348000B0FBF2F801E04FF00008DAF800004EF26D
:10349000B471C0F60001C0F30310085C40F20401EF
:1034A000C2F2000100F01F0028FA00F0086040F2AC
:1034B0004C00C2F200000068BDE8F047FFF7CABA4E
:1034C0000F22026041F20802C4F20202136803F004
:1034D00003034360136803F0F0038360136803F48D
:1034E000E063C3604FF4E063126803EAD202026152
:1034F00042F20000C4F20200006800F00F00086011
:103500007047000040F2040041F208014EF2C4721C
:10351000C2F20000C4F20201C0F6000200680968AD
:10352000C1F30221515C01F01F01C8407047000047
:1035300040F2040041F208014EF2C472C2F20000EF
:10354000C4F20201C0F6000200680968C1F3C2219A
:10355000515C01F01F01C8407047000041F20C01AE
:10356000C4F2020151F8040C00F00C0242F20040D7
:10357000C0F2F400042A08BF704751F8042C02F08E
:103580000C02082A1BD051F8042C02F00C020C2A61
:103590001CBF002070470A6802230A68D1F800C0E7
:1035A0000968C1F34161C2F30312013203EB410127
:1035B000B0FBF2F0CCF306225043B0FBF1F07047C1
:1035C0002DE9F04381B004465CB3207841F2000954
:1035D00041F20C07C4F20209C4F20207C00725D168
:1035E000207880075AD42078000740F1C3806169B1
:1035F000D7F88800002900F0AA8040F00100C7F841
:103600008800FFF719F90546D7F8880010F0020F77
:1036100040F0B080FFF710F9401B0228F4D90320D6
:1036200000E00120C0B201B0BDE8F08357F8040CFF
:1036300000F00C01386808295FD000F003000C3955
:103640000338B1FA81F1B0FA80F049094009084025
:10365000012852D06668B6F5803F09D0D9F800003D
:10366000B6F5A02F40F0FB8040F48020C9F80000A0
:10367000D9F8000040F48030C9F80000FFF7DCF80A
:10368000054600BFD9F8000010F4003FA8D1FFF7AD
:10369000D3F8401B6428F5D90320C3E757F8040C7E
:1036A00000F00C013868042933D000F003000C3915
:1036B0000238B1FA81F1B0FA80F0490940090840B6
:1036C000012826D0E168D9F80000002900F0A88080
:1036D00040F48070C9F80000FFF7AEF8054600BF5F
:1036E000D9F8000010F4806F40F0AF80FFF7A4F825
:1036F000401B0228F4D9032094E7D9F8000010F405
:10370000003F3FF46DAF606800287FF469AF01208F
:1037100088E7D9F8000010F4806F03D0E068002833
:1037200000F0408157F8080C216920F0FE4040EA83
:10373000016047F8080C40F24C00C2F2000000683B
:10374000FFF788F900283FF44EAF01206AE720F028
:103750000100C7F88800FFF76FF80546D7F8880022
:1037600010F0020F06D0FFF767F8401B0228F5D9CA
:10377000032057E72078400740F1B380F86C10F041
:10378000805F0BD1F86C4FF0010840F08050F86476
:10379000F86C00F080500090009801E04FF00008B5
:1037A00046F20006CFF6FE7659F8060010F4807F48
:1037B00014D159F8060040F4807049F80600FFF76C
:1037C0003BF8054659F8060010F4807F06D1FFF754
:1037D00033F8401B0228F5D9032023E7A668012E01
:1037E00007D0D7F88400052E57D140F00400C7F861
:1037F0008400D7F8840040F00100C7F88400FFF788
:103800001BF8054641F28836D7F8840010F0020F05
:1038100060D1FFF711F8401BB042F5D9032001E752
:1038200020F48070C9F80000FFF706F8054600BFD5
:10383000D9F8000010F4806F3FF4D5AEFEF7FCFF1E
:10384000411B03200229F3D9ECE657F8080C216943
:1038500020F0FE4040EA016047F8080CC3E620F47F
:103860008030C9F80000D9F8000020F48020C9F8A1
:103870000000FEF7E1FF0546002E7FF403AF00BF16
:10388000D9F8000010F4003F3FF4AAAEFEF7D4FFD1
:10389000411B03206429F3D9C4E620F00100C7F8D6
:1038A0008400D7F8840020F00400C7F88400FEF7F5
:1038B000C3FF0546002EA5D141F28836D7F8840013
:1038C00010F0020F06D0FEF7B7FF411B0320B142F4
:1038D000F4D9A7E6B8F1010F02BFF86C20F08050D0
:1038E000F864207880062BD5A169D7F88C0099B1AF
:1038F00040F00100C7F88C00FEF79EFF054600BFB0
:10390000D7F88C0010F0020F1AD1FEF795FF411B7B
:1039100003200229F4D985E620F00100C7F88C00C5
:10392000FEF78AFF054600BFD7F88C0010F0020FA3
:1039300006D0FEF781FF411B03200229F4D971E66E
:10394000E669002E00F0A98057F8040C00F00C0086
:103950000C2803D1012E27D1012063E6D9F80000FD
:1039600020F08070C9F80000FEF766FF0546022EC1
:103970000CD100BFD9F8000010F0007F48D0FEF74E
:103980005BFF411B03200229F4D94BE6D9F8000064
:1039900010F0007F7AD0FEF74FFF411B0320022971
:1039A000F4D93FE601203DE63868216A00F00302C1
:1039B0008A4274D1616A6FF00F0202EB011100F0CC
:1039C000F0028A426DD1A16A00F4FE42B2EB012FEF
:1039D00069D1E16A00F07842B2EBC16F65D1216B29
:1039E0000022CFF6E07202EA015100F4C002A1F514
:1039F00000118A425BD1616B4FF07E4200F0C060E3
:103A000002EA016101F17E41884246D0012009E6C7
:103A100004F1200638686FF00F054ECE05EB021258
:103A200048F20C05C0F29F1528400843216B104353
:103A30000022CFF6E07240EA032002EA01514FF083
:103A40007E42A1F500110843616B40EAC66002EABC
:103A5000016101F17E4108433860D9F8000040F06F
:103A60008070C9F80000386840F080703860FEF758
:103A7000E3FE0446D9F8000010F0007F0DD1FEF7F8
:103A8000DBFE011B03200229F4D9CBE538684FF691
:103A9000FC71CFF6EE61084038600020C2E50120DD
:103AA000C0E50120BEE50120BCE50120BAE501200A
:103AB000B8E50000B0B50446002C04BF0120B0BD3D
:103AC000606A20B10020206104F1140005E0606804
:103AD000B0F5827F03D004F11C00002101600020BA
:103AE000A06294F85D1021B984F85C00204600F0D3
:103AF00053F802204FF4805E84F85D00206801686E
:103B000021F040010160D4F80CC0BCF5E06F4CF42A
:103B1000006388BF4FF0000EB3F5706F1CBF002329
:103B2000A362D4E90131D4E9042503F4827301F4DA
:103B3000044102F002021943114305F0010211434E
:103B4000A26902F400731943E36903F038031943CF
:103B5000236A03F080031943A36A03F40053194353
:103B60000160042101EA1241626A636B02F01002F3
:103B700042EA0E02114303F0080211430CF4706292
:103B800011434160C16921F40061C161002001213C
:103B9000206684F85D10B0BD2DE9F04786B000279F
:103BA000044643F6004240F21C0841F24C000597DF
:103BB000CDE90377CDE90177C4F20002C4F202082F
:103BC000C4F202002168914255D043F20002C4F2CF
:103BD0000102914240F0A5804169002741F48051E3
:103BE0004161416901F4805100910099016841F0FF
:103BF0000101016001A9006800F001000090009837
:103C0000E0200190022002900320039704900520F9
:103C100005904FF09040FEF721FD40F204750A2018
:103C200080264FF480794FF4806AC2F20005C5E91E
:103C3000008005F11000C5E9027780E840062846BB
:103C4000C5E90777FEF734F8002818BFFCF7B2FC87
:103C5000A565AC6240F2647508F114000B211022D6
:103C6000C2F2000585E8870005F1100080E84006F3
:103C7000C5E907774AE0C16841F40041C160C16805
:103C800001F4004100910099016841F002010160D6
:103C900001A9006800F0020000900098382001900F
:103CA0000220CDE9020706200497059040F200406B
:103CB000C4F60000FEF7D2FC40F2C47508F15000D3
:103CC0000E2180264FF480794FF4806AC2F20005FD
:103CD00085E883002846C5E90376C5E9059AC5E964
:103CE0000777FDF7E5FF002818BFFCF763FCA56523
:103CF000AC6240F6240508F164000F211022002375
:103D0000C2F2000585E84F06C5E907332846FDF7EE
:103D1000CFFF002805F1280618BFFCF74BFC6565AE
:103D2000346006B0BDE8F0872DE9F04381B01E464F
:103D300015460F460446FEF77FFD94F85D10814658
:103D400001290BD06068B0F5827F16D104294FF0AD
:103D5000020004BFA168002940F03E810120002F2D
:103D600000F03A81002D18BF002E00F0358194F844
:103D70005C00012803D102202EE102202CE1012069
:103D8000DDF8208084F85C0094F85D0004281CBFF6
:103D9000052084F85D00002020662564A4F84660B4
:103DA000A4F84460A763E687A687C4E913002068E7
:103DB000E1684268B1F5E06F22F480552B4698BF68
:103DC00042F48053012E88BF2B464360026812F0F4
:103DD000400F02BF026842F040020260B1F5E06F9E
:103DE0006368A6F10102B2FA82F24FEA5212B3FA04
:103DF00083F34FEA531342EA030247D9012A06D15B
:103E000037F8021BC160A763E08F0138E087012605
:103E100008F10105E08F20B9B4F84600002800F051
:103E2000BB802068816811F0020F0CD0E18F012E59
:103E300009D141B1A16B002631F8022BC260A16308
:103E4000E18F0139E187816811F0010F1CBFB4F8DF
:103E5000461000290AD0C068216C012621F8020B07
:103E60002164B4F846000138A4F84600FEF7E4FCEB
:103E7000002DCFD0A0EB09004045CBD3012084F822
:103E80005D00002084F85C000320A5E0012A13D126
:103E9000E18F022908D337F8021BC160A7634FF6F0
:103EA000FE71E08F084406E039780173A06B0130A1
:103EB000A063E08F0138E087012708F101054FF684
:103EC000FE7600BFE08F18B9B4F84600002863D032
:103ED0002068816811F0020F18D0E18F012F15D1F1
:103EE000A1B1E28FA16B022A06D331F8022BC26086
:103EF000A163E18F314407E009780173A06B0130C1
:103F0000A063E18F206801390027E187816811F003
:103F1000010F1CBFB4F84610002922D0B4F8461097
:103F2000022912D3C168226C22F8021B2264B4F861
:103F300046103144A4F84610B4F8461001299EBF3B
:103F4000416841F4805141600AE0007B216C0870B7
:103F5000206C01302064B4F846000138A4F8460013
:103F60000127FEF769FCA0EB0900294640454FF008
:103F7000000028BF0120002D18BF0121B8F1000F5B
:103F80001CBF084001289DD1012084F85D0000205D
:103F900084F85C0003201FE020464FF4C0514246E5
:103FA0004B4602F047FD68B9204641464A4602F0BA
:103FB000B9FD38B920464FF4C06142464B4602F085
:103FC00039FD68B1206E40F0200020662020206678
:103FD000002084F85C000120C0B201B0BDE8F0838D
:103FE000012084F85D00002084F85C00206E002829
:103FF00018BF0120F0E70000704700007047000084
:104000007047000090F83C20012A02BF0221C8B28C
:104010007047B0B5012248F2FF7480F83C20CEF61C
:10402000F074D1E900C3D1E902E203EA040522F405
:104030007C522EF470531A4304F500632A4303EABA
:104040000C0304F5C0551A430B692B4004F5F045E9
:104050001A434B691A4304F560531A400B6B2B400B
:1040600000251A43CB69CEF6FF751A438B6905EA22
:10407000034342F6004513430268C4F20105AA4215
:104080001EBF45F20005C4F20105AA4205D043F265
:104090000045C4F20105AA4216D14FF6FF75CDF6D0
:1040A0000F452B40D1E9085CD1E90A4E0021CDF63D
:1040B000F04101EA0451194325F0085319432CF04B
:1040C0000053194341EA0E030021536480F83C1069
:1040D000BDE8B040C8B270477047000070470000AC
:1040E0007047000090F83C300222012B6AD010B5D6
:1040F000012342F6004E80F83C3080F83D20C4F2A7
:10410000010E02685368D2F808C072451EBF45F21E
:104110000004C4F20104A24205D043F20044C4F2F8
:104120000104A24203D14C6823F4700323434FF6E9
:104130008F74CFF6FF5423400C682343536042F63C
:10414000FF33C4F201039A420BDC40F2FF73C4F266
:1041500000039A4210DCB2F1804F26D040F20043B7
:1041600012E043F6FF73C4F201039A4211DC724578
:104170001BD043F2004314E040F60003C4F20003F6
:104180009A4212D040F60043C4F200039A420CD087
:1041900010E045F20003C4F201039A4205D044F254
:1041A0000003C4F201039A4204D189682CF0800311
:1041B000194391600121002280F83D1080F83C20D5
:1041C000BDE81040D0B2704739B10322082908BFBA
:1041D0000222042908BF012200E00022024492F8D2
:1041E0004420012A1CBF01207047022241B1082946
:1041F00009D0042914BF80F8472080F8452004E046
:1042000080F8442001E080F8462001F00F010422EC
:104210008A400168086A90430862086A104308628D
:10422000486C40F40040486442F6FF30C4F201009C
:1042300081420BDC40F2FF70C4F20000814214DCCA
:10424000B1F1804F2AD040F2004016E043F6FF70F3
:10425000C4F20100814215DC42F60040C4F20100C4
:1042600081421BD043F2004014E040F60000C4F24B
:104270000000814212D040F60040C4F200008142AA
:104280000CD016E045F20000C4F20100814205D0D6
:1042900044F20000C4F2010081420AD1886807227A
:1042A000C0F2010202400020062A18BFB2F5803F8A
:1042B00004D0086840F0010008600020704700004A
:1042C0007047000010B50446002C04BF012010BD4B
:1042D00094F83D0028B9002084F83C00204600F006
:1042E000BFF8022040F6FF3284F83D00C4F200021D
:1042F0002068016890420EDD43F2FF32C4F20102F1
:10430000904218DC40F60042C4F2000290421ED0F7
:1043100042F6004217E0B0F1804F1EBF40F200426B
:10432000C4F20002904212D040F60002C4F2000231
:1043300090420CD00FE045F20002C4F2010290421C
:1043400005D043F20042C4F20102904203D1A268B8
:1043500021F07001114343F2FF32C4F20102904296
:1043600014DC40F2FF72C4F20002904223DD40F6FA
:104370000002C4F2000290421EBF40F60042C4F2A6
:10438000000290422DD042F6004226E044F2FF3275
:10439000C4F20102904218DD44F20042C4F201026C
:1043A00090421EBF45F20002C4F20102904218D0B2
:1043B00044F6000211E0B0F1804F12D040F200420A
:1043C000C4F2000290420CD00FE043F20042C4F26B
:1043D0000102904205D044F20002C4F20102904270
:1043E00003D1226921F440711143E268A36921F0ED
:1043F0008001C262194362688262A0F18042A2F524
:1044000096324FEAB222092A08D8012303FA02F2AF
:1044100040F2E5231A421CBF62690263026842F05F
:1044200004020260012242610160002084F84820F9
:1044300084F83E2084F83F2084F8402084F841200E
:1044400084F8422084F8432084F8442084F84520EE
:1044500084F8462084F8472084F83D2010BD0000F1
:1044600080B582B0016843F2004241F26000C4F2BC
:104470000102C4F2020091421FD042F60042C4F28F
:10448000010291421CBF02B080BD0168002241F4CC
:10449000006101600121006800F400600190019852
:1044A0001820FEF771FB1820FEF75EFB1920012192
:1044B0000022FEF769FB192016E00168002241F492
:1044C000005101600121006800F400500090009844
:1044D0002B20FEF759FB2B20FEF746FB2C20012159
:1044E0000022FEF751FB2C2002B0BDE88040FEF711
:1044F0003BBB000090F83D1001291CBF0120704714
:10450000022180F83D10016842F6FF30C4F201003C
:1045100081420BDC40F2FF70C4F20000814214DCE7
:10452000B1F1804F2AD040F2004016E043F6FF7010
:10453000C4F20100814215DC42F60040C4F20100E1
:1045400081421BD043F2004014E040F60000C4F268
:104550000000814212D040F60040C4F200008142C7
:104560000CD016E045F20000C4F20100814205D0F3
:1045700044F20000C4F2010081420AD18868072297
:10458000C0F2010202400020062A18BFB2F5803FA7
:1045900004D0086840F00100086000207047000067
:1045A00090F83D1001291CBF01207047022180F8BE
:1045B0003D100168C86840F00100C86042F6FF3055
:1045C000C4F2010081420BDC40F2FF70C4F2000033
:1045D000814214DCB1F1804F2AD040F2004016E055
:1045E00043F6FF70C4F20100814215DC42F6004040
:1045F000C4F2010081421BD043F2004014E040F6B7
:104600000000C4F20000814212D040F60040C4F223
:10461000000081420CD016E045F20000C4F2010017
:10462000814205D044F20000C4F2010081420AD167
:1046300088680722C0F2010202400020062A18BF43
:10464000B2F5803F04D0086840F001000860002007
:1046500070470000016841F21113C0F211030A6AA9
:104660001A4208D10A6A44F244431A4202BF0A6855
:1046700022F001020A60012180F83D1000207047FD
:1046800090F83C300222012B00F0A180B0B501234C
:1046900088244FF6887C80F83C3080F83D20CFF6A7
:1046A000CE74CFF6CF7C02689368234093600B688A
:1046B000B3F5005F0DDA3F2B21DD5F2B31DD602B81
:1046C00000F08780702B00F0B380B3F5805F75D069
:1046D000F5E02F24C0F21004A34217DD4F21C0F2F1
:1046E00010018B4250DD5021C0F210018B421EBFE1
:1046F0006021C0F210018B4259D0702152E01F2B73
:1047000049DC002B53D0102B51D0D8E0B3F1101F4F
:1047100046DAB3F5005F00F09A80B3F5801F46D00B
:10472000CDE04DF20044402BCBF6FE7400F09E80AD
:10473000502B40F0C480D1F804E0CB68116A156AB0
:1047400014444FEAB424092C25F0010515620AD857
:10475000012505FA04F440F2E5252C421EBF146A37
:1047600024F004041462946921F00A0141EA0E0164
:1047700024F0F00444EA031393611162916801EAA2
:104780000C0141F0570118E03021C0F210018B42BA
:104790000DD0402106E0202B18BF302B07D08EE033
:1047A00005D02021C0F210018B4240F08880916832
:1047B00001EA0C01194341F0070191600022012137
:1047C00080F83D10002180F83C10BDE8B040D0B228
:1047D0007047D1F804E0CB68116A146A24F0100421
:1047E000146242F60044C4F20104A2421EBF45F224
:1047F0000004C4F20104A24205D043F20044C4F212
:104800000104A24203D1146A24F0400414629469A2
:1048100021F0A00141EA0E1124F4704444EA03336C
:1048200093611162916801EA0C0141F06701C4E7EC
:10483000D1E90134C968234343EA0121936823F491
:104840007F4319439160916841F07701B5E7D1E961
:104850000134C968234343EA0121936823F47F4369
:1048600019439160916841F48041A6E7D1F804E0D2
:10487000CB68116A156A14444FEAB424092C25F058
:10488000010515620AD8012505FA04F440F2E52570
:104890002C421EBF146A24F004041462946921F0AF
:1048A0000A0141EA0E0124F0F00444EA0313936183
:1048B0001162916801EA0C0141F047017DE7012294
:1048C0007DE7000070470000F0B581B00446206825
:1048D000C768066907EA0605A90714D56FF0020143
:1048E000016101212177806910F0030F03D0204678
:1048F000FFF7E8FF05E0204600F01EF9204600F033
:10490000C3FC00202077680715D520686FF00401EC
:10491000016102212177806910F4407F03D0204695
:10492000FFF7D0FF05E0204600F006F9204600F032
:10493000ABFC00202077280715D520686FF0080110
:10494000016104212177C06910F0030F03D02046D4
:10495000FFF7B8FF05E0204600F0EEF8204600F033
:1049600093FC00202077E80615D520686FF0100131
:10497000016108212177C06910F4407F03D02046EF
:10498000FFF7A0FF05E0204600F0D6F8204600F033
:104990007BFC00202077E80706D020686FF001013B
:1049A0000161204600F098FD17F0800718BF16F44B
:1049B000025006D020686FF4025101612046FFF7D3
:1049C0001DFB002F18BF16F4807006D020686FF40E
:1049D000807101612046FFF70FFB680606D520684D
:1049E0006FF040010161204600F080FDA80606D569
:1049F00020686FF0200101612046FFF701FBE8020B
:104A000006D520686FF4801101612046FFF766FB30
:104A1000A80206D520686FF4001101612046FFF757
:104A20005BFB680206D520686FF4800101612046B7
:104A3000FFF756FB28025CBF01B0F0BD20686FF4A1
:104A400000010161204601B0BDE8F040FFF738BC2D
:104A50002DE9F04186B0002143F2004340F20044CA
:104A60000591CDE90311CDE90111C4F20103C4F6AA
:104A70000004026841F24C00C4F202009A4241D0A4
:104A800042F60041C4F201018A4252D1016801ADEF
:104A9000022600274FF0060841F00201016001687C
:104AA00001F0020100910099016841F001010160EB
:104AB0002946006800F00100009000984FF4C040C3
:104AC000019020460296CDE90377CDF81480FDF7DA
:104AD000C5FD4FF4004001A9C1C104200497294637
:104AE00005902046FDF7BAFD4FF4E06001A9C1C171
:104AF0004FF090402946CDE90478FDF7AFFD06B0B0
:104B0000BDE8F081026842F004020260006800F033
:104B10000400009000984FF4EE5001900220CDE97F
:104B200002010420049101A9059004F58060FDF7BD
:104B300095FD06B0BDE8F08170470000B0B50446B1
:104B40000D46002C04BF0120B0BD94F83D0028B9EB
:104B5000002084F83C00204600F0BAF8022040F61D
:104B6000FF3284F83D00C4F20002206801689042E0
:104B70000EDD43F2FF32C4F20102904218DC40F62F
:104B80000042C4F2000290421ED042F6004217E0FA
:104B9000B0F1804F1EBF40F20042C4F200029042CA
:104BA00012D040F60002C4F2000290420CD00FE096
:104BB00045F20002C4F20102904205D043F20042E5
:104BC000C4F20102904203D1A26821F070011143A6
:104BD00043F2FF32C4F20102904214DC40F2FF7251
:104BE000C4F20002904223DD40F60002C4F200024B
:104BF00090421EBF40F60042C4F2000290422DD007
:104C000042F6004226E044F2FF32C4F20102904232
:104C100018DD44F20042C4F2010290421EBF45F288
:104C20000002C4F20102904218D044F6000211E0E2
:104C3000B0F1804F12D040F20042C4F20002904224
:104C40000CD00FE043F20042C4F20102904205D0C2
:104C500044F20002C4F20102904203D1226921F41D
:104C600040711143E268A36921F08001C2621943D7
:104C700062688262A0F18042A2F596324FEAB222C7
:104C8000092A08D8012303FA02F240F2E5231A4266
:104C90001CBF62690263026842F0040202600122E2
:104CA00042610160016821F0080101600168294347
:104CB0000160002084F8482084F83E2084F83F20DA
:104CC00084F8442084F8452084F83D20B0BD0000DD
:104CD000006844F20001C4F20101884218BF704725
:104CE00080B582B041F260000022C4F20200016887
:104CF00041F4803101600121006800F480300190AE
:104D000001981820FDF740FF182002B0BDE8804050
:104D1000FDF72ABF90F83C30012B02BF0223D8B226
:104D200070474FEAB2020123052A80F83C3000F2B6
:104D3000D6812DE9F0474DF2004C48F6FF4A4FF678
:104D40008C79CBF6FE7CCFF6FF6ACFF6FE79DFE8F2
:104D500012F006005100A600FB004F018701026817
:104D6000D2F82080136A23F0010328F002061362B0
:104D70001346D2F804E053F8185F0F688C6805EA10
:104D80000905344345EA070802EB0C074FEAB7264A
:104D9000092E0FD8012740F2E525B7402F421FBF4B
:104DA000176A27F004071762CF681CBF24F00805B4
:104DB00047EA0504092E0CD80127B74040F2E52642
:104DC00037421FBFD1E905762EF440752F4347EADD
:104DD000060EC2F804E0C2F818804F6857631462E8
:104DE000976947F008079761976927F0040797616B
:104DF00009696EE10268D2F82080136A23F010037B
:104E000028F0200513621346D2F804E053F8186F17
:104E10008C680F6845EA041406EA0A0542F6004663
:104E2000C4F2010645EA0728B2421EBF45F2000659
:104E3000C4F20106B24205D043F20046C4F20106B4
:104E4000B24208D1166A24F0800426F040061662A9
:104E5000CE6844EA061402EB0C074FEAB726092E87
:104E60000DD80127B74040F2E52637421FBFD1E9F0
:104E700005762EF4406545EA870747EA860EC2F8B4
:104E800004E0C2F818804F6897631462976947F48A
:104E900000679761976927F48067976117E1026857
:104EA000146A136A23F4807324F4007413621346A3
:104EB000D2F804E053F81C5F0E688F6805EA090514
:104EC00044EA072445EA060842F60046C4F2010611
:104ED000B2421EBF45F20006C4F20106B24205D03E
:104EE00043F20046C4F20106B24208D1166A24F425
:104EF000006426F480661662CE6844EA062402EB5B
:104F00000C074FEAB726092E0DD80127B74040F20B
:104F1000E52637421FBFD1E905762EF4405545EA14
:104F2000071747EA061EC2F804E0C2F81C804F6863
:104F3000D7631462D76947F00807D761D76927F0AC
:104F40000407D7610969C4E00268146A136A23F48C
:104F5000805324F4005413621346D2F804E053F84B
:104F60001C5F0E688F6805EA0A0544EA073445EAC3
:104F7000062842F60046C4F20106B2421EBF45F2C0
:104F80000006C4F20106B24205D043F20046C4F264
:104F90000106B24208D1166A24F4004426F4804681
:104FA0001662CE6844EA063402EB0C074FEAB726D5
:104FB000092E0DD80127B74040F2E52637421FBF22
:104FC000D1E905762EF4404545EA871747EA861E63
:104FD000C2F804E0C2F81C804F6817641462D769F5
:104FE00047F40067D761D76927F48067D7616EE01F
:104FF0000268D2F820E0136A23F480332EF40035DF
:1050000013621346D2F8048053F8504F8F680E682D
:1050100045EA074E09F1030502EB0C072C40264335
:105020004FEAB724092C0AD8012740F2E525A7400A
:105030002F421EBF4F6928F4803545EA0728C2F881
:10504000048016654F689764C2F820E0176D47F03A
:1050500008071765176D27F004071765096938E019
:105060000268D2F820E0136A23F480132EF40016AD
:1050700013621346D2F8048053F8504F8F680D68BE
:1050800046EA075E0AF5407602EB0C07344044EA34
:1050900005254FEAB724092C0AD8012740F2E52656
:1050A000A74037421EBF4F6928F4802646EA87286A
:1050B000C2F8048015654F68D764C2F820E0176D08
:1050C00047F400671765176D27F48067176509694E
:1050D00009021A68114319600023BDE8F047002156
:1050E00080F83C10D8B2704710B50446002C04BFBD
:1050F000012010BD94F83D0028B9002084F83C0040
:10510000204600F0BFF8022040F6FF3284F83D0050
:10511000C4F200022068016890420EDD43F2FF32C3
:10512000C4F20102904218DC40F60042C4F20002D0
:1051300090421ED042F6004217E0B0F1804F1EBFF1
:1051400040F20042C4F20002904212D040F6000247
:10515000C4F2000290420CD00FE045F20002C4F20B
:105160000102904205D043F20042C4F20102904293
:1051700003D1A26821F07001114343F2FF32C4F25F
:105180000102904214DC40F2FF72C4F2000290422D
:1051900023DD40F60002C4F2000290421EBF40F63A
:1051A0000042C4F2000290422DD042F6004226E0B6
:1051B00044F2FF32C4F20102904218DD44F2004290
:1051C000C4F2010290421EBF45F20002C4F2010285
:1051D000904218D044F6000211E0B0F1804F12D096
:1051E00040F20042C4F2000290420CD00FE043F2C1
:1051F0000042C4F20102904205D044F20002C4F21F
:105200000102904203D1226921F440711143E26806
:10521000A36921F08001C262194362688262A0F131
:105220008042A2F596324FEAB222092A08D8012319
:1052300003FA02F240F2E5231A421CBF62690263DC
:10524000026842F004020260012242610160002013
:1052500084F8482084F83E2084F83F2084F84020D9
:1052600084F8412084F8422084F8432084F84420C4
:1052700084F8452084F8462084F8472084F83D20AF
:1052800010BD0000704700007047000071B180B58C
:105290000B1F4FF0010C05224FEAB30EBEF1040FB5
:1052A00038BF0CEBB302BDE8804000E000220244AE
:1052B00092F83E20012A1CBF0120704761B10A1FED
:1052C0004FEAB202032A0BD8DFE802F0020E1216F0
:1052D000022280F83F2012E0022280F83E200EE0F9
:1052E000022280F843200AE0022280F8402006E0F3
:1052F000022280F8412002E0022280F8422001F0E0
:105300001F01012202FA01F30168086A984308624A
:10531000086A18430862A1F18040A0F596304FEA70
:10532000B020072853D802FA00F010F0E50F4ED055
:10533000486C40F40040486442F6FF30C4F201007B
:1053400081420BDC40F2FF70C4F20000814214DCA9
:10535000B1F1804F2AD040F2004016E043F6FF70D2
:10536000C4F20100814215DC42F60040C4F20100A3
:1053700081421BD043F2004014E040F60000C4F22A
:105380000000814212D040F60040C4F20000814289
:105390000CD016E045F20000C4F20100814205D0B5
:1053A00044F20000C4F2010081420AD18868072259
:1053B000C0F2010202400020062A18BFB2F5803F69
:1053C00004D0086840F0010008600020704742F6F1
:1053D000FF30C4F201008142B4DD43F6FF70C4F235
:1053E00001008142C0DD44F20000C4F201008142AC
:1053F000DCD045F20000C4F20100814298D0E0E721
:1054000080B501F01F024FF0010E0EFA02FC026897
:10541000136A23EA0C0341F2111C1362C0F2110C4F
:10542000136A1362A2F18043A3F596334FEAB323C4
:10543000072B14D80EFA03F313F0E50F0FD0136AFD
:1054400013EA0C0F11D1D2F820E044F244431EEAD3
:10545000030F02BF536C23F40043536405E045F28D
:105460000003C4F201039A42E9D0136A13EA0C0F55
:105470000AD1D2F820C044F244431CEA030F02BF11
:10548000136823F0010313604FEAB101042909D81E
:10549000DFE801F0030D12171C00012180F83E1017
:1054A000002080BD012180F84310002080BD012133
:1054B00080F83F10002080BD012180F840100020BE
:1054C00080BD012180F84110002080BD012180F8BD
:1054D0004210002080BD0000006841F20041C4F28B
:1054E0000001884208BFFDF797BA70477047000077
:1054F00090F88410012902BF0221C8B2704724210C
:10550000C0F8881002681368116821F0010123F0C7
:10551000005311600021416613602022C0F88820EA
:1055200080F88410C8B270477047000070470000D0
:1055300090F88420012A02BF0221C8B27047B0B59A
:105540004FF0010E242280F884E0C0F88820026821
:10555000D2F800C0136823F001031360936823F0AE
:10556000606319439160416EC9B191684EF6A80E0F
:105570004EF6A005C0F6000EC0F60005C1F342616C
:105580001EF80130695CC900B1FBF3F193685B0F51
:105590001EF80340EB5CDB00B3FBF4FE00E00121EE
:1055A000A0F86AE0A0F868102021C2F800C0C0F896
:1055B0008810002180F88410BDE8B040C8B2704760
:1055C00090F88420012A02BF0221C8B27047B0B50A
:1055D0004FF0010E242280F884E0C0F88820026891
:1055E000D2F800C0136823F001031360936823F01E
:1055F000604319439160416EC9B191684EF6A80E9F
:105600004EF6A005C0F6000EC0F60005C1F34261DB
:105610001EF80130695CC900B1FBF3F193685B0FC0
:105620001EF80340EB5CDB00B3FBF4FE00E001215D
:10563000A0F86AE0A0F868102021C2F800C0C0F805
:105640008810002180F88410BDE8B040C8B27047CF
:105650007047000070470000704700002DE9F041DE
:10566000044640F62F012068C26902EA010701687A
:105670008368202F0DD101F0200703F080563743B7
:1056800007D0616F002900F0AC812046BDE8F041F1
:10569000084740F60F074FF6FE781740CEF6FF7822
:1056A00052D040F220160125C0F20046C1F200059A
:1056B0000E401D402E4347D0D6070BD011F4807604
:1056C0001FBF01260662D4F8906046F0010618BF9D
:1056D000C4F8906003F0010697070AD5002E1FBF9B
:1056E00002270762D4F8907047F0040718BFC4F887
:1056F000907057070AD5002E1FBF04270762D4F801
:10570000907047F0020718BFC4F8907017070CD5C7
:1057100001F020072F431FBF08270762D4F89070BD
:1057200047F0080718BFC4F8907017055ED511F050
:1057300080675BD04FF400672546076255F8907F7D
:1057400047F020072F6053E0E66E02EA0105EF06FE
:105750003DD5012E3BD110210162816811F0400F2F
:1057600040F0B680B4F85C10B4F85E20B4F85E3057
:10577000002B00F03681891A89B211B931E100BFDE
:10578000206850E8000F226820F4907042E800037F
:10579000002BF5D1206850E8020F226800EA0800CB
:1057A00042E80203002BF5D12020C4F88C00002031
:1057B000E0666067206850E8000F226820F0100063
:1057C00042E80003002BF5D102202067CCE0D7028D
:1057D00040F1CF8013F4800700F0CB804FF48011AC
:1057E00001622046BDE8F041FFF734BF04F19005A7
:1057F0002F68002F00F0F58012F020020BD001F08E
:10580000200103F0805211431CBF616F002902D0B8
:105810002046884720682968826801F0280102F044
:105820004002114309D12046FFF716FF0020C4F8BB
:105830009000BDE8F08100BF206850E8000F2168AB
:1058400020F4907041E80002002AF5D1206850E869
:10585000020F216800EA080041E80202002AF5D19F
:10586000E06E01280AD100BF206850E8000F2168CF
:1058700020F0100041E80002002AF5D12020C4F8F1
:105880008C000020E06660672068816811F0400F9E
:1058900001D17BE0206850E8020F216820F0400031
:1058A00041E80202002AF5D1D4F8800000286DD02A
:1058B00046F65561C0F600018163FCF75DF90028EA
:1058C00000F08F80D4F88000816BBDE8F04108477C
:1058D000D4F880100B685F68B4F85C20B9B2002976
:1058E00078D0914276D2A4F85E70196811F0200F3A
:1058F00001D033E0206850E8000F216820F4807068
:1059000041E80002002AF5D1206850E8020F216822
:1059100020F0010041E80202002AF5D1206850E899
:10592000020F216820F0400041E80202002AF5D170
:105930002020C4F88C000020E06600BF206850E8FA
:10594000000F216820F0100041E80002002AF5D184
:10595000D4F88000FCF7D6F8B4F85C200220206769
:10596000B4F85E00101A81B22046BDE8F041FFF79E
:10597000DBBD17060FD501F0800703F400033B439E
:1059800009D0A16F00297FF480AE2AE02046BDE84F
:10599000F041FFF761BE6B0625D550E8000F216886
:1059A00020F0400041E8000252B100BF206850E8FA
:1059B000000F216820F0400041E80002002AF5D1E4
:1059C0002020C4F888000020A0672046BDE8F041F0
:1059D00000F086B98A4204D1186810F0200F7FF4D5
:1059E000F3AEBDE8F081100207D511F0804004D07D
:1059F0002046BDE8F041FFF72BBED001F1D5B1F153
:105A0000FF3FC8BFBDE8F0812046BDE8F041FFF789
:105A10008DBD000010B50446DCB1D4F8880028B96B
:105A2000002084F88400204600F028F82420C4F8E0
:105A300088002068016821F001010160A06A002847
:105A40001CBF204601F02EF9204601F0A3FA0128E0
:105A500001D1012010BD2068416821F490414160CE
:105A6000816821F02A018160016841F00101016033
:105A70002046BDE8104001F08BB900002DE9F0414F
:105A80009CB00446002602A854211B96CDE9196655
:105A9000CDE91766FAF706FC206843F6000140F2EC
:105AA000080841F24C0740F20045C4F20101C4F27B
:105AB0000208C4F20207C4F60005884255D048F235
:105AC0000001C4F20001884240F0B5802020002689
:105AD000029002A80896FDF703FA002818BFFAF70B
:105AE00069FD3869022140F001003861386900F031
:105AF000010001900198386840F00400386038686F
:105B000000F004000190019803201790CDE91816C9
:105B10001A90082017A91B9005F58060FCF79EFDE0
:105B200040F2A4652320C2F20005C5F80080686039
:105B30001020C5E9020680202E62C5E90666C5E987
:105B400004062846FCF7B4F8002818BFFAF732FD1F
:105B50005B2004210022E567AC62FDF715F85B20AD
:105B6000FDF702F81CB0BDE8F0810120CDE9020686
:105B700002A8FDF7B5F9002818BFFAF71BFD7869F0
:105B8000002617A940F480407861786900F48040CD
:105B900001900198386840F002003860386800F0E1
:105BA000020001900198C020179002201890072051
:105BB000CDE919661B902846FCF750FD40F6E40538
:105BC00008F13C008027C2F20005286019206860B7
:105BD0001020C5E9020628462E62C5E90666C5E919
:105BE0000476FCF765F8002818BFFAF7E3FCE567D0
:105BF000AC6240F6840508F1500018212022C2F260
:105C0000000585E843002846C5E90367C5E9056640
:105C1000C5E90726FCF74CF8002818BFFAF7CAFCBC
:105C2000252004210022C4F88050AC62FCF7ACFFB0
:105C30002520FCF799FF1CB0BDE8F081B0B5044603
:105C40001346D4F8880020281EBF0220C0B2B0BD81
:105C5000002918BF002B27D0002221202165A4F89D
:105C60005430A4F85630C4F89020C4F88800E06F8F
:105C7000E8B146F6297C46F66D7E46F65D65C0F6CF
:105C8000000CC0F6000EC0F60005C0E90BCEC0E95E
:105C90000D5222682832FCF7B9F840B11020C4F840
:105CA00090002020C4F888000120C0B2B0BD206858
:105CB0004021016250E8020F216840F0800041E875
:105CC00002024AB1206850E8020F216840F08000CB
:105CD00041E80202002AF5D10020C0B2B0BD0000A8
:105CE00040F6FC11C2F20001884200D0704740F239
:105CF0002C40C2F20000C16C0131C16443F21C604F
:105D0000C2F200000168002908BF70474FF48052BA
:105D100000238B5241F202028B5403607047000053
:105D200070470000FEE70000002808BF7047002A07
:105D3000C0E90012038118BF9361704740F6FC1060
:105D4000C2F20000FFF78ABC10B592B0002468468A
:105D50003C211194CDE90F44FAF7A4FA40F2CC406B
:105D60004FF0A0414FF440320423C2F2000080E81B
:105D700016000121C0E90344C0E9054304774477D4
:105D8000016280F8244080F83840C46380F84040C5
:105D9000FBF770FC002818BFFAF70CFC40F2CC406F
:105DA0000FA90F94C2F20000FBF7B2F8002818BF49
:105DB000FAF700FC42F200000121CBF29060009063
:105DC00009200190032002907F200390042004907A
:105DD00000200590089184218DF824008DF825007D
:105DE0008DF826000A9180210B918DF8300040F249
:105DF000CC406946C2F20000FAF76EFC002818BFDA
:105E0000FAF7D8FB12B010BDF0B597B00025684680
:105E10003C21CDE91555CDE91355CDE91155CDE915
:105E20000F55FAF73FFA40F2385040F200114FF4A4
:105E3000403201230426C2F20000C5F2000180E8CE
:105E40002600C0E90355C0E90536057745770362AA
:105E500080F82450C0E90B5580F83850C56380F8AD
:105E60004050FBF707FC002818BFFAF7A3FB0224F9
:105E700006207F270FA9C0F230440F94CDE910050A
:105E800040F23850CDE912761495C2F20000FBF7CB
:105E9000CDF8002818BFFAF78DFB40F2002004214E
:105EA000C2F2B0500090092001900320CDE9020712
:105EB00004910021059108909C208DF824108DF804
:105EC00025108DF826100A9080200B9040F2385053
:105ED0008DF830106946C2F20000FAF7FDFB002889
:105EE00018BFFAF767FB40F20F1000946946019063
:105EF00040F23850C2F20000FAF7EEFB002818BF5B
:105F0000FAF758FB20206946C1F2F040009040F2B9
:105F10001520019040F23850C2F20000FAF7DCFB85
:105F2000002818BFFAF746FB17B0F0BD10B592B0C5
:105F3000002468463C211194CDE90F44FAF7B2F9E8
:105F400040F2A45040F200414FF440320423C2F228
:105F50000000C5F2000180E816000121C0E90344F9
:105F6000C0E9054304774477016280F8244080F853
:105F70003840C46380F84040FBF77CFB002818BF22
:105F8000FAF718FB40F2A4500FA90F94C2F20000D8
:105F9000FAF7BEFF002818BFFAF70CFB42F2000028
:105FA0000121CBF29860009009200190032002901B
:105FB0007F20039004200490002005900891842104
:105FC0008DF824008DF825008DF826000A91802197
:105FD0000B918DF8300040F2A4506946C2F20000E7
:105FE000FAF77AFB002818BFFAF7E4FA12B010BDEE
:105FF00070B590B001A83C21FAF754F940F2106056
:1060000040F200614FF44032002404250126C2F220
:106010000000C5F2000180E81600C0E90344C0E9B1
:10602000054504774477066280F8244080F83840BC
:10603000C46380F84040FBF71DFB002818BFFAF747
:10604000B9FA202001A9C9F2F0400190092002907C
:10605000032003907F20CDE904058420069409964F
:106060008DF828408DF829408DF82A400B9080202B
:106070000C9040F210608DF83440C2F20000FAF744
:106080002BFB002818BFFAF795FA10B070BD00007E
:1060900080B540F27C6040F60041C2F20000C4F2DC
:1060A00002010160FBF7FEFC00281CBFBDE8804038
:1060B000FAF780BA80BD000080B582B041F2480096
:1060C0000022C4F20200016841F00401016001688D
:1060D00001F0040101910199016841F001010160A1
:1060E0000421006800F00100009000980B20FCF7EC
:1060F0004BFD0B20FCF738FD0C2002210022FCF7A1
:1061000043FD0C20FCF730FD0D2002210022FCF79E
:106110003BFD0D20FCF728FD0E2005210022FCF799
:1061200033FD0E20FCF720FD0F2005210022FCF797
:106130002BFD0F20FCF718FD102001210022FCF799
:1061400023FD1020FCF710FD112001210022FCF797
:106150001BFD112002B0BDE88040FCF705BD00002A
:10616000B0B540F6441046F200414FF440724FF093
:106170000A0E03234FF00C0C01240D25C2F200007F
:10618000C4F20001016000214160826081740182DB
:10619000C160C0E905E3C0E907C3022200F124039E
:1061A00034C302631C22C0E90D21C163FCF7CAF8A5
:1061B00000281CBFBDE8B040FAF7FCB9B0BD000034
:1061C00080B546F615404EF6B8020021C0F6000034
:1061D000C0F6000204F034FC40F28C314EF60802A6
:1061E000C2F20001C0F60002086046F67570002198
:1061F000C0F6000004F024FC40F29C014EF2CC7288
:10620000C2F20001C0F60002086040F2E540002141
:10621000C0F6000004F014FC40F25801C2F2000184
:10622000086080BD2DE9F04F87B041F24C004FF07F
:10623000000840F600040022CDF81880C4F20200E5
:10624000C4F60004016841F004010160016801F036
:10625000040101910199016841F020010160016888
:1062600001F0200101910199016841F001010160F3
:10627000016801F0010101910199016841F00201F9
:106280000160016801F0020101910199016841F08A
:106290000801016042F22401006800F0080001904A
:1062A00001982046FCF7C0FA4FF0904010210022E0
:1062B0004FF0100BFCF7B8FA4FF090404FF400414C
:1062C00001220127FCF7B0FA04F5806A04210122BB
:1062D0005046FCF7A9FA42F2040002AE4FF0020960
:1062E000CDE9020720463146CDE90498FCF7B6F91E
:1062F0004FF440403146CDE902082046CDF81080E9
:10630000FCF7ACF903254FF090403146CDE902B7D8
:10631000CDF810800595FCF7A1F9202002A981E8AD
:106320008102204631460595FCF798F94FF400703C
:1063300002A981E8010320463146FCF78FF94FF4AA
:1063400000403146CDE902074FF09040CDE9047599
:10635000FCF784F904203146CDE902075046CDE927
:106360000478FCF77BF907B0BDE8F08F80B540F604
:10637000A81045F200410122C2F20000C4F200015F
:10638000016049F6E451C3F2D2014160002181600D
:10639000C0E90711C0E90511C0E90321FCF79EFA25
:1063A000002818BFFAF706F940F6A8100021C2F23B
:1063B0000000FCF747FA002818BFFAF7FBF840F690
:1063C000A8100021C2F20000FCF762FA00281CBFEE
:1063D000BDE88040FAF7EEB880BD000080B540F619
:1063E000FC1048F2000148F6805200234FF00C0CDC
:1063F000C2F20000C4F20001C0F25B0280E80E00AD
:10640000C0E90333C0E905C3C0E908338362FFF77D
:1064100001FB002818BFFAF7CDF840F6FC10002168
:10642000C2F20000FFF7CCF8002818BFFAF7C2F854
:1064300040F6FC100021C2F20000FFF779F80028B6
:1064400018BFFAF7B7F840F6FC10C2F20000FFF7E9
:106450004FF800281CBFBDE88040FAF7ABB880BDFC
:1064600080B540F6902040F2003100224023C2F275
:106470000000C4F2010180E80E00012102614FF426
:10648000004301754FF400318261C0E90913C26213
:10649000FCF7BCFB00281CBFBDE88040FAF78AB8B7
:1064A00080BD000080B540F6CC2040F208310022CB
:1064B0004023C2F20000C4F2010180E80E00012175
:1064C00002614FF4004301754FF400318261C0E96D
:1064D0000913C262FCF79AFB00281CBFBDE880408C
:1064E000FAF768B880BD000080B540F6083040F289
:1064F0000C3100224023C2F20000C4F2010180E806
:106500000E0008214FF400430161012101754FF491
:1065100000318261C0E90913C262FCF777FB0028F1
:106520001CBFBDE88040FAF745B880BDB0B540F665
:10653000443043F200014FF4827200234FF4706C38
:106540004FF0010E4FF400741825C2F20000C4F29F
:10655000010180E80E100721C0E9043EC0E90645AC
:10656000C0E90833C0E90A31C0E90C33FDF7A2FAEB
:1065700000281CBFBDE8B040FAF71CB8B0BD000051
:1065800070B540F6A83043F600414FF48272002304
:106590004FF4706C4FF0020E01244FF40075182672
:1065A000C2F20000C4F2000180E80E5000F11401B4
:1065B00070C10721C0E90833C0E90A31C0E90C33D2
:1065C000FDF778FA00281CBFBDE87040F9F7F2BF6C
:1065D00070BD000010B584B040F6584044F2000190
:1065E00000244FF6FF72C2F20000C4F201010394CE
:1065F000CDE90144C0E900140821C0E90242C0E924
:1066000004448461FEF79AFA002818BFF9F7D2FF14
:1066100040F6584001A901940394C2F20000FDF72E
:1066200061FD002818BFF9F7C5FF04B010BD0000D8
:1066300010B59CB0002401A83421CDE91A44CDE95D
:106640001844CDE91644CDE91444CDE91244CDE90E
:106650001044CDE90E44F9F725FE40F60C4042F611
:106660000041202240F69F734FF4007CC2F20000EC
:10667000C4F20101C0E9001400F1080181E80C1026
:10668000C0E90544FDF71EFE002818BFF9F792FF88
:106690004FF4805018A9189040F60C40C2F2000048
:1066A000FDF7EEFF002818BFF9F784FF40F60C4015
:1066B000C2F20000FEF718FD002818BFF9F77AFFB4
:1066C0007020002415A9159040F60C40CDE9164421
:1066D000C2F20000FDF706FD002818BFF9F76AFFB7
:1066E00060200EA900220E904FF4FA60CDE9134409
:1066F000CDE91144CDE90F0440F60C40C2F2000090
:10670000FEF708FB002818BFF9F754FF40F60C40CD
:106710000EA90422C2F20000FEF7FCFA002818BFFE
:10672000F9F748FF40F60C400EA90822C2F200001B
:10673000FEF7F0FA002818BFF9F73CFF40F2CE70E0
:106740000EA90C220F9040F60C40C2F20000FEF79A
:10675000E1FA002818BFF9F72DFF00207821CDE9D4
:1067600001000390CDE904104FF40051069102217D
:10677000CDE907104FF000710990CDE90A10CDE97D
:106780000C0040F60C4001A9C2F20000FDF73AFCF3
:10679000002818BFF9F70EFF40F60C40C2F20000C7
:1067A000FEF756F91CB010BD10B59CB0002401A82E
:1067B0003421CDE91A44CDE91844CDE91644CDE998
:1067C0001444CDE91244CDE91044CDE90E44F9F763
:1067D00069FD40F6F04043F20041202240F69F73ED
:1067E0004FF4007CC2F20000C4F20101C0E90014C1
:1067F00000F1080181E80C10C0E90544FDF762FDD5
:10680000002818BFF9F7D6FE4FF4805018A9189049
:1068100040F6F040C2F20000FDF732FF002818BF3A
:10682000F9F7C8FE40F6F040C2F20000FEF75CFC4B
:10683000002818BFF9F7BEFE7020002415A9159096
:1068400040F6F040CDE91644C2F20000FDF74AFCE4
:10685000002818BFF9F7AEFE60200EA900220E90A6
:106860004FF4FA60CDE91344CDE91144CDE90F04AA
:1068700040F6F040C2F20000FEF74CFA002818BFC4
:10688000F9F798FE40F6F0400EA90422C2F200008B
:10689000FEF740FA002818BFF9F78CFE40F6F040EA
:1068A0000EA90822C2F20000FEF734FA002818BF31
:1068B000F9F780FE40F6B6300EA90C220F9040F694
:1068C000F040C2F20000FEF725FA002818BFF9F7E1
:1068D00071FE00200421CDE901000390CDE90410F0
:1068E0004FF4005106910221CDE907104FF00071DD
:1068F0000990CDE90A10CDE90C0040F6F04001A95D
:10690000C2F20000FDF77EFB002818BFF9F752FE27
:1069100040F6F040C2F20000FEF79AF81CB010BD3D
:1069200080B540F63C5043F600010C22C2F2000054
:10693000C4F2010101604FF4E13141600021C0E97E
:1069400002110161C0E90911C0E90711C0E905217F
:10695000FFF760F8002818BFF9F72CFE40F63C500E
:106960000021C2F20000FEF72BFE002818BFF9F745
:1069700021FE40F63C500021C2F20000FEF7D8FD97
:10698000002818BFF9F716FE40F63C50C2F200008E
:10699000FEF7AEFD00281CBFBDE88040F9F70ABE37
:1069A00080BD0000FEE70000FEE7000020EE212A87
:1069B00020EEA13A00EE812A00EE413A80ED002A55
:1069C00081ED003A70470000000000000000000068
:1069D000EFF30980BFF36F8F154B1A681EF0100F8D
:1069E00008BF20ED108A20E9F04F10602DE9090062
:1069F0004FF0100080F31188BFF34F8FBFF36F8FFC
:106A000006F0FAFC4FF0000080F31188BDE80900A1
:106A100019680868B0E8F04F1EF0100F08BFB0EC1E
:106A2000108A80F30988BFF36F8F704700BF00BFE3
:106A3000E80E00202DE9F04F83B000271E46904657
:106A40000D4681468DF80770FBF7F6FE301A00EB15
:106A5000080BFBF7F1FE824640F204002321D9F82F
:106A60000040C2F2000000684843000D00FB0BF03C
:106A70000290A068284251D008F1010620465F46E6
:106A8000B5F5C06F02BF217B8DF807109DF8071088
:106A900066B1FBF7D1FEA0EB0A00B84213D2029810
:106AA00040B1029801380290D9F80000816829426B
:106AB000E6D106E0D9F80000002781682942DFD13D
:106AC0002CE000272AE0D9F80000416821F0E0011D
:106AD0004160D9F80410B1F5827F0BD1D9F80810C4
:106AE000B1F5004F18BFB1F5806F03D1016821F0F7
:106AF00040010160D9F82810B1F5005F07D10168A5
:106B000021F400510160016841F40051016001204D
:106B1000032789F85D00002089F85C00F8B203B013
:106B2000BDE8F08FF0B581B015460E460446FBF780
:106B300083FE281A8719FBF77FFE054640F2040002
:106B4000C2F200000068C0F3CB30784300902068A8
:106B5000816811F0800F01D1002742E0013600BFAB
:106B600056B1FBF769FE401BB84213D2009840B102
:106B70000098013800902068816811F0800FEFD1F3
:106B800006E020680027816811F0800FE8D128E036
:106B9000002726E02068416821F0E001416061683B
:106BA000B1F5827F0AD1A168B1F5004F18BFB1F5E8
:106BB000806F03D1016821F040010160A16AB1F545
:106BC000005F07D1016821F400510160016841F4C0
:106BD000005101600120032784F85D00002084F843
:106BE0005C00F8B201B0F0BD000000000000000041
:106BF000074B19680868B0E8F04F80F30988BFF3C5
:106C00006F8F4FF0000080F31188704700BF00BF06
:106C1000E80E002080B500BF012003F0CBFEFBE7AB
:106C200080B54EF21000CEF20000006807F06CF85C
:106C300001281CBFBDE8804006F0DABC80BD000022
:106C40004EF68850CEF20000016841F470010160F8
:106C50007047000080B540F60C40C2F20000FDF71E
:106C600033FE40F65840C2F20000BDE88040FDF718
:106C70002BBE000040F60C40C2F20000FDF724BE1F
:106C800040F6A440C2F20000FDF71EBE40F6F04000
:106C9000C2F20000FDF718BE40F6F040C2F200005C
:106CA000FDF712BE816A11F0080F38D1CA0741D131
:106CB0008A074AD44A0753D4CA065CD48A0608D540
:106CC00002689368D0F840C023F4005343EA0C03F1
:106CD000936080B54A0615D5D0F800E0DEF804C010
:106CE000436C2CF48012B3F5801F42EA0302CEF805
:106CF000042007D1DEF80420836C22F4C0021A437A
:106D0000CEF804200906BDE8804058BF70470168EE
:106D10004A68C06C22F40022104348607047026841
:106D20005368D0F838C023F4004343EA0C0353609F
:106D3000CA07BDD002685368D0F82CC023F40033D2
:106D400043EA0C0353608A07B4D502685368D0F84D
:106D500030C023F4803343EA0C0353604A07ABD5B9
:106D600002685368D0F834C023F4802343EA0C034C
:106D70005360CA06A2D502689368D0F83CC023F4D9
:106D8000805343EA0C0393608A0699D4A1E700007C
:106D9000B0B582B004460020C4F89000FBF74CFD6B
:106DA00005462068016811F0080F1BD06FF07E4087
:106DB0004FF4001100222B460090204600F04AFAC2
:106DC00078B100BF206850E8000F216820F08000F3
:106DD00041E80002002AF5D12020C4F888000320F1
:106DE00031E02068006810F0040F24D06FF07E407E
:106DF0004FF4800100222B460090204600F02AFA32
:106E0000C8B100BF206850E8000F216820F49070DE
:106E100041E80002002AF5D1206850E8020F2168FD
:106E200020F0010041E80202002AF5D12020C4F838
:106E30008C00032007E02020C4F88800C4F88C00F0
:106E40000020E06620670021C0B284F8841002B000
:106E5000B0BD0000806AFEF7FFBB0000806AD0F87A
:106E60008810D0F88CC00268936821291ED113F0D5
:106E700080011BD052E8001F03E000BF016851E809
:106E8000001F026821F0C00142E80013002BF5D179
:106E9000016851E8021F026821F4000142E8021370
:106EA000002BF5D12021C0F8881002689368BCF14E
:106EB000220F31D113F040012ED052E8001F02E022
:106EC000016851E8001F026821F4907142E8001344
:106ED000002BF5D14FF6FE7CCEF6FF7C026852E81F
:106EE000022F036802EA0C0243E802210029F5D1CF
:106EF000C16E01290AD100BF016851E8001F026874
:106F000021F0100142E80013002BF5D12021C0F838
:106F10008C100021C1664167D0F8901041F010013B
:106F2000C0F89010FEF798BB0168806A096811F0FC
:106F3000200F18BFFEF7D4BE0021A0F8561000BFE6
:106F4000016851E8021F026821F0800142E8021343
:106F5000002BF5D1016851E8001F026841F04001A3
:106F600042E80013002BF5D170470000806AFEF75D
:106F7000D7BE000010B540F22C44C2F2000400BF9E
:106F8000606B0130606305F0C7FC012003F012FD67
:106F9000F6E70000F0B581B0044646F6F31648F275
:106FA000000C44F6FF7741F2880E40F2021521688A
:106FB000A068D4E90423CCF6FF76C4F2000CC4F236
:106FC0000007C4F2020EC0F202051043614540EA18
:106FD0000300E3690A6802EA060240EA03004FF28E
:106FE000FF4640EA0200C1F2FF1608604868E26806
:106FF00020F4405040EA02004860A0691CBF226AA9
:107000001043B9428A6802EA06024FF0100640EACD
:1070100002008860C86A626A20F00F0040EA02003D
:10702000C86242F20040C0F2F40015DC44F20047AE
:10703000C4F20007B94222D044F60007C4F20007A8
:10704000B94220D044F60047C4F20007B9422FD11C
:10705000DEF80070BE0921E045F20007C4F2000727
:10706000B94214D0614516D043F60007C4F20107B7
:10707000B9421DD1DEF8006005F580650EE0DEF84E
:107080000070BE080AE0DEF800703E0906E0DEF897
:1070900000703E0A02E0DEF80070BE0A86F00207C9
:1070A0006FF31F5507F0030747EA870725FA07F62E
:1070B000614515D0B3F5004F24D106F01F0301211F
:1070C000082B00F2BB80DFE803F0056673B96BB9EB
:1070D000B9B97100FCF716FA002840F05F8063E050
:1070E00006F01F030121082B00F2A880DFE803F05F
:1070F00005A624A61CA6A6A62200FCF703FAB8B192
:10710000626A19E006F01F030121082B00F2968045
:10711000DFE803F0056E7B94739494947900FCF798
:10712000F1F9002867D16CE0FCF718FA0028E7D1E4
:10713000002183E04FF400404EF2F0716568C0F624
:10714000000131F81220012105EB4507B0FBF2F3F5
:10715000BB4273D32F03BB4270D800210023F9F741
:1071600057F809022A46002341EA1061000210EB99
:10717000550041F10001F9F74BF84FF6FF42A0F539
:107180004071C0F20F02914203D82168C86000210B
:1071900054E0012152E0FCF7CBF928B1626A07E024
:1071A000FCF7DCF90028F9D1002147E04FF400405A
:1071B0004EF2F071C0F6000131F81210B0FBF1F0A0
:1071C00061684A0802EB40004FF6EF72B0FBF1F045
:1071D000A0F11001914209D84FF6F0710140C0F3BF
:1071E000420008432168C860002127E0012125E012
:1071F000FCF79EF928B1626A07E0FCF7AFF90028B6
:10720000F9D100211AE04FF400404EF2F071C0F6BF
:10721000000131F812104FF6EF72B0FBF1F0616827
:1072200000EB5100B0FBF1F0A0F11001914204D845
:10723000216880B2C860002100E001210120A4F88B
:107240006A00A4F868000020C4E91D00084601B0E7
:10725000F0BD00002DE9F04704460E46994620682F
:10726000C1693140891BB1FA81F14F0997422ED192
:10727000DDF820A04FF6FE78CEF6FF780AF1010582
:10728000E5B1FBF7D9FA0321BAF1000F00F08980CC
:10729000A0EB0900504500F284802068016811F0DD
:1072A000040F18BF802E09D0402E07D0C16911F0FD
:1072B000080F10D1C16911F4006F40D1C16931408C
:1072C000891BB1FA81F1490991EA070FD8D0002151
:1072D000C8B2BDE8F0870821016200E0206850E8EC
:1072E000000F216820F4907041E80002002AF5D1D7
:1072F000206850E8020F216800EA080041E8020215
:10730000002AF5D1E06E01280AD100BF206850E8BC
:10731000000F216820F0100041E80002002AF5D19A
:1073200020200821C4F88C000020E0666067C4F8C3
:107330009010012184F88400C8B2BDE8F0874FF4B2
:107340000061016201E000BF206850E8000F216881
:1073500020F4907041E80002002AF5D1206850E83E
:10736000020F216800EA080041E80202002AF5D174
:10737000E06E01280AD100BF206850E8000F2168A4
:1073800020F0100041E80002002AF5D12020002161
:10739000C4F88C00E1666167C4F8900084F884103A
:1073A0000321C8B2BDE8F08740F63C50C2F20000AD
:1073B000FEF754B9FEE70000002818BF002909D0E5
:1073C000002A1CBF0368002B04D01B68002B08BFD9
:1073D00070471847704700000846114600F086B80D
:1073E0002DE9F04381B00446994617460E46002029
:1073F000002C1CBF2568002D54D0002F1CBFD5F8D1
:107400003480B8F1000F3FD069680020002949D0CE
:10741000012121772062A684E784687848B105F1CC
:107420000C010022002300BF013341F8102B8342DE
:10743000FAD3E86B00281FBF006800214163816315
:1074400018BFC1634046A96BFDF720FFB8B940469D
:10745000FDF750F878B93744FBF7EEF9064600BF60
:10746000206AB84214D2FBF7E7F9801B4845F7D9E8
:107470004046FDF7EFF8A96B4046FDF7C1FF00203D
:10748000207701B0BDE8F083002001B0BDE8F083B3
:107490004046FDF7DFF8A96B4046FDF7B1FF00203D
:1074A0002077012001B0BDE8F0830000002808BF6C
:1074B000704700291CBFD0F80CC0C1F800C0002ADA
:1074C0001CBF01691160002B1CBF40691860704728
:1074D000002201600277026242620969C0E9032268
:1074E000C0E90521028142607047000080B509684B
:1074F000D1F88020828012B2D1F88430C3801BB2D0
:10750000D1F888C0A0F808C00168D1F80CE091ED6E
:10751000040AA2EB0E0201EE102AB8EEC11ACA69E3
:10752000D1F82CE020EE010A80ED030A91ED080A63
:107530009A1A01EE102A0FFA8CF2B8EEC11AA2EBD9
:107540000E0220EE010A01EE102A80ED040A91EDF0
:107550000C0AB8EEC11A20EE010A80ED050A80BDC2
:10756000B0B548B100291CBF0268002A04D01378C6
:1075700013B953688B4200D0B0BD00291CBF92F8EC
:1075800001C0BCF1000F24D0051D08321378013B67
:10759000032B07D8DFE803F002090D110B6803F194
:1075A000800E0DE04FF0000E0CE00B6803F1840E2E
:1075B00006E00B6803F1880E02E00B6803F18C0E05
:1075C000DEF800E025F802EBBCF1010C02F110023C
:1075D000DCD1017F0029CFD0D0F800C0016A4A1C5D
:1075E0000262838C9942C7D39CF80110002908BF1E
:1075F000B0BDD21A04300CF10C0300BF1D6830F985
:10760000024B0139A4EB050494FBF2F4254443F842
:10761000105BF3D1B0E70000B0B50546002D71D086
:10762000002000F045F90446002C08BFB0BD94F8D6
:107630002000211D20B108462946FFF791FF28E0D0
:1076400040F22A40C2F20000007828B1626F08467A
:10765000294603F079FC1CE040F22840C2F2000009
:10766000007828B1626F0846294603F045FC10E017
:1076700040F22940C2F20000007818B1204600F024
:10768000C9FA06E0206F2A46FFF796FE204601F071
:1076900065FDA06B40F2A801C2F200018864A06BF6
:1076A0002289101AA1F854002089A1F84200A06C88
:1076B000C864A06C6289101AA1F856006089A1F80C
:1076C0004400A06D0865A289101AA1F85800A0898D
:1076D000A1F846002069C86560690866A069486627
:1076E00040F22A40C2F20000007828B940F2284057
:1076F000C2F20000007828B104F094FFBDE8B04069
:1077000005F00AB9B0BD000040F2280240F20C01B9
:107710000128C2F20002C2F2000118BF00220028B4
:1077200018BF114608467047012813D018BB40F611
:10773000F04140F21400C2F20001C2F20000CA6837
:10774000416040F69F718A4202BF008A88427047BA
:10775000F8F730BF40F60C4140F23000C2F20001B1
:10776000C2F20000CA68416040F69F718A4204BFBD
:10777000008A884200D17047F8F71CBF40F2F03011
:10778000C2F2000000F0F0BA80B500F00BF840F251
:107790009030C2F2000080BD40F2A430C2F200007E
:1077A00000F0E2BA70B540F2A4344EF6DC0043F6C5
:1077B0000041052206234FF0904640F29035C2F278
:1077C0000004C0F60000C4F20001C2F2000584E823
:1077D0004F004FF4004047F6E53140F2E4364FF0F9
:1077E00090424FF40043A0820020C0F60001C2F294
:1077F0000006A07547F6F130C0F60000C4E9065057
:10780000216240F6A8313046C2F20001FEF78CFA40
:1078100040F2C8324EF6301128462346C2F200022A
:10782000C0F60001166000F039FA284600F0E6F9CB
:107830002046BDE8704000F07FBA000040F2300200
:1078400040F214010128C2F20002C2F2000118BF86
:107850000022002818BF114608467047B0B50C46F4
:10786000054624B32846FFF74FFF20672846FFF759
:10787000E5FF60672846FFF757FF012D0BD0002D6D
:1078800018BFB0BD40F6F04040F23851C2F20000DF
:10789000C2F2000104E040F60C400021C2F20000F8
:1078A0002163216421650C21C4E91801A066B0BDE3
:1078B00041F29832C0EB40110128C2F2000202EB03
:1078C000810188BF002108467047000001280ED8BA
:1078D000C0EB401C41F29830C2F2000000EB8C0C6F
:1078E000BCF1000F1CBF9CF80000002801D1002053
:1078F00070470CF10400FFF773BD00002DE9F04361
:1079000081B0FFF741FF43F2C05141F298344FF08C
:107910000108002603274FF00209C2F20001C2F25B
:107920000004086084F80080E0660020A66784F800
:107930002C6084F82D7084F834802146C3F604400E
:10794000C4E90E6084F84490C4E9126084F854706D
:10795000C4E916600020FFF781FF207820B1201DC8
:1079600004F12C01FFF7B4FD254640F2144005F860
:107970007C6FC2F20000E8664FF07E50AE6785F87B
:107980002C6085F82D7085F834802946C5E90E6095
:1079900085F84490C5E9126085F85470C5E9166011
:1079A0000120FFF75BFF2878002804BF01B0BDE885
:1079B000F08304F1800004F1A80101B0BDE8F043B8
:1079C000FFF786BD43F2A840C2F20000007870477E
:1079D00043F2A84043F681620021C2F20000C3F6E0
:1079E0009162017042604CF6CD42C3F64C52826007
:1079F0008182C0E90311C0E90611C0E90811C0E99C
:107A00000A1143F21860C2F20000017043F21450F0
:107A1000C2F20000017043F2DC40C2F20000C0E993
:107A2000001143F2E440C2F20000C0E9001143F249
:107A300018504FF07E51C2F2000001607047000004
:107A400010B543F2A8420228C2F2000210D8517DBC
:107A500071B102EB80008169D0F824E0D068002980
:107A600018BF0846BEF1000F08BFD2F810E002E0D0
:107A7000D068D2F810E0002802F1040318BFBEF16C
:107A8000000F2BD0127D022A28D390ED001AB4EEFD
:107A9000C01AF1EE10FA20DAA2F1010C00EB8C0111
:107AA00091ED001AB4EEC01AF1EE10FA12DDBCF13D
:107AB000000F0FD000230022591C00EB810494ED2D
:107AC000002AB4EEC02AF1EE10FA1DDA0132D3B268
:107AD0009C45F1D80EEB8C0300E0734693ED001A41
:107AE00043F2145043F21851C2F20000C2F20001F6
:107AF00091ED000A007821EE000A002808BFB0EEE0
:107B0000401AB0EE410A10BD00EB83000EEB81017C
:107B10000EEB830290ED003A92ED001A91ED004ACF
:107B200032EE432A30EE430A34EE413A80EE020A46
:107B300000EE031AD4E7000010B50446FFF748FF33
:107B4000002C1CBF0020207010BD0000FFF73ABFC2
:107B500080B52DED028BB0EE408AFFF733FF02288F
:107B60001EBF9FED060ABDEC028B80BDB0EE480A39
:107B7000BDEC028BBDE8804000F002B800000000C0
:107B800080B52DED028B43F2A840B0EE408A9FED08
:107B9000140AC2F20000017802291ED143F21861D2
:107BA000C2F200010978C1B190ED022AB0EEC81A04
:107BB000B4EEC21AF1EE10FA0FDB0020B0EE410A6B
:107BC000FFF73EFFB0EE401AB5EEC08AB1EE410AB3
:107BD000F1EE10FAA8BFB0EE410ABDEC028B80BDF9
:107BE0000000000040F29030C2F2000000F070B8D7
:107BF00040F29030C2F2000000F076B800281CBFBE
:107C00000168002902D0496801B108474FF0FF30F0
:107C100070470000002808BF704740F244019FED04
:107C2000050AC2F20001D1ED000AB0EE401A00F0E0
:107C300095BA00BF0000000000281CBF0268002A9F
:107C400002D0926902B110479FED010A704700BF50
:107C50000000000000281CBF0168002902D0C9688C
:107C600001B108470020704700281CBF00680028A9
:107C700004D0C36913B10846114618479FED010AA5
:107C8000704700BF00000000002814BF90ED040AF8
:107C90009FED010A704700BF000000004FF0000C8C
:107CA000002980E80E10C0F810C01CBF0968002928
:107CB00000D170470847000000281CBF0168002958
:107CC00004D08968002908BF704708477047000042
:107CD00000281CBF0168002904D04969002908BF99
:107CE000704708477047000000281CBF0168002942
:107CF00004D00969002908BF704708477047000091
:107D000000281CBFD0F80CC0BCF1000F0AD080B511
:107D100084B08DF8041001A9CDE90223E04704B036
:107D2000BDE8804070470000C1607047002818BF60
:107D300080ED040A7047000000281CBF016800297C
:107D400004D04968002908BF704708477047000001
:107D500000281CBF0168002904D00968002908BF59
:107D6000704708477047000000281CBF01680029C1
:107D700004D08969002908BF704708477047000090
:107D800000281CBF0168002904D08968002908BFA9
:107D9000704708477047000000281CBF0168002991
:107DA00004D0C968002908BF704708477047000021
:107DB000002814BF807D00207047000000281CBFF1
:107DC0000368002B02D01B6903B118474FF0FF3046
:107DD0007047000000281CBF0168002902D0496AD2
:107DE00001B108470020704700284FF000011FBF75
:107DF00041F29032C2F200021268002A16D0117AC3
:107E000001290ED1D16971B10B6873B1117E0029BE
:107E100014BF5169002180B598470121BDE8804019
:107E200004E0002102E0002100E0002141F2963050
:107E3000C2F200000170704741F290300021C2F29E
:107E40000000016041F29630C2F2000001707047FC
:107E50004EF6F80141F290334FF0000CC0F60001ED
:107E6000C2F200030A788242A2EB000018BF61460A
:107E7000B0FA80F0196041F296314009C2F2000177
:107E800081F800C07047000070B5044624B341F289
:107E90009036C2F20006306800281FBF41F29635C6
:107EA000C2F200052978002916D0017A012913D1E0
:107EB000C06900281CBF416800290DD020468847B2
:107EC0003068C0698168002908BF70BD20468847B6
:107ED00000281CBF0020287070BD000080B502F093
:107EE0009FF8B0FA80F0400980BD000002F06EB843
:107EF00002F09CB8002808BF704790ED002A31EED0
:107F0000601A01EE020A80ED020A90ED051AB4EE45
:107F1000C10AF1EE10FA02DD80ED021A704790ED11
:107F2000061AB4EEC10AF1EE10FAB8BF80ED021ADB
:107F300070470000002808BF704790ED002A00EE4F
:107F4000E11A01EE020A80ED020A90ED051AB4EE84
:107F5000C10AF1EE10FA02DD80ED021A704790EDD1
:107F6000061AB4EEC10AF1EE10FAB8BF80ED021A9B
:107F700070470000002808BF7047002180EC020A0B
:107F80008160C0ED031A80ED041AC0ED052A80ED72
:107F9000062A704700281CBF00218160704700003E
:107FA000002804BF9FED310A704790ED011A90ED53
:107FB000023A30EE602A02EE013A80ED023A90ED8C
:107FC000051AB4EEC13AB0EE410AF1EE10FA06DC41
:107FD00090ED060AB4EEC03AF1EE10FA03DAB0EE14
:107FE000403A80ED020A90ED004A90ED030A22EE3D
:107FF000044A33EE043AB4EEC03AF1EE10FA12DD60
:1080000030EE442AB4EEC12A80ED022AF1EE10FAD5
:1080100006DC90ED061AB4EEC12AF1EE10FA23DA6E
:1080200080ED021A704790ED042AB0EE430AB4EED8
:10803000C23AF1EE10FAA8BF704732EE440AB4EE2D
:10804000C10A80ED020AF1EE10FA09DC90ED061A81
:10805000B4EEC10AF1EE10FAA4BFB0EE420A7047C6
:10806000B0EE420A80ED021A704700BF0000000027
:1080700028B149B190ED023A00F1080123E09FEDEB
:10808000362AB0EE420A704790ED013A90ED022A8E
:1080900030EE604A00F1080104EE032A80ED022A66
:1080A00090ED053AB4EEC32AF1EE10FA06DC90ED3D
:1080B000063AB4EEC32AF1EE10FA02DA81ED003A84
:1080C00001E0B0EE423A90ED004A90ED032A50EE06
:1080D000010A20EE841A31EE033AB4EEC23AF1EE10
:1080E00010FA16DD32EE411A81ED001A90ED050A04
:1080F000B4EEC01AF1EE10FA06DC90ED060AB4EE0A
:10810000C01AF1EE10FA24DA81ED000AB0EE420A4C
:10811000704790ED040AB0EE432AB4EEC03AF1EE97
:1081200010FA16DA30EE412A81ED002A90ED051A98
:10813000B4EEC12AF1EE10FA07DC90ED061AB4EEA7
:10814000C12AF1EE10FAA8BF7047B0EE402A81EDC7
:10815000001AB0EE420A70470000000000281CBF61
:10816000406F002804D04168002918BF03F0A2BF67
:108170007047000000281CBF406F002804D04168F1
:10818000002918BF03F096BF70470000818A00697C
:10819000816170470169808A00048861704700002E
:1081A00010B50446A16807296CD80020C4F202006B
:1081B000DFE801F004090E13181D22360268C2F32D
:1081C000C002EAB930E00268C2F3C012C2B92BE0C3
:1081D0000268C2F3C0229AB926E00268C2F3C03234
:1081E00072B921E00268C2F3C0424AB91CE00268D9
:1081F000C2F3C05222B917E00268C2F3C0629AB15A
:108200004EF68002C0F6000252F82110416020466E
:1082100000F07CF8216AA9B32046BDE81040084769
:108220000268D20F002AEBD1012242EA81039A4070
:108230000368134208BF10BD4EF64002C0F60002AC
:1082400052F8212042606268536823F001035360B2
:10825000536823F0020353604EF6B002C0F60002EA
:10826000515C01430B6823F001030B60E168515C32
:108270000843016821F0010101600020A075E16957
:108280000029C9D110BD000070B5044600204EF68B
:10829000B00500266168A075C0F60005C4F20206AC
:1082A000086840F0400041F80C0BA068285C30439F
:1082B0008160E0682A5C062842EA060399609159C9
:1082C00021F002019151915921F0080191519159E8
:1082D00021F00401915105D0022806D10D20FAF7B2
:1082E0002FFC02E01120FAF72BFCA068285C304339
:1082F000016841F002010160016841F0080101607C
:108300002046BDE8704000F001B8000010B541689B
:108310004EF6B00E40F2000CC0F6000EC4F2020C95
:108320004A6822F001024A604A6822F002024A606A
:1083300083681EF80320072B52F80C1021F001016E
:1083400042F80C10C4681EF8041051F80C2022F0FA
:10835000010241F80C204FF0000181750FD8012077
:1083600040EA83018840DCF8001001421FBF4EF64E
:108370004000C0F6000050F82300CCF80400072BA2
:1083800000F26680DFE803F004070B0F13171F1BD2
:10839000DCF800001AE0DCF80000000916E0DCF868
:1083A0000000000A12E0DCF80000000B0EE0DCF830
:1083B0000000000C0AE0DCF80000000D06E0DCF82C
:1083C0000000000F02E0DCF80000000EC0071FBF35
:1083D0004EF66000C0F6000050F82300CCF8040010
:1083E000072B35D8DFE803F004090E13181D2227E8
:1083F000DCF80000C0F3C00020E0DCF80000C0F3AF
:10840000C0101BE0DCF80000C0F3C02016E0DCF870
:108410000000C0F3C03011E0DCF80000C0F3C04041
:108420000CE0DCF80000C0F3C05007E0DCF800000E
:10843000C0F3C06002E0DCF80000C00F00281FBFDE
:108440004EF68000C0F6000050F82300CCF804007F
:10845000072C00F27780DFE804F004070B0F1317F6
:108460001F1BDCF800001AE0DCF80000000916E031
:10847000DCF80000000A12E0DCF80000000B0EE05F
:10848000DCF80000000C0AE0DCF80000000D06E05B
:10849000DCF80000000F02E0DCF80000000EC0076E
:1084A0001FBF4EF66000C0F6000050F82400CCF864
:1084B0000400012040EA84018840DCF800100142F9
:1084C0001FBF4EF64000C0F6000050F82400CCF864
:1084D0000400072C88BF10BDDFE804F004090E1368
:1084E000181D2622DCF80000C0F3C00020E0DCF8F4
:1084F0000000C0F3C0101BE0DCF80000C0F3C02097
:1085000016E0DCF80000C0F3C03011E0DCF8000039
:10851000C0F3C0400CE0DCF80000C0F3C05007E03E
:10852000DCF80000C00F03E0DCF80000C0F3C0601E
:1085300000281FBF4EF68000C0F6000050F824004F
:10854000CCF8040010BD000000294FF0FF3318BF25
:10855000002A00F0A280827D002A1EBF4FF0FF3368
:108560001846704770B542684EF6B00C40F2000EE7
:10857000C0F6000CC4F2020E536823F001035360EE
:10858000536823F00203536083681CF80340072BF1
:1085900054F80E5025F0010544F80E50C4681CF83C
:1085A000045055F80E6026F0010645F80E604FF0B5
:1085B000000585750FD8012545EA8306B540DEF82C
:1085C00000602E421FBF4EF64005C0F6000555F86C
:1085D0002350CEF80450072B2DD8DFE803F0040712
:1085E0000B0F13171B1FDEF800501AE0DEF80050C7
:1085F0002D0916E0DEF800502D0A12E0DEF80050DA
:108600002D0B0EE0DEF800502D0C0AE0DEF80050D5
:108610002D0D06E0DEF800502D0E02E0DEF80050D1
:108620002D0FED071FBF4EF66005C0F6000555F88B
:108630002350CEF804501CF80450012645EA0E05DC
:10864000E9601CF8031041EA0E014D6866F30F055E
:108650004D601CF8041041EA0E014D6866F30F05E9
:108660004D608675506840F001005060506840F0E1
:10867000020050601CF8040040EA0E00016841F05E
:10868000010101601CF80300002340EA0E000168AC
:1086900041F001010160BDE87040184670470000DC
:1086A00000294FF0FF3318BF002A00F09A80837D25
:1086B000002B1EBF4FF0FF3318467047F0B5D0F8BF
:1086C00004C04EF6B00E0024C0F6000EC4F2020440
:1086D000DCF8043023F00103CCF80430DCF804307B
:1086E00023F00203CCF8043083681EF80350072BF4
:1086F0002E5926F001062E51C5681EF8056037591F
:1087000027F0010737514FF0000686750DD8012676
:1087100046EA8307BE40276837421FBF4EF6400631
:10872000C0F6000656F823606660072B24D8DFE801
:1087300003F00406090C0F121518266813E02668CA
:10874000360910E02668360A0DE02668360B0AE086
:108750002668360C07E02668360D04E02668360EDB
:1087600001E02668360FF6071FBF4EF66006C0F61A
:10877000000656F8236066601EF803602643F26028
:1087800001261EF805202243D1601EF80310214364
:108790004A6866F30F024A601EF8051021434A68D2
:1087A00066F30F024A608675DCF8040040F00100B1
:1087B000CCF80400DCF8040040F00200CCF804001F
:1087C0001EF805002043016841F0010101601EF818
:1087D000030000232043016841F001010160BDE86E
:1087E000F04018467047000080B50B20042100229D
:1087F000FAF7CAF90C2001210022FAF7C5F90D2079
:1088000001210022FAF7C0F90E2005210022FAF713
:10881000BBF90F2005210022FAF7B6F9102001213B
:108820000022FAF7B1F9112001210022FAF7ACF980
:10883000122002210022FAF7A7F92F20022100229C
:10884000FAF7A2F93E2002210022FAF79DF918203A
:1088500001210022FAF798F9192001210022FAF7E4
:1088600093F92B2001210022FAF78EF92C20012107
:108870000022FAF789F9152003210022FAF784F97A
:108880005B2004210022FAF77FF925200421002231
:10889000BDE88040FAF778B910B582B00446002CE4
:1088A00002BF002002B010BD23680020DBB1ADF88C
:1088B0000600ADF8040001AA2189606809048161FD
:1088C0004FF47A700DF10601009018460123FBF772
:1088D0002BFA00281ABF0020ADF80400BDF80400F0
:1088E000616822898A6102B010BD0000B0B50446FB
:1088F00065687DB1286800281CBFA168002909D0DF
:10890000FFF7CAFF28812889A881A068FFF738FAF5
:108910000020B0BD4FF0FF30B0BD0000406800281F
:108920001EBF00680028FFF7B7BF4FF00000704778
:108930004068002814BF0089002070474168002962
:1089400004BF4FF0FF307047002088808872088194
:108950008881C1E90400087670470000F0B581B055
:1089600004466668E6B3B07A41F20405CEF200052B
:10897000B8B1307EFF2804D00130C3B23076032B6B
:1089800030D3A06830B1FFF7D7F9A068FFF704FA39
:108990000020B072002004210423307620462A688B
:1089A0002BE000203076A068D0B12F68FFF7D0F917
:1089B000A068311DB21DFFF701FAB8B16668002E3C
:1089C0001CBFA068002806D0FFF7B6F9A068FFF723
:1089D000E3F90020B0722A682046042100230CE04D
:1089E00001B0F0BD2A682046032106E02A68012074
:1089F00000217261B072D31B204601B0BDE8F04087
:108A0000FFF77EB9B0B504466568002D1CBFA068AD
:108A1000002806D0FFF790F9A068FFF7BDF9002005
:108A2000A87241F2040004210323CEF20000026880
:108A30002046BDE8B040FFF763B90000F0B581B053
:108A400004466568002D1CBFA068002816D0A97ACE
:108A5000012913D141F20406CEF200063768FFF770
:108A60006BF9E888022128810020A872204632682C
:108A7000D31B01B0BDE8F040FFF742B901B0F0BD33
:108A800048439FED0E2A9FED0E1A80B203EE100AA6
:108A9000B8EE433A03EE020AB4EEC10AF1EE10FA60
:108AA000A2BF9FED081A30EE010A7047B5EEC00A6A
:108AB000F1EE10FAB8BF30EE010A7047DB0FC9388B
:108AC000DB0FC940DB0FC9C0406800F00BB80000E5
:108AD0004068002804BF00207047807A002818BF33
:108AE00001207047002804BF9FED110A704782895A
:108AF0008A1AB2F5C04F02DD9FED0E0A04E012F5AE
:108B0000C04F08DA9FED0C0A90ED041A30EE010A0E
:108B100080ED040A01E090ED040A9FED081A02EED0
:108B2000101AB8EE422A818102EE010A704700BF96
:108B300000000000DB0FC9C0DB0FC940DB0FC938E4
:108B40002DE9F04794B0F9F775FF002400200C944C
:108B5000CDE90A44CDE908440594CDE90344CDE9C3
:108B60000144FAF747F901204FF4803103250690BC
:108B7000079102210D91CDE90E501420CDE910018D
:108B800006A8CDE91211FAF71BFD20B1EFF3108012
:108B900072B600BFFEE70F200421CDE9010501A850
:108BA000CDE903440594FAF72FFB20B1EFF31080D1
:108BB00072B600BFFEE7FDF735FBFDF77DFAFDF766
:108BC000B5FCFDF7ADFEFDF7CBFAFDF7D9FCFDF7DF
:108BD0002FFDFDF7E9FDFDF717F9FDF741FCFDF766
:108BE00061FCFDF781FCFDF7AFF8FDF79FF9FDF79C
:108BF000FFF9FDF7BBFBFDF7F1FBFDF7EBFCFDF724
:108C000047FAFFF7F1FD40F204004DF68361C2F22E
:108C10000000C4F21B310068A0FB0101880C04F0C5
:108C20000DF840F69024C2F200042046FAF7CCF882
:108C300018B1EFF3108072B6FEE740F6CC25C2F211
:108C400000052846FAF7C0F818B1EFF3108072B6A5
:108C5000FEE740F60838C2F200084046FAF7B4F8DA
:108C600018B1EFF3108072B6FEE70A20F9F742F967
:108C700040F2CC477F21C2F200073846F7F7DEFC0E
:108C800040F238567F21C2F200063046F7F7D6FC94
:108C900040F2A4597F21C2F200094846F7F7CEFC02
:108CA00040F2106A7F21C2F2000A5046F7F7C6FC74
:108CB0003846F8F775F83868202707603046F8F727
:108CC0006FF8306807604846F8F76AF8D9F800008E
:108CD00007605046F8F764F8DAF800000760FEF71E
:108CE0000DFE00200027FEF7E3FD00F0A7F90020AD
:108CF000142164223223FEF7E9FD002800F0FB80F6
:108D00000020FEF7D5FD816B40F2A806C2F20006F6
:108D1000B164816B0289511AA6F854100189A6F832
:108D20004210816CF164816C4289511AA6F8561088
:108D30004189A6F84410816D31658289511AA6F8DF
:108D400058108189A6F846100169F16541693166BC
:108D50008069706640F20030C4F20100016801F0E1
:108D6000010231603271C1F300227271C1F38431AA
:108D7000F180816801F0010271613276C1F3002255
:108D80007276C1F384317183C06800F00101B06272
:108D900086F82C10C0F3002186F82D10C0F3843023
:108DA000F08594F83A00306195F83A00706298F8CE
:108DB0003A00B06340F2A000C2F200000188B1871F
:108DC0004188F1878088A6F84000F7F7F9FB4FF05B
:108DD00090404FF4004101220125F9F725FD40F6AE
:108DE000004004210122C4F60000F9F71DFD03F044
:108DF000B7FB0020FEF75CFDC06E03F0B5FE40F649
:108E0000F0440021C2F200042046FCF73FFA20465D
:108E10000421FCF73BFA20460821FCF737FA2046EC
:108E20000021FBF7D1F920460421FBF7CDF92046BC
:108E30000821FBF7C9F920460C21FCF727FA204648
:108E4000FBF758FB06AC86F8F87086F8F97086F8E0
:108E5000FA7086F8FB7086F8FC70C6F80071204640
:108E600001F030FC40F202100121CFF60070CDF885
:108E70001F004FF6FF70ADF82300204601F004FC00
:108E800086F8F95001F03CFB017986F80411C179AC
:108E900086F80711817A86F80A11417986F805115A
:108EA000017A86F80811C17A86F80B11817986F863
:108EB0000611417A86F80911007B86F80C01002022
:108EC000FEF7F6FCC46E9FED0E0A2046FEF72EFF5D
:108ED00049F6E060C4F24B00C6F8EC00C6F8E800C2
:108EE0002046FEF7E9FE01F075FDFDF769F901F096
:108EF00087FD00BFFEE7EFF3108072B6FEE700BF0C
:108F0000E09E4B40002818BF002969D09FED351A1C
:108F1000B4EEC10AF1EE10FA0CDB9FED332A00BF6C
:108F200030EE020AB4EEC10AF1EE10FAF8DA01E00E
:108F300030EE010AB5EEC00AF1EE10FAF8DB10B51A
:108F40009FED2A1A9FED2A2A9FED2B4A9FED293A81
:108F50004EF62C44C0F6000420EE010A30EE021A50
:108F6000B4EEC41A31EE032AF1EE10FAB8BFB0EE37
:108F7000412ABCEEC21ABCEEC03A13EE103A11EE12
:108F800010EAB8EE433AB8EE411A5A1CDBB20EF1C1
:108F9000010C30EE430AD2B204EB83035FFA8CFC7F
:108FA00004EB820293ED004A5FFA8EF392ED005AD1
:108FB00004EB8C0204EB830393ED003A92ED006A1C
:108FC00035EE445A05EE004A81ED004A32EE410A80
:108FD00036EE431A01EE003A80ED003ABDE810404B
:108FE000704700BFDB0FC940DB0FC9C083F92242C5
:108FF00000008042000080C30000804343F2EC5038
:10900000C2F2000090ED000A7047000043F25C607D
:10901000C2F2000090ED000A7047000043F2886041
:10902000C2F2000090ED000A7047000043F2886031
:10903000C2F2000090ED000A704700002DE9F041F7
:1090400082B00446002C7DD04EF6181043F21C5519
:109050000227C0F60000C2F20005007D28702846F5
:109060006F7000F075FC284600F010FD40F2A80873
:1090700000264FF07C50C2F2000888F8D1602F73B0
:10908000C5E904602846C5E91466C5E91666C5E960
:109090001866AE6600F07EFB01A8FEF74DFD9DF858
:1090A000040088F89301FEF751FD9FED2A1A9FED09
:1090B000270ADFED270A88F8940143F2C450A56718
:1090C000C2F20000F0EE411A01F094FB43F2F850B6
:1090D000C2F20000067043F25C60C2F2000006605B
:1090E000E06EB0B1FEF7B6FD0146E06EFEF7A4FDFE
:1090F00043F28860C2F2000080ED000A43F2C450DF
:10910000C2F2000001F084FB43F2F050C2F2000012
:1091100006809FED110A43F21C540321C2F20004A1
:109120002046F0EE400A00F00BFFFEF785FE01201E
:10913000FEF78EFE2046FEF757FE43F26060C2F255
:109140000000067002B0BDE8F08100BF1FB73144D7
:1091500079BD764800802244000000002DE9F04FE0
:1091600081B02DED068BA0B041F2040A0446CEF288
:10917000000A002CDAF800001F901CBFE06E0028E7
:1091800000F0B582616F00291CBFD4F87890B9F166
:10919000000F00F0AC8294F82010002940F0A78264
:1091A00004F10408FEF756FD074640F2A80000EE61
:1091B000107AC2F200003946B8EE400A80ED1F0A6C
:1091C000E06EFEF739FD43F2886BC2F2000B8BEDC7
:1091D000000AE56E99F800602846FEF755FD28461E
:1091E00039463246FEF740FD43F2F0509BED009ABF
:1091F000B0EE408AC2F200000188C7290AD80131C6
:10920000B0EE490A018043F2C450C2F2000001F0FE
:10921000FFFA09E0DFEDEC0A43F2C450B0EE490A70
:10922000C2F2000001F0FEFA43F2C45540F2A80B6E
:10923000C2F20005C2F2000B284601F0BBFA43F26D
:10924000EC562846C2F2000686ED000A01F0C8FA84
:10925000306843F25C61C2F200010860284601F008
:109260009FFA43F2F8508BED370AC2F20000017802
:10927000012914D143F2F4509FEDD31A9FEDD32A64
:109280009FEDD33AC2F2000090ED000A39EE400A99
:1092900080EE010A20EE020A80EE030A03E09FED51
:1092A000CD0A012101708BED380A43F2F4500EAD66
:1092B00096ED001AC2F200002A1D05F108032946A6
:1092C00031EE400A8BED390A80ED009A40468BED75
:1092D0001E8AFEF7EBF81CA91BAA1AAB284601F060
:1092E0007DF999F80C0002282DD0DFEDBA0A99ED2E
:1092F000010AB0EE481A03F0C9F80138012822D853
:109300009DED1C1A9FEDB42A9DED1B0AB0EEC13AEB
:10931000B4EEC23AF1EE10FABEBFB0EEC03AB4EE0F
:10932000C23AF1EE10FA08DA9DED1A3AB0EEC33AFD
:10933000B4EEC23AF1EE10FA05DB31EE000AB1EEFE
:10934000400A8DED1A0A1C9A1DA9C9F8582000EE92
:10935000102A1B9BC9F85C3000EE903A1A9FC9F89E
:10936000607001EE107ADAF800000D901EA8F7F791
:10937000BFF843F26060C2F2000001780131017071
:10938000C9B20A2904D300210170484600F0A2FBAB
:1093900099F80C00022820D102A84946B0EE480AEC
:1093A00001F0D8FA02AF0DF1380C8FCF079E13965B
:1093B0008CE88F00DDE90801CDE914019DF8380043
:1093C0009DED0F9A8BF8D2001298CBF8D4000020B4
:1093D000CBF8F000CBF8F40015E00220B0EE489A8C
:1093E00000218BF8D200CBF8D410CBF8F010CBF8DA
:1093F000F41010918DF838008DF84C1011918DF803
:109400004E10CDE9141118A819A9B0EE490A8BED38
:109410001D9A01F0CDFADDED181A9DED191ADDED5A
:109420001D0A9DED1E0A17A816A9FDF7BFFA179889
:10943000C9F864001699C9F86810CBF8840048464A
:1094400000F064F940F6E8509DED160A9DED17AA6C
:1094500040F6D452C2F20000C2F200020168C1B369
:1094600092ED002AB4EECA2AF1EE10FAC4BF82EDE2
:1094700000AAB0EE4A2A40F6D052C2F2000292EDA3
:10948000004AB4EECA4AF1EE10FABCBF82ED00AA5F
:10949000B0EE4A4A40F6E052C2F2000292ED001AE3
:1094A000B4EEC01AF1EE10FAC4BF82ED000AB0EEBD
:1094B000401A40F6DC52C2F2000292ED003AB4EEDD
:1094C000C03AF1EE10FABCBF82ED000AB0EE403AAD
:1094D00026E082ED00AA40F6E05240F6D053B0EE0E
:1094E000401AB0EE403AB0EE4A2AB0EE4A4AC2F212
:1094F0000002C2F2000382ED000A40F6DC5283ED66
:1095000000AA0023C2F2000282ED000A40F6D852FF
:10951000C2F20002136040F6E452C2F2000213608D
:1095200040F6D8520131C2F20002016092ED005AB9
:109530003AEE055A82ED005A40F6E452C2F20002B9
:1095400092ED006A30EE066A82ED006A42F2107215
:10955000914252D39FED6B7A34EE424A85EE075A20
:1095600086EE072AB5EEC05AF1EE10FA0BDA9FED3F
:10957000666AB4EEC65AF1EE10FA0FDAB8EE006A77
:1095800025EE065A08E09FED5E6AB4EEC65AF1EE8B
:1095900010FA03DD35EE055A84EE054AB5EEC02A11
:1095A00033EE411A8BED624AF1EE10FA16DA9FEDB6
:1095B000563AB4EEC32AF1EE10FA1ADAB8EE003ACF
:1095C00022EE032A13E000BF17B7513800007042A3
:1095D000DB0FC94000000000CDCC4C3D9FED483A68
:1095E000B4EEC32AF1EE10FA03DD32EE022A81EE68
:1095F000021A00218BED631A016099F80C00022811
:1096000012D10EAD48468BED21AA294601F09AF9F8
:10961000DDED160A4846B0EE4A0A2946B0EE481A71
:1096200000F004F999F80C00012804D8484600F02D
:10963000B1F999F80C00DFED310A002818BF0128B4
:1096400007D0022808D19DF84C0040B19DED110AC9
:109650000FE099ED010A0CE0B0EE600A09E09DED23
:10966000170A99ED148AFEF773FA78EE000A99ED5D
:10967000150A8BED270ACBED280A40F22C45B0EEF7
:10968000491ADAF80000C2F200050C90DAF800007E
:109690000B900B980C99401A68612046DDED163A44
:1096A0009DED173ADDED1A2A9DED1B2ADDED1C1A02
:1096B000FEF760FDE06EFEF7FFFADAF800000A90B0
:1096C0000C980D99401A0A9908440B99401A286180
:1096D00002F0A8FFDAF8000001901F9828600198B6
:1096E00068600198A86001981F99401AE86020B04E
:1096F000BDEC068B01B0BDE8F08F00BF000000009C
:10970000CDCC4C3D00401C46CDCC4CBD002808BF04
:109710007047017B02292AD190ED040AB9EE041AA0
:10972000B1EE042A40F2A801C2F20001B4EEC10A6F
:10973000F1EE10FAB4EEC20AB8BFB0EE410AF1EE93
:1097400010FAC8BFB0EE420A81ED230A90ED050A77
:10975000B4EEC10AF1EE10FAB4EEC20AB8BFB0EE30
:10976000410AF1EE10FAC8BFB0EE420A08E09FEDE0
:10977000080A40F2A8000021C2F20000C0F88C10D4
:1097800040F2A800C2F2000080ED240A704700BF3A
:109790000000000010B52DED0A8B0446002C04BF1C
:1097A000BDEC0A8B10BD4EF618109FED1CBA9FED54
:1097B0001C2A9FED1D9A9FED1B8AC0F6000090EDBC
:1097C000000A90ED011A90ED02CA04F11800F0EEC3
:1097D000491AF0EE492A20EE0B3A21EE0B0AB0EEC0
:1097E000481A23EE02AAB0EE482AF0EE4A0AFEF723
:1097F000C1FB04F134002CEE0B0AF0EE4A0AB0EE85
:10980000481AF0EE491AB0EE482AF0EE492ABDECAB
:109810000A8BBDE81040FEF7ADBB00BF7C59C445C4
:1098200017B75138D7B35DC1D7B35D41F0B581B03B
:109830002DED088B05460C46B0EE608AB0EE409ADE
:10984000002D18BF002C7CD0287B022804BF207D6F
:10985000002804D09FED3D0A002028655FE095F8C0
:109860006C1004F10800B9EE042AB1EE043A01F0DC
:10987000FE01022908BF05F1140095ED040A90EDE0
:10988000001AB4EEC20AB0EE40BAF1EE10FAB4EE2D
:10989000C21AB0EE41AAB8BFB0EE42BAF1EE10FA69
:1098A000B4EEC30AB8BFB0EE42AAF1EE10FAB4EEBD
:1098B000C31AC8BFB0EE43BAA07DF1EE10FAC8BF1C
:1098C000B0EE43AAB0B194ED060A05F13406F0EE0D
:1098D0004A0AB0EE481A3046FEF70CFB94ED070A30
:1098E00005F11807F0EE4B0AB0EE491A3846FEF7BC
:1098F00001FB03E005F1340605F118073846B0EE28
:109900004B0AF0EE490AFEF74BFB85ED140A304690
:10991000B0EE4A0AF0EE480AFEF742FB286D40F22C
:10992000A80185ED150A05F15402C2F20001C1F843
:109930009400207D002818BF04F10C021068C1F8C3
:109940009800BDEC088B01B0F0BD00BF0000000026
:1099500000281EBF4FF080410022C0E9011243F2EF
:109960000D50C2F200000021017043F28C60C2F27F
:109970000000016041F29530C2F20000017043F234
:109980000450C2F20000016043F20850C2F200002D
:109990000160704710B5002876D041F29531C2F2CF
:1099A00000010A78012A6FD143F20D5EC2F2000E67
:1099B0009EF80030002B67D0027B012A64D8012B6F
:1099C00028D0032B60D143F28C6240F2A80CC2F283
:1099D0000002C2F2000C1468631C136043F20852C8
:1099E0000023C2F200021268C0E9012350228CF861
:1099F000D12043F20452C2F200021268944238BFEE
:109A000010BD0B708EF80030C0E9013351208CF886
:109A1000D10010BD43F28C62C2F2000213685C1CDC
:109A2000146048F29F62C0F20102934203D84FF0E3
:109A30008041002209E040F63F52C0F20302934207
:109A40000BD800210122C4F22001416040F2A8019C
:109A5000C2F2000181F8D12014E000220224C4F2F5
:109A60004002426040F2A802C2F2000282F8D140F5
:109A700049F2E032C0F20402934222BF00220A708F
:109A80008EF800200021816010BD000010B5044652
:109A9000002C08BF10BD9FED0D0ADFED0D0AB9EED9
:109AA000041AF1EE041A04F18800B0EE412AF0EE37
:109AB000612AFEF75FFA002084F86C00C4E91C00FC
:109AC000C4E91E00C4E9200010BD00BF8FC2753C70
:109AD0006F12033BF0B581B02DED068B0446002CD0
:109AE00000F0A881FFF792FAB0EE408AFFF79EFAE5
:109AF000FFF794FA94F86C00B0EE409AC11EC9B218
:109B0000012929D82046B0EE490AF0EE480AFEF7AE
:109B1000BBF940F6EC50C2F200000168013101606F
:109B200040F6B830814215D39FEDEF0AB4EEC08AFB
:109B3000F1EE10FA00F382819FEDEC0AB4EEC08AD8
:109B4000F1EE10FAC0F27A8140F6F0500021C2F234
:109B50000000017094F86C000138032800F26A815B
:109B6000DFE800F002A61BDC94ED1E0A94ED262A25
:109B700094ED251A0020B4EEC02AF1EE10FAB4EEEE
:109B8000C01AC8BFB0EE420AF1EE10FAB8BFB0EE8C
:109B9000410A84ED050A20614CE194ED1D1A94ED13
:109BA000210A9FEDE62A9FEDE03A9FEDE04A04F19D
:109BB0008800F0EE480A0021002531EE49AAB7EEF0
:109BC000009A0AEE020AB0EE491AB4EEC30AF1EEA8
:109BD00010FAB4EEC40AB8BFB0EE430AF1EE10FAC0
:109BE000C8BFB0EE440A84ED1C0AFEF741FA94EDBA
:109BF000262A94ED251A9FEDCE3AB4EEC02AF1EE56
:109C000010FAB4EEC01AC8BFB0EE420AF1EE10FA74
:109C1000B8BFB0EE410A84ED050A607880071DD513
:109C200043F20C50C2F200000078B8B99FEDC13A7F
:109C30008AEE033AB4EEC93AF1EE10FA0ADCBFEE4E
:109C4000004AB0EE439AB4EEC43AF1EE10FAB8BF4F
:109C5000B0EE449A9FEDB83A29EE033A84ED203AEB
:109C6000B5EE403A002094ED1F4AF1EE10FA18BF0D
:109C70000120B5EE404AF1EE10FA18BF0125284345
:109C800013D030EE040A33EE000AB4EEC02AF1EE2F
:109C900010FAB4EEC01AC8BFB0EE420AF1EE10FAE4
:109CA000B8BFB0EE410A84ED050A00202061C1E092
:109CB00040F2A8009FED9A3A0021F0EE480A0025F4
:109CC000C2F2000090ED280A90ED271A04F18800F6
:109CD00021EE012AB7EE001A00EE002A94ED1C0ACC
:109CE000B4EEC32AF1EE10FAA8BF0121FEF7C0F9C5
:109CF00094ED262A94ED251AB4EEC02AF1EE10FA5E
:109D0000B4EEC01AC8BFB0EE420AF1EE10FAB8BF06
:109D1000B0EE410A84ED050A25618BE094ED1D1A31
:109D200094ED210A9FED7F2A002504F18800F0EED2
:109D3000480A0121C4F8905031EE49AA9FED7A1AE1
:109D4000B7EE009A0AEE020A9FED782AB4EEC10A35
:109D5000F1EE10FAB4EEC20AB8BFB0EE410AF1EE6D
:109D600010FAB0EE491AC8BFB0EE420A84ED1C0AE0
:109D7000FEF77EF994ED262A94ED251A9FED6C3AB4
:109D8000B4EEC02AF1EE10FAB4EEC01AC8BFB0EEBD
:109D9000420AF1EE10FAB8BFB0EE410A84ED050AAE
:109DA000607880071DD543F20C50C2F200000078A5
:109DB000B8B99FED603A8AEE033AB4EEC93AF1EED3
:109DC00010FA0ADCBFEE004AB0EE439AB4EEC43A91
:109DD000F1EE10FAB8BFB0EE449A9FED573A29EE73
:109DE000033A84ED203AB5EE403A002094ED1F4A44
:109DF000F1EE10FA18BF0120B5EE404AF1EE10FA6C
:109E000018BF0125284313D030EE040A33EE000AB0
:109E1000B4EEC02AF1EE10FAB4EEC01AC8BFB0EE2C
:109E2000420AF1EE10FAB8BFB0EE410A84ED050A1D
:109E300000202061BDEC068B01B0F0BD40F2A8050A
:109E40009FED350AC2F2000595ED381AB4EEC01A3E
:109E5000F1EE10FA09DC9FED310A95ED381AB4EEF7
:109E6000C01AF1EE10FABFF66FAE40F6F050C2F233
:109E700000000178F92905D801310170C8B2142811
:109E8000FFF468AE43F22060C2F2000001780129BD
:109E90002ED10026FF27067043F22360C2F2000095
:109EA000077043F22160C2F20000067043F228609E
:109EB000C2F200000068E667C4F88460C4E91C6070
:109EC00004F18800C4E9046684F86C6085F80062D7
:109ED000FEF760F8FC2085F8207285F8216285F88D
:109EE000D10085F82272A5E700009643000096C3D2
:109EF0000020E067C4F88400C4E90400206784F807
:109F00006C0085F8000204F18800FEF743F8FC209D
:109F100085F8D1008EE700BF00001643000016C38D
:109F2000AD472D430000704300007AC300007A4320
:109F30000000000035FA0E3D3333B33E000070429E
:109F4000B0B52DED048B05460C46B0EE608AB0EE40
:109F5000409A002D1CBF95F86C00A04202D1BDECC8
:109F6000048BB0BD601E03281FD8DFE800F01E027E
:109F70000518D5ED1C0A07E0FFF758F8DFED120AC7
:109F8000002085ED1D0A2867F7EE001A05F188000C
:109F9000B0EE490AB0EE481AFDF7CCFF09E0FFF732
:109FA00045F8002085ED1D0A286705F18800FDF7BA
:109FB000F1FF40F2A80085F86C40C2F2000080F882
:109FC0000042BDEC048BB0BD0000000043F22060F5
:109FD0000121C2F20000017043F22260C2F20000CF
:109FE000017043F223600021C2F20000017043F2CD
:109FF0002160C2F20000017043F22460C2F200004E
:10A00000016043F22860C2F20000016040F2A80043
:10A01000C2F2000080F8201280F821127047000080
:10A0200043F22060C2F20000007870472DE9F04151
:10A030002DED048B0446B0EE608AC4B343F2206079
:10A04000C2F200000178012931D143F22261C2F24B
:10A0500000010A78012A23D143F228600025C2F2C8
:10A0600000000D70FF2180ED000A43F22360C2F270
:10A070000000057043F22160C2F20000017043F25B
:10A080002460C2F200000560E567C4F8845084EDE6
:10A090001D0A94F86C0003280DD104F1880527E00F
:10A0A00043F22365C2F200052A78082A36D9BDECAE
:10A0B000048BBDE8F08194ED1A9AFEF7B7FFDFED4F
:10A0C000C10A84ED1D0A256704F18805F7EE001A20
:10A0D000B0EE490AB0EE481A2846FDF72BFF40F2D1
:10A0E000A8010320C2F2000184F86C0081F800028C
:10A0F00043F20C500121C2F2000001702846FDF726
:10A1000049FF40F2A8000021C2F2000080F82012AE
:10A1100080F82112BDEC048BBDE8F08143F224638A
:10A12000C2F2000319684F1CB7F5C86F1F600FD942
:10A13000082ABCD8A1F23F61DFE802F036431822BA
:10A1400005054A2F5B004EF60C32C0F6000211E006
:10A1500043F22860C2F20000006860670020C4F883
:10A160008400E067BDEC048BBDE8F0814EF624323C
:10A17000C0F600022046B0EE480A00F023FD55E18B
:10A1800041F25970CDF2B710A1FB0020C0F30732A5
:10A19000042A64D32046042126E00026B1F57A5F24
:10A1A00074D200200027EDE041F6F110C0F27650A5
:10A1B000A1FB0001C1F3871010286FD320460121B5
:10A1C00012E00026B1F57A5F7ED20020002702E17E
:10A1D00041F25970CDF2B710A1FB0001C1F3073075
:10A1E000042879D320460721B0EE480A00F078FC15
:10A1F0001CE14EF61B42C9F2CB52A1FB0223C3F372
:10A200000732042A7CD3002640F2A8074FF0FF084B
:10A21000067043F2216085F80080C2F20007C2F2A6
:10A220000000067043F22860C2F200000068E66792
:10A23000C4F88460C4E91C6004F18800C4E90466C1
:10A2400084F86C6087F80062FDF7A4FE87F820822E
:10A2500087F8216287F8D18087F82282E6E043F20E
:10A260002863000BC2F200031B6863670023C4F875
:10A27000843041F2883300FB1311C9087C2950D87F
:10A280007EA101EB820191ED000A4CE045F6C05041
:10A29000814250D201274FF47A5073E084A29FED9F
:10A2A000940A890902EB800043F22862C2F200029C
:10A2B00090ED002A002092ED001A02EE001A84EDC3
:10A2C0001D1AC4F8840014E045F6C05081423AD209
:10A2D00001274FF47A507EE043F22862090BC2F264
:10A2E0000002126862670022C4F8842063A252F858
:10A2F0002000E06743F22160C2F20000017095E0A7
:10A30000180B43F22863C2F200031B686367002343
:10A31000C4F8843041F6583300FB131149097C29F5
:10A32000AED99FED550A43F2216184ED1F0AC2F2B6
:10A33000000108707AE046F6605081420BD2022795
:10A3400045F6C0501EE046F6605081420BD202270F
:10A3500045F6C0503FE047F2305081420BD2032710
:10A3600046F660500EE047F2305081422CD203276F
:10A3700046F660502FE047F61810814275D2042748
:10A3800047F23050FAB241A39FED450A9FED451ABE
:10A39000081A43F2286103EB820202EE100AC2F2AD
:10A3A000000192ED003AB8EE422A91ED008A22EEC9
:10A3B000000A23EE011A21EE000A04F02FF89FEDA7
:10A3C0003A1A27E00000000047F6181081424FD2E9
:10A3D000042747F23050FAB22CA39FED310A9FEDCB
:10A3E000311A081A43F2286103EB820202EE100AC6
:10A3F000C2F2000192ED003AB8EE422A91ED008AD5
:10A4000022EE000A23EE011A21EE000A04F006F8FB
:10A410009FED261A43F2216000EE018AC2F200008D
:10A4200084ED1D8AC4F88460E667077028780828E0
:10A430003FF63DAE40F2A80143F22162C2F20001B4
:10A44000C2F2000281F820021278FF2A08BF00221F
:10A4500081F8212227A2105C91F82122104481F872
:10A46000D100BDEC048BBDE8F08120460821BBE69D
:10A4700020460221B8E600BF000000000000803F37
:10A48000000080BF00004040000040C00000003FCE
:10A490000000803F000000400000804000000041BC
:10A4A0006E12033ADB0FC940920A863E5077563D42
:10A4B0000000803F00000000000080BF000000009E
:10A4C0000000A040000000000000A0C0000000004C
:10A4D0000000F041000000000000F0C1000000009A
:10A4E0000000B442000000000000B4C20000000000
:10A4F00035FA8E3C0A2D3C46D2E6505F96000000AD
:10A5000041F29040C2F200007047000080B582B076
:10A51000014651B30A6843F231130020C5F24203E9
:10A520009A420AD18DF806008DF80200ADF80400B9
:10A53000ADF800000A79022A01D902B080BDCB79BA
:10A54000022B12D8887AFF2818BF01280DD10DF1EF
:10A55000040C0120EE460CF802000EF803004B79C3
:10A56000022B9CBF087A022802D9002002B080BDCD
:10A57000CA7AFF2A18BF012AF7D101220CF803205A
:10A580000EF800208B79022B9CBF487A0228ECD869
:10A59000097BFF2918BF0129E7D101210CF803101D
:10A5A0000EF800109DF8040000281CBF9DF805005F
:10A5B0000028DAD09DF80610002000291CBF9DF865
:10A5C00000100029B9D09DF801000028CDD09DF8D9
:10A5D0000200002818BF012002B080BD70B500281D
:10A5E00008BF70BD41F2943CC2F2000C9CF800C060
:10A5F000BCF1000F3BD041F2904C0029C2F2000C9C
:10A600009CF808E09CF809409CF90B509CF90C6000
:10A6100000EB8E0E00EB840401EE106A03EE105A7C
:10A6200094ED000A9EED002AB8EEC11AB8EEC33AC6
:10A630000FD09CF8076000EB86009CF90A6090ED53
:10A64000004A05EE106AB8EEC55A24EE054A81EDBF
:10A65000004A002A1CBF22EE032A82ED002A002BAA
:10A660001EBF20EE010A83ED000A70BD70BD0029F7
:10A670001CBF06680E60002A1CBF41681160002BD9
:10A680001CBF8068186070BDB0B504460D467CB133
:10A69000012D0DD12046FFF739FF012808D194E89C
:10A6A0000F0041F29045C2F200050FC5012003E002
:10A6B000002D18BFB0BD002041F29431C2F200015C
:10A6C0000870B0BD002808BF704743F2311140F256
:10A6D0000012C5F24201C0F2020201600121817242
:10A6E0000172C17242600222427201730021417301
:10A6F0007047000000281CBF4268002A4FD080B578
:10A7000084B001AA82EC030A41F29432C2F2000240
:10A710001278CAB141F2904C01AAC2F2000C9CF826
:10A72000043002EB830383ED000A9CF8053002EB52
:10A730008303C3ED000A9CF8063002EB830282ED2E
:10A74000001A01AA92EC030A02EE101A40F2A80CB9
:10A75000B8EE422AC2F2000C20EE823A20EE020A43
:10A7600021EE021ABCEEC32ABCEEC00ABCEEC11A2E
:10A7700010EE101AB8EE400A12EE102A11EE103A3E
:10A78000B8EE422A8CED2E0AB8EE410A8CED2F2A43
:10A790008CED300A01F01EFC04B0BDE8804070472B
:10A7A000002814BF90ED070A9FED010A704700BF13
:10A7B00000000000002804BF9FED060A70479FEDCF
:10A7C000060A90ED011A9FED052A21EE000A80EE9F
:10A7D000020A70470000000000007042DB0FC94011
:10A7E000002814BF90ED000A9FED010A704700BFDA
:10A7F00000000000002808BF7047002100F10C0293
:10A80000C0E90011816082EC040AC1617047000058
:10A8100000281FBF80ED000A0021C0E90111C161BD
:10A8200070470000002800F08480F5EEC00AF1EEC9
:10A8300010FAD8BF704790ED001A9FED3E2A30EE17
:10A84000410AB4EEC20AF1EE10FA08DD9FED3A3A81
:10A8500030EE030AB4EEC20AF1EE10FAF8DC9FED16
:10A86000372AB4EEC20AF1EE10FA08DA9FED343A54
:10A8700030EE030AB4EEC20AF1EE10FAF8DB80ED16
:10A88000070A90ED043A90ED022A20EE033A03EE17
:10A89000202A80ED022A90ED063AB4EEC32AB0EEEB
:10A8A000434AF1EE10FA0ADCB1EE434AB4EEC42A90
:10A8B000F1EE10FAB8BFB0EE442AB0EE424A80ED95
:10A8C000024A90ED035A90ED052A20EE050A34EE77
:10A8D000004AB4EEC24AF1EE10FA06DCB1EE422AAA
:10A8E000B4EEC24AF1EE10FA1BDA32EE400A80ED05
:10A8F000012AB4EEC30A80ED020AF1EE10FA04DD7B
:10A90000B0EE430A80ED020A0FE0B1EE433AB4EE36
:10A91000C30AF1EE10FAB8BFB0EE430A80ED020AA6
:10A9200003E0B0EE442A80ED014A02EE201A80EDE9
:10A93000001A7047DB0F4940DB0FC9C0DB0F49C06D
:10A94000DB0FC940002808BF704700291CBF4069C1
:10A950008860704791ED052AB1EE041AB4EEC12A61
:10A96000F1EE10FA0ADCB9EE043AB0EE421AB4EE97
:10A97000C32AF1EE10FAB8BFB0EE431A81B002213B
:10A9800001709DF80310C170BDF80110A0F801100E
:10A99000002180ED010A80ED021AC0E906118175DF
:10A9A0008182C0E9031101B070470000FEF7AABA26
:10A9B000FFF7FCBFEFF3058100291CBF6FF0050016
:10A9C0007047002804BF0020704780B502F0A0FB4C
:10A9D000002080BDEFF3058000281CBF6FF005004C
:10A9E000704740F27400C2F20000016800291CBFE9
:10A9F0004FF0FF30704701210160002070470000D8
:10AA000010B5EFF3058000281EBF6FF00504204647
:10AA100010BD40F27400C2F20000016801291EBF9F
:10AA20004FF0FF34204610BD4EF61F510024CEF2E9
:10AA300000010C700221016002F084FC204610BD70
:10AA4000F0B585B000238C4600280493EFF3058110
:10AA50003BD0D1BB42B19469002C08BF1824611EC1
:10AA6000372911D9002330E000218023182404AABB
:10AA7000CDE900429AB2634603F05EF801281ABF9E
:10AA800000230493049B20E01179C9071CD11168AD
:10AA9000D2E9025756694FEA960E002E734608BF58
:10AAA0008023ADB100235C2F0FD3002E1CBF126991
:10AAB000002A0AD0CDE9004272466346029503F0AF
:10AAC000A9F80346049300E00023184605B0F0BD42
:10AAD0000FB10023F9E71269002AC8D00023F4E778
:10AAE000B0B52DED048B054643F223600C46FF21E3
:10AAF000B0EE408AC2F20000047043F22160C2F25C
:10AB00000000017043F224600021C2F200000160E5
:10AB100043F22860E967C5F88410611FC2F20000A3
:10AB2000C9B200680329686795F86C000DD804283D
:10AB30002AD0FEF77BFA002085ED1D0A286705F173
:10AB40008800FDF727FA042016E003281CD095EDB5
:10AB50001A9AFEF76BFADFED1A0A002085ED1D0A3E
:10AB6000F7EE001AB0EE490AB0EE481A286705F170
:10AB70008800FDF7DFF9032040F2A80185F86C009A
:10AB8000C2F2000181F8000243F20C500121082CAE
:10AB9000C2F20000017018BF052C01D10021017024
:10ABA00005F18800FDF7F6F940F2A8000021C2F295
:10ABB000000080F8204280F82112BDEC048BB0BD6B
:10ABC00000000000F0B581B02DED088B044641F681
:10ABD000F110C0F27650A1FB0010C0F38713062BD2
:10ABE00036D343F22360C2F2000001780131C9B2CA
:10ABF00009293DD3FF26002543F2206140F2A80732
:10AC0000067043F22160C2F20001C2F20007C2F2F4
:10AC100000000D70057043F22860C2F20000006869
:10AC2000E567C4F88450C4E91C5004F18800C4E905
:10AC3000045584F86C5087F80052FDF7ABF987F89B
:10AC4000206287F8215287F8D16087F8226241E1BB
:10AC500043F221618009C2F20001C6B20F78B74207
:10AC60000ED143F22C60C2F2000090ED031AD7E03F
:10AC70002046BDEC088B01B0BDE8F040FFF730BFC7
:10AC800002EB830243F228639FED940A43F22C65A2
:10AC90009FED955AB7EE00BA9FED923AB6EE00AA34
:10ACA000C2F2000392ED002A0870C2F200050020F3
:10ACB00093ED001A94ED1D9A02EE001A85ED079AA5
:10ACC000BFEE002A31EE490A85ED081A9FED841A7D
:10ACD0006862E862B5EEC00AF1EE10FAB8BFB0EEF5
:10ACE00042BAC5E90300C5E9050085ED0A9A2BEED5
:10ACF000055A2BEE012A2BEE034A2BEE051A85EDA1
:10AD0000002A85ED014A85ED025AB1EE453AB5EECD
:10AD1000C01A83EE043AF1EE10FA23EE0A7ABCBFB1
:10AD200085ED004AB0EE442A85EE021A21EE0A6A49
:10AD300085ED031A85ED053A25EE066A05EE076AEC
:10AD400020EE0B7A6BEE060AB4EEE07AF1EE10FA22
:10AD50004BDA9FED661A34EE423AB5EE403AF1EE28
:10AD600010FAB0EE418A1FBF32EE022A24EE022A08
:10AD700020EE020A80EE038AB5EEC08AF1EE10FAE8
:10AD8000B8BFB0EE418AB0EE480A03F00FFCB4EE53
:10AD9000400AF1EE10FA03D0B0EE480A03F006FCC8
:10ADA0002BEE001A9FED514A2BEE400A85ED021A58
:10ADB00095ED002A81EE021AB5EEC01AF1EE10FAF6
:10ADC000B8BFB0EE441A85ED031A95ED013A80EE56
:10ADD000033A9FED460AB5EEC03AF1EE10FAB8BF5D
:10ADE000B0EE443A85ED053A0AE030EE460A80EED0
:10ADF000050AB5EEC00AF1EE10FAB8BF9FED3B0AA6
:10AE000022EE0A2A31EE004A85ED040A22EE012ADA
:10AE100033EE040A01EE029A85ED060A85ED0A9AE0
:10AE200043F22C60C2F2000090ED0B0AB4EEC10AAE
:10AE3000F1EE10FA12DA90ED001A90ED072A90ED7B
:10AE4000093AB6EE004A21EE044A00EE032A00EE6B
:10AE5000013A20EE044A00EE042A2BE090ED042A89
:10AE600031EE022AB4EEC20AF1EE10FA08DA90EDE1
:10AE7000023A90ED0A2A30EE411A01EE032A19E057
:10AE800090ED061A90ED082AB4EEC10AF1EE10FA20
:10AE90000EDA90ED013AB6EE004A30EE411A23EE9A
:10AEA000044A21EE033A21EE044A01EE042A01E0AD
:10AEB0009FED0E3A9FED0E1A9FED0E4A30EE010AFD
:10AEC00080ED0B0A23EE040A002084ED1D2A84ED98
:10AED000210AE067BDEC088B01B0F0BD35FA8E3C6D
:10AEE00000009643000096C38470D141000000002A
:10AEF0006E12033AEBC91841B0B505460C460DB3C6
:10AF0000002C18BF002A1DD040F22840C2F20000D9
:10AF10000078002808BFB0BD506840B110464FF41B
:10AF2000FA614FF4FA624FF4FA6301F053F82846DD
:10AF30002146FCF7DBFA40F2A8000421C2F200002F
:10AF400080F80F11B0BD00002DE9F04F81B02DED5C
:10AF5000068B84B005461446002D00F00B840029B2
:10AF600018BF002C00F0068440F22A40C2F2000014
:10AF70000078002800F0FE832846FCF7B7FA29681D
:10AF8000B5F9040043F2616B43F27C6643F2F44787
:10AF9000C2F2000BC2F20006C2F20007CA68CB6917
:10AFA000C96A801AB5F9062002EE100A9BF8000063
:10AFB000D21AB5F9083001EE102A0028A3EB0101DE
:10AFC00000EE101AB8EEC08AB8EEC19AB8EEC2AA66
:10AFD00031D001280DD002284FD143F2646543F2ED
:10AFE000EC43C2F20005C2F2000305F108012A1D7C
:10AFF00004E0321D06F1080135463B4695ED000A96
:10B00000022830EE0A0A85ED000A92ED000A30EEC1
:10B01000090A82ED000A91ED000A30EE080A81ED7E
:10B02000000A196801F10101196000F0BA800128D5
:10B0300000F0318108BB606840B120464FF4FA61EE
:10B040004FF4FA624FF4FA6300F0C4FF43F29060E9
:10B05000C2F20000016819B343F2F04243F2706398
:10B06000C2F20002C2F20003126893ED002A93EDCF
:10B07000011A93ED020A013226E06068002800F010
:10B08000798320464FF4FA614FF4FA624FF4FA6381
:10B0900004B0BDEC068B01B0BDE8F04F00F09ABFE4
:10B0A00043F270629FEDE20A0023C2F20002C2E99D
:10B0B0000033936043F2F042C2F2000213600122B7
:10B0C000B0EE401AB0EE402A43F2706332EE0A2A24
:10B0D00031EE091A30EE080A0131C2F20003B1F56F
:10B0E0007A6F016083ED002A83ED011A83ED020A75
:10B0F00043F2F043C2F200031A60C0F03B8343F214
:10B100006462002143F20253C2F20002C6E9001158
:10B11000B160C2F20003C2E90011916043F2EC4257
:10B12000016043F204603960C2F20000C2F2000222
:10B13000116043F2F8420078C2F20002117040F24E
:10B14000A8020121C2F200028BF8001082F80D0162
:10B150001B7882F80E3182F80F116168002900F027
:10B16000098343F200514FF4FA6302284FF4FA6264
:10B17000C2F200010F884FF4FA61CDE90133039365
:10B180000BD807F5FA6140F69F7201AB914238BFC8
:10B190000A4601A941F820200ECB204600F01AFFF4
:10B1A000E8E2606843F2005943F2046AC2F200091F
:10B1B000C2F2000A08B3B9F800109AF800004FF480
:10B1C000FA6300254FF4FA62CDE901330393B1F538
:10B1D000FA6F38BFC1F5FA6502284FF4FA6109D851
:10B1E00040F69F7101AA01AB8D4238BF294642F853
:10B1F00020100ECB204600F0EDFE43F2906041F2AD
:10B200007072C2F200000168013191420160C0F029
:10B21000B18243F2F841C2F200010A7801320A70A9
:10B22000D1B2012900F2A180002140F2A80243F22C
:10B23000025301609AF800000121C2F20002C2F23A
:10B2400000038BF8001082F80D011B7882F80E3194
:10B2500082F80F116168002900F08C82B9F8007043
:10B260004FF4FA6302284FF4FA624FF4FA61CDE921
:10B27000013303930BD807F5FA6140F69F7201ABD7
:10B28000914238BF0A4601A941F820200ECB204642
:10B2900000F0A0FE6EE2606843F2005543F20467DE
:10B2A000C2F20005C2F20007D8B138782E884FF4F8
:10B2B000FA634FF4FA624FF4FA61CDE90133039374
:10B2C00002280BD806F5FA6140F69F7201AB914255
:10B2D00038BF0A4601A941F820200ECB204600F0D5
:10B2E00079FE43F2906141F27072C2F20001086887
:10B2F000013090420860C0F03D823F7840F2A802E1
:10B30000002043F2025308600221C2F20002C2F29E
:10B3100000038BF8001082F80D711B7882F80E3153
:10B3200082F80F116168002900F0248229884FF407
:10B33000FA634FF4FA62CDE901330393B1F5FA6F82
:10B3400038BFC1F5FA60022F4FF4FA6109D840F610
:10B350009F7101AB884238BF014601A840F8271011
:10B360000ECB204600F036FE04E23A6843F2025863
:10B37000C2F2000898F80010002A1FBF43F2EC4305
:10B38000C2F200031B68002B3DD043F264659AF8BB
:10B39000007096ED005A96ED016A96ED027A00EE85
:10B3A000103A40F2A80304EE102AC2F20005C2F2DD
:10B3B000000395ED001A95ED012A95ED023AB8EEDD
:10B3C000400AB8EE444A07EBC70285EE045A86EEFF
:10B3D000046A03EB820201EB410381EE001A82EE64
:10B3E000002A83EE000A87EE043A02EB830235EE70
:10B3F000411A36EE422A33EE400A82ED441A82EDBB
:10B40000452A82ED460A4F1CF9B288F800700229DD
:10B4100010D84EF66412C0F6000232F81110002265
:10B420008BF800200260A9F800109AF8001093E150
:10B43000000000009AF8001040F2A80CC2F2000CC4
:10B4400001EBC10300290CEB830393ED472A8DED3B
:10B45000012A93ED481A8DED021A93ED490A8DEDFC
:10B46000030A09D043F2E4570023C2F20007FE5C4E
:10B470006EB101338B42FAD3B2EE003AB4EEC32A76
:10B48000F1EE10FACCBF0023FF2311B90CE0FF232B
:10B4900051B143F2E4560027C2F20006F25D012AE0
:10B4A00016D001378F42F9D3B2EE003AB4EEC31A88
:10B4B000F1EE10FA0CDDFF2B42D001AA02EB830261
:10B4C00092ED003AB4EEC31AF1EE10FAC8BF0123B0
:10B4D00051B143F2E4560027C2F20006F25D022A9F
:10B4E0001CD001378F42F9D3B2EE003AB4EEC30A52
:10B4F000F1EE10FA12DDFF2B26D001AA02EB830237
:10B5000092ED003AB4EEC30AF1EE10FAC8BF02237E
:10B51000EBB99FED9B3AFF2799BB3DE0FF2B14D180
:10B5200043F210520023C2F20002136043F20352AE
:10B53000C2F200021378002B04BF02231370AAE0AA
:10B5400001230029C5D1CFE70223002BE1D059B157
:10B550009FED8B3A43F2E4560027C2F20006F55DF8
:10B56000BDB301378F42FAD3B2EE003AB4EEC32A2C
:10B57000F1EE10FA2BDD0027B0EE423A012B2BD072
:10B5800051B143F2E4550026C2F20005AA5D012A3A
:10B590001AD001368E42F9D3B2EE002AB4EEC21AA6
:10B5A000F1EE10FA10DDA7F1FF06B4EEC31A002287
:10B5B000B6FA86F6F1EE10FAC8BF012276093243D8
:10B5C0001CBFB0EE413A0127022B29D004E09FEDC9
:10B5D0006C3AFF27012BD3D151B143F2E455002639
:10B5E000C2F20005AA5D022A1AD001368E42F9D3B2
:10B5F000B2EE001AB4EEC10AF1EE10FA10DDA7F1B6
:10B60000FF06B4EEC30A0022B6FA86F6F1EE10FA8F
:10B61000C8BF0122760932431CBFB0EE403A022770
:10B6200001AA9FED581A9FED582A02EB830292ED72
:10B63000000A43F21052C2F20002B4EEC13AF1EE37
:10B6400010FA80EE034AB5EEC00AB8BFB0EE424A27
:10B65000FF2F08BFB0EE424AF1EE10FA82ED004A29
:10B6600043F2E452C2F20002535443F2E7534FF064
:10B67000FF32A8BF0122C2F200035A540CEB810230
:10B6800082ED5F0A43F2D842C2F20002137801331E
:10B6900013708CF8FC3001314FF4C8720027A9F800
:10B6A0000020CAB28AF8001088F80070032A3DD33F
:10B6B00043F20865C2F200052846FFF703F843F29B
:10B6C000E4508DF80670ADF80470C2F20000017805
:10B6D000E97143F2E751C2F200010A78AA724FF40D
:10B6E0008072AA80427880782A724A78EA720222AE
:10B6F000AA716872887828732846FEF707FF012828
:10B7000019D1E87901A901220A54287A0A54687AE1
:10B710000A549DF8040070B19DF8050000281CBF74
:10B720009DF80600002806D003200EE08BF800707C
:10B730000760002210E043F20350C2F200000178DB
:10B74000002904BF03210170042098F800709AF8C2
:10B75000001003228BF8000040F2A800C2F20000A3
:10B7600080F80D1180F80E7180F80F2160680028B4
:10B770007FF487AC04B0BDEC068B01B0BDE8F08F60
:10B78000000000006F12833A0000C642F0B581B09D
:10B79000044601F0A3FB45F2A86040F6E867C2F258
:10B7A0000000C2F20007016801310160396869B127
:10B7B00045F63C60C2F200000068002841D13868BC
:10B7C000E16AC06A884298BF3C603AE03C60006829
:10B7D000012836D140F600760025C2F2000600BFEF
:10B7E000701901F037FB1435B5F58C6FF8D145F6BB
:10B7F000A055C2F20005284601F02CFB45F6B456D0
:10B80000C2F20006304601F025FB45F6E850C2F2D0
:10B81000000001F01FFB45F65C60C2F2000001F081
:10B8200019FB45F64860C2F2000001F013FB40F638
:10B83000F060C2F20000056040F6F860C2F200005D
:10B84000066045F2B460C2F2000001680131016097
:10B85000616445F2B861C2F20001E06A0A68904290
:10B8600088BF086040F6007100EB8000C2F2000162
:10B8700001EB8000211D01F01BFB01F055FB45F69B
:10B880003C60C2F20000006878B13868E16AC06AC2
:10B8900088420AD24EF604504FF08051CEF200009A
:10B8A0000160BFF34F8FBFF36F8F01B0F0BD000099
:10B8B00070B582B001F012FB45F67466C2F2000664
:10B8C000306858BB45F67454C2F20004204601F0BB
:10B8D000C1FA45F68855C2F20005284601F0BAFAC9
:10B8E00040F6EC6040F6F15240F694631021C2F24B
:10B8F0000000C2F20002C2F20003046040F6FC60E5
:10B90000C2F200000560002000900A2001F088FECD
:10B91000002830601CBF04A101F09CFB02B0BDE810
:10B92000704001F001BB00BF546D72510000000077
:10B930002DE9F04745F2AC6540F6007A4EF6045822
:10B9400045F65C6745F2A8664FF08059C2F20005E3
:10B95000C2F2000ACEF20008C2F20007C2F20006EC
:10B9600003E000BF204601F0F7FA2868D0B101F0EB
:10B97000B5FAF868C468201D01F03AFA3068013859
:10B98000306028680138286001F0CEFA94F8590038
:10B9900020B10128E6D00228E7D00EE0206B01F0AC
:10B9A000DBFADFE7DAF800000228DED3C8F80090FF
:10B9B000BFF34F8FBFF36F8FD7E74FF0100080F3C7
:10B9C0001188BFF36F8FBFF34F8F00BFFEE70000FA
:10B9D00008480068006880F308884FF0000080F392
:10B9E000148862B661B6BFF34F8FBFF36F8F00DF6D
:10B9F00000BF00BF08ED00E02DE9F04F85B08246A2
:10BA000002F096F940F6E4690546C2F20009D9F859
:10BA10000000854242D240F6EC64C2F20004206885
:10BA2000016891B345F6746BC2F2000BC068C76839
:10BA3000D0F800803E1D304601F0DAF9396A384608
:10BA4000884797F8280040071BD5B869404440450F
:10BA500006D978603F613146206801F00BFA10E0AA
:10BA6000DBF8000018B30020CDE90108039702F0CD
:10BA70004BF9DBF8000001A90022002301F040FE91
:10BA8000A8B1206801680029D0D140F6FC61C2F25B
:10BA900000010A6808600120226000E00020CAF866
:10BAA0000000C9F80050284605B0BDE8F08F4FF0FF
:10BAB000100080F31188BFF36F8FBFF34F8F00BF6B
:10BAC000FEE7000081B00020009040F25000C2F27A
:10BAD000000000684FF0100181F31188BFF36F8FF1
:10BAE000BFF34F8F013001D0FEE700BF0098002860
:10BAF000FCD001B0704700002DE9F04F89B040F64E
:10BB0000EC6A40F6FC6945F6746801AC6E46C2F218
:10BB1000000AC2F20009C2F20008A1E00020CDE94B
:10BB2000050B079702F0F0F8D8F8000005A90022ED
:10BB3000002301F0E5FD002800F0FB80396A38465B
:10BB4000884740F6FC69C2F2000903E000F0FE00FD
:10BB500087F82800D8F800002146002201F0D6FE20
:10BB6000002800F07D800198B0F1FF3F06DCDDE9A0
:10BB700002200499904701980028EBDB039F786925
:10BB800000281CBF381D01F033F93046FFF734FFA1
:10BB900001990929DED8DFE801F00505053A3D598C
:10BBA00005053A3D97F8281041F0010187F8281063
:10BBB000391DBD69029AAB1883427B603F6104D98D
:10BBC000904239D2934203D236E0801AA84238D349
:10BBD000396A3846884797F828004007BAD5D8F818
:10BBE0000020B8690299002A00F0AD8000220844C4
:10BBF0000592CDE9060702F087F8D8F8000005A9FC
:10BC00000022002301F07CFD0028A3D19BE097F8DF
:10BC100028009BE797F8281041F0010187F82810C9
:10BC200002990029B96100F098800A18394641F854
:10BC3000042F82423F6104D9DAF8000001F01AF9BA
:10BC400088E7D9F8000001F015F983E797F8280094
:10BC500010F0020F7FF47AAF384601F07DF979E7F2
:10BC6000DAF800004FF0000B0768002F1CBFC06817
:10BC7000D0F800B001F0B8FB2046FFF7BDFE054646
:10BC8000019818B102F0B2F964E700BFB7B15D45A1
:10BC900014D302F0ABF9DAF80000C068C76807F106
:10BCA0000409484601F0A4F897F8280010F0040FA2
:10BCB00023D100F0FE0087F828003FE700222FB9CB
:10BCC000D9F800000068B0FA80F04209D8F8000006
:10BCD000ABEB050101F0F8F902F088F900287FF4D8
:10BCE00039AF4EF604504FF08051CEF200000160A3
:10BCF000BFF34F8FBFF36F8F2CE7B86900EB0B01D9
:10BD0000A94279603F6102D9DAF8000008E0A5EBAA
:10BD10000B01814208D240F6FC60C2F200000068CC
:10BD2000494601F0A7F809E7D8F8000000287FF499
:10BD3000F5AE4FF0100080F31188BFF36F8FBFF3A3
:10BD40004F8F00BFFEE74FF0100080F31188BFF364
:10BD50006F8FBFF34F8F00BFFEE74FF0100080F3EF
:10BD60001188BFF36F8FBFF34F8F00BFFEE7000056
:10BD7000F0B581B0044601F0B1F894F94560012EA8
:10BD800010DB04F1240500BF286858B1284602F0F2
:10BD9000E1F8002818BF01F023FA71B2701E0129E2
:10BDA0000646F1DCFF2684F8456001F0BDF801F09D
:10BDB00095F894F94470012F10DB04F1100500BFD1
:10BDC000286858B1284602F0C5F8002818BF01F0CD
:10BDD00007FA79B2781E01290746F1DC84F844603D
:10BDE00001B0BDE8F04001F09FB80000F0B581B0AF
:10BDF000044601F0F9FA40F6F467C2F20007396828
:10BE000009B345F69C51C2F200010978002918BF18
:10BE10004FF00041002C00F07E8011EA04007AD13E
:10BE2000083414F0070148D0C1F10800044414F0AC
:10BE3000070F42D04FF0100080F31188BFF36F8FCF
:10BE4000BFF34F8FFEE743F29C6645F64065002046
:10BE5000C2F20006C2F20005F31D16F007023146D9
:10BE600023F0070318BF19469B1B4FF40056002A06
:10BE7000C5E9001018BFC3F500568A19083A22F028
:10BE800007023A60C2E90000501A48603A680A6046
:10BE900045F6D051C2F20001086045F6C851C2F221
:10BEA0000001086045F69C500121C2F200000170BB
:10BEB0004FF00041002CB0D12DE045F6C85E611E68
:10BEC000C2F2000EDEF80000814224D245F6406640
:10BED000C2F20006316800BF32460E467368A342C4
:10BEE00002D231680029F7D13868864213D0306811
:10BEF000D2F800C010601A1B112A43D3331913F073
:10BF0000070F1CD04FF0100080F31188BFF36F8F24
:10BF1000BFF34F8FFEE702F069F800F097FF0024AF
:10BF2000600702BF204601B0F0BD4FF0100080F363
:10BF30001188BFF36F8FBFF34F8F00BFFEE75A60CA
:10BF4000746045F64064C2F2000400BF22461468E3
:10BF50009C42FBD351685018984201D05D6803E0C1
:10BF600058681346451855605819A04206D13868DC
:10BF700084421FBF60682844586024689A421C604D
:10BF800018BF136045F6D0527068DEF800100CF14F
:10BF90000804C2F200021368091ACEF80010994290
:10BFA00038BF116045F69C51C2F2000109780029A2
:10BFB0004FF0000118BF40F00040C6E9001045F600
:10BFC000DC50C2F2000001680131016002F00EF89D
:10BFD000A6E7000000281CBFD0F800C0BCF1000F8D
:10BFE00006D0DCF800C0BCF1000F08BF7047604706
:10BFF000704700007047000070470000002808BF2D
:10C000007047D0F804C0BCF1000F1CBFDCF800C0C2
:10C01000BCF1000F37D080B590F80CE0BEF1020FF4
:10C0200009D0BEF1010F0AD0BEF1000F04BF89B2E2
:10C03000CCF8341006E089B2CCF83C1002E089B2AA
:10C04000CCF83810417B0029BDE8804007D0012999
:10C0500009D0022904BF91B2CCF83C1006E091B29D
:10C06000CCF8341002E091B2CCF83810807B58B193
:10C07000012802BF98B2CCF838007047022804BFEC
:10C0800098B2CCF83C00704798B2CCF834007047B6
:10C090004BF6C52321F001014FF0807CC0F6000370
:10C0A00040E903316FF0020140F804CC40E9091285
:10C0B00044387047B0B52DED108B84B004464EF671
:10C0C0001810B0EE60AAB7EE00FAB0EE418AB0EEFA
:10C0D000409AC0F60000B5EE40AA90ED03EAF1EEFA
:10C0E00010FACFEE0E8A5DD19FEDE30A9FEDE31AC1
:10C0F0009FEDDC3AB5EEC09A9FEDDB4A4AF6AB21E4
:10C10000F1EE10FAC2F6AA2138EE002A9FEDDC0A01
:10C1100032EE011AB8BFB0EE412AB4EEC32A32EEB5
:10C12000000AF1EE10FAB8BFB0EE420A9FEDCF2A36
:10C1300020EE041ABDEEC11A11EE100A50FB01F1F7
:10C1400001EBD17101EB4101A0EB410502A803A96C
:10C1500001EE105AB8EEC11A01EE020AFEF728FCF1
:10C160009FEDBD1AB0EEC90A9DED032A9FEDC03ABE
:10C170009DED025ABEEE004A20EE28FA9FEDBD0A60
:10C18000B4EEC1FAF1EE10FAC8BFB0EE41FA22EEF9
:10C19000041A2FEE033A05EE001A23EE020A23EEEC
:10C1A000011AA1E0684601A9B0EE480AFEF700FCBA
:10C1B0009DED010A9DED001A20EE0ACA21EE0ABA91
:10C1C00001EE09CA00EE49BA2CEE0CDA0BEE0BDADE
:10C1D000B0EE4D0A02F0EAF9B4EE400AF1EE10FAC0
:10C1E00003D0B0EE4D0A02F0E1F928EE800AB4EE79
:10C1F000CF0AF1EE10FA11DC9FED97FAB4EECF0AF8
:10C20000F1EE10FA08DD9FED951A9FED952A30EEBC
:10C21000010A00EE02FA01E0B0EE40FAB0EE4C0A7C
:10C22000F0EE4B0A01F0D2FFB0EE40BA02A803A92B
:10C23000B0EE480AFEF7BCFB9DED031A9DED022A05
:10C2400021EE0A0A62EE0A0A02EE090A41EE490AE2
:10C2500001F0BCFF9FED831A9FED832AB5EEC00A63
:10C260004AF6AB21F1EE10FAC2F6AA21B5EEC0BA39
:10C2700030EE013AB8BFB0EE430AF1EE10FA20EE0C
:10C28000020A9FED7A2ABDEEC00A10EE100A3BEEBC
:10C29000010A50FB01F1B8BFB0EE40BA01EBD17119
:10C2A00001EB4101A0EB410502A803A901EE105AE0
:10C2B000B8EEC10A00EE02BAB0EE4B0AFEF778FB08
:10C2C0009DED031A9FED6A2A9DED020A9FED694AD2
:10C2D000BEEE003A21EE033A2FEE022A00EE043AB7
:10C2E00022EE010A22EE031AB7EE002A9FED653A0C
:10C2F000B6EE009A681C32EE412A32EE402AB5EEC4
:10C30000C02AF1EE10FAB8BFB0EE432A052D0FD8BF
:10C3100022EE092ADFE805F003111A232C3331EE4F
:10C32000001A30EE02AAB0EE429A31EE02BA2EE0C6
:10C33000B0EE49AAB0EE49BA29E031EE000A31EE7A
:10C3400002BAB0EE429A30EE02AA20E031EE001AB4
:10C3500030EE029AB0EE42BA31EE02AA17E031EEA8
:10C36000000A31EE02AAB0EE42BA30EE029A0EE0B6
:10C3700031EE001A30EE02BA31EE029A05E031EEEB
:10C38000000A31EE029A30EE02BAB0EE42AABEEED8
:10C39000000A40F2A80503A93BEE00DA3AEE00CA13
:10C3A00079EE008AC2F20005B0EECC0AB0EECD1AEA
:10C3B00085ED31BA85ED32AA85ED339AB0EEE82AE3
:10C3C000B4EEC10AF1EE10FAC8BFB0EE401A3BEE6F
:10C3D0004A0A85ED29FAB4EEC12AB0EEC00AF1EEA0
:10C3E00010FAC8BFB0EE421A85ED2A1A85ED2B0A65
:10C3F00085F8D00002A8B0EE480AFEF7D9FA9FED02
:10C40000221A9DED032A9DED023A2EEE0C0A002C15
:10C410000EEE680A20EE010A2EEE0D1A20EE024AF8
:10C4200020EE030A01EE034A01EE420A85ED2C4A92
:10C4300085ED2D0A1CBF218A002908D02046B0EEC8
:10C440004B0AF0EE4A0AB0EE491AFEF753F904B06F
:10C45000BDEC108BB0BD00BF46B6133F46B613BF50
:10C46000CDCC4C3FDB0FC9404576743F920A86BF66
:10C47000D7B3DD3FD7B35D3FDB0FC93FDB0F49408B
:10C48000DB0FC9C0000000003ACD133F80B52DED91
:10C49000048B82B0B0EE609AB0EE408AB5EE409A5E
:10C4A000F1EE10FA1AD19FED2A0A9FED2A2AB5EE75
:10C4B000C08AF1EE10FA31EE000A9FED241A30EE38
:10C4C000022AB8BFB0EE420AB4EEC10AF1EE10FA89
:10C4D000A4BF9FED211A30EE010A1EE0684601A9B3
:10C4E000B0EE410AFEF764FA9DED011A9DED002AB7
:10C4F00021EE090A62EE090A02EE080A41EE480A34
:10C5000001F064FE9FED111AB5EEC00AF1EE10FACB
:10C5100030EE011AB8BFB0EE410A9FED101A4AF68C
:10C52000AB21C2F6AA2120EE010ABDEEC00A10EE30
:10C53000100A50FB01F101EBD17101EB4101A0EBBD
:10C540004100013002B0BDEC048B80BDDB0FC9405F
:10C55000DB0FC93FDB0F4940DB0FC9C04576743F95
:10C5600080B5A02000F06AFB00F060FB41F2A04221
:10C570004FF480510020C2F20002505241F20201F9
:10C58000505442F20401505242F20601505443F218
:10C590009461C2F20001086043F21C61C2F2000122
:10C5A000086043F2FC41C2F20001086040F22C41F5
:10C5B000C2F20001086048608860C8600861486194
:10C5C0008861C861086248628862C862086348631B
:10C5D0008863C863086448648864C86481F850004C
:10C5E00081F85100A1F85200A1F8540081F85600DA
:10C5F00081F857008865A1F85C00C1F88400C1F893
:10C600008800C1F88C00C1F89000C1F89400C1F80E
:10C610009800C1F89C00886643F29861C2F200015C
:10C62000086080BD2DE9F04F8DB040F22C45C2F27C
:10C630000005286A0130286243F2FC40C2F2000083
:10C64000016801310829016002D205F1240001E1ED
:10C6500043F294680021C2F200080160D8F800702B
:10C66000F7B14FF480503E5A06F13400B0F5805FC8
:10C6700040D941F2020202200021B854C8F800104B
:10C68000286B0130286341F2A040C2F20000825CB6
:10C69000D2B142F20601415CA9B105F12C00D9E00A
:10C6A00041F2A04041F20201C2F20000415C41B1FE
:10C6B00042F20601415C002900F0B28005F12C0035
:10C6C000C8E00021ADE0012101EB812200EB8207EF
:10C6D000002F00F0BA8041EA81210022012300EB03
:10C6E00081004FF48051425241F202028354C8F853
:10C6F0000070465AD5F808A0D5F80C9001A8302152
:10C70000F3F7D0FD40F22A4007F5805BC2F200004B
:10C71000007838B940F22840C2F2000000780028C2
:10C7200000F09E8040F2A800C2F20000B0F9541060
:10C7300000EE101AB8EEC00A8DED010AB0F95610DD
:10C7400000EE101AB8EEC00A8DED020AB0F95810CA
:10C7500000EE101AB8EEC00A8DED030A90F80D1124
:10C7600000EE101AB8EE400A8DED040A90F80E1192
:10C7700000EE101AB8EE400A8DED050A90F80F1180
:10C7800000EE101AB8EE400AD0F8A0108DED060A9F
:10C790000791D0F898100891D0F88C100991D0F832
:10C7A00090100A9190ED2A1A40F2A8008DED0B1A14
:10C7B000C2F2000090F8D10000EE100AB8EE400A74
:10C7C0008DED0C0ABC1901A930222046F3F751FD6A
:10C7D0004FF0FF403421206343F29860C5F818A061
:10C7E000C5F81C90C2F20000C0F80090BBF8000031
:10C7F000343011FA80F1ABF8000005F12800B1F5F2
:10C80000805F27D9D8F8001021B341F20202022339
:10C810008B540021C8F80010296B0131296319E0FD
:10C82000012101EB812200EB82078FB141EA8121D6
:10C83000002200EB81004FF48051425241F202018C
:10C8400001224254C8F800700BE705F12C0001E00A
:10C8500005F12C000168013101600DB0BDE8F08FD9
:10C8600000200024FBF724F8002818BF846F01A8DB
:10C87000214600F07FF90028A4D100200024FBF716
:10C8800017F800281CBF806F00280BD0816D04466C
:10C890000191C16D0291016E03910121009190ED12
:10C8A0001A0A06E09FED1B0A0020CDE9014403941B
:10C8B00000908DED040AFCF7B1FB8DED050AFCF745
:10C8C000B5FB00988DED060A012812D194ED1D0AE2
:10C8D0008DED070A9DED051A30EE410A8DED080A2F
:10C8E000FCF78CFB8DED090A206F0A9094ED051A78
:10C8F0005AE7002407949DED050AB1EE400A8DED3C
:10C90000080AFCF77BFB9FED031A8DED090A0A94D8
:10C910004AE700BF000000002DE9F04381B040F27B
:10C920002C4641F2A04743F29469C2F20006C2F2DB
:10C930000007C2F20009B06B0130B06341F202009F
:10C94000395C86F8501042F20601795C86F8511085
:10C950004FF48051795AA6F8521042F20401795AE4
:10C96000A6F85410D9F80010002918BF012186F844
:10C97000561040F6FC11C2F20001D1F8882086F86A
:10C980005720D1F89020B265D1F88810212905D11F
:10C99000F06B0130F06301B0BDE8F083385C022831
:10C9A00001D1002405E042F20600385C022854D18F
:10C9B000012404EB842007EB8005002D4DD04FF4BB
:10C9C00080502A5A002A48D040F6FC182946C2F264
:10C9D00000084046F9F732F900281FBFB06C01305B
:10C9E000B06401B018BFBDE8F083716C05F58050EC
:10C9F00003220131716441F202010088A6F85C0053
:10CA000044EA842007EB8000425443F21C60C2F2E7
:10CA100000000560785C86F8500042F20600385C41
:10CA200086F851004FF48050385AA6F8520042F26E
:10CA30000400385AA6F85400D9F80000002818BF9E
:10CA4000012086F85600D8F8880086F85700D8F8F4
:10CA50009000B06501B0BDE8F083306C0130306407
:10CA600001B0BDE8F083000070B504460D46002C0F
:10CA700018BF002D00F07780A068FBF799F940F20D
:10CA80002C46C2F2000686F860002878042888BF89
:10CA900070BDDFE800F003111D536000A86843F289
:10CAA0000061C2F20001C6F8840068680860706E18
:10CAB0000130706601203CE0A86843F2FC51C2F2EC
:10CAC00000010860C6F88800022086F85F0070BD8B
:10CAD000A86843F2FC51C2F20001C6F88C00096854
:10CAE0000844C6F8900043F20060C2F20000696892
:10CAF0000068081AC6F89400D6F89400D6F8981082
:10CB0000884284BFD6F89400C6F89800F068D6F83A
:10CB100090100844C6F89C002046FBF79BF8A6F846
:10CB20008000B6F88000A6F87E00706F0130706754
:10CB3000002086F85E0086F85F0070BDF06E013060
:10CB4000F0662046FBF746F986F85E0096F85E0030
:10CB500086F85F0070BDB06F0130B067002086F8C6
:10CB60005E0086F85F0070BD4CF66921C0F60001DA
:10CB7000FBF7DAB870B504460D4684B140F2080000
:10CB8000C2F200000178FF2909D0032909D84EF626
:10CB9000EC20C0F6000000EBC100466807E0002072
:10CBA00070BD4EF66C160021C0F60006017071686B
:10CBB0002846884784ED000A2846F168884784EDB6
:10CBC000010A28467169884784ED020A2846F169FE
:10CBD000884784ED030A2846716A884784ED040A71
:10CBE0002846F16A884784ED050A2846716B884714
:10CBF00084ED060A2846F16B884784ED070A28462B
:10CC0000716C884784ED080A2846F16C884784EDEA
:10CC1000090A2846716D884784ED0A0A2846F16D95
:10CC20008847012084ED0B0A70BD000040F2080027
:10CC30000121C2F20000017070470000F3F77EBCD2
:10CC400040F2A800C2F2000090ED2A0A70470000EE
:10CC500040F2A800C2F2000090ED310A70470000D7
:10CC600040F2A800C2F2000090ED320A70470000C6
:10CC700040F2A800C2F2000090ED330A70470000B5
:10CC800040F2A800C2F2000090ED3A0A704700009E
:10CC900040F2A800C2F2000090ED1F0A70470000A9
:10CCA000002814BF90ED160A9FED010A704700BFDF
:10CCB00000000000002814BF90ED170A9FED010A44
:10CCC000704700BF00000000002814BF90ED180A54
:10CCD0009FED010A704700BF00000000002814BF4C
:10CCE00090ED190A9FED010A704700BF0000000097
:10CCF000002814BF90ED040A9FED010A704700BFA1
:10CD000000000000002814BF90ED1A0A9FED010AF0
:10CD1000704700BF00000000002814BF90ED050A16
:10CD20009FED010A704700BF00000000002814BFFB
:10CD300090ED050A9FED010A704700BF000000005A
:10CD400040F2A800C2F2000090F8D10000EE100AF4
:10CD5000B8EE400A70470000FCF750B9002814BF35
:10CD600090ED1C0A9FED010A704700BF0000000013
:10CD700040F2A800C2F2000090ED1D0A70470000CA
:10CD8000002804BF9FED070A704780B52DED028B88
:10CD900090ED1D8AFCF742F938EE400ABDEC028B9B
:10CDA00080BD00BF00000000FCF738B9FCF73EB9B9
:10CDB00040F2A800C2F2000090ED280A704700007F
:10CDC00040F2A800C2F2000090ED270A7047000070
:10CDD00040F2A800C2F2000090ED2C0A704700005B
:10CDE00040F2A800C2F2000090ED2D0A704700004A
:10CDF000D0E9013201699A60826853604B688342CE
:10CE000008BF4A60002202610868013808600868AB
:10CE10007047000045F6BC03C2F20003036045F210
:10CE2000BC60C2F200000860802010607047000003
:10CE300045F61853C2F20003036045F61810C2F21B
:10CE4000000008604FF4807010607047F3F7B2BBC9
:10CE5000F3F7B0BB00F108014FF0FF32C0E9011257
:10CE6000C0E9031100210160704700000021016149
:10CE70007047000080B5D1F800C01CF1010208D055
:10CE800000F108029646DEF8042013686345F9D9DC
:10CE900003E0D0F810E0DEF804204A609160C1F8A9
:10CEA00008E0CEF80410086101680131016080BD1E
:10CEB00042684A6093688B6093685960916008612A
:10CEC0000168013101607047DFF80C00016841F42E
:10CED00070010160704700BF88ED00E04FF0100066
:10CEE00080F31188BFF36F8FBFF34F8F40F2500074
:10CEF000C2F2000001684A1C0029026000D070479D
:10CF00004EF60450CEF20000006810F0FF0F08BF8C
:10CF100070474FF0100080F31188BFF36F8FBFF39D
:10CF20004F8F00BFFEE7000040F25000C2F2000049
:10CF3000016839B10139016018BF7047002080F3E2
:10CF4000118870474FF0100080F31188BFF36F8F86
:10CF5000BFF34F8FFEE70000B0B50446002C08BFBA
:10CF6000B0BD45F69C5154F8040CA4F10805C2F27A
:10CF700000010978002918BF4FF0004101420AD092
:10CF80002A6892B14FF0100080F31188BFF36F8FC1
:10CF9000BFF34F8FFEE74FF0100080F31188BFF30F
:10CFA0006F8FBFF34F8F00BFFEE7884344F8040C38
:10CFB00000F01AFA45F6C85054F8042CC2F20000EA
:10CFC00001681144016045F64061C2F2000100BFF2
:10CFD00008460168A942FBD34368C418AC4202BFAB
:10CFE0001A4442600546AB188B420AD140F6F463FE
:10CFF000C2F200031B6899421FBF4B681A446A6063
:10D000000968A842296018BF056045F6E050C2F2E1
:10D010000000016801310160BDE8B04000F0E6BFEA
:10D020004EF21000002144F6D352CEF20000C1F2BD
:10D0300062020160816040F20401C2F200010968ED
:10D04000A1FB02124FF0FF3101EB92114160072169
:10D050000160704745F6FC5CC2F2000CDCF8002071
:10D06000FAB1634653F8082FF2B1634653F8102F14
:10D07000E2B1634653F8182FD2B1634653F8202F1C
:10D08000C2B1634653F8282FB2B1634653F8302F2C
:10D09000A2B1634653F8382F002A18BF7047072201
:10D0A0000DE0002263460AE0012208E0022206E0C9
:10D0B000032204E0042202E0052200E006221960B7
:10D0C0000CEBC2014860704770B515460E46044629
:10D0D000FFF704FF94F84400FF2804BF002084F801
:10D0E000440094F84500FF2804BF002084F8450060
:10D0F000FFF71AFFA06B28B904F1240031462A4635
:10D1000000F0C6F82046BDE87040FEF731BE0000D2
:10D1100070B50446002C48D045F2B060C2F2000061
:10D12000016841B14FF0100080F31188BFF36F8F99
:10D13000BFF34F8FFEE7016840F6E865C2F20005D5
:10D140000131016045F67060C2F20000066828688F
:10D150000430FFF74DFE28683444B44244604FF079
:10D16000010028BF0020002809D040F6F860C2F274
:10D170000000006829680431FFF77CFE10E040F6EB
:10D18000F060C2F20000006829680431FFF772FE07
:10D1900045F6D450C2F2000001688C4238BF0460EA
:10D1A00000F024FF002818BF70BD4EF604504FF069
:10D1B0008051CEF200000160BFF34F8FBFF36F8F3D
:10D1C00070BD000045F6D851C2F200010968016047
:10D1D00045F67061C2F200010968416070470000C5
:10D1E00045F67C600121C2F200000160704700003A
:10D1F00070B50C4630B340F6E865C2F20005296808
:10D200001831FFF737FE45F67060C2F2000006687D
:10D2100028680430FFF7ECFD601C1CD028683444FB
:10D22000B44244604FF0010028BF0020E8B140F64E
:10D23000F860C2F20000006829680431BDE870405F
:10D24000FFF718BE4FF0100080F31188BFF36F8F07
:10D25000BFF34F8FFEE72868011D45F64860C2F214
:10D260000000BDE87040FFF723BE40F6F060C2F258
:10D270000000006829680431FFF7FCFD45F6D45032
:10D28000C2F2000001688C4238BF046070BD00002B
:10D29000F0B581B015460C4610B340F6E866C2F210
:10D2A000000631681831FFF703FE45F67060C2F2E0
:10D2B0000000076830680430FFF79AFD002D18BFA2
:10D2C0004FF0FF3415D0601C13D13068011D45F6B6
:10D2D0004860C2F2000001B0BDE8F040FFF7E8BDD1
:10D2E0004FF0100080F31188BFF36F8FBFF34F8FA3
:10D2F000FEE730683C44BC4244604FF0010028BF68
:10D30000002058B140F6F860C2F2000000683168B1
:10D31000043101B0BDE8F040FFF7ACBD40F6F0606D
:10D32000C2F20000006831680431FFF7A3FD45F642
:10D33000D450C2F2000001688C4238BF046001B0D2
:10D34000F0BD000010B586B0002405A804A903AA0A
:10D35000CDE90444FFF75EFDDDE9032005990023D4
:10D36000CDE900404BF6311002911DA1C0F600003E
:10D3700000F050FC45F6CC510028C2F200010860D4
:10D3800022D000F0D5FE411C20D001281CD14FF046
:10D39000100080F31188BFF36F8FBFF34F8F4FF0F2
:10D3A000FF3145F6D450C2F20000016045F63C6002
:10D3B0000121C2F20000016045F670600021C2F256
:10D3C0000000016000F07EF806B010BD4FF01000C4
:10D3D00080F31188BFF36F8FBFF34F8FFEE700BF5D
:10D3E00049444C450000000045F2B060C2F2000024
:10D3F000016801310160704745F2B060C2F200007F
:10D40000006800281FBF45F67C60C2F200000121C1
:10D41000016018BF704710B545F67C6040F6E864BF
:10D420000021C2F20000C2F2000401602068006B1B
:10D430000168B1F1A53F0BD14168B1F1A53F04BF2F
:10D440008168B1F1A53F03D1C068B0F1A53F04D018
:10D45000206821683431FFF7FBFC45F2B86C40F6D8
:10D460000072C2F2000CC2F20002DCF8001001EB04
:10D47000810352F8230048B902EB8300A0F11403A2
:10D48000B1B153F8140901390028F9D001EB81003A
:10D4900002EB800353F8040F4268181D1A608242A1
:10D4A00004BF52681A60D0682060CCF8001010BD2C
:10D4B0004FF0100080F31188BFF36F8FBFF34F8FD1
:10D4C000FEE700004EF200404CF27021CEF2000068
:10D4D000C4F20F11D0F800294B1C9A4209D14FF029
:10D4E000100080F31188BFF36F8FBFF34F8F00BF21
:10D4F000FEE7D0F800298A4209D14FF0100080F3EE
:10D500001188BFF36F8FBFF34F8F00BFFEE7B0B539
:10D5100084B0017845F29C62C2F200020291FF21C0
:10D52000017001788DF807109DF8071001F01001C7
:10D53000117045F2A0610722C2F200010A609DF954
:10D540000720B2F1FF3F49DC062200BF0A60013A22
:10D550009DF807305B008DF807309DF90730002BF0
:10D56000F4DB022A3AD14FF440720A60029901704A
:10D57000D0F8201941F47001C0F82019D0F8201912
:10D5800041F07041C0F82019FFF74AFD40F2500405
:10D590000025C2F200042560FFF796FC4EF63470B9
:10D5A000CEF20000016841F040410160FEF710FA40
:10D5B000FFF722FF039520684FF0100181F31188D7
:10D5C000BFF36F8FBFF34F8F013001D0FEE700BF75
:10D5D00003980028FCD0002004B0B0BD4FF010002C
:10D5E00080F31188BFF36F8FBFF34F8FFEE700000A
:10D5F00080B54FF0100080F31188BFF36F8FBFF339
:10D600004F8F00F09BFB00281FBF4EF60450CEF258
:10D6100000004FF080510160002080F3118880BD30
:10D62000B0B582B01C4660B1ACB1F1B9EAB14FF00F
:10D63000100080F31188BFF36F8FBFF34F8F00BFCF
:10D64000FEE74FF0100080F31188BFF36F8FBFF338
:10D650004F8F00BFFEE74FF0100080F31188BFF33B
:10D660006F8FBFF34F8F00BFFEE751B14AB94FF044
:10D67000100080F31188BFF36F8FBFF34F8F00BF8F
:10D68000FEE75023069D0193019B502B2DD1019B5A
:10D6900000294FF0010384F8463008BF224622607B
:10D6A000C4E90F01FFF71AFC2068D4E90F1202FB4E
:10D6B00001030139A3600023A363606001FB020042
:10D6C000E060FF2084F8440084F8450004F1100075
:10D6D000FFF7C0FB04F12400FFF7BCFBFFF724FCBD
:10D6E00084F84C50204602B0B0BD4FF0100080F3DB
:10D6F0001188BFF36F8FBFF34F8F00BFFEE70000AD
:10D700002DE9F04F83B0044617461D460E46002C07
:10D71000029714D0EEB1022D03D1E06B012840F046
:10D72000A38000F0F1FA00BBFFB14FF0100080F3CE
:10D730001188BFF36F8FBFF34F8F00BFFEE74FF02D
:10D74000100080F31188BFF36F8FBFF34F8F00BFBE
:10D75000FEE7206C0028DED04FF0100080F3118827
:10D76000BFF36F8FBFF34F8FFEE7FFF7B7FBA06BE1
:10D77000022D5AD0E16B884257D304F110086F464E
:10D780004FF0000A0298002800F07F80BAF1000FE5
:10D7900004D13846FFF716FD4FF0010AFFF7C4FB2E
:10D7A000FFF722FEFFF79AFB94F84400FF2804BF1E
:10D7B000002084F8440094F84500FF2804BF0020AE
:10D7C00084F84500FFF7B0FB384602A900F06CF979
:10D7D00000285DD1FFF782FBD4F838B0D4F83C9034
:10D7E000FFF7A2FBCB4515D102994046FFF700FD9C
:10D7F0002046FEF7BDFA00F0F9FB80B94EF6045062
:10D800004FF08051CEF200000160BFF34F8FBFF3A5
:10D810006F8F04E02046FEF7ABFA00F0E7FBFFF75E
:10D820005DFBA06BE16B8842ACD2A76B226C22B38C
:10D83000BDB3E0683146F2F71CFDE168206C091ABF
:10D84000E160226891423FBF4042A1680844E06025
:10D85000002FA5F102013846B1FA81F118BF01206D
:10D86000490908403F1A29E04FF0100080F3118861
:10D87000BFF36F8FBFF34F8FFEE720680025E8B935
:10D88000A06800F01BFBA56019E0FFF74DFB04E06A
:10D890002046FEF76DFA00F0A9FB002003B0BDE8BA
:10D8A000F08F60683146F2F7E4FC6068216C084450
:10D8B0006060A168884224BF206860600020791CF5
:10D8C000A16354F8241F79B1204600F043FBB8B19E
:10D8D0004EF604514FF08050CEF200010860BFF3C5
:10D8E0004F8FBFF36F8F0BE050B14EF604514FF0E6
:10D8F0008050CEF200010860BFF34F8FBFF36F8FEF
:10D90000FFF712FB012003B0BDE8F08F2DE9F04FC7
:10D9100085B0044616460D46002C04960FD0002D07
:10D9200046D000F0F1F9A0B99EB14FF0100080F39D
:10D930001188BFF36F8FBFF34F8F00BFFEE74FF02B
:10D94000100080F31188BFF36F8FBFF34F8F00BFBC
:10D95000FEE7FFF7C3FAD4F83890B9F1000F34D0DE
:10D96000226C52B1E0688118E160A06881422846CB
:10D9700024BF2168E160F2F77CFCA9F10100A063FB
:10D9800054F8100F70B1204600F0E4FA50B14EF692
:10D9900004514FF08050CEF200010860BFF34F8F6A
:10D9A000BFF36F8FFFF7C0FA012005B0BDE8F08F1D
:10D9B000206C0028B5D04FF0100080F31188BFF321
:10D9C0006F8FBFF34F8F00BFFEE7002E65D004F1CD
:10D9D00024004FF0000A02AF0DF110084FF0000BC9
:10D9E000019000BFBBF1000F04D13846FFF7EAFBFE
:10D9F0004FF0010BFFF798FAFFF7F6FCFFF76EFA0E
:10DA000094F84400FF2808BF84F844A094F8450027
:10DA1000FF2808BF84F845A0FFF786FA384641463C
:10DA200000F042F860B12046FEF7A2F900F0DEFAFD
:10DA3000FFF754FAA66BFFF777FA1EBB2FE000BF83
:10DA4000FFF74CFAA66BFFF76FFA2EB12046FEF7F0
:10DA50008FF900F0CBFA15E004990198FFF7C8FBA5
:10DA60002046FEF785F900F0C1FA58B94EF6045089
:10DA70004FF08051CEF200000160BFF34F8FBFF333
:10DA80006F8F00BFFFF72AFAD4F83890B9F1000F72
:10DA90007FF466AF04980028A4D1FFF745FA002070
:10DAA00005B0BDE8F08F000070B504460D46CCB15E
:10DAB0000DB3FFF713FA45F6706EC2F2000EDEF8F2
:10DAC000002029684B1C20D045F6D85CD4E900031F
:10DAD000C2F2000CDCF80060864218D09A4216D3DD
:10DAE000012424E04FF0100080F31188BFF36F8F02
:10DAF000BFF34F8FFEE74FF0100080F31188BFF3A4
:10DB00006F8FBFF34F8F00BFFEE700240FE0D21AE4
:10DB1000914209D9881A2860DCF800002060DEF8FC
:10DB200000006060002402E0002001242860FFF76C
:10DB3000FBF9204670BD00002DE9F04F81B0904602
:10DB4000824699460F464FEA88052846FEF74EF969
:10DB500004465CB35C20FEF749F906461EB3DDF8C7
:10DB600028B0002034632946A52286F859002046B3
:10DB7000F2F791FB306B002F00EB8800A0F104005E
:10DB800020F0070817D006F1340000217A5C4254D7
:10DB90004A1C0F2A03D8795C00291146F6D10020CF
:10DBA00086F843000AE02046FFF7D6F94FF0FF3031
:10DBB00001B0BDE8F08F002086F83400BBF1370FCC
:10DBC00006F104004FF0000428BF4FF0370BC6F8F1
:10DBD0002CB0C6E913B4FFF749F906F11800FFF7B6
:10DBE00045F9CBF13800366151464A46B0614046AE
:10DBF0007662746586F85840FEF74AFA30600B98F2
:10DC0000002818BF06603046FDF7C0FD012001B0B6
:10DC1000BDE8F08F2DE9F04782B08246DDE90B04C4
:10DC2000994615460F4640B38CB35C21019101998A
:10DC30005C2936D101990A9E2063A522022184F82D
:10DC40005910A900F2F727FB206B002F00EB85008D
:10DC5000A0F1040020F007082DD004F134000021C9
:10DC60007A5C42544A1C0F2A03D8795C0029114679
:10DC7000F6D1002084F8430020E04FF0100080F33C
:10DC80001188BFF36F8FBFF34F8F00BFFEE74FF0D8
:10DC9000100080F31188BFF36F8FBFF34F8F00BF69
:10DCA000FEE74FF0100080F31188BFF36F8FBFF3D2
:10DCB0004F8F00BFFEE7002084F83400372E04F1B8
:10DCC00004004FF0000528BF3726E662C4E913655B
:10DCD000FFF7CCF804F11800FFF7C8F8C6F13800D8
:10DCE000246151464A46A06140466462656584F8F5
:10DCF0005850FEF7CDF920602046FDF747FD20463D
:10DD000002B0BDE8F087000045F63C60C2F20000BA
:10DD10000068002804BF0120704745F2B060C2F2DD
:10DD2000000001680020002908BF022070470000A1
:10DD300045F67060C2F20000006870472DE9F04FB0
:10DD400081B045F2B060C2F20000006840B145F613
:10DD5000E4500024C2F2000001680131016089E052
:10DD600045F67060C2F2000001684E1C066053D098
:10DD700045F6D451C2F200010868864201D200245F
:10DD80005FE040F6F067C2F20007386800680028DC
:10DD900053D045F2B86940F6007A40F6E86B0024AB
:10DDA000C2F20009C2F2000AC2F2000B3868C06871
:10DDB000D0F80C80454655F8040F864227D32846F4
:10DDC000FFF716F8D8F8280000281CBF08F1180043
:10DDD000FFF70EF8D8F82C00D9F800108842294631
:10DDE00088BFC9F8000000EB80000AEB8000FFF755
:10DDF0005FF8D8F82C00DBF80010C96A884228BF09
:10DE00000124386800680028D0D14FF0FF3045F673
:10DE1000D451C2F2000113E040F6F060C2F20000FB
:10DE20000168096851B34FF0100080F31188BFF307
:10DE30006F8FBFF34F8F00BFFEE74FF0FF3000241E
:10DE4000086040F6E86040F60071C2F20000C2F2DD
:10DE500000010068C06A00EB800051F82000012832
:10DE600045F67C60C2F2000088BF012400680028EB
:10DE700018BF0124204601B0BDE8F08F40F6F862DB
:10DE80000168C2F2000213680360116045F6D851C0
:10DE9000C2F200010A6801320A600168096821B112
:10DEA0000068C068C068406801E04FF0FF3045F688
:10DEB000D451C2F2000108605AE70000B0B5044630
:10DEC000002C04BF0020B0BD40F6E860C2F20000A4
:10DED0000068A04209D04FF0100080F31188BFF312
:10DEE0006F8FBFF34F8F00BFFEE7206D38B301384F
:10DEF00020654FF0000018BFB0BDE16AE26C9142AE
:10DF00001CD0251D2846FEF773FFE06CC0F13801D8
:10DF1000E062A16145F2B861C2F200010A68904274
:10DF200088BF086040F6007100EB8000C2F200017B
:10DF300001EB80002946FEF7BBFF0120B0BD4FF08A
:10DF4000100080F31188BFF36F8FBFF34F8F00BFB6
:10DF5000FEE70000B0B5C068C5689DB105F11804C2
:10DF60002046FEF745FF45F2B060C2F200000068AF
:10DF700088B145F6E8502146C2F20000FEF798FF4E
:10DF80002C3521E04FF0100080F31188BFF36F8F24
:10DF9000BFF34F8FFEE72C1D2046FEF729FF45F209
:10DFA000B86155F82C0FC2F200010A68904288BF90
:10DFB000086040F6007100EB8000C2F2000101EB46
:10DFC00080002146FEF774FF40F6E8612868C2F23F
:10DFD00000010968C96A88429CBF0020B0BD45F6AF
:10DFE0007C610120C2F200010860B0BD2DE9F04F54
:10DFF00081B045F2B064C2F20004206868B1FEF757
:10E000006DFF206801382060206880B10024FEF791
:10E010008BFF204601B0BDE8F08F4FF0100080F379
:10E020001188BFF36F8FBFF34F8F00BFFEE745F23C
:10E03000A860C2F200000068002846D045F6E85506
:10E04000C2F200052868002848D045F2B86640F6BC
:10E05000007840F6E86B45F67C694FF0010AC2F2A1
:10E060000006C2F20008C2F2000BC2F2000900BFB3
:10E07000E868C76807F11800FEF7BAFE3C1D2046A5
:10E08000FEF7B6FEF86A31688842214688BF3060E4
:10E0900000EB800008EB8000FEF70AFFF86ADBF86F
:10E0A0000010C96A884228BFC9F800A02868002863
:10E0B000DED140F6F060C2F200000168096831B1BB
:10E0C0000068C068C068406803E000249FE74FF024
:10E0D000FF3045F6D451C2F20001086045F6E45421
:10E0E000C2F20004256875B145F67C660127C2F2CC
:10E0F000000600BFFFF722FE002818BF3760013D71
:10E10000F8D10020206045F67C60C2F20000006873
:10E1100060B14EF604504FF080510124CEF2000061
:10E120000160BFF34F8FBFF36F8F70E700246EE77E
:10E1300080B586B0FDF7BCFB45F67460C2F2000006
:10E14000006800B3002004A903AACDE9040005A8D3
:10E15000FEF76EFEDDE9032005990223CDE90030CC
:10E160004BF6F92002910DA10023C0F60000FFF745
:10E1700051FD45F678610028C2F2000108601EBF1B
:10E18000012006B080BD4FF0100080F31188BFF36E
:10E190006F8FBFF34F8F00BFFEE700BF546D72203B
:10E1A000537663004100080218BF04200A0E18BF0E
:10E1B00040F001004FF07F4232EA010108BF40F019
:10E1C0000200012808BF05207047000010EE100A69
:10E1D00010B510EE901A4FF0684202EB40032DED9F
:10E1E000028BB3F1654F3CBF02EB4102B2F1654FC8
:10E1F0007CD200BFC0F3C753C1F3C7529A1A1B2A7F
:10E2000009DD10F0004F14BF9FED6E0A9FED6E0AFE
:10E21000BDEC028B10BD12F11A0F1BDA11F0004F8A
:10E2200009D010F0004F0CBF9FED680A9FED680AFF
:10E23000BDEC028B10BD80EE208A18EE100AFFF7AD
:10E24000B1FF042808BF00F0DDF9B0EE480ABDECCC
:10E25000028B10BD4200B2EB410F37D910F0004FD6
:10E2600019BFDFED5C1A9FED5C1ADFED5C1A9FEDC4
:10E270005C1AB0EE602A0A46F1EE400A80F00041D6
:10E28000B0EE420A10460A1A5200B2F1807F34D230
:10E29000484010F0004FDFED532A9FED533A1DBF69
:10E2A000BEEE002A71EEE21A31EE431AB6EE002AF3
:10E2B00004BF71EEA21A31EE031AF0EE402A42EECC
:10E2C000602A40EE020A82EEA02A18E011F0004F08
:10E2D00004BF9FED461AF0EE411AD4D010F0004F63
:10E2E0001CBFDFED431A9FED431A00E026E004BF98
:10E2F000DFED411A9FED411AC5E780EE202A22EE9C
:10E30000020ADFED3F0ADFED3F2ABDEC028B40EE53
:10E31000202ADFED3D0A40EE220ADFED3C2A40EEE6
:10E32000202ADFED3B0A40EE220A22EE000A00EE30
:10E33000201A31EE020A30EE210A10BD4FF07F4262
:10E34000B2EB400F28BFB2EB410F05D2BDEC028B00
:10E35000BDE8104000F04AB940EA01035B0008BF85
:10E3600041F0FF410BD0B2EB400F08BFB2EB410FC1
:10E3700008D120F0804000EE100A21F0804100EE2C
:10E38000901A37E7B2EB400F12BF5FEA410240F04C
:10E39000FF4001F000413FF42DAF4A0092EA4003F4
:10E3A0003FF528AF002AACBF9FED1A1A9FED1A1A4D
:10E3B00020EE010A60EE810A10EE100A10EE901AAB
:10E3C00018E70000DB0FC9BFDB0FC93FDB0F494077
:10E3D000DB0F49C00000C9BF22AAFDB90000C93F38
:10E3E00022AAFD390060ED3EC30ACE3700000000CE
:10E3F000000049C022AA7DBA0000494022AA7D3A05
:10E400002DAD65BD8FB8D53D0FB511BE61C84C3E71
:10E41000A8AAAABE0000804F0000802F00B510EE11
:10E42000101A2DED028B81B0524A6846B2EB410FB3
:10E430002ED94FF0E640B0EB410F94BF00204FF0D3
:10E44000FF3000900098B0EE408A00286ADB10F0A0
:10E45000010F4BD068EE080A9FED471A9FED470A5F
:10E4600000EE810A9FED461A10F0020F00EE801AAE
:10E47000B7EE000A00EE810A02BF01B0BDEC028BCC
:10E4800000BD00BF01B0B1EE400ABDEC028B00BD83
:10E490003C4B21F00042934241D911F0004FDFED97
:10E4A0003A0A20EE201ADFED390A19BF31EE601A60
:10E4B00071EE200A31EE201A71EE600ABDEEE01A0C
:10E4C00011EE100A9FED321A00F0030000EEC10AAF
:10E4D0009FED301A009000EEC10A9FED2F1A00EE5A
:10E4E000C10A9FED2E1A00EEC10AABE728EE080A1A
:10E4F0009FED2B1ADFED2B0A10F0020F40EE010A00
:10E500009FED291A00EE201A61EE000AB0EE480ACB
:10E5100008EE200AB6D101B0BDEC028B00BD00F0C0
:10E5200079F88FE718EE100A4000B0F17F4F0DD256
:10E5300018EE100AFFF736FE042808BF00F062F854
:10E54000B0EE480A01B0BDEC028B00BD09D101203C
:10E5500000F01AF901B0BDEC028B5DF804EB00F09D
:10E5600049B801B0B0EE480ABDEC028B5DF804EB8F
:10E5700000F039B8B61F927EB93AB2BACA9F2A3DA6
:10E58000DDFFFFBE490E494683F9223F0000004BE4
:10E590000000C93F00A0FD390020A2331A61342CCD
:10E5A000336D4CB9DA82083CA0AA2ABE10B52DED15
:10E5B000028BB1EEC08A18EE100A20F00040C0F1C4
:10E5C000FF40C00F0AD010EE100A20F00040C0F14A
:10E5D000FF40C00F04BF012000F0D6F8B0EE480A9B
:10E5E000BDEC028B10BD30EE000A704730EE200A01
:10E5F00070470000DFED020A80EEA00A70470000BD
:10E60000000000009FED020A20EE000A70470000A3
:10E61000000000102DE9F0014FF07F42B2EB410FF6
:10E620009FBF4FF0FF310160BDE8F00170474FF030
:10E63000004242EA0123C1F3C752783A551112F061
:10E640001F0C434CCCF120067C44C1F3C752A2F10D
:10E6500078024FEA621204EB820254F8254008BFA8
:10E66000D2E9015612D0556804FA0CF425FA06F7DF
:10E670003C43976805FA0CF527FA06F8D26807FAC2
:10E680000CFCF24045EA08054CEA0206A4FB034CE8
:10E69000A5FB0352A6FB03631D449D4234BF012624
:10E6A00000261319334416B1934202D903E0934272
:10E6B00001D2012200E00022624402F1200C920605
:10E6C000DC0C42EA443200EE102A5B03DFED210A43
:10E6D000F8EEC01A00EE103A4FEA9C1C11F0004F01
:10E6E000B8EE400AC0F800C020EE201A00EE105A22
:10E6F000DFED190AB8EE400A20EE200A71EE810A19
:10E7000070EE800A10EE902A02F500626FF30B02A1
:10E7100000EE902A70EEE11A31EEC11ADFED101A08
:10E7200030EE411A9FED0D0A20EE800A01EE210A1B
:10E730009FED0C1A00EE810A04BFBDE8F00170479E
:10E74000CCF180510160BDE8F001B1EE400A7047A4
:10E7500048010000000000360000802C22AAFD299C
:10E76000DB0FC92F0000C92F02E008C8121F08C123
:10E77000002AFAD170477047002001E001C1121F42
:10E78000002AFBD170470000014908607047000073
:10E7900000000020000000006E83F9A22915444EFD
:10E7A000D15727FCC0DD34F5999562DB4190433C9D
:10E7B000AB6351FE000000000000000001020304F2
:10E7C0000607080900000000010203043BF00008EE
:10E7D0000000000000000000000000000000000039
:10E7E000000400000800000000000000000000001D
:10E7F000010002000400060008000A000C001000DE
:10E8000020004000800000012CF000080000000003
:10E8100000000000000000000000000000020000F6
:10E82000280000000000000000000000D97300086C
:10E830000001020304050607080C101418203040DC
:10E840000200000020000000000200000020000084
:10E850000000020000002000000000020000002074
:10E860000100000010000000000100000010000086
:10E870000000010000001000000000010000001076
:10E880000800000080000000000800000080000078
:10E890000000080000008000000000080000008068
:10E8A000010101030701000008040204080101013D
:10E8B000081C3044586C809449F0000800000000A7
:10E8C0000000000000000000000000000002000046
:10E8D0001800000000000000000000009581000802
:10E8E0008D810008898200080D830008A186000838
:10E8F00049850008A18100080100000003F100081B
:10E900000100000054EB0008090000003CEB000887
:10E910000101000048EB000823DBF93DC57677389C
:10E92000C573B6380000C0414F0200000700000068
:10E930003D890008ED8800085D89000831890008DC
:10E940003D8A0008058A0008C98A0008818A0008F3
:10E950001D890008D18A0008FDBF0008F9BF000822
:10E96000F5BF0008900158022003000055F0000890
:10E97000A1CC000869F00008B5CC000874F00008CC
:10E98000C9CC00088BF00008DDCC0008C9F00008F5
:10E9900005CD0008B6F0000871CD0008E4F00008CD
:10E9A000B1CD0008EBF00008C1CD000898F00008D8
:10E9B000F1CC00089FF0000819CD0008F2F0000823
:10E9C00041CC0008B1F0000841CD000855F0000826
:10E9D000A1CC000869F00008B5CC000874F000086C
:10E9E000C9CC00088BF00008DDCC0008C9F0000895
:10E9F00005CD0008B6F0000871CD0008D6F000087B
:10EA0000D1CD0008DDF00008E1CD000858F0000885
:10EA100051CC00086CF0000861CC000877F00008C9
:10EA200071CC0008B1F0000841CD000855F0000895
:10EA3000A1CC000869F00008B5CC000874F000080B
:10EA4000C9CC0008C9F0000805CD000860F0000836
:10EA5000A9CD0008A6F00008ADCD0008B6F000086A
:10EA600071CD0008CCF0000881CD0008BFF000088F
:10EA700059CD00088EF000085DCD00087FF0000839
:10EA800081CC0008FBF0000891CC000855F000088C
:10EA9000A1CC000869F00008B5CC000874F00008AB
:10EAA000C9CC00088BF00008DDCC0008C9F00008D4
:10EAB00005CD0008B6F0000871CD0008E4F00008AC
:10EAC000B1CD0008EBF00008C1CD0008BFF0000890
:10EAD00059CD00088EF000085DCD00089FF00008B9
:10EAE0002DCD0008B1F0000841CD00080000000065
:10EAF0006CE90008010000002CEA00080200000098
:10EB00008CEA000803000000CCE900080000B442D1
:10EB10000000B4C20000B4420000B4C20000B4421D
:10EB2000000000000000B4420000B4C20000F04148
:10EB30000000F0C100002041000020C100000000E2
:10EB40000000000000000000ED7E0008F17E0008DB
:10EB5000DD7E00080000FF00000000000000000053
:10EB60000000000000000000000A00000000FF009C
:10EB70000000000000000000000000000000000095
:10EB8000002D00000000FF00000000000000000059
:10EB90000000000000000000003C00000000FF003A
:10EBA0000000000000000000000000000000000065
:10EBB000004600000000FF00000000000000000010
:10EBC000000000000000000000D200000000FF0074
:10EBD0000000000000000000000000000000000035
:10EBE00000E600000000FF00000000000000000040
:10EBF0000000000000000000005000000000FF00C6
:10EC00000000000000000000000000000000000004
:10EC1000005F00000000FF00000000000000000096
:10EC2000000000000000000000960000000000004E
:10EC3000B10AC93C2EFB483D04A9963D36BDC83DEE
:10EC400073B2FA3D8340163EA2102F3EC2C5473E26
:10EC5000135C603ECCCF783E938E883E32A0943ECB
:10EC6000E59AA03ED47CAC3E2A44B83E15EFC33EA4
:10EC7000CA7BCF3E80E8DA3E7533E63EEA5AF13E83
:10EC8000275DFC3E3D9C033F9BF5083FDA390E3F74
:10EC90002A68133FC07F183FD17F1D3F9967223FED
:10ECA0005636273F4AEB2B3FBB85303FF304353FB9
:10ECB0004268393FF9AE3D3F70D8413F03E4453FDC
:10ECC00012D1493F029F4D3F3D4D513F31DB543FF3
:10ECD0005348583F1A945B3F05BE5E3F97C5613F5E
:10ECE00059AA643FD86B673FA7096A3F5E836C3FB0
:10ECF0009ED86E3F0809713F4714733F0BFA743F6B
:10ED000007BA763FF853783F9DC7793FBE147B3FE3
:10ED1000283B7C3FAC3A7D3F23137E3F6DC47E3F52
:10ED20006D4E7F3F0FB17F3F43EC7F3F0000803F40
:10ED300043EC7F3F0FB17F3F6D4E7F3F6DC47E3F01
:10ED400023137E3FAC3A7D3F283B7C3FBE147B3F84
:10ED50009DC7793FF853783F07BA763F0BFA743F67
:10ED60004714733F0809713F9ED86E3F5E836C3F26
:10ED7000A7096A3FD86B673F59AA643F97C5613FAF
:10ED800005BE5E3F1A945B3F5348583F31DB543F0A
:10ED90003D4D513F029F4D3F12D1493F03E4453F56
:10EDA00070D8413FF9AE3D3F4268393FF304353FEB
:10EDB000BB85303F4AEB2B3F5636273F9967223FB2
:10EDC000D17F1D3FC07F183F2A68133FDA390E3FBD
:10EDD0009BF5083F3D9C033F275DFC3EEA5AF13E10
:10EDE0007533E63E80E8DA3ECA7BCF3E15EFC33E80
:10EDF0002A44B83ED47CAC3EE59AA03E32A0943E74
:10EE0000938E883ECCCF783E135C603EC2C5473EB1
:10EE1000A2102F3E8340163E73B2FA3D36BDC83D68
:10EE200004A9963D2EFB483DB10AC93C00000000F4
:10EE3000B10AC9BC2EFB48BD04A996BD36BDC8BDEC
:10EE400073B2FABD834016BEA2102FBEC2C547BE24
:10EE5000135C60BECCCF78BE938E88BE32A094BEC9
:10EE6000E59AA0BED47CACBE2A44B8BE15EFC3BEA2
:10EE7000CA7BCFBE80E8DABE7533E6BEEA5AF1BE81
:10EE8000275DFCBE3D9C03BF9BF508BFDA390EBF72
:10EE90002A6813BFC07F18BFD17F1DBF996722BFEB
:10EEA000563627BF4AEB2BBFBB8530BFF30435BFB7
:10EEB000426839BFF9AE3DBF70D841BF03E445BFDA
:10EEC00012D149BF029F4DBF3D4D51BF31DB54BFF1
:10EED000534858BF1A945BBF05BE5EBF97C561BF5C
:10EEE00059AA64BFD86B67BFA7096ABF5E836CBFAE
:10EEF0009ED86EBF080971BF471473BF0BFA74BF69
:10EF000007BA76BFF85378BF9DC779BFBE147BBFE1
:10EF1000283B7CBFAC3A7DBF23137EBF6DC47EBF50
:10EF20006D4E7FBF0FB17FBF43EC7FBF000080BF3E
:10EF300043EC7FBF0FB17FBF6D4E7FBF6DC47EBFFF
:10EF400023137EBFAC3A7DBF283B7CBFBE147BBF82
:10EF50009DC779BFF85378BF07BA76BF0BFA74BF65
:10EF6000471473BF080971BF9ED86EBF5E836CBF24
:10EF7000A7096ABFD86B67BF59AA64BF97C561BFAD
:10EF800005BE5EBF1A945BBF534858BF31DB54BF08
:10EF90003D4D51BF029F4DBF12D149BF03E445BF54
:10EFA00070D841BFF9AE3DBF426839BFF30435BFE9
:10EFB000BB8530BF4AEB2BBF563627BF996722BFB0
:10EFC000D17F1DBFC07F18BF2A6813BFDA390EBFBB
:10EFD0009BF508BF3D9C03BF275DFCBEEA5AF1BE0E
:10EFE0007533E6BE80E8DABECA7BCFBE15EFC3BE7E
:10EFF0002A44B8BED47CACBEE59AA0BE32A094BE72
:10F00000938E88BECCCF78BE135C60BEC2C547BEAF
:10F01000A2102FBE834016BE73B2FABD36BDC8BD66
:10F0200004A996BD2EFB48BDB10AC9BC5541525436
:10F030005F444D415F444542554700434C495F534F
:10F0400068656C6C5461736B0064656661756C74A3
:10F050005461736B00696100647574795F74610059
:10F0600074686574615F66620069620064757479D2
:10F070005F746200696300647574795F746300652E
:10F080006E635F63616C5F616464006964006F6DEF
:10F090006567615F7265660069645F7265660069D5
:10F0A000715F7265660074686574615F6D65636841
:10F0B000006D61726B0074686574615F656C006FF0
:10F0C0006D6567615F706C6C006971007468657470
:10F0D000615F6572720076645F6573740076715F5C
:10F0E0006573740075645F6F75740075715F6F751B
:10F0F0007400647574795F64657600656E635F7231
:10F100006177007369676E6F66665F706F735F6DBE
:10F110006974000038F10008000000205800000069
:10F1200068E7000890F100085800002028620000FD
:10F1300078E7000800000000000000000024F40050
:10F14000FF0000002CE800080000000058E900085B
:10F150000000000000000000000102009F0F0000FE
:10F160002CE800080000000058E90008000000003A
:10F1700000000000000102009F0F00000000803F1F
:10F180000100000010000000AAAAAAAA00000000C6
:10F19000FFFFFFFFFFFFFFFFFFFFFFFFFFFFFFFF7F
:10F1A000FFFFFFFFFFFFFFFFFFFFFFFFFFFFFFFF6F
:10F1B000FFFFFFFFFFFFFFFFFFFFFFFFFFFFFFFF5F
:10F1C000FFFFFFFFFFFFFFFFFFFFFFFFFFFFFFFF4F
:10F1D000FFFFFFFFFFFFFFFFFFFFFFFFFFFFFFFF3F
:10F1E000FFFFFFFFFFFFFFFFFFFFFFFFFFFFFFFF2F
:10F1F000FFFFFFFFFFFFFFFFFFFFFFFFFFFFFFFF1F
:10F20000FFFFFFFFFFFFFFFFFFFFFFFFFFFFFFFF0E
:10F21000FFFFFFFFFFFFFFFFFFFFFFFFFFFFFFFFFE
:10F22000FFFFFFFFFFFFFFFFFFFFFFFFFFFFFFFFEE
:10F23000FFFFFFFFFFFFFFFFFFFFFFFFFFFFFFFFDE
:10F24000FFFFFFFFFFFFFFFFFFFFFFFFFFFFFFFFCE
:10F25000FFFFFFFFFFFFFFFFFFFFFFFFFFFFFFFFBE
:10F26000FFFFFFFFFFFFFFFFFFFFFFFFFFFFFFFFAE
:10F27000FFFFFFFFFFFFFFFFFFFFFFFFFFFFFFFF9E
:10F28000FFFFFFFFFFFFFFFFFFFFFFFFFFFFFFFF8E
:10F29000FFFFFFFFFFFFFFFFFFFFFFFFFFFFFFFF7E
:10F2A000FFFFFFFFFFFFFFFFFFFFFFFFFFFFFFFF6E
:10F2B000FFFFFFFFFFFFFFFFFFFFFFFFFFFFFFFF5E
:10F2C000FFFFFFFFFFFFFFFFFFFFFFFFFFFFFFFF4E
:10F2D000FFFFFFFFFFFFFFFFFFFFFFFFFFFFFFFF3E
:10F2E000FFFFFFFFFFFFFFFFFFFFFFFFFFFFFFFF2E
:10F2F000FFFFFFFFFFFFFFFFFFFFFFFFFFFFFFFF1E
:10F30000FFFFFFFFFFFFFFFFFFFFFFFFFFFFFFFF0D
:10F31000FFFFFFFFFFFFFFFFFFFFFFFFFFFFFFFFFD
:10F32000FFFFFFFFFFFFFFFFFFFFFFFFFFFFFFFFED
:10F33000FFFFFFFFFFFFFFFFFFFFFFFFFFFFFFFFDD
:10F34000FFFFFFFFFFFFFFFFFFFFFFFFFFFFFFFFCD
:10F35000FFFFFFFFFFFFFFFFFFFFFFFFFFFFFFFFBD
:10F36000FFFFFFFFFFFFFFFFFFFFFFFFFFFFFFFFAD
:10F37000FFFFFFFFFFFFFFFFFFFFFFFFFFFFFFFF9D
:10F38000FFFFFFFFFFFFFFFFFFFFFFFFFFFFFFFF8D
:10F39000FFFFFFFFFFFFFFFFFFFFFFFFFFFFFFFF7D
:10F3A000FFFFFFFFFFFFFFFFFFFFFFFFFFFFFFFF6D
:10F3B000FFFFFFFFFFFFFFFFFFFFFFFFFFFFFFFF5D
:10F3C000FFFFFFFFFFFFFFFFFFFFFFFFFFFFFFFF4D
:10F3D000FFFFFFFFFFFFFFFFFFFFFFFFFFFFFFFF3D
:10F3E000FFFFFFFFFFFFFFFFFFFFFFFFFFFFFFFF2D
:10F3F000FFFFFFFFFFFFFFFFFFFFFFFFFFFFFFFF1D
:10F40000FFFFFFFFFFFFFFFFFFFFFFFFFFFFFFFF0C
:10F41000FFFFFFFFFFFFFFFFFFFFFFFFFFFFFFFFFC
:10F42000FFFFFFFFFFFFFFFFFFFFFFFFFFFFFFFFEC
:10F43000FFFFFFFFFFFFFFFFFFFFFFFFFFFFFFFFDC
:10F44000FFFFFFFFFFFFFFFFFFFFFFFFFFFFFFFFCC
:10F45000FFFFFFFFFFFFFFFFFFFFFFFFFFFFFFFFBC
:10F46000FFFFFFFFFFFFFFFFFFFFFFFFFFFFFFFFAC
:10F47000FFFFFFFFFFFFFFFFFFFFFFFFFFFFFFFF9C
:10F48000FFFFFFFFFFFFFFFFFFFFFFFFFFFFFFFF8C
:10F49000FFFFFFFFFFFFFFFFFFFFFFFFFFFFFFFF7C
:10F4A000FFFFFFFFFFFFFFFFFFFFFFFFFFFFFFFF6C
:10F4B000FFFFFFFFFFFFFFFFFFFFFFFFFFFFFFFF5C
:10F4C000FFFFFFFFFFFFFFFFFFFFFFFFFFFFFFFF4C
:10F4D000FFFFFFFFFFFFFFFFFFFFFFFFFFFFFFFF3C
:10F4E000FFFFFFFFFFFFFFFFFFFFFFFFFFFFFFFF2C
:10F4F000FFFFFFFFFFFFFFFFFFFFFFFFFFFFFFFF1C
:10F50000FFFFFFFFFFFFFFFFFFFFFFFFFFFFFFFF0B
:10F51000FFFFFFFFFFFFFFFFFFFFFFFFFFFFFFFFFB
:10F52000FFFFFFFFFFFFFFFFFFFFFFFFFFFFFFFFEB
:10F53000FFFFFFFFFFFFFFFFFFFFFFFFFFFFFFFFDB
:10F54000FFFFFFFFFFFFFFFFFFFFFFFFFFFFFFFFCB
:10F55000FFFFFFFFFFFFFFFFFFFFFFFFFFFFFFFFBB
:10F56000FFFFFFFFFFFFFFFFFFFFFFFFFFFFFFFFAB
:10F57000FFFFFFFFFFFFFFFFFFFFFFFFFFFFFFFF9B
:10F58000FFFFFFFFFFFFFFFFFFFFFFFFFFFFFFFF8B
:10F59000FFFFFFFFFFFFFFFFFFFFFFFFFFFFFFFF7B
:10F5A000FFFFFFFFFFFFFFFFFFFFFFFFFFFFFFFF6B
:10F5B000FFFFFFFFFFFFFFFFFFFFFFFFFFFFFFFF5B
:10F5C000FFFFFFFFFFFFFFFFFFFFFFFFFFFFFFFF4B
:10F5D000FFFFFFFFFFFFFFFFFFFFFFFFFFFFFFFF3B
:10F5E000FFFFFFFFFFFFFFFFFFFFFFFFFFFFFFFF2B
:10F5F000FFFFFFFFFFFFFFFFFFFFFFFFFFFFFFFF1B
:10F60000FFFFFFFFFFFFFFFFFFFFFFFFFFFFFFFF0A
:10F61000FFFFFFFFFFFFFFFFFFFFFFFFFFFFFFFFFA
:10F62000FFFFFFFFFFFFFFFFFFFFFFFFFFFFFFFFEA
:10F63000FFFFFFFFFFFFFFFFFFFFFFFFFFFFFFFFDA
:10F64000FFFFFFFFFFFFFFFFFFFFFFFFFFFFFFFFCA
:10F65000FFFFFFFFFFFFFFFFFFFFFFFFFFFFFFFFBA
:10F66000FFFFFFFFFFFFFFFFFFFFFFFFFFFFFFFFAA
:10F67000FFFFFFFFFFFFFFFFFFFFFFFFFFFFFFFF9A
:10F68000FFFFFFFFFFFFFFFFFFFFFFFFFFFFFFFF8A
:10F69000FFFFFFFFFFFFFFFFFFFFFFFFFFFFFFFF7A
:10F6A000FFFFFFFFFFFFFFFFFFFFFFFFFFFFFFFF6A
:10F6B000FFFFFFFFFFFFFFFFFFFFFFFFFFFFFFFF5A
:10F6C000FFFFFFFFFFFFFFFFFFFFFFFFFFFFFFFF4A
:10F6D000FFFFFFFFFFFFFFFFFFFFFFFFFFFFFFFF3A
:10F6E000FFFFFFFFFFFFFFFFFFFFFFFFFFFFFFFF2A
:10F6F000FFFFFFFFFFFFFFFFFFFFFFFFFFFFFFFF1A
:10F70000FFFFFFFFFFFFFFFFFFFFFFFFFFFFFFFF09
:10F71000FFFFFFFFFFFFFFFFFFFFFFFFFFFFFFFFF9
:10F72000FFFFFFFFFFFFFFFFFFFFFFFFFFFFFFFFE9
:10F73000FFFFFFFFFFFFFFFFFFFFFFFFFFFFFFFFD9
:10F74000FFFFFFFFFFFFFFFFFFFFFFFFFFFFFFFFC9
:10F75000FFFFFFFFFFFFFFFFFFFFFFFFFFFFFFFFB9
:10F76000FFFFFFFFFFFFFFFFFFFFFFFFFFFFFFFFA9
:10F77000FFFFFFFFFFFFFFFFFFFFFFFFFFFFFFFF99
:10F78000FFFFFFFFFFFFFFFFFFFFFFFFFFFFFFFF89
:10F79000FFFFFFFFFFFFFFFFFFFFFFFFFFFFFFFF79
:10F7A000FFFFFFFFFFFFFFFFFFFFFFFFFFFFFFFF69
:10F7B000FFFFFFFFFFFFFFFFFFFFFFFFFFFFFFFF59
:10F7C000FFFFFFFFFFFFFFFFFFFFFFFFFFFFFFFF49
:10F7D000FFFFFFFFFFFFFFFFFFFFFFFFFFFFFFFF39
:10F7E000FFFFFFFFFFFFFFFFFFFFFFFFFFFFFFFF29
:10F7F000FFFFFFFFFFFFFFFFFFFFFFFFFFFFFFFF19
:04000005080001D915
:00000001FF
