:020000040800F2
:10000000C0550020ED010008256A0008F15D0008D8
:10001000216A0008F104000835740008000000009F
:10002000000000000000000000000000716C0008EB
:10003000B905000800000000516A0008A16C000822
:10004000070200080702000807020008070200086C
:10005000070200080702000807020008070200085C
:100060000702000807020008070200081D05000833
:1000700029050008070200082D05000839050008B9
:1000800007020008070200081D0300080702000815
:1000900007020008390600080702000807020008E6
:1000A000D56C0008F56C000807020008070200087C
:1000B00007020008070200080702000807020008FC
:1000C00007020008070200080702000807020008EC
:1000D0000702000829740008070200080702000848
:1000E0000702000807020008070200080D6D00085B
:1000F000196D000807020008070200083D03000808
:1001000007020008070200080702000807020008AB
:10011000070200080702000807020008016D000836
:10012000070200080702000807020008070200088B
:100130000702000807020008490300080702000838
:10014000070200080702000807020008070200086B
:10015000070200080702000807020008070200085B
:10016000070200080702000807020008070200084B
:10017000070200080702000807020008070200083B
:10018000070200080702000807020008070200082B
:10019000070200080000000007020008070200082C
:1001A000070200080702000807020008F55D0008C2
:1001B00007020008070200080702000807020008FB
:1001C00007020008070200080702000807020008EB
:1001D0000702000807020008DFF80CD000F08CF8D6
:1001E0000048004771B50008C05500200648804708
:1001F00006480047FEE7FEE7FEE7FEE7FEE7FEE70C
:10020000FEE7FEE7FEE7FEE7C16C0008D901000843
:100210002DE9F05F0546002092469B46884606463B
:10022000814640241BE0284641464746224600F0CE
:1002300053F853465A46C01A914110D311461846F6
:10024000224600F03AF82D1A67EB01084F46224685
:100250000120002100F031F817EB00094E41201E6B
:10026000A4F10104DFDC484631462A464346BDE896
:10027000F09F40EA01039B0703D009E008C9121F61
:1002800008C0042AFAD203E011F8013B00F8013B50
:10029000521EF9D27047D2B201E000F8012B491E7C
:1002A000FBD270470022F6E710B513460A46044613
:1002B0001946FFF7F0FF204610BD202A04DB203A44
:1002C00000FA02F1002070479140C2F1200320FAA9
:1002D00003F3194390407047202A04DB203A21FAA7
:1002E00002F00021704721FA02F3D040C2F120024F
:1002F0009140084319467047064C074D06E0E068F8
:1003000040F0010394E8070098471034AC42F6D35C
:10031000FFF766FF301401085014010880B540F261
:10032000C040C2F2000001F0DFF840F22C50C2F2EF
:100330000000BDE8804001F0D7B8000040F29850BE
:10034000C2F2000001F0D0B840F20460C2F2000036
:1003500001F0CAB8B0B50446002021688B688A68ED
:1003600013F0020F37D112F0010208BFB0BD886848
:1003700000F00D0001282FD188684FF6C072C7F633
:10038000FF72104040F0020088600320086002F015
:10039000E3FA05462068806810F0010F04BF0020D2
:1003A000B0BD05E0806810F0010F04BF0020B0BDB3
:1003B00002F0D2FA411B20680229F3D9816811F0BA
:1003C000010FEFD0E06D40F01000E065206E40F0CE
:1003D000010020660120B0BDE06D40F01000E06536
:1003E000206E40F0010020660120B0BD70B582B0E3
:1003F00004460020019021688A6812F0010F69D13B
:1004000088684FF6C076C7F6FF7606F17F02104285
:100410000AD0E06D40F01000E065206E40F0010071
:100420002066012002B070BD8868304040F00100B5
:10043000886040F20010C5F2000000F500728142B1
:10044000134618BF00F5C063B1F1A04F08BF1346B3
:10045000986810F4000F19D040F2040042F663517E
:10046000C2F20000C0F23E5100688009A0FB010109
:1004700088090C2100EB400001EB800002E000BF86
:1004800001980138019001980028F9D102F064FA2E
:1004900005462068016811F0010F1DD1816811F037
:1004A000010F01BF8168314041F00101816002F01C
:1004B00053FA411B20680329ECD3016811F0010FA6
:1004C000E8D1E06D40F01000E065206E40F00100E2
:1004D0002066012002B070BD002002B070BD000097
:1004E000C0E9001200210381C0E903119361704744
:1004F000FEE7000080B500BF01200CF017FFFBE70E
:100500009FED052A30EEC11A80ED000A21EE020AA5
:1005100081ED000A704700BF3ACD133F40F298606A
:10052000C2F2000001F0F8BB07F06CBA40F6180008
:10053000C2F2000001F0F0BB40F2B870C2F200005D
:1005400001F0EABB4EF6FC51CEF200010A6842F01F
:1005500080720A6041F200010022CEF200014A607E
:100560000B6843F001030B6044F24021C0F20F011D
:10057000484340F27C01C2F20001086044F6D351C6
:10058000C1F26201A0FB0113990940F28003C2F29B
:10059000000319604DF68361C4F21B31A0FB010119
:1005A000880C40F28401C2F20001086040F2880029
:1005B000C2F200000260704770470000EFF3108045
:1005C00072B600BFFEE70000B0B588B0002502207B
:1005D00040F6780402A9CDE9025504900120C2F248
:1005E000000405904FF40070069040F2FF700790F1
:1005F000204601F0A5FD204602210222002300959D
:1006000001F0CAFD204602F095F8204601210022A3
:1006100001F014FD40F2980040F20221C2F2000005
:10062000C0E9001508218560C0E90755C0E90555F6
:10063000C0E9031508B0B0BD40F67800C2F2000072
:1006400001F064BEB0B582B0044600200D460190B2
:1006500094F85800012802BF022002B0B0BD01206A
:1006600084F858002046FFF775FEE16D10B141F0A7
:1006700010012DE041F202104FF6C07221EA000095
:10068000C3F6FF7240F00200E06520688168114007
:1006900005F08042114341F0004181604DF6026156
:1006A000C0F204018268B2F1FF3F0CDC019A013212
:1006B0000192019A8A42F5D3E06D20F0120040F0D9
:1006C0001001012004E0E16D012060F30101002030
:1006D000E165002184F8581002B0B0BD70470000F9
:1006E0002DE9F04381B00022009290F85820012AB1
:1006F00002D14FF0020E27E2012280F8582044F286
:1007000000024369C0F21042002B1CBF0E6A012E8A
:1007100016D14B68092B3DD18F6A0B684FF4785680
:1007200006EA5343002F1FBF07F07C073B43CF6A05
:100730003B430768FE6C32401A43FA64436629E083
:10074000876E17B1436E00250FE00023751EC0E9C8
:1007500019368F6A002F1FBF07F07C032B43CF6A27
:1007600043EA070518BF00233746D1E90064013F7B
:10077000876604F01F07C6F3846606FA07F747EAA0
:10078000050743EA0703436604D10768FE6C32405D
:100790001A43FA6403689A6812F0080F0FD191F8AF
:1007A0002560DA6891F826707F05002E22F4401249
:1007B00004BF91F8246047EA06573A43DA609A6822
:1007C0009F684FF6FF7CC0F2070CFF0847EA9202D1
:1007D000D20710D18F6A91F82520002F1CBFCF6A55
:1007E000002F0BD1DF68012A27F0007608BF47F001
:1007F0000076DE600FE04FF0000EC7E0012A06D160
:10080000C26D4FF0010E42F02002C26505E0DA68C9
:1008100022F00072DA604FF0000E91F830401A6951
:10082000012C08D1D1E90D4522F4FF7222432A435D
:1008300042F0020201E022F002021A6103F1140206
:1008400007240F68D1F80880C7F34065B8F1004F5E
:1008500052F82550C7F3045604FA06F425EA0405B5
:100860004FF0040404EAD75704D1D551126842F07E
:10087000004206E008FA06F42C43D451126822F034
:1008800000425A61D1E90424DD68042A50D11A6E6D
:100890001C6E0A68C2F3846592FAA2F612EA0C0F83
:1008A00018BFB6FA86F5C4F38464AC4201BF1A6E71
:1008B00022F000421A660A685C6EC2F3846492FAFF
:1008C000A2F512EA0C0F18BFB5FA85F45D6EC5F3F8
:1008D0008465A54201BF5A6E22F000425A660A683A
:1008E0009C6EC2F3846492FAA2F512EA0C0F18BF50
:1008F000B5FA85F49D6EC5F38465A54201BF9A6E75
:1009000022F000429A660A68DC6EC2F3846492FAAE
:10091000A2F512EA0C0F18BFB5FA85F4DA6EC2F32D
:100920008462A24202BFDA6E22F00042DA662DE053
:1009300003F16007D1F800804FF2000657F82290CB
:10094000C0F2FF3609EA0609062606EA9505AC401C
:1009500008F0F8452C4344EA090444F0004447F801
:1009600022400A698C6957F8225025F080752C4383
:1009700047F822400C690A7F57F82450012A25F0D5
:10098000007508BF45F0007547F824509A6812F0CA
:10099000010F43D10A68CD68D3F8B04042F07847E0
:1009A00005F0180602EA0C0847F0FF672CFA06F675
:1009B00087EA0C0706EA080627403743C3F8B070F9
:1009C0000027C4F27F07BD4228D192FAA2F7B8F1FE
:1009D000000F4FF00106B7FA87F708BF970E7A1C91
:1009E00002F01E0702F01F0296400A2F24BF46F0B5
:1009F00000760A3A02EB420246EA02520726C2F3A6
:100A00000457C2F340628D6803EB8202BE40546912
:100A100005FA07F724EA0606374357610D680021F7
:100A2000C8F208010D4200F08C8040F20031002233
:100A3000C5F20001CCF22132A1F5007401F5806805
:100A4000A342464604BF40F20036C5F20006B3F1A9
:100A5000A04F04BF40F20036C5F200069542B768C9
:100A600007F0E07C04D01022C9F2C00295422CD1DC
:100A7000390266D440F20061C5F200018B4218BF12
:100A8000B3F1A04F5DD1B16842F66352C0F23E525D
:100A900021F0E07141EA0C0141F40001B16040F243
:100AA0000401C2F2000109688909A1FB021291093F
:100AB000182201EB410102EB810101E000990139AB
:100AC000009100990029F9D13BE0FA011ED40022DF
:100AD000CCF25272954219D1B3F1A04F0ED040F230
:100AE0000012C5F2000293422BD040F20052C5F230
:100AF0000002934225D0A34218BF41468A6822F0E3
:100B0000E07242EA0C0242F0807219E07A0218D4D4
:100B10000022CCF68432954213D1B3F1A04F08D015
:100B200040F20012C5F2000293420AD0A34218BF5D
:100B300041468A6822F0E07242EA0C0242F48002E6
:100B40008A60002180F858105FFA8EF001B0BDE88D
:100B5000F083000010B540F2C04240F2003CC2F207
:100B60000002C4F2010C90426ED040F22C51C2F24D
:100B70000001884200F0B98040F29852C2F20002AF
:100B8000904200F0C38040F20462C2F20002904240
:100B900018BF10BD116840F2C00040F2CC03C2F291
:100BA0000000C2F20003D1F880208280D1F88010CA
:100BB0001986596B01315963DCF8001001F001040A
:100BC00019601C71C1F300245C71C1F38431D980B8
:100BD000DCF8081001F0010459611C76C1F300240F
:100BE0005C76C1F384315983DCF80C1001F0010408
:100BF000996283F82C40C1F3002483F82D40C1F39F
:100C00008431D98540F6C411C2F2000191F83A103E
:100C1000196140F60021C2F2000191F83A105962C0
:100C200040F63C21C2F2000191F83A109963018824
:100C300099874188D987A3F840200189A3F84410F7
:100C40004089A3F8460010BD126840F2C000C2F20D
:100C50000000D2F880300380D2F8804040F2CC020D
:100C6000C2F200021481D4680134D460DCF8004080
:100C700004F0010114601171C4F300215171C4F337
:100C80008431D180DCF8081001F001045161147640
:100C9000C1F300245476C1F384315183DCF80C1085
:100CA00001F00104916282F82C40C1F3002482F823
:100CB0002D40C1F38431D18540F6C411C2F2000148
:100CC00091F83A10116140F60021C2F2000191F84A
:100CD0003A10516240F63C21C2F2000191F83A10FC
:100CE000916393874188D18760E0002006F014FF6C
:100CF000044694F82000231D002861D040F22C51B6
:100D00001846C2F2000106F06BFC92E0116840F256
:100D1000C00040F2CC02C2F20000C2F20002D1F8E0
:100D200080304380D1F880109183116A01311162C3
:100D3000DCF8001001F0010411601471C1F300240B
:100D40005471C1F38431D180DCF8081001F0010442
:100D500051611476C1F300245476C1F38431518378
:100D6000DCF80C1001F00104916282F82C40C1F310
:100D7000002482F82D40C1F38431D18540F6C4119E
:100D8000C2F2000191F83A10116140F60021C2F25E
:100D9000000191F83A10516240F63C21C2F2000184
:100DA00091F83A10916301889187D3878188A2F8DE
:100DB00040100189A2F844104089A2F8460010BDF5
:100DC00040F21E40C2F20000007858B140F22C51AF
:100DD00040F624421846C2F20001C2F200020CF0B2
:100DE0005BFB26E040F21C40C2F20000007858B1E4
:100DF00040F22C5140F624421846C2F20001C2F2E1
:100E000000020CF029FB14E040F21D40C2F2000089
:100E1000007818B1204607F03DFE0AE0206F40F24E
:100E20002C521946C2F2000206F006FB20460AF0D8
:100E300085FE208940F2C001C2F20001C8806089AD
:100E40000881A089488140F2CC01A06BC2F2000168
:100E50008864A06B2289101AA1F854002089A1F897
:100E60004200A06CC864A06C6289101AA1F85600F8
:100E70006089A1F84400A06D0865A289101AA1F844
:100E80005800A089A1F846002069C8656069086615
:100E9000A069486640F21E40C2F20000007838B9EE
:100EA00040F21C40C2F20000007800283FF4CBAEB4
:100EB0000DF0A8FEBDE810400DF0A2BF7047000085
:100EC00070B5044640F200452068C5F20005A5F55E
:100ED0004071A5F580728842114618BF05F5407132
:100EE000B0F1A04F08BF11468E68816811F0080F5D
:100EF0001CBF022070BDC168C06C002908DB10F463
:100F0000C07005D1E06D40F02000E065012070BDAB
:100F100094F85800012804BF022070BD012084F815
:100F200058002046FFF762FA00281EBF002184F80F
:100F3000581070BDE06D43F2010240F2001C06F053
:100F40001F01C5F2000C10F4807F1ABF206E20F044
:100F5000080000202066E06D904340F48050E0657A
:100F60002068604507D040F20053C5F20003984264
:100F700007D12B4601E04FF0A043002918BF834260
:100F800003D1E36D23F48013E36560236FF0400623
:100F90000360002384F85830C36813F4001F1EBF99
:100FA000436843F480634360A369082B08BF6FF074
:100FB00020064268082B02EA060242604FF0200237
:100FC00008BF40224368604542EA0302426015D0F0
:100FD00040F20052C5F20002904213D1854211D076
:100FE000072905D8012202FA01F111F0C10F09D138
:100FF000E06D40F48010E065002070BD4FF0A0452A
:101000008542EDD1C16811F0007F1CBF002070BD8A
:1010100081684FF6C072C7F6FF72114041F00801B7
:101020008160002070BD0000704700007047000024
:1010300090F85820012A02BF0221C8B27047B0B50B
:1010400082B0012240F2001580F858200022C5F23B
:1010500000050192009205F540740368A34208BFA1
:1010600005F58062B3F1A04F04BF40F20012C5F253
:1010700000023AB392689C682243520722D405F5D5
:101080000072AB42944618BF05F5C06CB3F1A04F97
:1010900008BF9446D1F800E0DCF80820BEF1000F4C
:1010A00022F460421BD04C68224390F8384042EA58
:1010B0004432CCF8082043F48072AA4218D155F883
:1010C000F82C1CE0C16D41F02001C1650121002216
:1010D00080F8582002B0BDE8B040C8B2704743F471
:1010E0008071CCF80820A94219D155F8F81C1DE0F0
:1010F000D5F80823D5F8083405F5A0651A43AB6880
:101100001A43D20709D1DCF80820896840F61F731A
:101110009A4342EA0E02114311E00021D7E7D5F8C5
:101120000813D5F8082405F5A0651143AA681143F2
:10113000C90708D1DCF8081040F61F729143CCF8BB
:1011400008100021C3E70021C1E700002DE9F041AC
:1011500081B00022009290F85820012A01D102218A
:10116000BAE1012280F858200768BB6813F0040F29
:1011700039D1D1E900361F244FF6FF7CC0F2070CAD
:1011800006F01F05C6F3012607EB8606AC40326B5E
:10119000C3F38463AB40A2431A433263BA68BB68AB
:1011A000DB0843EA9202D20740F0B1800A68D1F826
:1011B000088007F114060725C2F34063B8F1004F19
:1011C00056F82340C2F3045305FA03F524EA050E4A
:1011D0004FF0040404EAD2540BD146F804E032681C
:1011E00042F000430DE0C16D41F02001C1650121D5
:1011F0006FE108FA03F242EA0E023251326822F03D
:1012000000437B61D1E90465FC68042E50D13A6E3D
:101210003A6E0C68C4F3846394FAA4F614EA0C0FD3
:1012200018BFB6FA86F3C2F384629A4201BF3A6EDF
:1012300022F000423A660C687A6EC4F3846294FA33
:10124000A4F314EA0C0F18BFB3FA83F27B6EC3F356
:101250008463934201BF7A6E22F000427A660C6882
:10126000BA6EC4F3846294FAA4F314EA0C0F18BFA4
:10127000B3FA83F2BB6EC3F38463934201BFBA6EC9
:1012800022F00042BA660C68FA6EC4F3846294FAE3
:10129000A4F314EA0C0F18BFB3FA83F2FB6EC3F386
:1012A0008463934202BFFA6E22F00042FA662EE097
:1012B00007F16003D1F800E04FF2000253F82680F6
:1012C000C0F2FF3208EA0208062202EA940205FA96
:1012D00002F20EF0F8452A4342EA080242F00042C8
:1012E00043F826200A698E6953F8225025F080754C
:1012F0002E4343F822600E690A7F53F82650012AD4
:1013000025F0007508BF45F0007543F82650BA680F
:1013100012F0010F42D10E68CA68D7F8B05046F0FB
:10132000784402F0180306EA0C0E44F0FF642CFA2D
:1013300003F384EA0C0403EA0E0325402B43C7F8A9
:10134000B0300023C4F27F039A4227D196FAA6F266
:10135000BEF1000FB2FA82F208BFB20E01260132CE
:1013600002F01E0302F01F0296400A2B24BF46F033
:1013700000760A3A02EB420246EA02520726C2F31C
:101380000453C2F340628D6807EB82029E405469A9
:1013900005FA03F324EA0606334353610D6800217E
:1013A000C8F208010D4200F0938040F200330022A1
:1013B000C5F20003CCF22132A3F5007403F5806E70
:1013C000A742714604BF40F20031C5F20001B7F1F7
:1013D000A04F04BF40F20031C5F2000195428E6873
:1013E00006F0E07C04D01022C9F2C002954230D150
:1013F00032026DD440F20062C5F20002974218BF7B
:10140000B7F1A04F64D18A6822F0E07242EA0C0280
:1014100042F400028A6040F2040142F66352C2F2D2
:101420000001C0F23E5209688909A1FB021291092C
:101430000C2201EB410102EB81010091009900298E
:1014400046D000BF00990139009100990029F9D1D7
:101450003EE0F1011FD40021CCF252718D421AD12D
:10146000B7F1A04F0FD040F200120021C5F20002E8
:1014700097422ED040F20052C5F20002974228D087
:10148000A74218BF7346996821F0E07141EA0C0148
:1014900041F080711BE071024FF0000119D400226D
:1014A000CCF68432954214D1B7F1A04F08D040F267
:1014B0000011C5F200018F420AD0A74218BF73463F
:1014C000996821F0E07141EA0C0141F480019960D2
:1014D0000021002280F85820C8B201B0BDE8F08198
:1014E00070470000704700002DE9F047044640F2C5
:1014F000001A2068C5F2000A0AF5C0680AF50076ED
:101500004146504508BF3146B0F1A04F08BF3146B3
:10151000026843688F6802EA0305A9070DD5E06DEC
:1015200010F0100F02BFE06D40F40060E06520464F
:10153000FFF7D4F8206802210160690707F01F094E
:1015400058BF5FEA057151D5214651F85C2F12F062
:10155000100F02BF0A6842F400720A60C26812F4F7
:10156000406F3DD10AF5806203469042024608BFB3
:101570000AF54072504508BF4FF0A04282420CD09D
:10158000B9F1090F00F20481012340F2212703FA87
:1015900009F33B42034608BF1346DA6812F4005FC2
:1015A0001ED1026812F0080F1AD0826812F0040FE0
:1015B0000CD1426822F00C024260086820F480706E
:1015C0000860086810F4805F06D009E0E06D04F15F
:1015D000600140F01000E065086840F0010008601C
:1015E0002046FFF77DFF20680C210160A90658BF47
:1015F0005FEA456132D5214651F85C2F12F0100F99
:1016000002BF0A6842F400520A605045C26C02F4FC
:10161000C073C26809D040F20057C5F20007B84253
:10162000074613D10AF5407701E04FF0A047874203
:1016300007460BD0B9F1070F00F29080012707FA97
:1016400009F717F0C10F074600F08880FF68F3B371
:101650002046FFF77FFA206860210160290609D53E
:10166000E06D40F48030E065204600F0A3F920688A
:1016700080210160E9050AD5E06D40F40030E065A5
:101680002046FFF7D1FC20684FF480710160A90566
:101690000AD5E06D40F48020E0652046FFF7C6FCE7
:1016A00020684FF400710160E90643D5E16B99B3FE
:1016B000B9F1000F2AD050454FF4604208BFB04640
:1016C000B0F1A04F08BFB04608F1080121E0BB010E
:1016D00005D502F4406207F400531A43B8D10268FA
:1016E000BB02B5D412F04002B2D0826812F0080FEB
:1016F00040D1426822F060024260086820F48050C5
:101700000860086810F4807FA2D139E000F10C0174
:101710000122096811420BD0E06D40F48060E06561
:10172000206E40F0020020662046FFF7DBFE2068B6
:1017300010210160690558BFBDE8F087E16D41F4F3
:101740008041E165216E41F0080121664FF480611E
:1017500001602046BDE8F047FFF7B0BB504514D00C
:1017600040F20057C5F20007B842074608BF0AF525
:1017700040776BE7E06D04F1600140F01000E06538
:10178000086840F00100086062E74FF0A0475DE79D
:10179000134602E770B582B004460020002C019089
:1017A00002BF012002B070BDE06D30B9204600F0EC
:1017B00003F90020206684F8580021684FF6C070B5
:1017C000C5F6FF708A6812F0005F1EBF8A6802408B
:1017D0008A608A6812F0805F1ED18A6800F18050AA
:1017E000104042F6635240F08050C0F23E52886092
:1017F00040F20400C2F2000000688009A0FB02026F
:101800009009022202EB400002E000BF019801387B
:10181000019001980028F9D1886810F0805F09D103
:10182000E06D40F01000E065206E40F001002066A1
:10183000012000E000208A68C2F38006E26DE36DBB
:1018400002F01002324303D043F010010120ADE05A
:1018500023F4817242F00202E2658A6812F0010FFD
:101860002BD140F2001E41F48072C5F2000E724589
:1018700003D15EF8F8CC734607E0DEF80823DEF803
:10188000083443EA020C0EF5A0639A6842EA0C029F
:10189000D20712D10EF500727145134618BF0EF52E
:1018A000C063B1F1A04F08BF1346D4F804C09A68D2
:1018B00022F47C1242EA0C029A60627FE36B43EAF4
:1018C0004232D4E902352A4394F824501A4342EABA
:1018D0000543012D06D1A26A0025CFF6FE7505EB62
:1018E00042421343E26A44F20705CFF6F075002A3C
:1018F0001FBF02F478721A43236B1343CA682A404D
:101900001A43CA600A69636B22F040621A430A6193
:101910008A68C2F3C00232433AD194F83830227F49
:10192000CE6844F202055B00AE4343EA82323243A2
:10193000CA6022690B694AB143F4803343F6FF76EB
:101940000B61D1F8C030B3431A4307E023F480326F
:1019500043F6FF730A61D1F8C0209A43C1F8C02052
:1019600094F840300A69012B0FD140F2FD7322EA4E
:10197000030CD4E91136D4E9135243EA0C03334380
:101980002B431A4342F0010201E022F001020A61F6
:1019900063690A6B22F00F02012B02BF236A013B2D
:1019A0001A430A630122E16D62F30101E16502B0AD
:1019B00070BD000070470000F0B59BB004460020E9
:1019C00054211A90CDE91800CDE9160001A8FEF7C0
:1019D00069FC206800F130404FEA3020062800F210
:1019E000EE8041F24C0540F20044C4F20205C4F618
:1019F0000004DFE800F00448E4E494E4BD004FF4A0
:101A0000004001904FF00050129001A801F0F8FA48
:101A1000002818BFFEF7D2FD40F28C00C2F2000091
:101A200001684A1C0029026008D1286840F400506F
:101A30002860286800F40050009000982868032669
:101A4000002740F001002860286800F001000090A5
:101A50000098286840F002002860286816AD2946E2
:101A600000F0020000900098042016904FF0904083
:101A70001796189700F082FE41F2020016A9C1C124
:101A80002046294642E04FF4004001904FF00050BC
:101A9000129001A801F0B4FA002818BFFEF78EFDDD
:101AA00040F28C00C2F2000001684A1C002902606A
:101AB00008D1286840F400502860286800F40050DD
:101AC000009000982868002640F0040028602868EC
:101AD00000F0040000900098286840F001002860A1
:101AE0002868032500F00100009000981820169047
:101AF00004F5806016AC17951896214600F03EFE5E
:101B0000012016A961C14FF09040214600F036FE39
:101B100012200221002201F0C7F8122024E04FF425
:101B2000803001904FF00040139001A801F068FA56
:101B3000002818BFFEF742FD40F29000C2F20000FC
:101B400001684A1C0029026008D1286840F48040DE
:101B50002860286800F48040009000982F2002211F
:101B6000002201F0A1F82F2001F08EF81BB0F0BD8B
:101B70004FF4803001904FF00040139001A801F025
:101B80003FFA002818BFFEF719FD40F29000C2F29C
:101B9000000001684A1C0029026008D1286840F44E
:101BA00080402860286800F48040009000983E2023
:101BB0000221002201F078F83E2001F065F81BB008
:101BC000F0BD000010B50446002C04BF012010BD7C
:101BD00094F8210028B9002084F82000204600F065
:101BE0000BF8002001216062C4E90100C4E9030090
:101BF000606184F8211010BD016841F24800C4F210
:101C00000200A0F58962914218BF704781B0016857
:101C100041F008010160006800F0080000900098A1
:101C200001B07047002802BF01210846704790F8B4
:101C30002510022925D1016801230A6822F001023A
:101C40000A600A6822F00E020A60816C0A6822F4B7
:101C500080720A60D0E9101202F01F0203FA02F249
:101C60004A60D0E913124A60416D00291FBF0A681B
:101C700022F480720A60D0E9161218BF4A6000216F
:101C800002E00421C1630121012280F82520002205
:101C900080F824200846704790F82510022931D199
:101CA00001680A6822F001020A600A6822F00E0246
:101CB0000A60816C0A6822F480720A60D0E91021FF
:101CC00001F01F03012101FA03F35360D0E913234C
:101CD0005360426D002A1FBF136823F480731360A2
:101CE000D0E9162318BF536080F82510002180F832
:101CF0002410826B22B180B590470021BDE880405E
:101D00000846704704210022C163012180F8251094
:101D100080F8242008467047B0B5D0E910C4DCF83C
:101D20000010026804F01F0E136813F0040F1EBFAA
:101D3000042404FA0EF414EA01050ED0116811F01F
:101D4000200F02BF116821F004011160CCF804409B
:101D5000016BD9B3BDE8B04008479C071AD50224EF
:101D600004FA0EF414EA010514D0116811F0200FE2
:101D700006D1116821F00A011160012180F82510B7
:101D80000021CCF8044080F82410C16AF1B1BDE80C
:101D9000B04008471B0719D5082303FA0EF3194072
:101DA00008BFB0BD116821F00E011160012101FAD8
:101DB0000EF2CCF80420C16380F82510002180F8D1
:101DC0002410416B11B1BDE8B0400847B0BD000020
:101DD0000121002800F0A7802DE9F04F02680027BC
:101DE0004FF6F83500F1180CC4F20207CBF6FD757A
:101DF00007F581633E464CF6CD47CCF6CC479A4278
:101E000038BF05F580659A4205EB0204A4FB07453F
:101E10004FF6FC74C3F6FF7404EA950906F5806476
:101E200047F6F076C0F844903CBF0024C4F20204A8
:101E30009A4204644FF0020480F825401468D0E907
:101E40000287D0E904E524EA060A9CE840184AEA39
:101E5000080444EA070444EA0E0747EA050747EA8C
:101E6000060740F2000647EA0B07C4F2020647EAFB
:101E70000C07176006F5026738BF06F500679A423F
:101E800009EB070506F508674CF6CD468564C7647F
:101E90006FF00707CCF6CC4657FA82F7A7FB067619
:101EA0004FF0080707EB161738BF3709B8F5804F12
:101EB00007F01F0201FA02F240F68401C4F20201A7
:101EC000026504D1002343602B600A601EE0436872
:101ED00003F07F072F600A605A1E032A16D84FF4BA
:101EE000FE7201F1BC06012502EA83021F330A4497
:101EF00003F01F0302F1780705FA03F3C0E9157632
:101F00000027C3659767C1F8C03003E00021C0E92E
:101F10001511C16500210122C16380F8252080F8D8
:101F20002410BDE8F04F08467047000090F824C028
:101F3000BCF1010F44D04FF0010C80F824C090F8A0
:101F400025C0BCF1010F38D170B54FF0020C01264D
:101F500080F825C04FF0000CC0F83CC0D0F800C09D
:101F6000DCF800E02EF0010ECCF800E0D0E913E43C
:101F7000CEF80440D0F854E0BEF1000F1CBFD0E909
:101F800016456560D0E9104505F01F0506FA05F510
:101F90006560CCF804308368102B0B4608BF1346ED
:101FA000CCF8083008BF0A46CCF80C20026BDCF8ED
:101FB000001042B141F00E010DE0002180F8241024
:101FC0000220C0B2704721F00401CCF80010DCF808
:101FD000001041F00A01CCF80010806C016811F487
:101FE000803F1EBF016841F480710160BEF1000FA7
:101FF0001EBFDEF8000040F48070CEF80000DCF870
:10200000000040F00100CCF800000020BDE8704066
:10201000C0B27047B0B5044600F09EFC054640F2E1
:102020004000611CC2F20000006818BF044400BFF9
:1020300000F092FC401BA042FAD3B0BD90F85C3097
:10204000013BDBB2012B72D810B5006811F0070C10
:10205000D0F858E00EF0010300D01BB311F0380F98
:1020600002D01EF002041DD011F4E07F02D01EF059
:10207000040417D011F4F05F02D01EF0080411D050
:1020800011F4604F02D01EF010040BD011F4403F49
:1020900002D01EF0200405D011F47C0F06D01EF0F3
:1020A000400403D1C46D44F00104C465002B18BF83
:1020B000BCF1000F23D111F0380F18BF1EF002033E
:1020C0001DD111F4E07F18BF1EF0040317D111F4E5
:1020D000F05F18BF1EF0080311D111F4604F18BF54
:1020E0001EF010030BD111F4403F18BF1EF0200367
:1020F00005D111F47C0F18BF1EF0400303D0C36D4F
:1021000043F00203C3650B06BDE8104042BFD0F8A0
:10211000DC301343C0F8DC30CB0542BFD0F8E030F0
:102120001A43C0F8E02000F15402002003E000F15F
:1021300060020120022113681943116070470000FA
:10214000B0B590F85C20013AD2B2012A13D8D1E997
:102150000042D1E90253D1E904CEA9078CB1406C09
:102160004CEA437341EA0E0140F8323000EBC20002
:1021700041600020B0BD016E41F002010166012006
:10218000B0BD006C41EA0E0141EAC36141EA0C4175
:1021900040F822100020B0BD90F85CC0BCF1010FE7
:1021A00010D100689200DDF800C042EA011141EA56
:1021B000430150F8802F41EA0C0122F03F020A430C
:1021C000002104E050F8601F41F004020121026088
:1021D000084670477047000070470000F0B590F85F
:1021E0005C50022D1ED1D0F800C040291ED1DCF871
:1021F000905015F00F0F00F08180DCF89040C4F390
:10220000012EDCF8905015F0807F08D0DCF880506B
:1022100015F4007F1EBF250A013505F0030E00F1FD
:1022200048041CE0016E41F008016AE0DCF89850B7
:1022300015F00F0F62D0DCF89840C4F3012EDCF8E3
:10224000985015F0807F08D0DCF8805015F4807F1E
:102250001EBF250A013505F0030E00F14C04246869
:102260000EEBCE0554F8356016F08046566054F8F3
:102270003560C6F38A4718BF26F06047176054F8E8
:10228000356006F00056966054F8356004EBC504DE
:1022900006F000461661A588D561E58815F00F05A2
:1022A000D560656805F480155561656805F400150D
:1022B0009561E57905F07F05156265684FEAD5758A
:1022C000556211D040F65C7504F1080C0024C0F68C
:1022D000010500BF1CF804601E550134D668AE5DD0
:1022E000B442F7D3D0F800C00CF19C00402908BFDD
:1022F0000CF19400C0F800E00020F0BD016E41F444
:10230000807101660120F0BD704700002DE9F04F9B
:1023100085B004462068016D426DD0F85090D0F829
:1023200054A0D0F850B0D0F8548001EA0205016DF5
:102330000491416D0391016D0291416D0191416DD7
:10234000026D01EA0207790604D5402101652046A5
:10235000FFF7DAFF09EA0A0605F4E055F8050BD5A0
:1023600020684FF48073D0F8D810D0F8E0200365CF
:102370002046114000F0FAF908EA0B0806F00706BB
:102380002DB1206829460565204600F0F3F908F0D4
:1023900038052EB1206831460665204600F0BCF9AC
:1023A0002DB1206829460565204600F0C1F9B80521
:1023B00006D520684FF400710165204600F0DCF975
:1023C00038060AD520688023D0F8D410D0F8DC2055
:1023D00003652046114000F0CBF9B80406D520680B
:1023E0004FF400510165204600F0BEF9DDE901100F
:1023F00000EA0105380406D520684FF40041016564
:10240000204600F0AFF9DDE903107A0400EA01008C
:1024100005F4602107D522684FF480431365226ECE
:1024200042F08002226600F4710521B12068016546
:102430002046FFF7D1FE3DB120680565204650F8E3
:10244000601F2943016001E004F16000006800287A
:1024500004BF05B0BDE8F08F204605B0BDE8F04FE1
:10246000FFF7B8BE2DE9F0410446002C04BF01205F
:10247000BDE8F08194F85C0028B9002084F85D0084
:10248000204600F0F5F82068816921F01001816193
:1024900000F062FA054600BF2068816911F0080F5C
:1024A00005D000F059FA401B0B28F5D310E08169E4
:1024B00041F00101816100F04FFA05462068816911
:1024C00011F0010F0ED100F047FA401B0B28F5D395
:1024D000206E032140F001002066012084F85C108A
:1024E000BDE8F081816946F2004CC4F2000C604501
:1024F00041F00201816104BF6268CCF80021227CB6
:10250000836943F04005012A08BF23F04005856137
:10251000627C836923F48045012A08BF43F4804527
:102520008561A27C836943F48055012A08BF23F4A6
:10253000805585618369D4F808E023F4407343EA49
:102540000E038361836923F0A4038361036923F08D
:1025500010030361E368ABB1012B03D1836943F03E
:1025600004030EE08569022B09D045F08005032B9A
:102570008561056945F01005056103D1856945F060
:102580002003836104F114054FF07E466FF0FF08CD
:10259000BEF5407F2ACD226A06EB436608EB05258F
:1025A000A2F1010245EA060542EA050240F20005F1
:1025B000CFF6FF7505EB014141EA0201C16110D17F
:1025C00004F124066FF00F0746CE236B07EB0313CD
:1025D00008EB0627013A05EB01413A431A43114340
:1025E000C160E16BD0F8C02011430CF58042C0F807
:1025F000C0100CF5806188420CF5006104BF4AF2FE
:102600005072C4F20002884208BF02F5D46222640C
:10261000D0F88010636B21F4F81141EA0341C0F84F
:10262000801002F170016164D0F88010A36B21F07A
:10263000706141EA0361C0F8801002F1B00000212E
:10264000A06402F5C470E06402F51870206502F51C
:102650001E70606502F5547042F8041B8242FBD381
:1026600000200121A065206684F85C10BDE8F0819F
:1026700010B59CB00446002054211B90CDE91900F0
:10268000CDE9170002A8FDF70DFE206846F20041D3
:10269000C4F20001884201D01CB010BD4FF480503C
:1026A00002904FF00070109002A800F0A9FC0028E2
:1026B00018BFFDF783FF41F24C00C4F20200C1686D
:1026C00041F00071C160C16801F000710191019990
:1026D000016841F00101016017A9006800F00100E4
:1026E000019001984FF4C0501790022018900020DC
:1026F000199003201A9009201B904FF0904000F091
:102700003DF815200321002200F0CEFA152000F03C
:10271000BBFA1CB010BD000041F2942241F28C23A0
:102720004021C2F20002C2F20003FFF757BD0000D1
:102730007047000090F85C1001290BD1022180F84D
:102740005C1001688A6922F001028A610021016639
:1027500008467047016E41F00401016601210846F8
:10276000704700007047000070470000704700008D
:102770007047000070470000704700002DE9F04FDF
:1027800082B00E68002E00F0DC8041F20042062785
:102790004FF0010B00250124C4F60002904200F125
:1027A00038424FEAB22308BF0527052B4FF000033C
:1027B00038BF4FEAB2270097A4F101090BFA09FCD0
:1027C00016EA0C0800F0B480D1F804A00AF0030E59
:1027D000AEF10102012A15D8D0F808B0CF68032263
:1027E0009A402BEA02029F404FF0010B3A4382606D
:1027F000CAF30012476802FA09F227EA0C073A43C3
:10280000426007E0BEF1030F04D18A68012A26D096
:1028100001E000BF8A68C66803279A40BEF1020F34
:1028200007FA03F726EA070742EA0702C26016D151
:1028300005F01C020F2707FA02FC4FF6FC77C7F6DB
:10284000FF7707EA59060644376A27EA0C0C0F6936
:1028500007FA02F242EA0C023262D1F804A00668DA
:1028600003270AF003021AF4403F07FA03F702FABB
:1028700003F226EA070742EA0702026058D041F253
:10288000600240F2004E05F00C06C4F20202C4F2EF
:10289000010E17463A6842F001023A603A6802F0C7
:1028A0000102019229F00302019F72444FF608478A
:1028B000CFF6FF77B9460F2752F809C0B7402CEA88
:1028C000070C009F07FA06F64CEA060742F8097063
:1028D000DEF808204F6822EA080217F4801F18BFAC
:1028E00042EA080217F4001FCEF8082040F20C421A
:1028F000C4F201021646326822EA080218BF42EA10
:10290000080217F4003F3260DEF8042022EA0802D1
:1029100018BF42EA080217F4803FCEF80420DEF820
:10292000002022EA080218BF42EA0802CEF800207E
:102930000E680233043536FA04F204F101047FF420
:102940003BAF02B0BDE8F08F00F12803002A18BFAA
:1029500000F118031960704744F6E410C2F2000059
:102960000068704790F84120202A03D190F8402059
:10297000012A02D10221C8B27047242280F84120E6
:102980000268136823F001031360136823F4805373
:102990001360136819431160116841F0010111605F
:1029A000202180F84110002180F84010C8B2704703
:1029B00090F84120202A03D190F84020012A02D12A
:1029C0000221C8B27047242280F8412002681368AF
:1029D00023F001031360136823F4706343EA0121B9
:1029E0001160116841F001011160202180F841104F
:1029F000002180F84010C8B27047000010B50446AE
:102A0000002C04BF012010BD94F8410028B900201B
:102A100084F84000204600F045F824204FF4044399
:102A200084F841002068016821F0010101606168BB
:102A300021F070610161816821F400418160D4E975
:102A40000212012A08BF4FF40043022A41EA03019F
:102A50008160416821F4006308BF41F40063436072
:102A600004F11003416841F0007141F400414160FC
:102A7000C16821F40041C1600ECB114341EA03213A
:102A8000C160D4E9071211430160016841F00101FE
:102A9000016000202021606484F84110206384F8E4
:102AA000420010BDB0B59CB00446002502A85421D8
:102AB0001B95CDE91955CDE91755FDF7F3FB2068B6
:102AC00045F20041C4F20001884201D01CB0B0BD03
:102AD0004020029002A8099500F092FA002818BF41
:102AE000FDF76CFD41F24C0417A9C4F20204206802
:102AF00040F002002060206800F002000190019880
:102B00004FF440701790122018900020CDE9190062
:102B100004201B9040F20040C4F60000FFF72EFE98
:102B2000E06840F40010E060E06800F400100190FC
:102B300001981CB0B0BD000040F2400044F6E41122
:102B4000C2F20000C2F2000100680A681044086086
:102B50007047000080B5032000F0D8F80F2000F087
:102B600009F800281CBF012080BD00F055F80020A6
:102B700080BD0000B0B586B0044641F25800C4F2F2
:102B80000200016841F0200101606946006800F020
:102B900020000190019801A800F022FD00F042FD04
:102BA0004DF6836540F6D83141F2004240F2E733FA
:102BB000C4F21B35C2F20001C4F20002A0FB0505FD
:102BC0004FF0FF3000EB95400025C1E9002008469A
:102BD000C1E902530D6101F0DBFB0546CDB940F6BA
:102BE000D830C2F2000001F041FD05468DB9372012
:102BF00000F04AF80F2C0BD8372021460022002580
:102C000000F052F840F24400C2F20000046000E01C
:102C10000125284606B0B0BD80B582B041F258000B
:102C20000022C4F20200816841F0010181608168E4
:102C300001F0010101910199016841F080510160A9
:102C40000F21006800F08050009000986FF00100A4
:102C500000F02AF802B0BDE8804000F0C7B90000DB
:102C60000028B8BF704700F01F010122400902FA96
:102C700001F14EF28012CEF2000242F82010BFF3B2
:102C80004F8FBFF36F8F70470028B8BF704700F0B9
:102C90001F010122400902FA01F14EF20012CEF2A8
:102CA000000242F82010704710B500F00F034EF6F6
:102CB0000C5E00F1604CB0F1FF3FA3F10403CEF2D3
:102CC000000E734403F10C04C8BF0CF56444DEF835
:102CD0000000C0F3022000F1040CC31E80F00700C6
:102CE000BCF1070F4FF0010C38BF0023042828BFA8
:102CF00004200CFA00F0013808400CFA03F10F31FF
:102D00009840114008430001207010BD4EF60C5150
:102D10004FF6FF03CEF200010A681A4060F30A2260
:102D200042F0806040F0FD700860704710B582B0DE
:102D300004463CB194F83A0005281CBF94F83A00C8
:102D4000022802D1012002B010BD41F26000C4F29D
:102D50000200016841F001010160006800F001001B
:102D60000190019894F83A00002804BF002084F8EC
:102D70003900204600F050F8A168E26A41F02000D6
:102D8000602809D1206804F1080C036823F01003BF
:102D90001A430260626809E0206804F10C0C0368C1
:102DA00023F010031A43026062680A43036843F683
:102DB0001161CEF200011940DCF800301A431143D2
:102DC00022691143D4E909231143227D012A08BF56
:102DD00041F480711943D4E90C2341EAC24141EA2C
:102DE00003610160816900290BDB816904F1180C22
:102DF0009CE80C1021F03F011143194341EA0C01FA
:102E0000816194F83A00002804BF012084F83A0058
:102E1000002002B010BD000080B586B0002240F254
:102E20000C3141F24C0C0592CDE90322CDE901228F
:102E3000C4F20101C4F2020C036840F20040C4F67F
:102E400000008B4221D040F20831C4F201018B42D4
:102E500032D040F20030C4F2010083422AD1DCF8C3
:102E6000000001A940F00100CCF80000DCF80000EF
:102E700000F00100009000980A20019003200290C9
:102E8000002003904FF0904029E0DCF8001041F062
:102E90000201CCF80010DCF8001001F002010091F2
:102EA00000994FF4406101910321CDE9021201A97B
:102EB000FFF764FC06B080BDDCF8001041F00201B1
:102EC000CCF80010DCF8001001F00201009100992C
:102ED00005210191032102910021039101A9FFF72E
:102EE0004DFC06B080BD000000281CBF90F83A10D1
:102EF00005290DD090F83A10012909D101680A6816
:102F000042F001020A60042180F83A100020704764
:102F10000120704747F200010028C4F200012FD0C1
:102F20000A68B0F5007F59D1D1F8800040F4807074
:102F3000C1F8800002F4C060B0F5806F52D108681B
:102F4000012262F34A203222086040F20400C2F2F9
:102F50000000006850434DF68362C4F21B32A0FBB0
:102F600002026FEA924000BF4A6900281CBF01308C
:102F700012F48062F8D1486910F4806F32D02AE0F0
:102F80000868D1F8802000F4C06022F48072B0F5A7
:102F9000806FC1F8802025D10868012262F34A20A1
:102FA0003222086040F20400C2F200000068504380
:102FB0004DF68362C4F21B32A0FB02026FEA92401C
:102FC0004A6900281CBF013012F48062F8D14869B8
:102FD00010F4806F06D00320C0B27047022060F367
:102FE0004A220A600020C0B27047000047F2080081
:102FF000C4F20000016841F48041016070470000A4
:103000002DE9F04182B0044641F28806A078C4F26E
:103010000206000701D4002061E056F8300C47F2A8
:103020000007C4F2000710F0805F0ED156F8300C94
:103030004FF0010840F0805046F8300C56F8300C44
:1030400000F080500190019801E04FF000083868CE
:1030500040F480703860FFF77FFC0546386810F454
:10306000807F06D1FFF778FC401B0228F6D90320A9
:103070002CE0B06810F4407021D0216D88420BD054
:10308000B068B16841F4803120F44070B160B1683B
:1030900021F48031B160B060C00710D0FFF75CFC54
:1030A000054641F2883700BFB06810F0020F06D124
:1030B000FFF752FC401BB842F6D9032006E0B06887
:1030C000216D20F440700843B0600020B8F1010F7A
:1030D00002BF56F8301C21F0805146F8301C2168A0
:1030E00011F0010F3ED18A0744D44A074AD40A0797
:1030F00050D4CA0656D48A065CD44A0662D40A065C
:1031000068D4CA056ED48A0375D48A057CD44A056E
:1031100000F183800A0500F19380CA0400F1A380C6
:103120008A0400F1B3804A0400F1C3800A0400F16C
:10313000D380CA0300F1E38049030FD57169E26CC3
:1031400021F44011B2F5001F41EA0201716102BF92
:1031500056F87C1C41F4801146F87C1CC0B202B0C9
:10316000BDE8F0813268636822F003021A433260DE
:103170008A07BAD53268A36822F00C021A4332607B
:103180004A07B4D53268E36822F030021A4332604D
:103190000A07AED53268236922F0C0021A433260B2
:1031A000CA06A8D53268636922F440721A433260B5
:1031B0008A06A2D53268A36922F440621A433260BB
:1031C0004A069CD53268E36922F440521A433260C1
:1031D0000A0696D53268236A22F440421A433260C6
:1031E000CA0590D53268636A22F440321A433260CD
:1031F0008A037FF58AAF7269A36A22F003021A4339
:1032000072618A057FF583AF3268E36A22F4402257
:103210001A4332604A057FF57DAF3268236B22F492
:103220004012B3F5801F42EA0302326002BF56F833
:103230007C2C42F4801246F87C2C0A057FF56DAF99
:103240003268636B22F44002B3F5800F42EA030256
:10325000326002BF56F87C2C42F4801246F87C2C77
:10326000CA047FF55DAF3268A36B22F04072B3F100
:10327000807F42EA0302326002BF56F87C2C42F49F
:10328000801246F87C2C8A047FF54DAF3268E36BE0
:1032900022F04062B3F1006F42EA0302326002BFE3
:1032A00056F87C2C42F4801246F87C2C4A047FF5B8
:1032B0003DAF3268236C22F04062B3F1006F42EA06
:1032C0000302326002BF56F87C2C42F4801246F8AA
:1032D0007C2C0A047FF52DAF3268636C22F04052DB
:1032E000B3F1805F42EA0302326002BF56F87C2CE1
:1032F00042F4803246F87C2CCA037FF51DAF326859
:10330000A36C22F04042B3F1804F42EA03023260E4
:1033100002BF56F87C2C42F4803246F87C2C4903DC
:103320007FF51CAF0AE700002DE9F04704460D4683
:10333000002C62D041F2080AC4F2020ADAF8F80F4F
:1033400000F00F00A8420CD2DAF8F80F20F00F00BE
:103350002843CAF8F80FDAF8F80F00F00F00A84277
:103360004BD1216842F20048C0F2F40811F0010F7D
:103370000DD14FF00009880700F19A80B9F1800F54
:1033800040F0AF80DAF8000020F0F000A7E06068BD
:103390004BF2004CC0F2C44C032828D15AF8083C28
:1033A00013F0007F29D0DAF804300222DAF8043072
:1033B000DAF80470DAF80460C6F34166C3F3031365
:1033C000C7F30627013302EB4602B8FBF3F37B4356
:1033D000B3FBF2F262454BD9DAF8002012F0F00F9D
:1033E0003CD0890744D5A168002941D136E05AF87C
:1033F000081C022805D1890305D40120C0B2BDE80C
:10340000F0874905F9D5DAF8001001F00C0104291C
:103410002ED0DAF8001001F00C01082928D0DAF8D3
:10342000001001F00C010C2922D1DAF80410022757
:10343000DAF80410DAF80420DAF80430C3F3416350
:10344000C1F30311C2F30622013107EB4303B8FBBA
:10345000F1F15143B1FBF3F1614509D9DAF80010FC
:1034600008224FF0800962F30711CAF8001001E04A
:103470004FF00009DAF8001021F003010843CAF800
:103480000000FFF769FA064641F28837DAF80000D3
:10349000616800F00C00B0EB810F05D0FFF75CFA1B
:1034A000801BB842F2D93AE0216888077FF566AF01
:1034B000480742BFDAF8000040F4E060CAF80000B4
:1034C000080741BFDAF80000072262F30D20CAF8AE
:1034D0000000DAF80000A26820F0F0001043CAF8FB
:1034E0000000DAF8F80F00F00F00A8421CD9DAF853
:1034F000F80F20F00F002843CAF8F80FFFF72CFA56
:10350000064641F2883700BFDAF8F80F00F00F00E6
:10351000A84208D0FFF720FA801BB842F4D9032054
:10352000C0B2BDE8F0872168480707D5DAF8000087
:10353000E26820F4E0601043CAF80000080708D5EC
:10354000DAF80000216920F4605040EAC100CAF8AE
:103550000000DAF8000000F00C00042825D0DAF8AA
:10356000000000F00C0008281FD0DAF8000000F07E
:103570000C000C2817D1DAF804000223DAF8040052
:10358000DAF80410DAF80420C2F34162C0F3031041
:10359000C1F30621013003EB4202B8FBF0F04843CF
:1035A000B0FBF2F801E04FF00008DAF8000040F656
:1035B000C461C0F60101C0F30310085C40F20401CD
:1035C000C2F2000100F01F0028FA00F0086040F28B
:1035D0004400C2F200000068BDE8F047FFF7CABA35
:1035E0000F22026041F20802C4F20202136803F0E3
:1035F00003034360136803F0F0038360136803F46C
:10360000E063C3604FF4E063126803EAD202026130
:1036100042F20000C4F20200006800F00F000860EF
:103620007047000040F2040041F2080140F6D46205
:10363000C2F20000C4F20201C0F60102006809688B
:10364000C1F30221515C01F01F01C8407047000026
:1036500040F2040041F2080140F6D462C2F20000D8
:10366000C4F20201C0F6010200680968C1F3C22178
:10367000515C01F01F01C8407047000041F20C018D
:10368000C4F2020151F8040C00F00C0242F20040B6
:10369000C0F2F400042A08BF704751F8042C02F06D
:1036A0000C02082A1BD051F8042C02F00C020C2A40
:1036B0001CBF002070470A6802230A68D1F800C0C6
:1036C0000968C1F34161C2F30312013203EB410106
:1036D000B0FBF2F0CCF306225043B0FBF1F07047A0
:1036E0002DE9F04381B004465CB3207841F2000933
:1036F00041F20C07C4F20209C4F20207C00725D147
:10370000207880075AD42078000740F1C38061698F
:10371000D7F88800002900F0AA8040F00100C7F81F
:103720008800FFF719F90546D7F8880010F0020F56
:1037300040F0B080FFF710F9401B0228F4D90320B5
:1037400000E00120C0B201B0BDE8F08357F8040CDE
:1037500000F00C01386808295FD000F003000C3934
:103760000338B1FA81F1B0FA80F049094009084004
:10377000012852D06668B6F5803F09D0D9F800001C
:10378000B6F5A02F40F0FB8040F48020C9F800007F
:10379000D9F8000040F48030C9F80000FFF7DCF8E9
:1037A000054600BFD9F8000010F4003FA8D1FFF78C
:1037B000D3F8401B6428F5D90320C3E757F8040C5D
:1037C00000F00C013868042933D000F003000C39F4
:1037D0000238B1FA81F1B0FA80F049094009084095
:1037E000012826D0E168D9F80000002900F0A8805F
:1037F00040F48070C9F80000FFF7AEF8054600BF3E
:10380000D9F8000010F4806F40F0AF80FFF7A4F803
:10381000401B0228F4D9032094E7D9F8000010F4E3
:10382000003F3FF46DAF606800287FF469AF01206E
:1038300088E7D9F8000010F4806F03D0E068002812
:1038400000F0408157F8080C216920F0FE4040EA62
:10385000016047F8080C40F24400C2F20000006822
:10386000FFF788F900283FF44EAF01206AE720F007
:103870000100C7F88800FFF76FF80546D7F8880001
:1038800010F0020F06D0FFF767F8401B0228F5D9A9
:10389000032057E72078400740F1B380F86C10F020
:1038A000805F0BD1F86C4FF0010840F08050F86455
:1038B000F86C00F080500090009801E04FF0000894
:1038C00046F20006CFF6FE7659F8060010F4807F27
:1038D00014D159F8060040F4807049F80600FFF74B
:1038E0003BF8054659F8060010F4807F06D1FFF733
:1038F00033F8401B0228F5D9032023E7A668012EE0
:1039000007D0D7F88400052E57D140F00400C7F83F
:103910008400D7F8840040F00100C7F88400FFF766
:103920001BF8054641F28836D7F8840010F0020FE4
:1039300060D1FFF711F8401BB042F5D9032001E731
:1039400020F48070C9F80000FFF706F8054600BFB4
:10395000D9F8000010F4806F3FF4D5AEFEF7FCFFFD
:10396000411B03200229F3D9ECE657F8080C216922
:1039700020F0FE4040EA016047F8080CC3E620F45E
:103980008030C9F80000D9F8000020F48020C9F880
:103990000000FEF7E1FF0546002E7FF403AF00BFF5
:1039A000D9F8000010F4003F3FF4AAAEFEF7D4FFB0
:1039B000411B03206429F3D9C4E620F00100C7F8B5
:1039C0008400D7F8840020F00400C7F88400FEF7D4
:1039D000C3FF0546002EA5D141F28836D7F88400F2
:1039E00010F0020F06D0FEF7B7FF411B0320B142D3
:1039F000F4D9A7E6B8F1010F02BFF86C20F08050AF
:103A0000F864207880062BD5A169D7F88C0099B18D
:103A100040F00100C7F88C00FEF79EFF054600BF8E
:103A2000D7F88C0010F0020F1AD1FEF795FF411B5A
:103A300003200229F4D985E620F00100C7F88C00A4
:103A4000FEF78AFF054600BFD7F88C0010F0020F82
:103A500006D0FEF781FF411B03200229F4D971E64D
:103A6000E669002E00F0A98057F8040C00F00C0065
:103A70000C2803D1012E27D1012063E6D9F80000DC
:103A800020F08070C9F80000FEF766FF0546022EA0
:103A90000CD100BFD9F8000010F0007F48D0FEF72D
:103AA0005BFF411B03200229F4D94BE6D9F8000043
:103AB00010F0007F7AD0FEF74FFF411B0320022950
:103AC000F4D93FE601203DE63868216A00F00302A0
:103AD0008A4274D1616A6FF00F0202EB011100F0AB
:103AE000F0028A426DD1A16A00F4FE42B2EB012FCE
:103AF00069D1E16A00F07842B2EBC16F65D1216B08
:103B00000022CFF6E07202EA015100F4C002A1F5F2
:103B100000118A425BD1616B4FF07E4200F0C060C1
:103B200002EA016101F17E41884246D0012009E6A6
:103B300004F1200638686FF00F054ECE05EB021237
:103B400048F20C05C0F29F1528400843216B104332
:103B50000022CFF6E07240EA032002EA01514FF062
:103B60007E42A1F500110843616B40EAC66002EA9B
:103B7000016101F17E4108433860D9F8000040F04E
:103B80008070C9F80000386840F080703860FEF737
:103B9000E3FE0446D9F8000010F0007F0DD1FEF7D7
:103BA000DBFE011B03200229F4D9CBE538684FF670
:103BB000FC71CFF6EE61084038600020C2E50120BC
:103BC000C0E50120BEE50120BCE50120BAE50120E9
:103BD000B8E50000B0B50446002C04BF0120B0BD1C
:103BE000606A20B10020206104F1140005E06068E3
:103BF000B0F5827F03D004F11C0000210160002099
:103C0000A06294F85D1021B984F85C00204600F0B1
:103C100053F802204FF4805E84F85D00206801684C
:103C200021F040010160D4F80CC0BCF5E06F4CF409
:103C3000006388BF4FF0000EB3F5706F1CBF002308
:103C4000A362D4E90131D4E9042503F4827301F4B9
:103C5000044102F002021943114305F0010211432D
:103C6000A26902F400731943E36903F038031943AE
:103C7000236A03F080031943A36A03F40053194332
:103C80000160042101EA1241626A636B02F01002D2
:103C900042EA0E02114303F0080211430CF4706271
:103CA00011434160C16921F40061C161002001211B
:103CB000206684F85D10B0BD2DE9F04F87B000217B
:103CC000044643F6004341F24C000691CDE904114D
:103CD000CDE90211C4F20003C4F2020022689A4244
:103CE00063D043F20001C4F201018A427ED14169EE
:103CF000002641F480514161416901F480510191F4
:103D00000199016841F00101016002A9006800F019
:103D1000010001900198E02002900220039003200E
:103D200004960590052006904FF09040FEF726FD82
:103D300040F2F86540F21C0B0A204FF0800A4FF465
:103D400080784FF480694FF40057C2F20005C4F246
:103D5000020BC5E900B02846C5E90266C5E904A81A
:103D6000C5E906962F62FEF733F8002818BFFCF766
:103D700025FCA565AC6240F258750BF114000B21CF
:103D80001022C2F2000585E847042846C5E90589E6
:103D9000C5E90767FEF71CF8002818BFFCF70EFC02
:103DA0006565AC6207B0BDE8F08FC26842F40042BE
:103DB000C260C26802F400420192019A026842F0B5
:103DC00002020260006800F00200019001983820B1
:103DD00002900220CDE903010620059102A9069078
:103DE00040F20040C4F60000FEF7C8FC07B0BDE892
:103DF000F08F00002DE9F04381B01E4615460F46B6
:103E00000446FEF7A9FD94F85D10814601290BD008
:103E10006068B0F5827F16D104294FF0020004BF1C
:103E2000A168002940F03E810120002F00F03A8176
:103E3000002D18BF002E00F0358194F85C00012899
:103E400003D102202EE102202CE10120DDF82080A8
:103E500084F85C0094F85D0004281CBF052084F8F9
:103E60005D00002020662564A4F84660A4F8446044
:103E7000A763E687A687C4E913002068E168426863
:103E8000B1F5E06F22F480552B4698BF42F4805381
:103E9000012E88BF2B464360026812F0400F02BF1C
:103EA000026842F040020260B1F5E06F6368A6F17B
:103EB0000102B2FA82F24FEA5212B3FA83F34FEAE6
:103EC000531342EA030247D9012A06D137F8021BED
:103ED000C160A763E08F0138E087012608F1010582
:103EE000E08F20B9B4F84600002800F0BB802068BD
:103EF000816811F0020F0CD0E18F012E09D141B180
:103F0000A16B002631F8022BC260A163E18F013959
:103F1000E187816811F0010F1CBFB4F84610002939
:103F20000AD0C068216C012621F8020B2164B4F884
:103F300046000138A4F84600FEF70EFD002DCFD054
:103F4000A0EB09004045CBD3012084F85D000020A0
:103F500084F85C000320A5E0012A13D1E18F022937
:103F600008D337F8021BC160A7634FF6FE71E08FDC
:103F7000084406E039780173A06B0130A063E08F3C
:103F80000138E087012708F101054FF6FE7600BFF2
:103F9000E08F18B9B4F84600002863D02068816823
:103FA00011F0020F18D0E18F012F15D1A1B1E28FCE
:103FB000A16B022A06D331F8022BC260A163E18F04
:103FC000314407E009780173A06B0130A063E18FF1
:103FD000206801390027E187816811F0010F1CBFBB
:103FE000B4F84610002922D0B4F84610022912D3A2
:103FF000C168226C22F8021B2264B4F846103144D6
:10400000A4F84610B4F8461001299EBF416841F457
:10401000805141600AE0007B216C0870206C013007
:104020002064B4F846000138A4F846000127FEF7E2
:1040300093FCA0EB0900294640454FF0000028BF43
:104040000120002D18BF0121B8F1000F1CBF08404E
:1040500001289DD1012084F85D00002084F85C00D7
:1040600003201FE020464FF4C05142464B4602F069
:1040700021FD68B9204641464A4602F093FD38B911
:1040800020464FF4C06142464B4602F013FD68B132
:10409000206E40F02000206620202066002084F85A
:1040A0005C000120C0B201B0BDE8F083012084F8BB
:1040B0005D00002084F85C00206E002818BF0120FD
:1040C000F0E70000704700007047000070470000F4
:1040D00090F83C20012A02BF0221C8B27047B0B557
:1040E000012248F2FF7480F83C20CEF6F074D1E94A
:1040F00000C3D1E902E203EA040522F47C522EF463
:1041000070531A4304F500632A4303EA0C0304F5D1
:10411000C0551A430B692B4004F5F0451A434B690F
:104120001A4304F560531A400B6B2B4000251A43C9
:10413000CB69CEF6FF751A438B6905EA034342F655
:10414000004513430268C4F20105AA421EBF45F2AE
:104150000005C4F20105AA4205D043F20045C4F2AD
:104160000105AA4216D14FF6FF75CDF60F452B403B
:10417000D1E9085CD1E90A4E0021CDF6F04101EA0F
:104180000451194325F0085319432CF000531943E7
:1041900041EA0E030021536480F83C10BDE8B040B2
:1041A000C8B27047704700007047000070470000B9
:1041B00090F83C300222012B6AD010B5012342F660
:1041C000004E80F83C3080F83D20C4F2010E0268B9
:1041D0005368D2F808C072451EBF45F20004C4F20D
:1041E0000104A24205D043F20044C4F20104A242F9
:1041F00003D14C6823F4700323434FF68F74CFF63A
:10420000FF5423400C682343536042F6FF33C4F24B
:1042100001039A420BDC40F2FF73C4F200039A429E
:1042200010DCB2F1804F26D040F2004312E043F69A
:10423000FF73C4F201039A4211DC72451BD043F2B2
:10424000004314E040F60003C4F200039A4212D087
:1042500040F60043C4F200039A420CD010E045F24D
:104260000003C4F201039A4205D044F20003C4F2F1
:1042700001039A4204D189682CF0800319439160AC
:104280000121002280F83D1080F83C20BDE810405C
:10429000D0B2704739B10322082908BF022204298D
:1042A00008BF012200E00022024492F84420012AC3
:1042B0001CBF01207047022241B1082909D00429FE
:1042C00014BF80F8472080F8452004E080F844209F
:1042D00001E080F8462001F00F0104228A400168C5
:1042E000086A90430862086A10430862486C40F408
:1042F0000040486442F6FF30C4F2010081420BDC0A
:1043000040F2FF70C4F20000814214DCB1F1804F32
:104310002AD040F2004016E043F6FF70C4F20100DC
:10432000814215DC42F60040C4F2010081421BD0FC
:1043300043F2004014E040F60000C4F20000814265
:1043400012D040F60040C4F2000081420CD016E0CA
:1043500045F20000C4F20100814205D044F20000A1
:10436000C4F2010081420AD188680722C0F201022A
:1043700002400020062A18BFB2F5803F04D008682A
:1043800040F0010008600020704700007047000006
:1043900010B50446002C04BF012010BD94F83D0068
:1043A00028B9002084F83C00204600F0BFF8022025
:1043B00040F6FF3284F83D00C4F200022068016834
:1043C00090420EDD43F2FF32C4F20102904218DC4B
:1043D00040F60042C4F2000290421ED042F6004273
:1043E00017E0B0F1804F1EBF40F20042C4F200025D
:1043F000904212D040F60002C4F2000290420CD06B
:104400000FE045F20002C4F20102904205D043F2EF
:104410000042C4F20102904203D1A26821F070016F
:10442000114343F2FF32C4F20102904214DC40F225
:10443000FF72C4F20002904223DD40F60002C4F293
:10444000000290421EBF40F60042C4F200029042B9
:104450002DD042F6004226E044F2FF32C4F20102BF
:10446000904218DD44F20042C4F2010290421EBFA5
:1044700045F20002C4F20102904218D044F6000254
:1044800011E0B0F1804F12D040F20042C4F20002BD
:1044900090420CD00FE043F20042C4F2010290427D
:1044A00005D044F20002C4F20102904203D1226915
:1044B00021F440711143E268A36921F08001C262D6
:1044C000194362688262A0F18042A2F596324FEAF7
:1044D000B222092A08D8012303FA02F240F2E523A6
:1044E0001A421CBF62690263026842F00402026061
:1044F000012242610160002084F8482084F83E20B7
:1045000084F83F2084F8402084F8412084F8422039
:1045100084F8432084F8442084F8452084F8462019
:1045200084F8472084F83D2010BD000080B582B09B
:10453000016843F2004241F26000C4F20102C4F299
:10454000020091421FD042F60042C4F201029142A1
:104550001CBF02B080BD0168002241F4006101600F
:104560000121006800F40060019001981820FEF716
:104570009BFB1820FEF788FB192001210022FEF783
:1045800093FB192016E00168002241F400510160FC
:104590000121006800F40050009000982B20FEF7E5
:1045A00083FB2B20FEF770FB2C2001210022FEF75D
:1045B0007BFB2C2002B0BDE88040FEF765BB00000D
:1045C00090F83D1001291CBF01207047022180F89E
:1045D0003D10016842F6FF30C4F2010081420BDC5D
:1045E00040F2FF70C4F20000814214DCB1F1804F50
:1045F0002AD040F2004016E043F6FF70C4F20100FA
:10460000814215DC42F60040C4F2010081421BD019
:1046100043F2004014E040F60000C4F20000814282
:1046200012D040F60040C4F2000081420CD016E0E7
:1046300045F20000C4F20100814205D044F20000BE
:10464000C4F2010081420AD188680722C0F2010247
:1046500002400020062A18BFB2F5803F04D0086847
:1046600040F00100086000207047000090F83D1005
:1046700001291CBF01207047022180F83D1001680C
:10468000C86840F00100C86042F6FF30C4F2010083
:1046900081420BDC40F2FF70C4F20000814214DC66
:1046A000B1F1804F2AD040F2004016E043F6FF708F
:1046B000C4F20100814215DC42F60040C4F2010060
:1046C00081421BD043F2004014E040F60000C4F2E7
:1046D0000000814212D040F60040C4F20000814246
:1046E0000CD016E045F20000C4F20100814205D072
:1046F00044F20000C4F2010081420AD18868072216
:10470000C0F2010202400020062A18BFB2F5803F25
:1047100004D0086840F001000860002070470000E5
:10472000016841F21113C0F211030A6A1A4208D15A
:104730000A6A44F244431A4202BF0A6822F00102A4
:104740000A60012180F83D100020704790F83C304D
:104750000222012B00F0A180B0B5012388244FF67E
:10476000887C80F83C3080F83D20CFF6CE74CFF6C0
:10477000CF7C02689368234093600B68B3F5005FB9
:104780000DDA3F2B21DD5F2B31DD602B00F08780C0
:10479000702B00F0B380B3F5805F75D0F5E02F2467
:1047A000C0F21004A34217DD4F21C0F210018B426A
:1047B00050DD5021C0F210018B421EBF6021C0F2BB
:1047C00010018B4259D0702152E01F2B49DC002B85
:1047D00053D0102B51D0D8E0B3F1101F46DAB3F507
:1047E000005F00F09A80B3F5801F46D0CDE04DF217
:1047F0000044402BCBF6FE7400F09E80502B40F01E
:10480000C480D1F804E0CB68116A156A14444FEAF9
:10481000B424092C25F0010515620AD8012505FAF2
:1048200004F440F2E5252C421EBF146A24F004046F
:104830001462946921F00A0141EA0E0124F0F004A7
:1048400044EA031393611162916801EA0C0141F09B
:10485000570118E03021C0F210018B420DD04021E9
:1048600006E0202B18BF302B07D08EE005D020218A
:10487000C0F210018B4240F08880916801EA0C017F
:10488000194341F0070191600022012180F83D1099
:10489000002180F83C10BDE8B040D0B27047D1F89C
:1048A00004E0CB68116A146A24F01004146242F622
:1048B0000044C4F20104A2421EBF45F20004C4F247
:1048C0000104A24205D043F20044C4F20104A24212
:1048D00003D1146A24F040041462946921F0A00109
:1048E00041EA0E1124F4704444EA033393611162E7
:1048F000916801EA0C0141F06701C4E7D1E9013494
:10490000C968234343EA0121936823F47F43194391
:104910009160916841F07701B5E7D1E90134C96848
:10492000234343EA0121936823F47F4319439160B1
:10493000916841F48041A6E7D1F804E0CB68116AA0
:10494000156A14444FEAB424092C25F001051562B8
:104950000AD8012505FA04F440F2E5252C421EBFD1
:10496000146A24F004041462946921F00A0141EAF3
:104970000E0124F0F00444EA03139361116291687C
:1049800001EA0C0141F047017DE701227DE70000CB
:1049900070470000F0B581B004462068C76806691A
:1049A00007EA0605A90714D56FF00201016101218C
:1049B0002177806910F0030F03D02046FFF7E8FF4E
:1049C00005E0204600F01EF9204600F0C3FC002060
:1049D0002077680715D520686FF004010161022176
:1049E0002177806910F4407F03D02046FFF7D0FF85
:1049F00005E0204600F006F9204600F0ABFC002060
:104A00002077280715D520686FF00801016104217F
:104A10002177C06910F0030F03D02046FFF7B8FFDD
:104A200005E0204600F0EEF8204600F093FC002060
:104A30002077E80615D520686FF010010161082184
:104A40002177C06910F4407F03D02046FFF7A0FF14
:104A500005E0204600F0D6F8204600F07BFC002060
:104A60002077E80706D020686FF001010161204639
:104A700000F098FD17F0800718BF16F4025006D01A
:104A800020686FF4025101612046FFF71DFB002FE3
:104A900018BF16F4807006D020686FF48071016131
:104AA0002046FFF70FFB680606D520686FF040012F
:104AB0000161204600F080FDA80606D520686FF051
:104AC000200101612046FFF701FBE80206D52068BE
:104AD0006FF4801101612046FFF766FBA80206D53E
:104AE00020686FF4001101612046FFF75BFB68024C
:104AF00006D520686FF4800101612046FFF756FB60
:104B000028025CBF01B0F0BD20686FF400010161B4
:104B1000204601B0BDE8F040FFF738BC2DE9F04178
:104B200086B0002143F2004340F200440591CDE9F4
:104B30000311CDE90111C4F20103C4F600040268B7
:104B400041F24C00C4F202009A4241D042F60041C8
:104B5000C4F201018A4252D1016801AD0226002748
:104B60004FF0060841F002010160016801F0020106
:104B700000910099016841F0010101602946006837
:104B800000F00100009000984FF4C04001902046D2
:104B90000296CDE90377CDF81480FDF7EFFD4FF4D1
:104BA000004001A9C1C10420049729460590204670
:104BB000FDF7E4FD4FF4E06001A9C1C14FF0904062
:104BC0002946CDE90478FDF7D9FD06B0BDE8F081AE
:104BD000026842F004020260006800F004000090E5
:104BE00000984FF4EE5001900220CDE9020104201C
:104BF000049101A9059004F58060FDF7BFFD06B0A2
:104C0000BDE8F08170470000B0B504460D46002CA9
:104C100004BF0120B0BD94F83D0028B9002084F8FD
:104C20003C00204600F0BAF8022040F6FF3284F83B
:104C30003D00C4F200022068016890420EDD43F29C
:104C4000FF32C4F20102904218DC40F60042C4F286
:104C5000000290421ED042F6004217E0B0F1804FB1
:104C60001EBF40F20042C4F20002904212D040F651
:104C70000002C4F2000290420CD00FE045F20002A4
:104C8000C4F20102904205D043F20042C4F2010294
:104C9000904203D1A26821F07001114343F2FF3228
:104CA000C4F20102904214DC40F2FF72C4F200022E
:104CB000904223DD40F60002C4F2000290421EBF83
:104CC00040F60042C4F2000290422DD042F600426B
:104CD00026E044F2FF32C4F20102904218DD44F2B1
:104CE0000042C4F2010290421EBF45F20002C4F22B
:104CF0000102904218D044F6000211E0B0F1804F5A
:104D000012D040F20042C4F2000290420CD00FE0F8
:104D100043F20042C4F20102904205D044F2000284
:104D2000C4F20102904203D1226921F4407111437F
:104D3000E268A36921F08001C2621943626882625D
:104D4000A0F18042A2F596324FEAB222092A08D891
:104D5000012303FA02F240F2E5231A421CBF626902
:104D60000263026842F004020260012242610160B3
:104D7000016821F0080101600168294301600020F9
:104D800084F8482084F83E2084F83F2084F84420AA
:104D900084F8452084F83D20B0BD0000006844F24E
:104DA0000001C4F20101884218BF704780B582B08B
:104DB00041F260000022C4F20200016841F4803137
:104DC00001600121006800F48030019001981820F2
:104DD000FDF76AFF182002B0BDE88040FDF754BF20
:104DE00090F83C30012B02BF0223D8B270474FEA43
:104DF000B2020123052A80F83C3000F2D6812DE969
:104E0000F0474DF2004C48F6FF4A4FF68C79CBF64E
:104E1000FE7CCFF6FF6ACFF6FE79DFE812F00600DF
:104E20005100A600FB004F0187010268D2F82080E4
:104E3000136A23F0010328F0020613621346D2F826
:104E400004E053F8185F0F688C6805EA09053443DD
:104E500045EA070802EB0C074FEAB726092E0FD8E0
:104E6000012740F2E525B7402F421FBF176A27F000
:104E700004071762CF681CBF24F0080547EA050441
:104E8000092E0CD80127B74040F2E52637421FBF54
:104E9000D1E905762EF440752F4347EA060EC2F895
:104EA00004E0C2F818804F6857631462976947F0AE
:104EB00008079761976927F00407976109696EE110
:104EC0000268D2F82080136A23F0100328F020052E
:104ED00013621346D2F804E053F8186F8C680F6819
:104EE00045EA041406EA0A0542F60046C4F2010641
:104EF00045EA0728B2421EBF45F20006C4F2010689
:104F0000B24205D043F20046C4F20106B24208D1D3
:104F1000166A24F0800426F040061662CE6844EA41
:104F2000061402EB0C074FEAB726092E0DD801270D
:104F3000B74040F2E52637421FBFD1E905762EF48F
:104F4000406545EA870747EA860EC2F804E0C2F8E2
:104F500018804F6897631462976947F400679761F8
:104F6000976927F48067976117E10268146A136AEA
:104F700023F4807324F4007413621346D2F804E01F
:104F800053F81C5F0E688F6805EA090544EA072498
:104F900045EA060842F60046C4F20106B2421EBFC8
:104FA00045F20006C4F20106B24205D043F20046C3
:104FB000C4F20106B24208D1166A24F4006426F451
:104FC00080661662CE6844EA062402EB0C074FEABC
:104FD000B726092E0DD80127B74040F2E526374203
:104FE0001FBFD1E905762EF4405545EA071747EA79
:104FF000061EC2F804E0C2F81C804F68D763146232
:10500000D76947F00807D761D76927F00407D76148
:105010000969C4E00268146A136A23F4805324F413
:10502000005413621346D2F804E053F81C5F0E6874
:105030008F6805EA0A0544EA073445EA062842F67D
:105040000046C4F20106B2421EBF45F20006C4F299
:105050000106B24205D043F20046C4F20106B24254
:1050600008D1166A24F4004426F480461662CE68FD
:1050700044EA063402EB0C074FEAB726092E0DD896
:105080000127B74040F2E52637421FBFD1E9057638
:105090002EF4404545EA871747EA861EC2F804E029
:1050A000C2F81C804F6817641462D76947F4006720
:1050B000D761D76927F48067D7616EE00268D2F8BC
:1050C00020E0136A23F480332EF400351362134674
:1050D000D2F8048053F8504F8F680E6845EA074EA7
:1050E00009F1030502EB0C072C4026434FEAB724D5
:1050F000092C0AD8012740F2E525A7402F421EBF00
:105100004F6928F4803545EA0728C2F804801665FF
:105110004F689764C2F820E0176D47F008071765DD
:10512000176D27F004071765096938E00268D2F89F
:1051300020E0136A23F480132EF400161362134642
:10514000D2F8048053F8504F8F680D6846EA075E26
:105150000AF5407602EB0C07344044EA05254FEA95
:10516000B724092C0AD8012740F2E526A740374288
:105170001EBF4F6928F4802646EA8728C2F80480BB
:1051800015654F68D764C2F820E0176D47F40067D3
:105190001765176D27F480671765096909021A6892
:1051A000114319600023BDE8F047002180F83C104E
:1051B000D8B2704710B50446002C04BF012010BDC2
:1051C00094F83D0028B9002084F83C00204600F007
:1051D000BFF8022040F6FF3284F83D00C4F200021E
:1051E0002068016890420EDD43F2FF32C4F20102F2
:1051F000904218DC40F60042C4F2000290421ED0F9
:1052000042F6004217E0B0F1804F1EBF40F200426C
:10521000C4F20002904212D040F60002C4F2000232
:1052200090420CD00FE045F20002C4F2010290421D
:1052300005D043F20042C4F20102904203D1A268B9
:1052400021F07001114343F2FF32C4F20102904297
:1052500014DC40F2FF72C4F20002904223DD40F6FB
:105260000002C4F2000290421EBF40F60042C4F2A7
:10527000000290422DD042F6004226E044F2FF3276
:10528000C4F20102904218DD44F20042C4F201026D
:1052900090421EBF45F20002C4F20102904218D0B3
:1052A00044F6000211E0B0F1804F12D040F200420B
:1052B000C4F2000290420CD00FE043F20042C4F26C
:1052C0000102904205D044F20002C4F20102904271
:1052D00003D1226921F440711143E268A36921F0EE
:1052E0008001C262194362688262A0F18042A2F525
:1052F00096324FEAB222092A08D8012303FA02F2B1
:1053000040F2E5231A421CBF62690263026842F060
:1053100004020260012242610160002084F84820FA
:1053200084F83E2084F83F2084F8402084F841200F
:1053300084F8422084F8432084F8442084F84520EF
:1053400084F8462084F8472084F83D2010BD0000F2
:10535000704700007047000071B180B50B1F4FF01F
:10536000010C05224FEAB30EBEF1040F38BF0CEB5F
:10537000B302BDE8804000E00022024492F83E20E3
:10538000012A1CBF0120704761B10A1F4FEAB20217
:10539000032A0BD8DFE802F0020E1216022280F870
:1053A0003F2012E0022280F83E200EE0022280F828
:1053B00043200AE0022280F8402006E0022280F822
:1053C000412002E0022280F8422001F01F01012268
:1053D00002FA01F30168086A98430862086A1843F0
:1053E0000862A1F18040A0F596304FEAB02007286E
:1053F00053D802FA00F010F0E50F4ED0486C40F49C
:105400000040486442F6FF30C4F2010081420BDCE8
:1054100040F2FF70C4F20000814214DCB1F1804F11
:105420002AD040F2004016E043F6FF70C4F20100BB
:10543000814215DC42F60040C4F2010081421BD0DB
:1054400043F2004014E040F60000C4F20000814244
:1054500012D040F60040C4F2000081420CD016E0A9
:1054600045F20000C4F20100814205D044F2000080
:10547000C4F2010081420AD188680722C0F2010209
:1054800002400020062A18BFB2F5803F04D0086809
:1054900040F0010008600020704742F6FF30C4F27F
:1054A00001008142B4DD43F6FF70C4F20100814285
:1054B000C0DD44F20000C4F201008142DCD045F2BC
:1054C0000000C4F20100814298D0E0E780B501F00D
:1054D0001F024FF0010E0EFA02FC0268136A23EA63
:1054E0000C0341F2111C1362C0F2110C136A136217
:1054F000A2F18043A3F596334FEAB323072B14D8C8
:105500000EFA03F313F0E50F0FD0136A13EA0C0F32
:1055100011D1D2F820E044F244431EEA030F02BF47
:10552000536C23F40043536405E045F20003C4F2D6
:1055300001039A42E9D0136A13EA0C0F0AD1D2F898
:1055400020C044F244431CEA030F02BF136823F057
:10555000010313604FEAB101042909D8DFE801F023
:10556000030D12171C00012180F83E10002080BDA1
:10557000012180F84310002080BD012180F83F10F8
:10558000002080BD012180F84010002080BD012155
:1055900080F84110002080BD012180F842100020D9
:1055A00080BD0000006841F20041C4F20001884261
:1055B00008BFFDF7C1BA70477047000090F884102B
:1055C000012902BF0221C8B270472421C0F8881007
:1055D00002681368116821F0010123F00053116083
:1055E0000021416613602022C0F8882080F88410D2
:1055F000C8B27047704700007047000090F88420E0
:10560000012A02BF0221C8B27047B0B54FF0010EA7
:10561000242280F884E0C0F888200268D2F800C014
:10562000136823F001031360936823F06063194348
:105630009160416EC9B1916840F6747E40F66C7518
:10564000C0F6010EC0F60105C1F342611EF801303B
:10565000695CC900B1FBF3F193685B0F1EF803406E
:10566000EB5CDB00B3FBF4FE00E00121A0F86AE094
:10567000A0F868102021C2F800C0C0F888100021EE
:1056800080F88410BDE8B040C8B2704790F884201C
:10569000012A02BF0221C8B27047B0B54FF0010E17
:1056A000242280F884E0C0F888200268D2F800C084
:1056B000136823F001031360936823F060431943D8
:1056C0009160416EC9B1916840F6747E40F66C7588
:1056D000C0F6010EC0F60105C1F342611EF80130AB
:1056E000695CC900B1FBF3F193685B0F1EF80340DE
:1056F000EB5CDB00B3FBF4FE00E00121A0F86AE004
:10570000A0F868102021C2F800C0C0F8881000215D
:1057100080F88410BDE8B040C8B270477047000000
:1057200070470000704700002DE9F041044640F644
:105730002F012068C26902EA010701688368202FEF
:105740000DD101F0200703F08056374307D0616F79
:10575000002900F0AC812046BDE8F041084740F642
:105760000F074FF6FE781740CEF6FF7852D040F282
:1057700020160125C0F20046C1F200050E401D4072
:105780002E4347D0D6070BD011F480761FBF0126D9
:105790000662D4F8906046F0010618BFC4F8906025
:1057A00003F0010697070AD5002E1FBF02270762E4
:1057B000D4F8907047F0040718BFC4F890705707EA
:1057C0000AD5002E1FBF04270762D4F8907047F057
:1057D000020718BFC4F8907017070CD501F0200716
:1057E0002F431FBF08270762D4F8907047F00807BF
:1057F00018BFC4F8907017055ED511F080675BD0B4
:105800004FF400672546076255F8907F47F0200760
:105810002F6053E0E66E02EA0105EF063DD5012E4A
:105820003BD110210162816811F0400F40F0B68039
:10583000B4F85C10B4F85E20B4F85E30002B00F0D1
:105840003681891A89B211B931E100BF206850E868
:10585000000F226820F4907042E80003002BF5D17D
:10586000206850E8020F226800EA080042E80203BC
:10587000002BF5D12020C4F88C000020E066606782
:10588000206850E8000F226820F0100042E8000372
:10589000002BF5D102202067CCE0D70240F1CF8069
:1058A00013F4800700F0CB804FF480110162204692
:1058B000BDE8F041FFF734BF04F190052F68002FD9
:1058C00000F0F58012F020020BD001F0200103F06F
:1058D000805211431CBF616F002902D020468847C7
:1058E00020682968826801F0280102F04002114313
:1058F00009D12046FFF716FF0020C4F89000BDE84C
:10590000F08100BF206850E8000F216820F49070FB
:1059100041E80002002AF5D1206850E8020F216812
:1059200000EA080041E80202002AF5D1E06E0128F1
:105930000AD100BF206850E8000F216820F0100055
:1059400041E80002002AF5D12020C4F88C00002094
:10595000E06660672068816811F0400F01D17BE04C
:10596000206850E8020F216820F0400041E8020260
:10597000002AF5D1D4F8800000286DD046F6D56114
:10598000C0F600018163FCF787F9002800F08F80E2
:10599000D4F88000816BBDE8F0410847D4F880104E
:1059A0000B685F68B4F85C20B9B2002978D09142E6
:1059B00076D2A4F85E70196811F0200F01D033E0A0
:1059C000206850E8000F216820F4807041E8000250
:1059D000002AF5D1206850E8020F216820F001006C
:1059E00041E80202002AF5D1206850E8020F216840
:1059F00020F0400041E80202002AF5D12020C4F83E
:105A00008C000020E06600BF206850E8000F21688D
:105A100020F0100041E80002002AF5D1D4F88000FF
:105A2000FCF700F9B4F85C2002202067B4F85E00AF
:105A3000101A81B22046BDE8F041FFF7DBBD170622
:105A40000FD501F0800703F400033B4309D0A16F99
:105A500000297FF480AE2AE02046BDE8F041FFF740
:105A600061BE6B0625D550E8000F216820F040008C
:105A700041E8000252B100BF206850E8000F2168E1
:105A800020F0400041E80002002AF5D12020C4F8AF
:105A900088000020A0672046BDE8F04100F086B9EC
:105AA0008A4204D1186810F0200F7FF4F3AEBDE8ED
:105AB000F081100207D511F0804004D02046BDE8E7
:105AC000F041FFF72BBED001F1D5B1F1FF3FC8BFC8
:105AD000BDE8F0812046BDE8F041FFF78DBD000034
:105AE00010B50446DCB1D4F8880028B9002084F849
:105AF0008400204600F028F82420C4F8880020689C
:105B0000016821F001010160A06A00281CBF204645
:105B100001F008F9204601F07DFA012801D10120A9
:105B200010BD2068416821F490414160816821F0F6
:105B30002A018160016841F0010101602046BDE851
:105B4000104001F065B900002DE9F0419CB0044619
:105B5000002602A854211B96CDE91966CDE91766E7
:105B6000FAF7A0FB206843F6000140F2080841F272
:105B70004C0740F20045C4F20101C4F20208C4F22D
:105B80000207C4F60005884255D048F20001C4F26D
:105B90000001884240F0B58020200026029002A833
:105BA0000896FDF72DFA002818BFFAF707FD3869A7
:105BB000022140F001003861386900F001000190D5
:105BC0000198386840F004003860386800F004003C
:105BD0000190019803201790CDE918161A9008201B
:105BE00017A91B9005F58060FCF7C8FD40F2986589
:105BF0002320C2F20005C5F8008068601020C5E9C6
:105C0000020680202E62C5E90666C5E9040628461C
:105C1000FCF7DEF8002818BFFAF7D0FC5B2004215F
:105C20000022E567AC62FDF73FF85B20FDF72CF83A
:105C30001CB0BDE8F0810120CDE9020602A8FDF705
:105C4000DFF9002818BFFAF7B9FC7869002617A910
:105C500040F480407861786900F4804001900198B8
:105C6000386840F002003860386800F002000190A7
:105C70000198C0201790022018900720CDE91966DE
:105C80001B902846FCF77AFD40F6180508F13C0009
:105C90008027C2F200052860192068601020C5E93D
:105CA000020628462E62C5E90666C5E90476FCF7B9
:105CB0008FF8002818BFFAF781FCE567AC6240F264
:105CC000B87508F1500018212022C2F2000585E8BD
:105CD00043002846C5E90367C5E90566C5E9072607
:105CE000FCF776F8002818BFFAF768FC2520042195
:105CF0000022C4F88050AC62FCF7D6FF2520FCF7E8
:105D0000C3FF1CB0BDE8F081B0B504461346D4F81B
:105D1000880020281EBF0220C0B2B0BD002918BFD5
:105D2000002B27D0002221202165A4F85430A4F8AC
:105D30005630C4F89020C4F88800E06FE8B146F609
:105D4000A97C46F6ED7E46F6DD65C0F6000CC0F691
:105D5000000EC0F60005C0E90BCEC0E90D52226866
:105D60002832FCF7E3F840B11020C4F8900020205E
:105D7000C4F888000120C0B2B0BD20684021016293
:105D800050E8020F216840F0800041E802024AB169
:105D9000206850E8020F216840F0800041E80202CC
:105DA000002AF5D10020C0B2B0BD000040F630118D
:105DB000C2F20001884200D0704740F22040C2F297
:105DC0000000C16C0131C16443F2A860C2F200005E
:105DD0000168002908BF70474FF4805200238B529E
:105DE00041F202028B5403607047000070470000CC
:105DF000FEE7000040F63010C2F20000FFF794BC4E
:105E000010B592B0002468463C211194CDE90F44AE
:105E1000FAF748FA40F2C0404FF0A0414FF4403248
:105E20000423C2F2000080E816000121C0E9034407
:105E3000C0E9054304774477016280F8244080F884
:105E40003840C46380F84040FBF7A4FC002818BF2A
:105E5000FAF7B4FB40F2C0400FA90F94C2F2000061
:105E6000FBF7E6F8002818BFFAF7A8FB42F200009B
:105E70000121CBF290600090092001900320029054
:105E80007F20039004200490002005900891842135
:105E90008DF824008DF825008DF826000A918021C8
:105EA0000B918DF8300040F2C0406946C2F200000C
:105EB000FAF716FC002818BFFAF780FB12B010BDE5
:105EC000F0B597B0002568463C21CDE91555CDE9E0
:105ED0001355CDE91155CDE90F55FAF7E3F940F225
:105EE0002C5040F200114FF4403201230426C2F23C
:105EF0000000C5F2000180E82600C0E90355C0E9B2
:105F0000053605774577036280F82450C0E90B55C4
:105F100080F83850C56380F84050FBF73BFC002800
:105F200018BFFAF74BFB022406207F270FA9C0F207
:105F300030440F94CDE9100540F22C50CDE9127693
:105F40001495C2F20000FBF701F9002818BFFAF718
:105F500035FB40F200200421C2F2B050009009202D
:105F600001900320CDE902070491002105910890DA
:105F70009C208DF824108DF825108DF826100A909D
:105F800080200B9040F22C508DF830106946C2F200
:105F90000000FAF7A5FB002818BFFAF70FFB40F244
:105FA0000F1000946946019040F22C50C2F200009C
:105FB000FAF796FB002818BFFAF700FB2020694685
:105FC000C1F2F040009040F21520019040F22C50B8
:105FD000C2F20000FAF784FB002818BFFAF7EEFAC5
:105FE00017B0F0BD10B592B0002468463C21119462
:105FF000CDE90F44FAF756F940F2985040F20041CB
:106000004FF440320423C2F20000C5F2000180E8E0
:1060100016000121C0E90344C0E905430477447731
:10602000016280F8244080F83840C46380F8404022
:10603000FBF7B0FB002818BFFAF7C0FA40F29850FF
:106040000FA90F94C2F20000FAF7F2FF002818BF60
:10605000FAF7B4FA42F200000121CBF29860009006
:1060600009200190032002907F20039004200490D7
:1060700000200590089184218DF824008DF82500DA
:106080008DF826000A9180210B918DF8300040F2A6
:1060900098506946C2F20000FAF722FB002818BFA8
:1060A000FAF78CFA12B010BD70B590B001A83C217F
:1060B000FAF7F8F840F2046040F200614FF4403221
:1060C000002404250126C2F20000C5F2000180E888
:1060D0001600C0E90344C0E9054504774477066229
:1060E00080F8244080F83840C46380F84040FBF7D3
:1060F00051FB002818BFFAF761FA202001A9C9F264
:10610000F040019009200290032003907F20CDE908
:1061100004058420069409968DF828408DF82940BE
:106120008DF82A400B9080200C9040F204608DF88E
:106130003440C2F20000FAF7D3FA002818BFFAF789
:106140003DFA10B070BD000080B540F2706040F6BE
:106150000041C2F20000C4F202010160FBF732FD0F
:1061600000281CBFBDE88040FAF728BA80BD0000B7
:1061700080B582B041F248000022C4F202000168FA
:1061800041F004010160016801F0040101910199ED
:10619000016841F0010101600421006800F0010084
:1061A000009000980B20FCF77FFD0B20FCF76CFDA6
:1061B0000C2001210022FCF777FD0C20FCF764FD88
:1061C0000D2001210022FCF76FFD0D20FCF75CFD86
:1061D0000E2005210022FCF767FD0E20FCF754FD80
:1061E0000F2005210022FCF75FFD0F2002B0BDE863
:1061F0008040FCF749BD0000B0B540F6780046F29B
:1062000000414FF440724FF00A0E03234FF00C0C84
:1062100001240D25C2F20000C4F20001016000213A
:106220004160826081740182C160C0E905E3C0E918
:1062300007C3022200F1240334C302631C22C0E915
:106240000D21C163FCF70EF900281CBFBDE8B0406A
:10625000FAF7B4B9B0BD000080B546F6954040F6F7
:106260007C720021C0F60000C0F6010207F0A4F81D
:1062700040F2AC3140F61872C2F20001C0F60102E1
:10628000086046F6F5700021C0F6000007F094F8AB
:1062900040F2BC0140F6DC62C2F20001C0F601022D
:1062A000086040F2F5400021C0F6000007F084F8D5
:1062B00040F27801C2F20001086080BD2DE9F04F84
:1062C00087B041F24C004FF0000940F60004002274
:1062D000CDF81890C4F20200C4F60004016841F041
:1062E00004010160016801F0040101910199016854
:1062F00041F020010160016801F020010191019944
:10630000016841F001010160016801F001010191A2
:106310000199016841F002010160016801F0020188
:1063200001910199016841F00801016042F22401E4
:10633000006800F00800019001982046FCF704FB7B
:106340004FF0904048F21001002248F2100BFCF789
:10635000FBFA04F58065042100222846FCF7F4FAD4
:1063600042F2040002AE4FF001084FF0020A029020
:1063700020463146CDF80C80CDE904A9FCF7FEF9A2
:106380004FF440403146CDE902092046CDF8109047
:10639000FCF7F4F903274FF090403146CDE902B8FD
:1063A000CDF810900597FCF7E9F9202002A981E8C3
:1063B0000105204631460597FCF7E0F94FF40070DF
:1063C00002A981E8010620463146FCF7D7F90420EE
:1063D00002A981E8010328463146CDF81490FCF764
:1063E000CDF907B0BDE8F08F80B540F6DC0045F28E
:1063F00000410122C2F20000C4F20001016049F62E
:10640000E451C3F2D201416000218160C0E907116B
:10641000C0E90511C0E90321FCF7F0FA002818BF14
:10642000FAF7CCF840F6DC000021C2F20000FCF7DD
:1064300099FA002818BFFAF7C1F840F6DC000021ED
:10644000C2F20000FCF7B4FA00281CBFBDE880408F
:10645000FAF7B4B880BD000080B540F6301048F2BD
:10646000000148F6805200234FF00C0CC2F20000ED
:10647000C4F20001C0F25B0280E80E00C0E9033301
:10648000C0E905C3C0E908338362FFF729FB002890
:1064900018BFFAF793F840F630100021C2F200005E
:1064A000FFF7F4F8002818BFFAF788F840F6301024
:1064B0000021C2F20000FFF7A1F8002818BFFAF788
:1064C0007DF840F63010C2F20000FFF777F80028A0
:1064D0001CBFBDE88040FAF771B880BD80B540F6BA
:1064E000C41040F2003100224023C2F20000C4F286
:1064F000010180E80E00012102614FF400430175A3
:106500004FF400318261C0E90913C262FCF70EFC4E
:1065100000281CBFBDE88040FAF750B880BD0000DD
:1065200080B540F6002040F2083100224023C2F23C
:106530000000C4F2010180E80E00012102614FF465
:10654000004301754FF400318261C0E90913C26252
:10655000FCF7ECFB00281CBFBDE88040FAF72EB822
:1065600080BD000080B540F63C2040F20C31002296
:106570004023C2F20000C4F2010180E80E000821AD
:106580004FF400430161012101754FF40031826134
:10659000C0E90913C262FCF7C9FB00281CBFBDE8B3
:1065A0008040FAF70BB880BDB0B540F6782043F2D2
:1065B00000014FF4827200234FF4706C4FF0010E13
:1065C0004FF400741825C2F20000C4F2010180E803
:1065D0000E100721C0E9043EC0E90645C0E90833B2
:1065E000C0E90A31C0E90C33FDF7F4FA00281CBFFA
:1065F000BDE8B040F9F7E2BFB0BD0000B0B540F66D
:10660000DC2043F600414FF4827200234FF4706C9B
:106610004FF0010E4FF400741025C2F20000C4F2D6
:10662000000180E80E100721C0E9043EC0E90645DC
:10663000C0E90833C0E90A31C0E90C33FDF7CAFAF2
:1066400000281CBFBDE8B040F9F7B8BFB0BD0000DE
:1066500010B584B040F68C3044F2000100244FF6AF
:10666000FF72C2F20000C4F201010394CDE90144BB
:10667000C0E900140821C0E90242C0E90444846171
:10668000FEF7C2FA002818BFF9F798FF40F68C30E1
:1066900001A901940394C2F20000FDF789FD0028CE
:1066A00018BFF9F78BFF04B010BD000010B59CB007
:1066B000002401A83421CDE91A44CDE91844CDE9DC
:1066C0001644CDE91444CDE91244CDE91044CDE996
:1066D0000E44F9F7E7FD40F6403042F60041202233
:1066E00040F69F734FF4007CC2F20000C4F2010137
:1066F000C0E9001400F1080181E80C10C0E905446C
:10670000FDF746FE002818BFF9F758FF4FF48050F8
:1067100018A9189040F64030C2F20000FEF716F8B3
:10672000002818BFF9F74AFF40F64030C2F20000D7
:10673000FEF740FD002818BFF9F740FF7020002445
:1067400015A9159040F64030CDE91644C2F200007C
:10675000FDF72EFD002818BFF9F730FF60200EA9C5
:1067600000220E904FF4FA60CDE91344CDE91144B4
:10677000CDE90F0440F64030C2F20000FEF730FBD6
:10678000002818BFF9F71AFF40F640300EA904227E
:10679000C2F20000FEF724FB002818BFF9F70EFF35
:1067A00040F640300EA90822C2F20000FEF718FBA6
:1067B000002818BFF9F702FF40F2CE700EA90C2294
:1067C0000F9040F64030C2F20000FEF709FB0028AF
:1067D00018BFF9F7F3FE00207821CDE901000390FE
:1067E000CDE904104FF4005106910221CDE90710C4
:1067F0004FF000710990CDE90A10CDE90C0040F688
:10680000403001A9C2F20000FDF762FC002818BF69
:10681000F9F7D4FE40F64030C2F20000FEF77EF9F0
:106820001CB010BD10B59CB0002401A83421CDE9E6
:106830001A44CDE91844CDE91644CDE91444CDE914
:106840001244CDE91044CDE90E44F9F72BFD40F692
:10685000244043F20041202240F69F734FF4007C15
:10686000C2F20000C4F20101C0E9001400F1080105
:1068700081E80C10C0E90544FDF78AFD002818BF27
:10688000F9F79CFE4FF4805018A9189040F6244068
:10689000C2F20000FDF75AFF002818BFF9F78EFE7C
:1068A00040F62440C2F20000FEF784FC002818BF26
:1068B000F9F784FE7020002415A9159040F62440B5
:1068C000CDE91644C2F20000FDF772FC002818BFA3
:1068D000F9F774FE60200EA900220E904FF4FA60C2
:1068E000CDE91344CDE91144CDE90F0440F624402D
:1068F000C2F20000FEF774FA002818BFF9F75EFE36
:1069000040F624400EA90422C2F20000FEF768FA05
:10691000002818BFF9F752FE40F624400EA90822BD
:10692000C2F20000FEF75CFA002818BFF9F746FE35
:1069300040F6B6300EA90C220F9040F62440C2F269
:106940000000FEF74DFA002818BFF9F737FE0020C7
:106950000421CDE901000390CDE904104FF400516A
:1069600006910221CDE907104FF000710990CDE9A1
:106970000A10CDE90C0040F6244001A9C2F2000043
:10698000FDF7A6FB002818BFF9F718FE40F62440D3
:10699000C2F20000FEF7C2F81CB010BD80B540F690
:1069A000704043F600010C22C2F20000C4F2010163
:1069B00001604FF4E13141600021C0E90211016141
:1069C000C0E90911C0E90711C0E90521FFF788F8FE
:1069D000002818BFF9F7F2FD40F670400021C2F21E
:1069E0000000FEF753FE002818BFF9F7E7FD40F658
:1069F00070400021C2F20000FEF700FE002818BF20
:106A0000F9F7DCFD40F67040C2F20000FEF7D6FD5B
:106A100000281CBFBDE88040F9F7D0BD80BD000054
:106A2000FEE70000FEE7000020EE212A20EEA13A5A
:106A300000EE812A00EE413A80ED002A81ED003A15
:106A4000704700000000000000000000000000008F
:106A5000EFF30980BFF36F8F154B1A681EF0100F0C
:106A600008BF20ED108A20E9F04F10602DE90900E1
:106A70004FF0100080F31188BFF34F8FBFF36F8F7B
:106A800008F0E2FD4FF0000080F31188BDE8090036
:106A900019680868B0E8F04F1EF0100F08BFB0EC9E
:106AA000108A80F30988BFF36F8F704700BF00BF63
:106AB000140E00202DE9F04F83B000271E469046AB
:106AC0000D4681468DF80770FBF746FF301A00EB44
:106AD000080BFBF741FF824640F204002321D9F85E
:106AE0000040C2F2000000684843000D00FB0BF0BC
:106AF0000290A068284251D008F1010620465F4666
:106B0000B5F5C06F02BF217B8DF807109DF8071007
:106B100066B1FBF721FFA0EB0A00B84213D202983E
:106B200040B1029801380290D9F8000081682942EA
:106B3000E6D106E0D9F80000002781682942DFD1BC
:106B40002CE000272AE0D9F80000416821F0E0019C
:106B50004160D9F80410B1F5827F0BD1D9F8081043
:106B6000B1F5004F18BFB1F5806F03D1016821F076
:106B700040010160D9F82810B1F5005F07D1016824
:106B800021F400510160016841F4005101600120CD
:106B9000032789F85D00002089F85C00F8B203B093
:106BA000BDE8F08FF0B581B015460E460446FBF700
:106BB000D3FE281A8719FBF7CFFE054640F20400E2
:106BC000C2F200000068C0F3CB3078430090206828
:106BD000816811F0800F01D1002742E0013600BF2B
:106BE00056B1FBF7B9FE401BB84213D2009840B132
:106BF0000098013800902068816811F0800FEFD173
:106C000006E020680027816811F0800FE8D128E0B5
:106C1000002726E02068416821F0E00141606168BA
:106C2000B1F5827F0AD1A168B1F5004F18BFB1F567
:106C3000806F03D1016821F040010160A16AB1F5C4
:106C4000005F07D1016821F400510160016841F43F
:106C5000005101600120032784F85D00002084F8C2
:106C60005C00F8B201B0F0BD0000000000000000C0
:106C7000074B19680868B0E8F04F80F30988BFF344
:106C80006F8F4FF0000080F31188704700BF00BF86
:106C9000140E002080B500BF012006F047FBFBE783
:106CA00080B54EF21000CEF20000006809F03CF909
:106CB00001281CBFBDE8804008F0AABD80BD0000CF
:106CC0004EF68850CEF20000016841F47001016078
:106CD0007047000080B540F64030C2F20000FDF77A
:106CE00059FE40F68C30C2F20000BDE88040FDF74E
:106CF00051BE000040F64030C2F20000FDF74ABE2F
:106D000040F6D830C2F20000FDF744BE40F6244001
:106D1000C2F20000FDF73EBE40F62440C2F2000081
:106D2000FDF738BE816A11F0080F38D1CA0741D18A
:106D30008A074AD44A0753D4CA065CD48A0608D5BF
:106D400002689368D0F840C023F4005343EA0C0370
:106D5000936080B54A0615D5D0F800E0DEF804C08F
:106D6000436C2CF48012B3F5801F42EA0302CEF884
:106D7000042007D1DEF80420836C22F4C0021A43F9
:106D8000CEF804200906BDE8804058BF704701686E
:106D90004A68C06C22F400221043486070470268C1
:106DA0005368D0F838C023F4004343EA0C0353601F
:106DB000CA07BDD002685368D0F82CC023F4003352
:106DC00043EA0C0353608A07B4D502685368D0F8CD
:106DD00030C023F4803343EA0C0353604A07ABD539
:106DE00002685368D0F834C023F4802343EA0C03CC
:106DF0005360CA06A2D502689368D0F83CC023F459
:106E0000805343EA0C0393608A0699D4A1E70000FB
:106E1000B0B582B004460020C4F89000FBF79CFD9A
:106E200005462068016811F0080F1BD06FF07E4006
:106E30004FF4001100222B460090204600F04AFA41
:106E400078B100BF206850E8000F216820F0800072
:106E500041E80002002AF5D12020C4F88800032070
:106E600031E02068006810F0040F24D06FF07E40FD
:106E70004FF4800100222B460090204600F02AFAB1
:106E8000C8B100BF206850E8000F216820F490705E
:106E900041E80002002AF5D1206850E8020F21687D
:106EA00020F0010041E80202002AF5D12020C4F8B8
:106EB0008C00032007E02020C4F88800C4F88C0070
:106EC0000020E06620670021C0B284F8841002B080
:106ED000B0BD0000806AFEF725BC0000806AD0F8D3
:106EE0008810D0F88CC00268936821291ED113F055
:106EF00080011BD052E8001F03E000BF016851E889
:106F0000001F026821F0C00142E80013002BF5D1F8
:106F1000016851E8021F026821F4000142E80213EF
:106F2000002BF5D12021C0F8881002689368BCF1CD
:106F3000220F31D113F040012ED052E8001F02E0A1
:106F4000016851E8001F026821F4907142E80013C3
:106F5000002BF5D14FF6FE7CCEF6FF7C026852E89E
:106F6000022F036802EA0C0243E802210029F5D14E
:106F7000C16E01290AD100BF016851E8001F0268F3
:106F800021F0100142E80013002BF5D12021C0F8B8
:106F90008C100021C1664167D0F8901041F01001BB
:106FA000C0F89010FEF7BEBB0168806A096811F056
:106FB000200F18BFFEF7FABE0021A0F8561000BF40
:106FC000016851E8021F026821F0800142E80213C3
:106FD000002BF5D1016851E8001F026841F0400123
:106FE00042E80013002BF5D170470000806AFEF7DD
:106FF000FDBE000010B540F22044C2F2000400BF04
:10700000606B0130606307F0FBFE012006F08EF933
:10701000F6E70000F0B581B0044646F6F31648F2F4
:10702000000C44F6FF7741F2880E40F20215216809
:10703000A068D4E90423CCF6FF76C4F2000CC4F2B5
:107040000007C4F2020EC0F202051043614540EA97
:107050000300E3690A6802EA060240EA03004FF20D
:10706000FF4640EA0200C1F2FF1608604868E26885
:1070700020F4405040EA02004860A0691CBF226A28
:107080001043B9428A6802EA06024FF0100640EA4D
:1070900002008860C86A626A20F00F0040EA0200BD
:1070A000C86242F20040C0F2F40015DC44F200472E
:1070B000C4F20007B94222D044F60007C4F2000728
:1070C000B94220D044F60047C4F20007B9422FD19C
:1070D000DEF80070BE0921E045F20007C4F20007A7
:1070E000B94214D0614516D043F60007C4F2010737
:1070F000B9421DD1DEF8006005F580650EE0DEF8CE
:107100000070BE080AE0DEF800703E0906E0DEF816
:1071100000703E0A02E0DEF80070BE0A86F0020748
:107120006FF31F5507F0030747EA870725FA07F6AD
:10713000614515D0B3F5004F24D106F01F0301219E
:10714000082B00F2BB80DFE803F0056673B96BB96A
:10715000B9B97100FCF766FA002840F05F8063E07F
:1071600006F01F030121082B00F2A880DFE803F0DE
:1071700005A624A61CA6A6A62200FCF753FAB8B1C1
:10718000626A19E006F01F030121082B00F29680C5
:10719000DFE803F0056E7B94739494947900FCF718
:1071A00041FA002867D16CE0FCF768FA0028E7D1C3
:1071B000002183E04FF4004040F600716568C0F69E
:1071C000010131F81220012105EB4507B0FBF2F374
:1071D000BB4273D32F03BB4270D800210023F9F7C1
:1071E00017F809022A46002341EA1061000210EB59
:1071F000550041F10001F9F70BF84FF6FF42A0F5F9
:107200004071C0F20F02914203D82168C86000218A
:1072100054E0012152E0FCF71BFA28B1626A07E052
:10722000FCF72CFA0028F9D1002147E04FF4004088
:1072300040F60071C0F6010131F81210B0FBF1F018
:1072400061684A0802EB40004FF6EF72B0FBF1F0C4
:10725000A0F11001914209D84FF6F0710140C0F33E
:10726000420008432168C860002127E0012125E091
:10727000FCF7EEF928B1626A07E0FCF7FFF9002895
:10728000F9D100211AE04FF4004040F60071C0F639
:10729000010131F812104FF6EF72B0FBF1F06168A6
:1072A00000EB5100B0FBF1F0A0F11001914204D8C5
:1072B000216880B2C860002100E001210120A4F80B
:1072C0006A00A4F868000020C4E91D00084601B067
:1072D000F0BD00002DE9F04704460E4699462068AF
:1072E000C1693140891BB1FA81F14F0997422ED112
:1072F000DDF820A04FF6FE78CEF6FF780AF1010502
:10730000E5B1FBF729FB0321BAF1000F00F08980FA
:10731000A0EB0900504500F284802068016811F05C
:10732000040F18BF802E09D0402E07D0C16911F07C
:10733000080F10D1C16911F4006F40D1C16931400B
:10734000891BB1FA81F1490991EA070FD8D00021D0
:10735000C8B2BDE8F0870821016200E0206850E86B
:10736000000F216820F4907041E80002002AF5D156
:10737000206850E8020F216800EA080041E8020294
:10738000002AF5D1E06E01280AD100BF206850E83C
:10739000000F216820F0100041E80002002AF5D11A
:1073A00020200821C4F88C000020E0666067C4F843
:1073B0009010012184F88400C8B2BDE8F0874FF432
:1073C0000061016201E000BF206850E8000F216801
:1073D00020F4907041E80002002AF5D1206850E8BE
:1073E000020F216800EA080041E80202002AF5D1F4
:1073F000E06E01280AD100BF206850E8000F216824
:1074000020F0100041E80002002AF5D120200021E0
:10741000C4F88C00E1666167C4F8900084F88410B9
:107420000321C8B2BDE8F08740F67040C2F2000008
:10743000FEF77AB9FEE70000002818BF002909D03E
:10744000002A1CBF0368002B04D01B68002B08BF58
:1074500070471847704700000846114600F086B88C
:107460002DE9F04381B00446994617460E460020A8
:10747000002C1CBF2568002D54D0002F1CBFD5F850
:107480003480B8F1000F3FD069680020002949D04E
:10749000012121772062A684E784687848B105F14C
:1074A0000C010022002300BF013341F8102B83425E
:1074B000FAD3E86B00281FBF006800214163816395
:1074C00018BFC1634046A96BFDF746FFB8B94046F7
:1074D000FDF776F878B93744FBF73EFA064600BF69
:1074E000206AB84214D2FBF737FA801B4845F7D917
:1074F0004046FDF715F9A96B4046FDF7E7FF002070
:10750000207701B0BDE8F083002001B0BDE8F08332
:107510004046FDF705F9A96B4046FDF7D7FF00206F
:107520002077012001B0BDE8F0830000002808BFEB
:10753000704700291CBFD0F80CC0C1F800C0002A59
:107540001CBF01691160002B1CBF406918607047A7
:10755000002201600277026242620969C0E90322E7
:10756000C0E90521028142607047000080B50968CA
:10757000D1F88020828012B2D1F88430C3801BB24F
:10758000D1F888C0A0F808C00168D1F80CE091EDEE
:10759000040AA2EB0E0201EE102AB8EEC11ACA6963
:1075A000D1F82CE020EE010A80ED030A91ED080AE3
:1075B0009A1A01EE102A0FFA8CF2B8EEC11AA2EB59
:1075C0000E0220EE010A01EE102A80ED040A91ED70
:1075D0000C0AB8EEC11A20EE010A80ED050A80BD42
:1075E000B0B548B100291CBF0268002A04D0137846
:1075F00013B953688B4200D0B0BD00291CBF92F86C
:1076000001C0BCF1000F24D0051D08321378013BE6
:10761000032B07D8DFE803F002090D110B6803F113
:10762000800E0DE04FF0000E0CE00B6803F1840EAD
:1076300006E00B6803F1880E02E00B6803F18C0E84
:10764000DEF800E025F802EBBCF1010C02F11002BB
:10765000DCD1017F0029CFD0D0F800C0016A4A1CDC
:107660000262838C9942C7D39CF80110002908BF9D
:10767000B0BDD21A04300CF10C0300BF1D6830F904
:10768000024B0139A4EB050494FBF2F4254443F8C2
:10769000105BF3D1B0E7000070B584B0044641F44C
:1076A00080400022034600BF5A40C3F34E0392B20B
:1076B000002BF9D1D2074FF000054FF47A764FF046
:1076C000010318BF41F44040ADF80C5003AAADF8D7
:1076D0000E0021896068090481610DF10E012068A6
:1076E0000096FCF787FB00284FF480424FF001031F
:1076F00018BFADF80C506068218981610904ADF8AC
:107700000A20ADF8085002AA81610DF10A01206833
:107710000096FCF76FFB18B10020ADF8080003E0FD
:10772000BDF808006FF39F306168228980B28A61DA
:1077300004B070BD40F4804100220B465A40C3F3B0
:107740004E0392B2002BF9D1D20718BF40F440414A
:1077500008467047B0B5044665688DB128680028B2
:107760001CBFA16800290BD043F6FE71FFF794FF00
:1077700068816889E881A06801F058FA0020B0BDEE
:107780004FF0FF30B0BD00004068002814BF4089B2
:107790000020704710B54468002C04BF4FF0FF3044
:1077A00010BD43F6FE70FFF7C5FFA0804FF4804088
:1077B000E08000202073608120776083C4F8160089
:1077C000C4F81200C4F80E0010BD0000F0B581B07E
:1077D00004466668EEB3307B41F20405CEF2000544
:1077E000B8B1307FFF2804D00130C3B23077032B0B
:1077F00031D3A06830B101F0F5F9A06801F022FAA8
:1078000000203073002004210423307720462A68AA
:107810002CE000203077A068D8B12F6801F0EEF995
:10782000A068311D06F1080201F02AFAB8B16668B5
:10783000002E1CBFA068002806D001F0D3F9A06874
:1078400001F000FA002030732A682046042100234A
:107850000CE001B0F0BD2A682046032106E02A684A
:107860000120002172613073D31B204601B0BDE8B6
:10787000F04001F09BB90000B0B504466568002DEA
:107880001CBFA068002806D001F0ACF9A06801F088
:10789000D9F90020287341F2040004210323CEF219
:1078A000000002682046BDE8B04001F07FB900004A
:1078B000F0B581B004466668002E1CBFA0680028A1
:1078C00036D0317B41F20405CEF2000501291ED1EC
:1078D0002F6801F087F9A06801F090F9A068B11D48
:1078E00006F1080201F0C0F920B36668002E1CBF43
:1078F000A068002806D001F075F9A06801F0A2F98F
:10790000002030732A6820460421022319E0317BCD
:1079100002290DD12F6801F065F9308902216FF33A
:107920009F3070810020307320462A68D31B08E006
:1079300001B0F0BD2A6802200121D31BB36130736E
:10794000204601B0BDE8F04001F030B9406800F0D9
:1079500001B80000002804BF9FED110A7047C289DA
:107960008A1AB2F5405F02DD9FED0E0A04E012F5BF
:10797000405F08DA9FED0C0A90ED041A30EE010A20
:1079800080ED040A01E090ED040A9FED081A02EE72
:10799000101AB8EE422AC18102EE010A704700BFF8
:1079A00000000000DB0FC9C0DB0FC940DA0FC93986
:1079B00040F2200240F20C010128C2F20002C2F2A1
:1079C000000118BF0022002818BF11460846704762
:1079D00001280CD0002818BF704740F2140040F670
:1079E0002441C2F20000C2F200014160704740F23F
:1079F000280040F64031C2F20000C2F200014160AE
:107A00007047000040F2E430C2F2000001F002B919
:107A100070B540F2E43440F6A07043F20001012258
:107A200002234FF0904640F2B035C2F20004C0F697
:107A30000100C4F20101C2F2000584E84F001020E9
:107A400048F6652140F250064FF090421023A08284
:107A50000020C0F60001C2F20006A07548F67120B1
:107A6000C0F60000C4E90650216240F67821304695
:107A7000C2F20001F8F734FD40F2C43240F6407122
:107A800028462346C2F20002C0F60101166001F04A
:107A90005BF8284600F0F2FF2046BDE8704001F098
:107AA000A1B8000040F2280240F214010128C2F2FD
:107AB0000002C2F2000118BF0022002818BF1146C0
:107AC00008467047B0B50C46054624B32846FFF774
:107AD0006FFF20672846FFF7E5FF60672846FFF73E
:107AE00077FF012D0BD0002D18BFB0BD40F624400C
:107AF00040F22C51C2F20000C2F2000104E040F654
:107B000040300021C2F200002163216421650C2174
:107B1000C4E91801A066B0BD41F2C022C0EB40111B
:107B20000128C2F2000202EB810188BF0021084651
:107B30007047000001280ED8C0EB401C41F2C02065
:107B4000C2F2000000EB8C0CBCF1000F1CBF9CF8D3
:107B50000000002801D1002070470CF10400FFF75D
:107B60007FBC00002DE9F04381B041F2C02440F217
:107B7000B0304FF00108002603274FF00209C2F28F
:107B80000004C2F2000084F80080E0660020A667CE
:107B900084F82C6084F82D7084F834802146C3F674
:107BA0000440C4E90E6084F84490C4E9126084F88B
:107BB0005470C4E916600020FFF784FF207820B1DC
:107BC000201D04F12C01FFF7C3FC254640F20840BC
:107BD00005F87C6FC2F20000E8664FF07E50AE6799
:107BE00085F82C6085F82D7085F834802946C5E924
:107BF0000E6085F84490C5E9126085F85470C5E9B7
:107C000016600120FFF75EFF287828B104F180009C
:107C100004F1A801FFF79CFC01B0BDE8F043FFF7B9
:107C2000F7BE00002DE9F0412DED0E8B43F2D43864
:107C300014460D460646B0EE418AB0EE609AC2F296
:107C4000000898F8007057B1012F0CD0022F384669
:107C500043D143F2A460C2F200000078E0B3BDEC6F
:107C60000E8BBDE8F08198ED023A9FED871AB4EED5
:107C7000C03AB0EE412AF1EE10FA0ADBB1EE432A27
:107C800082A0B4EEC02AF1EE10FAC8BF043090ED25
:107C9000002AB4EEC93AB0EE41DAF1EE10FA0ADB8E
:107CA000B1EE430A79A0B4EEC90AF1EE10FAC8BFEA
:107CB000043090ED00DAB4EEC83AF1EE10FA7CDB55
:107CC000B1EE430A71A0B4EEC80AF1EE10FAC8BFD3
:107CD000043090ED001A70E0022098ED02BAB4EE84
:107CE000C0BAF1EE10FA09DAB7EE00AA022810D1F4
:107CF000B0EEC00A002000F00DF90CE0B1EE4B1A16
:107D0000B4EEC01AF1EE10FA08DDBFEE00AA0228A8
:107D1000EED098ED010A2AEE00AA01E09FED5DAADF
:107D20009FED5CEAB3EE08CA77B1B4EEC9BAF1EEE2
:107D300010FA0CDAB7EE00DA022F13D1B0EEC90A4E
:107D4000012000F0E7F80FE0B0EE4EDA31E0B1EEDE
:107D50004B0AB4EEC90AF1EE10FA08DDBFEE00DA04
:107D6000022FEBD098ED010A2DEE000A01E09FED05
:107D7000490AB4EEC8BA80EE0CDAF1EE10FA09DA6C
:107D8000B7EE009A022F10D1B0EEC80A022000F020
:107D9000C1F80CE0B1EE4B0AB4EEC80AF1EE10FAED
:107DA00007DDBFEE009A022FEED098ED010A29EE12
:107DB00000EA8AEE0C2A8EEE0C1A3DEE020A96EDCF
:107DC000004AB0EE083A31EE000A80EE030A32EEC5
:107DD000402A3DEE403A31EE400A34EE022A86ED6A
:107DE000002A95ED002A32EE032A85ED002A94ED53
:107DF000002A30EE020A84ED000A96ED001AB5EE74
:107E0000C01AF1EE10FA04DA9FED220A86ED000A9C
:107E100008E0B7EE000AB4EEC01AF1EE10FAC8BFDF
:107E200086ED000A95ED001AB5EEC01AF1EE10FAD3
:107E300004DA9FED180A85ED000A08E0B7EE000AA3
:107E4000B4EEC01AF1EE10FAC8BF85ED000A94ED49
:107E5000001AB5EEC01AF1EE10FA07DA9FED0D0A1E
:107E600084ED000ABDEC0E8BBDE8F081B7EE000A90
:107E7000B4EEC01AF1EE10FAC8BF84ED000ABDECF2
:107E80000E8BBDE8F08100BFACA8413C00000000B3
:107E9000ACA841BC0000000043F2D430C2F20000A4
:107EA0000078704743F2D43043F681620021C2F279
:107EB0000000C3F69162017042604CF6CD42C3F6F9
:107EC0004C5282608182C0E90311C0E90611C0E909
:107ED0000811C0E90A1143F2A460C2F20000017067
:107EE00043F26C50C2F20000017043F20840C2F24B
:107EF0000000C0E9001143F21040C2F20000C0E9E6
:107F0000001143F270504FF07E51C2F20000016048
:107F10007047000010B543F2D4320228C2F20002CA
:107F200010D8517D71B102EB80008169D0F824E056
:107F3000D068002918BF0846BEF1000F08BFD2F86C
:107F400010E002E0D068D2F810E0002802F104034B
:107F500018BFBEF1000F2BD0127D022A28D390ED5E
:107F6000001AB4EEC01AF1EE10FA20DAA2F1010CF8
:107F700000EB8C0191ED001AB4EEC01AF1EE10FA8C
:107F800012DDBCF1000F0FD000230022591C00EBC2
:107F9000810494ED002AB4EEC02AF1EE10FA1DDA45
:107FA0000132D3B29C45F1D80EEB8C0300E073464E
:107FB00093ED001A43F26C5043F27051C2F200008C
:107FC000C2F2000191ED000A007821EE000A0028BB
:107FD00008BFB0EE401AB0EE410A10BD00EB8300BE
:107FE0000EEB81010EEB830290ED003A92ED001A48
:107FF00091ED004A32EE432A30EE430A34EE413A24
:1080000080EE020A00EE031AD4E7000010B5044621
:10801000FFF748FF002C1CBF0020207010BD00009F
:10802000FFF73ABF80B52DED028BB0EE408AFFF727
:1080300033FF02281EBF9FED060ABDEC028B80BDF8
:10804000B0EE480ABDEC028BBDE8804000F002B8FB
:108050000000000080B52DED028B43F2D430B0EE6D
:10806000408A9FED140AC2F20000017802291ED155
:1080700043F2A461C2F200010978C1B190ED022A75
:10808000B0EEC81AB4EEC21AF1EE10FA0FDB0020FF
:10809000B0EE410AFFF73EFFB0EE401AB5EEC08ADF
:1080A000B1EE410AF1EE10FAA8BFB0EE410ABDEC04
:1080B000028B80BD00000000002808BF70474EF60C
:1080C0000361C4F2C731C16042F2E631C4F29C716F
:1080D00001610021C4F2FA41C0E905110021C0E9A3
:1080E0000011816080F82C10C0E90911C0E9071166
:1080F00070470000002808BF70470021C0E9001148
:10810000816080F82C10C0E90711C0E9091170479F
:1081100010B52DED0C8B82B00446B0EE619AB0EE36
:10812000418AB0EE60BAB0EE40AA002C00F04D815A
:10813000B5EEC09AF1EE10FA40F347812BEE0BDA60
:108140000AEE0ADAB0EE4D0A08F08EFDB0EE40CA33
:10815000B4EE4CCAF1EE10FA05D0B0EE4D0A08F0BC
:1081600083FDB0EE40CA84ED08CA94F82C000028C4
:1081700066D094ED000A01A8694604F0BDFF9DEDAC
:10818000000A9DED01DA20EE0BBA05F05BF89FEDD9
:10819000910A40681DEE4ABAB1EE4BAA3CEE00CA05
:1081A0008047B5EEC00AF1EE10FAB8BFB0EE4ABA99
:1081B0008BEE0C2A84ED072A94ED041A94ED020A42
:1081C00021EE021A01EE090A84ED020A94ED061A64
:1081D000B4EEC10AB0EE413AF1EE10FA0ADCB1EEAB
:1081E000413AB4EEC30AF1EE10FAB8BFB0EE430A5A
:1081F000B0EE403A84ED023A94ED034A94ED050A5C
:1082000022EE042A33EE023AB4EEC03AF1EE10FA4E
:1082100006DCB1EE400AB4EEC03AF1EE10FA4DDAE7
:1082200030EE422A84ED010AB4EEC12A84ED022A1E
:10823000F1EE10FA36DDB0EE412A84ED022A41E07B
:108240009FED6B0A9FED641A38EE000AB4EEC10A86
:10825000F1EE10FA09DD9FED612A00BF30EE020A4F
:10826000B4EEC10AF1EE10FAF8DC9FED5D1AB4EE3F
:10827000C10AF1EE10FA08DA9FED5A2A30EE020A2E
:10828000B4EEC10AF1EE10FAF8DB002084ED000A2A
:10829000C4E9010084ED098AA062E061012084F84C
:1082A0002C0092E0B1EE411AB4EEC12AF1EE10FAC0
:1082B000B8BFB0EE412A84ED022A03E0B0EE430AD3
:1082C00084ED013A94ED001A9FED43AA00EE091ADD
:1082D000B4EECA1AF1EE10FA09DD9FED400A00BFB4
:1082E00031EE001AB4EECA1AF1EE10FAF8DC9FED86
:1082F0003CBAB4EECB1AF1EE10FA08DA9FED390A67
:1083000031EE001AB4EECB1AF1EE10FAF8DB84ED80
:10831000001A04F097FF406880479FED32CAB0EE24
:10832000409A00F067F8B7EE003A9FED2F1AB4EECE
:10833000C30AF1EE10FAA1BF89EE0C2AB0EEC24AD0
:10834000B4EEC34AF1EE10FA05DB82EE000A08F043
:1083500075F9B1EE401A9FED250A94ED002A32EE30
:10836000000A30EE410AB4EECA0AF1EE10FA0BDD53
:108370009FED1A1A30EE010AB4EECA0AF1EE10FAB5
:10838000F8DC01E030EE0C0AB4EECB0AF1EE10FAA4
:10839000F8DB30EE481A84ED090AB4EECA1AF1EEA1
:1083A00010FA0BDD9FED0D0A31EE001AB4EECA1A79
:1083B000F1EE10FAF8DC01E031EE0C1AB4EECB1A53
:1083C000F1EE10FAF8DB84ED0A1A02B0BDEC0C8B6A
:1083D00010BD00BFCDCC4C3DDB0F4940DB0FC9C009
:1083E000DB0F49C0DB0FC94000000000D5E7EABD44
:1083F000D5E7EA3D43F22440C2F2000001780129AA
:1084000001BF43F26450C2F2000090ED000A7047D1
:1084100043F238414DF6C0229FED230AC2F200011B
:10842000C3F666720A6043F23C4141F65842C2F21A
:108430000001C3F64E720A6043F268514BF21772A4
:10844000C2F20001C3F651020A6043F264510022F5
:10845000C2F20001C4F2C8220A6043F2605145F63C
:10846000E032C2F20001C3F6FD420A6043F2A061AD
:108470004AF66602C2F20001C3F63B720A6043F29A
:108480009C614EF6EF62C2F20001C3F6EE520A6042
:1084900043F23C5145F25552C2F20001C4F255027A
:1084A0000A600121017070470000C84243F2244174
:1084B000C2F200010A78002A48D143F238424DF650
:1084C000C023C2F20002C3F66673136043F23C425B
:1084D00041F65843C2F20002C3F64E73136043F2F2
:1084E00068524BF21773C2F20002C3F651031360D5
:1084F00043F264520023C2F20002C4F2C8231360A4
:1085000043F2605245F6E033C2F20002C3F6FD4387
:10851000136043F2A0624AF66603C2F20002C3F699
:108520003B73136043F29C624EF6EF63C2F20002AB
:10853000C3F6EE53136043F23C5245F25553C2F278
:108540000002C4F25503136001220A70002808BF1C
:10855000704780B500219FED1E0AC0E9001101722D
:10856000C0E90311C0E90511C0E90711C0E909110B
:1085700043F264500021C2F20000C4F2C82101603D
:1085800043F26850C2F2000090ED001A21EE000A9A
:1085900008F0ACF9B7EE001A9FED0E2A43F26050D6
:1085A00031EE400AC2F20000B4EEC10AF1EE10FA58
:1085B000C8BFB0EE410AB5EEC00AF1EE10FAB8BF7E
:1085C000B0EE420A80ED000ABDE88040704700BF6F
:1085D00063141DC40000000043F22440C2F20000F6
:1085E0000178012906D143F29C60C2F2000090EDAF
:1085F000001A4AE043F238414DF6C0229FED511A6D
:10860000C2F20001C3F666720A6043F23C4141F6D1
:108610005842C2F20001C3F64E720A6043F268513A
:108620004BF21772C2F20001C3F651020A6043F224
:1086300064510022C2F20001C4F2C8220A6043F26F
:10864000605145F6E032C2F20001C3F6FD420A6015
:1086500043F2A0614AF66602C2F20001C3F63B7221
:108660000A6043F29C614EF6EF62C2F20001C3F66B
:10867000EE520A6043F23C5145F25552C2F20001FB
:10868000C4F255020A60012101709FED2F2AB0EE5D
:10869000C03A9FED2E0A23EE011A21EE021AB4EE23
:1086A000C01AF1EE10FA0ADB9FED292AB0EE410A5A
:1086B000B4EEC21AF1EE10FAC8BFB0EE420A43F2AD
:1086C0006450B6EE001A30EE010AC2F20000BDEEB0
:1086D000C00A90ED001AB8EEC00AB4EE401AF1EEEE
:1086E00010FA2CD080B580ED000A43F268509FED5F
:1086F000191AC2F2000090ED002A20EE010A20EEC5
:10870000020A08F0F3F8B7EE001A9FED132A43F2BD
:10871000605031EE400AC2F20000B4EEC10AF1EE40
:1087200010FAC8BFB0EE410AB5EEC00AF1EE10FA79
:10873000B8BFB0EE420A80ED000ABDE880400020DC
:10874000704700BFEFEEEE3D9A99993F0000C84296
:1087500000008C43DB0FC9C000000000002808BFE8
:10876000704780B500219FED1E0AC0E9001101721B
:10877000C0E90311C0E90511C0E90711C0E90911F9
:1087800043F264500021C2F20000C4F2C82101602B
:1087900043F26850C2F2000090ED001A21EE000A88
:1087A00008F0A4F8B7EE001A9FED0E2A43F26050CD
:1087B00031EE400AC2F20000B4EEC10AF1EE10FA46
:1087C000C8BFB0EE410AB5EEC00AF1EE10FAB8BF6C
:1087D000B0EE420A80ED000ABDE88040704700BF5D
:1087E00063141DC40000000010B52DED068B044677
:1087F000B0EE628AB0EE429A002C00F0268143F27D
:108800002440C2F200000178002948D143F23841E7
:108810004DF6C022C2F20001C3F666720A6043F24E
:108820003C4141F65842C2F20001C3F64E720A6062
:1088300043F268514BF21772C2F20001C3F65102C3
:108840000A6043F264510022C2F20001C4F2C8225D
:108850000A6043F2605145F6E032C2F20001C3F60D
:10886000FD420A6043F2A0614AF66602C2F20001CC
:10887000C3F63B720A6043F29C614EF6EF62C2F2AD
:108880000001C3F6EE520A6043F23C5145F25552E4
:10889000C2F20001C4F255020A600121017084EDA8
:1088A000031AC4ED041A207A002800F0938043F2E2
:1088B0003C5094ED002A94ED013ABFEE006A43F279
:1088C0003C41C2F20000C2F2000190ED004A43F2C6
:1088D0003840C2F2000032EE400A33EE605A24EE15
:1088E000000A24EE054AB3EE045AB4EEC60AB0EE0E
:1088F000407AF0EE440AF1EE10FAB4EEC64AB8BF80
:10890000B0EE467AF1EE10FAB8BFF0EE460AB7EED6
:10891000006A27EE057AD1ED002AB4EEC60A60EEB1
:10892000850AF1EE10FAB4EEC64AC8BFB0EE457A39
:10893000F1EE10FAC8BFF0EE450A90ED000A31EEF4
:10894000471A43F2605031EEE04A22EE811AC2F239
:10895000000022EE844A02EE001A00EE034A84ED83
:10896000001A84ED014A94ED050A90ED001A37EEE5
:10897000402A01EE020A84ED050A94ED062A30EE43
:10898000C23A01EE032A84ED062A22EE02AA00EE84
:1089900000AAB0EE4A0A08F067F9B4EE400AF1EE18
:1089A00010FA03D0B0EE4A0A08F05EF984ED070A27
:1089B00094ED050AD4ED060AB1EE400A07F016FD63
:1089C0009FED232AB4EEC20AF1EE10FA0FDD9FEDFF
:1089D000231A15E09FED221A012084EC020A20726E
:1089E0000020C4E90500E06184ED089A21E09FEDD4
:1089F000191AB4EEC10AF1EE10FA03DA9FED161A55
:108A000030EE010A30EE491A84ED080AB4EEC21ABB
:108A1000F1EE10FA02DD9FED110A08E09FED0D0A5C
:108A2000B4EEC01AF1EE10FA03DA9FED0B0A31EE44
:108A3000001A43F2A06084ED091AC2F2000090ED22
:108A4000000A20EE080A84ED0A0ABDEC068B10BD70
:108A5000DB0F4940DB0F49C0DB0FC940DB0FC9C04A
:108A60000000000040F2B030C2F2000000F086B812
:108A700040F2B030C2F2000000F08CB800281CBFF9
:108A80000168002902D0496801B108474FF0FF3062
:108A900070470000002808BF704740F23801DFED42
:108AA000050AC2F2000191ED000AB0EE601A00F072
:108AB00017BC00BF0000000000281CBF0268002A8D
:108AC00002D0926902B110479FED010A704700BFC2
:108AD0000000000000281CBF0168002902D0C968FE
:108AE00001B108470020704701FB02F09FED0E2AFC
:108AF0009FED0E1A6FF39F3003EE100AB8EE433A63
:108B000003EE020AB4EEC10AF1EE10FAA2BF9FED25
:108B1000081A30EE010A7047B5EEC00AF1EE10FAFD
:108B2000B8BF30EE010A7047DA0FC939DB0FC94010
:108B3000DB0FC9C0002814BF90ED040A9FED010AA5
:108B4000704700BF000000004FF0000C002980E8D3
:108B50000E10C0F810C01CBF0968002900D1704772
:108B60000847000000281CBF0168002904D089685C
:108B7000002908BF704708477047000000281CBF45
:108B80000168002904D04969002908BF70470847D7
:108B90007047000000281CBF0168002904D0096943
:108BA000002908BF704708477047000000281CBF15
:108BB000D0F80CC0BCF1000F0AD080B584B08DF89D
:108BC000041001A9CDE90223E04704B0BDE88040CC
:108BD00070470000C1607047002818BF80ED040A8C
:108BE0007047000000281CBF0168002904D04968B4
:108BF000002908BF704708477047000000281CBFC5
:108C00000168002904D00968002908BF7047084797
:108C10007047000000281CBF0168002904D0896942
:108C2000002908BF704708477047000000281CBF94
:108C30000168002904D08968002908BF70470847E7
:108C40007047000000281CBF0168002904D0C968D3
:108C5000002908BF7047084770470000002814BF6C
:108C6000807D00207047000000281CBF0368002B97
:108C700002D05B6903B118474FF0FF307047000026
:108C800000281CBF0368002B02D01B6903B11847E2
:108C90004FF0FF3070470000818A006981617047A2
:108CA0000169808A00048861704700000021C4F2D5
:108CB00002010A6812F0800F1DD10A6812F0200F1D
:108CC00008BF704720224A604268536823F00103BE
:108CD0005360536823F002035360CA6922F0010213
:108CE000CA610A6B22F001020A6300218175C16921
:108CF00000293FD0084780224A604268536823F029
:108D000001035360536823F002035360CA6922F0E1
:108D10000102CA610A6B22F001020A630022827515
:108D20000A6812F0200F1CBF20224A600A6812F065
:108D3000100F1CBF10224A600A6812F0800F1CBF7F
:108D400080224A600A6812F4807F1CBF4FF4807250
:108D50004A600A6812F4007F1CBF4FF400724A6038
:108D60000A6812F4006F1CBF4FF400624A60016A87
:108D700001B108477047000070B504460026302551
:108D80006068A675C4F20205016841F0400140F830
:108D90000C1B45F80C0CA860286820F00200286025
:108DA000286820F008002860286820F00400286067
:108DB0000D20F9F755FF55F8140C40F0020045F866
:108DC000140C55F8140C40F0080045F8140C6068B9
:108DD000416821F001014160416821F002014160D8
:108DE00055F8140C20F0010045F8140C286820F008
:108DF00001002860A67555F8300C10F0200F1CBF3C
:108E0000202045F82C0C55F8300C10F0100F1CBF2A
:108E1000102045F82C0C55F8300C10F0800F1CBFBA
:108E2000802045F82C0C55F8300C10F4807F1CBFC6
:108E30004FF4807045F82C0C55F8300C10F4007F7E
:108E40001CBF4FF4007045F82C0C55F8300C10F492
:108E5000006F1CBF4FF4006045F82C0C70BD000083
:108E600041684A6822F001024A604A6822F0020220
:108E70004A600021C4F20201CA6922F00102CA61FB
:108E80000A6B22F001020A6300228275086810F062
:108E9000200F1CBF20204860086810F0100F1CBF76
:108EA00010204860086810F0800F1CBF80204860C8
:108EB000086810F4807F1CBF4FF480704860086819
:108EC00010F4007F1CBF4FF400704860086810F475
:108ED000006F1CBF4FF400604860704700294FF0DE
:108EE000FF3318BF002A56D0827D002A1EBF4FF0E4
:108EF000FF3318467047426840F21C0CC4F2020C63
:108F0000536823F001035360536823F00203536056
:108F1000DCF8003023F00103CCF80030DCF814302A
:108F200023F00103CCF81430002383755CF81C3C5B
:108F300013F0200F1CBF20234CF8183C5CF81C3C9D
:108F400013F0100F1CBF10234CF8183CCCF8201065
:108F5000DCF80410012363F30F01CCF80410DCF8F3
:108F6000181063F30F01CCF81810837500235068B4
:108F700040F001005060506840F002005060DCF8A2
:108F8000140040F00100CCF81400DCF8000040F0C0
:108F90000100CCF8000018467047000000294FF08F
:108FA000FF3318BF002A64D0837D002B1EBF4FF013
:108FB000FF331846704780B5D0F804C040F21C0E4D
:108FC000C4F2020EDCF8043023F00103CCF80430C4
:108FD000DCF8043023F00203CCF80430DEF8003073
:108FE00023F00103CEF80030DEF8143023F0010343
:108FF000CEF81430002383755EF81C3C13F0200F6C
:109000001CBF20234EF8183C5EF81C3C13F0100FD8
:109010001CBF10234EF8183CCEF80C20CEF82010C0
:109020000122DEF80410002362F30F01CEF80410D1
:10903000DEF8181062F30F01CEF818108275DCF814
:10904000040040F00100CCF80400DCF8040040F01B
:109050000200CCF80400DEF8140040F00100CEF865
:109060001400DEF8000040F00100CEF80000BDE87A
:109070008040184670470000002808BF704790EDF8
:10908000002A31EE601A01EE020A80ED020A90ED2C
:10909000051AB4EEC10AF1EE10FA02DD80ED021AF3
:1090A000704790ED061AB4EEC10AF1EE10FAB8BF9F
:1090B00080ED021A70470000002808BF704790ED4D
:1090C000002A00EEE11A01EE020A80ED020A90ED9C
:1090D000051AB4EEC10AF1EE10FA02DD80ED021AB3
:1090E000704790ED061AB4EEC10AF1EE10FAB8BF5F
:1090F00080ED021A70470000002808BF7047002169
:1091000080EC020A8160C0ED031A80ED041AC0ED04
:10911000052A80ED062A704700281CBF00218160C7
:1091200070470000002804BF9FED310A704790EDA2
:10913000011A90ED023A30EE602A02EE013A80ED1B
:10914000023A90ED051AB4EEC13AB0EE410AF1EEE2
:1091500010FA06DC90ED060AB4EEC03AF1EE10FA11
:1091600003DAB0EE403A80ED020A90ED004A90ED4D
:10917000030A22EE044A33EE043AB4EEC03AF1EEAA
:1091800010FA12DD30EE442AB4EEC12A80ED022A34
:10919000F1EE10FA06DC90ED061AB4EEC12AF1EEFB
:1091A00010FA23DA80ED021A704790ED042AB0EE2F
:1091B000430AB4EEC23AF1EE10FAA8BF704732EE9D
:1091C000440AB4EEC10A80ED020AF1EE10FA09DC9D
:1091D00090ED061AB4EEC10AF1EE10FAA4BFB0EE9B
:1091E000420A7047B0EE420A80ED021A704700BF93
:1091F0000000000028B149B190ED023A00F10801E9
:1092000023E09FED362AB0EE420A704790ED013A16
:1092100090ED022A30EE604A00F1080104EE032AC4
:1092200080ED022A90ED053AB4EEC32AF1EE10FA71
:1092300006DC90ED063AB4EEC32AF1EE10FA02DA3B
:1092400081ED003A01E0B0EE423A90ED004A90ED37
:10925000032A50EE010A20EE841A31EE033AB4EEEE
:10926000C23AF1EE10FA16DD32EE411A81ED001A23
:1092700090ED050AB4EEC01AF1EE10FA06DC90ED9E
:10928000060AB4EEC01AF1EE10FA24DA81ED000AF3
:10929000B0EE420A704790ED040AB0EE432AB4EEF5
:1092A000C03AF1EE10FA16DA30EE412A81ED002ACA
:1092B00090ED051AB4EEC12AF1EE10FA07DC90ED3C
:1092C000061AB4EEC12AF1EE10FAA8BF7047B0EE4C
:1092D000402A81ED001AB0EE420A704700000000FB
:1092E00000281CBF406F002810D04068002808BF2D
:1092F0007047DFED071A0021B0EE612AF0EE612A17
:10930000B0EE613AF0EE613A05F042B9704700BF45
:109310000000000000281CBF406F002805D04068F6
:1093200000281CBF012105F033B970472DE9F04F2B
:1093300081B02DED068B43F2FD4943F6A45B8246D6
:1093400040F23C06C2F20009C2F2000BC2F2000673
:1093500099F800009BED000AD0B396ED001AB5EE27
:10936000C01AF1EE10FA33DC43F224609FEDEE2ACE
:109370009FEDEE1AC2F2000090ED003A43F2286031
:10938000C2F2000003EE020A80ED003AB4EEC10A18
:10939000F1EE10FA09DD9FEDE62A00BF30EE020A79
:1093A000B4EEC10AF1EE10FAF8DC9FEDE21AB4EE69
:1093B000C10AF1EE10FA08DA9FEDDF2A30EE020A58
:1093C000B4EEC10AF1EE10FAF8DB8BED000AF0E31F
:1093D00043F2386843F238540020C2F20008C2F267
:1093E000000488F800002078012836D143F21C5090
:1093F00043F2205243F2306343F23C6543F224517E
:10940000C2F20000C2F20002C2F20003C2F2000582
:10941000C2F2000190ED001A43F2185095ED002AB7
:1094200093ED003A92ED004A91ED005AC2F200002D
:1094300090ED006A43F23460C2F2000022EE011A9D
:1094400024EE034A03EE451A06EE424A34EE011AB0
:1094500080ED001A012088F8000007F09FF943F220
:109460003060C2F2000080ED000A9BED000A07F0B8
:1094700033FB43F23C6043F2185543F21C5143F274
:109480002057C2F20000C2F20005C2F20001C2F28F
:10949000000780ED000A28689BED000A0860386824
:1094A00043F22451C2F20001086007F077F9B0EEF0
:1094B000408A9BED000A07F00FFB43F61A5097ED28
:1094C000001A95ED002A2178C2F20000007828EEFB
:1094D000019A20EE01AA00EE429A08EE02AA0328A1
:1094E00002D1012921D09DE0002900F0898043F2BA
:1094F0002C519FED921AC2F2000191ED000A3AEE52
:10950000402A02EE010A81ED000A43F250513AEE80
:1095100040AAC2F2000191ED002A39EE423A03EE70
:10952000012A81ED002A39EE429A43F2285343F290
:109530004C5243F2BC6196ED004A9FED802A9FEDAC
:10954000806A9FED807AC2F20003C2F20002C2F28A
:10955000000193ED000A92ED001A91ED003A43F2FA
:10956000304143F6CC52C2F20001C2F200023AEEA0
:10957000400A39EE411A81ED000A43F2344120EEEF
:10958000030AC2F2000182ED000A002281ED001AF6
:1095900043F6D45123EE011AC2F2000181ED001A04
:1095A00043F6C051C2F2000191ED005A002125EEB0
:1095B000044A9FED655AB4EEC24AF1EE10FAB8BF04
:1095C000B0EE424A24EE054AB4EEC64AF1EE10FA75
:1095D000B4EEC74AB8BF0122F1EE10FAC8BF0121AC
:1095E000114322D09FED595A9FED596A81EE055AD9
:1095F00085EE045AB4EEC65AF1EE10FA17DD21E0FA
:109600009FED540A43F22C5043F25051C2F2000035
:10961000C2F2000180ED00AA81ED009AB0EE40AAEE
:10962000B0EE409A0120207075E29FED4A5A9FEDFE
:109630004A6AB4EEC65AF1EE10FAB8BFB0EE465A16
:10964000B0EE456A98F8002043F24045C2F20005AA
:1096500085ED006A012A26D1012915D143F2346132
:109660009FED3A6AC2F2000191ED005A23EE053AED
:109670009FED375A83EE063A83EE043AB4EEC53ACC
:10968000F1EE10FA02DD0CE09FED323A9FED324A26
:10969000B4EEC43AF1EE10FAB8BFB0EE443AB0EE10
:1096A000435A85ED005A032800F0358243F6C8542A
:1096B00043F6D0509FED294AC2F20004C2F20000E6
:1096C00094ED003A30EE430A00EE023A90ED000AC3
:1096D00073EE040A84ED003A31EE401A01EE020AFC
:1096E00080ED000A06F082FEB6EE001A43F2A040BA
:1096F000C2F2000020EE011A80ED001A43F2485039
:10970000C2F20000007888B343F244500021C2F254
:109710000000018043F249500121C2F200000170B3
:10972000B0EE000AA8E000BF17B75138DB0F494080
:10973000DB0FC9C0DB0F49C0DB0FC940CDCC4C3DAE
:109740006F1283BA6F12833A3277AAC517B751B82E
:109750009A99993E000000009A9999BECDCCCCBD53
:10976000CDCC4C3E85EB513E643B5F3E1FED042A61
:1097700094ED000AB0EEC11A4FF6FF70B4EEC21AB3
:10978000B0EEC00AF1EE10FADEBF1FED0A1AB4EE19
:10979000C10AF1EE10FA1ADC43F246520021C2F27D
:1097A0000002118043F24452C2F200021388834245
:1097B00005D0581C1080C0F3CC007C2852D91FED76
:1097C0001B0A43F24950C2F20000017054E01FED41
:1097D0001A1AB4EEC10AF1EE10FA20DA1FED1F1AC0
:1097E00043F246520021C2F200021180B4EEC10AD7
:1097F000F1EE10FA31DC118043F24451C2F2000163
:109800000A88824205D0501C0880C0F3CC007C2816
:1098100028D99FEDEA0A43F249500021D3E743F2E9
:1098200044510022C2F200010A8043F24651C2F2C2
:1098300000010A8882423FF46DAF501C088080B25C
:10984000B0F5FA6FBFF466AF43F24950C2F20000C0
:10985000007801283FF464AF0CE043F24450C2F2B8
:109860000000018043F24950C2F200000078002855
:109870007FF456AF9FEDD10A43F24050C2F2000090
:1098800090ED001AB4EEC01AF1EE10FA10DA9FED66
:10989000CD2A31EE021AB4EEC01A80ED001AF1EEB4
:1098A00010FAC8BF80ED000ABAF1000F16D132E1FC
:1098B00010DD9FEDC32A31EE021AB4EEC01A80ED1E
:1098C000001AF1EE10FA05DA80ED000ABAF1000F85
:1098D00004D120E1BAF1000F00F01D8143F61050D1
:1098E0009FEDB95A95ED000A9FEDB83A43F24861F1
:1098F000C2F20000C2F2000190ED002AB0EE421A5E
:1099000081ED002A43F2286100EE051AC2F200013F
:1099100031EE420A81ED001A00EE032A80ED002AA2
:1099200043F22C60C2F2000080ED001A43F2B060F6
:10993000C2F200000178002900F0868043F2B46092
:109940009BED000A9FEDA23AC2F2000090ED002AC2
:1099500030EE426AB4EEC36AF1EE10FA09DD9FED13
:109960009D4A00BF36EE046AB4EEC36AF1EE10FA07
:10997000F8DC9FED994AB4EEC46AF1EE10FA08DA09
:109980009FED967A36EE076AB4EEC46AF1EE10FAED
:10999000F8DB43F2AC619FED927ADFED920ADFEDE6
:1099A000922ADFED923AC2F20001D1ED001A26EEC2
:1099B000077A47EE201AF4EEE21AF1EE10FAF4EE0E
:1099C000E31AB8BFF0EE621AF1EE10FAC8BFF0EE7B
:1099D000631AB0EE617A06EE057AB4EEE27AF1EE41
:1099E00010FAB4EEE37AB8BFB0EE627AF1EE10FA94
:1099F000C8BFB0EE637AC1ED001A43F2B86107EE5A
:109A0000202AC2F20001B4EEC32A81ED007AF1EE01
:109A100010FA08DD9FED6F5A32EE052AB4EEC32A24
:109A2000F1EE10FAF8DCB4EEC42AF1EE10FA08DA1E
:109A30009FED6A3A32EE032AB4EEC42AF1EE10FA30
:109A4000F8DB80ED002A15E0DBF8001043F2B46289
:109A50000023C2F20002116043F2AC6200EE101A61
:109A6000C2F20002136043F2B862C2F20002136055
:109A7000012202709FED5B3A9FED552A01EE030A29
:109A8000B4EEC20AF1EE10FA09DD9FED521A00BFE2
:109A900030EE010AB4EEC20AF1EE10FAF8DC9FEDE6
:109AA0004E1AB4EEC10AF1EE10FA08DA9FED4B3A05
:109AB00030EE030AB4EEC10AF1EE10FAF8DB43F619
:109AC00098508BED000AC2F2000090ED003A30EEA3
:109AD000430AB4EEC20AF1EE10FA08DD9FED3D3AFA
:109AE00030EE030AB4EEC20AF1EE10FAF8DCB4EE7E
:109AF000C10AF1EE10FA08DA9FED382A30EE020AB8
:109B0000B4EEC10AF1EE10FAF8DB43F6A050C2F24F
:109B1000000080ED000A43F24C5043F22851C2F29B
:109B20000000C2F2000180ED009A99F8000081ED7A
:109B300000AAA0B343F224609FED2A3A9BED000AED
:109B40009FED231AC2F2000090ED002A43F2286034
:109B5000C2F2000002EE030A80ED002AB4EEC10A50
:109B6000F1EE10FA09DD9FED1B2A00BF30EE020A6C
:109B7000B4EEC10AF1EE10FAF8DC9FED171AB4EE5C
:109B8000C10AF1EE10FA08DA9FED142A30EE020A4B
:109B9000B4EEC10AF1EE10FAF8DB8BED000A43F2E5
:109BA000BC60C2F2000090ED000AB1EE400A80ED08
:109BB000000ABDEC068B01B0BDE8F08F000000008C
:109BC00017B751B917B75139000096440AD7233C4B
:109BD000DB0F4940DB0FC9C0DB0F49C0DB0FC940B9
:109BE0000080C24317B75138000048C30000484303
:109BF00000F016BB80B52DED028B03F085FAB0EEB8
:109C0000408A00F019F8002802BFB0EE480ABDEC07
:109C1000028B80BDBDEC028BBDE8804000F0F8B93E
:109C200000F0BEBB80B500F0E5FA0138B0FA80F074
:109C3000400980BD01F0ECB943F20850C2F20000C7
:109C40000078704743F26060C2F2000090ED000AB5
:109C50007047000043F26460C2F2000090ED000A19
:109C60007047000070B52DED0C8BB0EE419AB0EE50
:109C700060BAB0EE408A03F0E5FA4068804743F6E8
:109C800006509FEDD4CAB0EE40AAC2F2000001789F
:109C900081B143F608509FEDD01AC2F2000090ED5A
:109CA000000A3BEE402A02EE010A80ED000AB0EE07
:109CB00040BA07E043F60851C2F2000181ED00BA54
:109CC0000121017003F0BEFA406843F260642BEE9C
:109CD0000CDAC2F200048047B0EE40BA84ED00DA3C
:109CE00003F0B0FA80688047002800F0A78043F2B4
:109CF00008542AEE0C0AC2F20004B0EEC0AA207882
:109D0000002800F0C08003F09DFA006880479FEDB6
:109D1000B81A38EE403AB4EEC13AF1EE10FA08DD66
:109D20009FEDB42A33EE023AB4EEC13AF1EE10FAE6
:109D3000F8DC9FEDB12AB4EEC23AF1EE10FA08DA7F
:109D40009FEDAE4A33EE043AB4EEC23AF1EE10FAA9
:109D5000F8DB43F20055B7EE004AC2F2000595ED7C
:109D6000005AB4EEC45AF1EE10FA0FDA9FEDA46A6D
:109D700035EE065AB4EEC45A85ED005AF1EE10FAEB
:109D8000C2BF4FF07E502860B0EE445A03EE050A81
:109D9000B4EEC10AF1EE10FA09DD9FED963A00BF6C
:109DA00030EE030AB4EEC10AF1EE10FAF8DCB4EEBC
:109DB000C20AF1EE10FA08DA9FED901A30EE010AAD
:109DC000B4EEC20AF1EE10FAF8DB43F20C50B4EE36
:109DD000C45AC2F20000F1EE10FA80ED000A0BDB6B
:109DE00080ED008A43F60850B0EE480AC2F2000047
:109DF000D0ED000A03F020FA9FED820AB4EEC0AA6B
:109E0000F1EE10FA15DC43F20450C2F200000188B2
:109E10000A097C2A05D80131018088B2B0F5FA6FB1
:109E200076D343F206510020C2F200012070286070
:109E3000088043F20450C2F2000067E043F2085089
:109E40000021B7EE000AC2F20000017043F2005098
:109E5000C2F20000016043F20650C2F2000001802D
:109E600043F20450C2F20000018040F208000121D8
:109E7000C2F20000017003F0E1F9002003F0E0F904
:109E80009FED5A8A9CE09FED550AB4EEC0AAF1EE10
:109E900010FA37DB9FED521AB0EEC90AB4EEC10AD0
:109EA000F1EE10FA2EDA9FED4F1A0BEE4CDAB0EE0F
:109EB000CD2AB4EEC12AF1EE10FA23DA43F20650AD
:109EC000C2F2000001880A097C2A05D8013101800C
:109ED00088B2B0F5FA6F1BD39FED431A9FED432A6A
:109EE0000120B7EE003A207043F20050C2F20000A9
:109EF000B4EEC10AF1EE10FAB8BFB0EE432A80ED1D
:109F0000002A00E743F20650C2F20000002101805F
:109F10009FED3D0A217843F20055C2F20005B4EEF0
:109F2000C0AAF1EE10FA11DB01290FD195ED000A5C
:109F3000B7EE001AB4EEC10AF1EE10FA06DB00200B
:109F400040F20801C2F2000108700FE09FED2F0AF5
:109F50000120B4EEC0AAF1EE10FAF1DD91F001019A
:109F6000EED140F20800C2F2000000789FED1F8A97
:109F7000B7EE009A0028B0EE480A18BFB0EE490AC2
:109F800003F05CF940F20806C2F200063078B0FA3D
:109F900080F0400903F054F92078012810D195EDA4
:109FA000000AB4EEC90AF1EE10FA02DAB6EE008A3F
:109FB00006E03078B0EE008A002818BFB0EE498A7B
:109FC00043F26460C2F2000080ED008ABDEC0C8BAD
:109FD00070BD00BF9E9DAE3F0AD7233C0080A244C7
:109FE000E866DF3E00004842C7B8323E000000008D
:109FF000DB0F4940DB0FC9C0DB0F49C0DB0FC94095
:10A000000AD7233B00007A440080BB440000AF44E1
:10A0100043F20C50C2F2000090ED000A70470000BD
:10A0200043F60C500021C2F20000016043F60450D8
:10A03000C2F20000018043F2C060C2F20000018061
:10A040007047000043F2C06343F6045CC2F20003B1
:10A05000C2F2000C1A88BCF80010B2F5C87F12D307
:10A0600043F2C46343F60C50C2F20003C2F2000094
:10A0700003EB810390ED001A93ED002A31EE421AB2
:10A0800080ED001A0DE043F2C4600132C2F200001C
:10A090001A8000EB810343F60C50C2F2000090EDF1
:10A0A000001A90B243F60C5283ED000A31EE000A1A
:10A0B00001EE100AC2F20002481CB8EE411A82ED0D
:10A0C000000AC0F30B11182980EE010A88BF002096
:10A0D000ACF80000704700000120704743F27D613A
:10A0E0000020C2F200010A78012A04BF0870012092
:10A0F000704700009FED010A704700BF000000009C
:10A100009FED010A704700BF000000009FED010AAB
:10A11000704700BF000000009FED010A704700BFBC
:10A120000000000000281CBF0022026000291CBFA4
:10A13000002008607047000070B52DED048B0546C7
:10A1400043F6BC500C46C2F2000090ED008AB5EE1A
:10A15000408AF1EE10FA22D043F6C05040F23C01A2
:10A1600043F6A456C2F20000C2F20001C2F2000699
:10A1700096ED000A91ED001A90ED002A22EE019A68
:10A1800006F00CFB96ED001A28EE099A29EE008ADB
:10A19000B0EE410A06F0A0FC29EE000A03E09FEDB4
:10A1A000070AB0EE408A002D18BF85ED008A002C0A
:10A1B00018BF84ED000ABDEC048B70BD00000000E8
:10A1C0000020704743F27860C2F2000090ED000A70
:10A1D0007047000043F24050C2F2000090ED000AC8
:10A1E0007047000043F27860C2F2000090ED000A70
:10A1F0007047000043F25C50C2F2000000787047E4
:10A2000043F22860C2F2000090ED000A704700009F
:10A2100043F22C60C2F2000090ED000A704700008B
:10A2200043F24860C2F2000090ED000A704700005F
:10A2300043F27C60C2F20000007870479FED010A93
:10A24000704700BF0000000010B543F61A50C2F27C
:10A250000000007807281CBF9FED390A10BD43F2AB
:10A260009860C2F2000002680A2A08DB9FED390AF2
:10A2700043F294600121C2F20000017010BD31A1CF
:10A2800040F2340C12F0010E01F104030C46C2F24C
:10A29000000C08BF1C469CED001A94ED000AB5EEB8
:10A2A000C01AF1EE10FA28DA43F610509FED271A83
:10A2B000BEF1000FC2F2000090ED002A22EE011A5A
:10A2C00006D19FED232AB4EEC21AF1EE10FA0CDA91
:10A2D000B5EEC00AF1EE10FA1EDA9FED1E2AB4EEBA
:10A2E000C21AF1EE10FAC8BF10BD43F61C50C2F2FC
:10A2F00000000068CCF8000010BD43F61C54B6EE18
:10A30000003AC2F2000494ED002A32EE411AB4EE93
:10A31000C31AF1EE10FA00DA10BD02F1010E092A9B
:10A32000C0F800E040F20000CBF68070CCF80000EE
:10A330009EDA5FEACE7008BF194691ED000A10BDA3
:10A34000000000000080BBC40080BB449E9DAE3F67
:10A350000080BB440080BBC443F61A50C2F2000028
:10A360000078704743F69450C2F2000090ED000A66
:10A370007047000043F6A050C2F2000090ED000AC2
:10A380007047000043F6A450C2F2000090ED000AAE
:10A390007047000000207047B7EE000A70470000C9
:10A3A00043F61A5100204CF6CD42C2F20001C3F62A
:10A3B000CC62087043F25C51C2F20001087043F6AF
:10A3C0009451C2F20001086043F6A451C2F20001A8
:10A3D000086043F6A051C2F20001086043F2A041B8
:10A3E000C2F20001086043F23441C2F20001086089
:10A3F00043F23041C2F20001086043F6CC51C2F290
:10A400000001086043F6D451C2F20001086043F62F
:10A41000C051C2F200010A6040F23C014FF07E528E
:10A42000C2F200010A6043F23051C2F2000108702A
:10A4300043F6B451C2F20001087043F6B851C2F2BB
:10A440000001086043F2FD41C2F20001087043F2CE
:10A450002461C2F20001086043F61C51C2F20001FF
:10A46000086043F69851C2F20001086043F6BC51FF
:10A47000C2F20001086043F22851C2F200010860F4
:10A4800043F24C51C2F20001086043F23851C2F26B
:10A490000001087043F2BC61C2F200010A6043F699
:10A4A000C8514CF6CD42C2F20001C3F6CC520A604C
:10A4B00043F6D051C2F20001086043F22C51C2F2BF
:10A4C0000001086043F25051C2F20001086043F2FB
:10A4D0004051C2F20001086043F24651C2F200014D
:10A4E000088043F24451C2F20001088043F249510E
:10A4F000C2F20001087043F24861C2F20001086034
:10A5000043F61051C2F20001086043F22861C2F222
:10A510000001086043F22C61C2F20001086043F2BE
:10A52000AC61C2F20001086043F2B861C2F20001FE
:10A53000086043F2B461C2F20001086043F2B06106
:10A54000C2F20001087043F26A61C2F200010880A1
:10A5500043F27C61C2F20001087043F27861C2F2FA
:10A560000001086043F27461C2F20001086043F226
:10A570007061C2F20001086043F28061C2F2000122
:10A58000086043F27D61C2F20001087043F26C6121
:10A59000C2F20001087070472DE9F04F81B02DED37
:10A5A000068B43F61C5443F69855F5EEC00A43F665
:10A5B000A4579FEDDB1A9FEDDBAAC2F20004C2F2A2
:10A5C0000005F1EE10FAC2F2000794ED002A85EDC5
:10A5D000000AC8BFB0EE601A31EE022A97ED001AE9
:10A5E00084ED002A31EE403AB4EECA3AF1EE10FAA8
:10A5F00009DD9FEDCD4A00BF33EE043AB4EECA3A0E
:10A60000F1EE10FAF8DC9FEDC99AB4EEC93AF1EE1A
:10A6100010FA08DA9FEDC64A33EE043AB4EEC93AAE
:10A62000F1EE10FAF8DB43F61A5843F6A056C2F2E0
:10A630000008C2F2000698F8000086ED003A0728EC
:10A6400000F2B280DFE810F00800B000B000BC00FB
:10A650007E01B000B0007202B1EE041A43F6BC51A4
:10A660000020B4EEC12AC2F20001F1EE10FA086037
:10A67000C0F2258407210022B4EECA0A206088F8BF
:10A68000001043F29861CBF68072F1EE10FAC2F23C
:10A690000001086040F23401C2F200010A6043F296
:10A6A00094614FF07E52C2F20001087043F2BC6127
:10A6B000C2F200010A6043F238514CF6CD42C2F2B8
:10A6C0000001C3F6CC52087043F6C851C2F2000133
:10A6D0000A6043F6D051C2F20001086043F22C51E7
:10A6E000C2F20001086043F25051C2F2000108605A
:10A6F00043F24051C2F20001086043F24651C2F2F7
:10A700000001088043F24451C2F20001088043F284
:10A710004951C2F20001087043F23441C2F2000113
:10A72000086043F2A041C2F20001086043F25C51AC
:10A73000C2F20001087043F27D604FF00101C2F2E5
:10A740000000017009DD9FED781A00BF30EE010AAC
:10A75000B4EECA0AF1EE10FAF8DCB4EEC90AF1EE72
:10A7600010FA08DA9FED721A30EE010AB4EEC90A47
:10A77000F1EE10FAF8DB43F24860002187ED000AA1
:10A78000C2F20000016043F22860C2F200000160E2
:10A7900043F22C60C2F20000016043F2305001210C
:10A7A000C2F2000001708AE343F278600021C2F235
:10A7B0000000016043F6BC50C2F2000001607EE37D
:10A7C00043F2BC6E43F6BC5943F6B45AC2F2000ED3
:10A7D000C2F20009C2F2000ADEF80000C9F8000067
:10A7E0009AF80000B0B143F6B8509FED522AC2F279
:10A7F000000090ED000A31EE408AB4EE428AF1EE9C
:10A8000010FA1EBF9FED4C0AB4EE408AF1EE10FA2A
:10A8100000F06B8395ED001A97ED000A30EE412AA7
:10A82000B4EECA2AF1EE10FA09DD9FED3F3A00BFFF
:10A8300032EE032AB4EECA2AF1EE10FAF8DCB4EED6
:10A84000C92AF1EE10FA08DA9FED393A32EE032AFE
:10A85000B4EEC92AF1EE10FAF8DB43F26A6043F273
:10A860007C6B86ED002AC2F20000C2F2000B018868
:10A870004B1C9BF800100380002900F0E88143F294
:10A88000746243F2786C4CF6CD41C2F20002C2F21F
:10A89000000CC3F6CC7192ED002ACCF8001031EE1A
:10A8A000422AB4EECA2AF1EE10FA08DD9FED1E3AF4
:10A8B00032EE032AB4EECA2AF1EE10FAF8DCB4EE56
:10A8C000C92AF1EE10FA08DA9FED193A32EE032A9E
:10A8D000B4EEC92AF1EE10FAF8DB43F270629BB2D3
:10A8E00041F27075C2F20002AB4282ED002A43F2DF
:10A8F000A042C2F2000282ED002AC0F0E0829FED89
:10A900000F3AB0EEC24A43F28065C2F20005B4EEDF
:10A91000C34AF1EE10FA80F2DF8102272B4615E2DE
:10A9200017B75138DB0F4940DB0FC9C0DB0F49C0F7
:10A93000DB0FC9400000807F000080FF8FC2F53C24
:10A94000CDCCCC3E43F2BC6B43F6BC5943F6B45A73
:10A95000C2F2000BC2F20009C2F2000ADBF80000EA
:10A96000C9F800009AF80000B0B143F6B8501FEDE6
:10A970000F2AC2F2000090ED000A31EE408AB4EED8
:10A98000428AF1EE10FA1EBF1FED150AB4EE408A9E
:10A99000F1EE10FA00F0B48243F27860002195EDF8
:10A9A000001A97ED000AC2F20000016043F28061D4
:10A9B000C2F200010A6830EE411A43F22C61B4EE93
:10A9C000CA1AC2F20001B0EE412AF1EE10FA0A6092
:10A9D0000BDD1FED2B3AB0EE412A00BF32EE032A09
:10A9E000B4EECA2AF1EE10FAF8DCB4EEC92AF1EEA0
:10A9F00010FA08DA1FED323A32EE032AB4EEC92A11
:10AA0000F1EE10FAF8DB86ED002A1FED332A94ED03
:10AA1000003AB4EEC23AF1EE10FAC0F2508243F2BC
:10AA2000986307220027B4EECA1A88F80020002293
:10AA3000C2F20003CBF68077F1EE10FA1A6040F212
:10AA40003403026043F27D600A604FF0010122602E
:10AA5000C2F20003C2F200001F6043F2946301706F
:10AA6000C2F200031A704FF07E53CBF8003043F26D
:10AA70003853C2F200031A7043F23443C2F20003A7
:10AA80001A6043F25C53C2F200031A7043F2486347
:10AA9000C2F200031A6043F22863C2F200031A6094
:10AAA00009DD1FED5F2A00BF31EE021AB4EECA1AAB
:10AAB000F1EE10FAF8DCB4EEC91AF1EE10FA08DA89
:10AAC0001FED652A31EE021AB4EEC91AF1EE10FA42
:10AAD000F8DB43F6945086ED001AC2F2000080EDD8
:10AAE000000A4FF07E50C9F800009AF80000B0B19B
:10AAF00043F6B8501FED712AC2F2000090ED001A23
:10AB000030EE418AB4EE428AF1EE10FA1EBF1FED1C
:10AB1000760AB4EE408AF1EE10FA00F0038243F2B6
:10AB200030500121C2F200000170C8E143F2BC6064
:10AB300043F6BC59C2F20000C2F200090068C9F82D
:10AB4000000043F6B450C2F200000078B0B143F602
:10AB5000B8501FED882AC2F2000090ED000A31EED5
:10AB6000408AB4EE428AF1EE10FA1EBF1FED8E0A43
:10AB7000B4EE408AF1EE10FA00F0CB8194ED000AB9
:10AB8000B0EE001AB4EEC10AF1EE10FAC0F27E8007
:10AB900043F26C60C2F200000178002976D195ED95
:10ABA000001A97ED000A0121017030EE411AB4EE4F
:10ABB000CA1AF1EE10FA08DD9FEDDF2A31EE021A13
:10ABC000B4EECA1AF1EE10FAF8DCB4EEC91AF1EEDE
:10ABD00010FA08DA9FEDD92A31EE021AB4EEC91A3A
:10ABE000F1EE10FAF8DB43F6945043F26A6186ED19
:10ABF000001AC2F20000C2F2000180ED000A032038
:10AC000088F800000020088043F27C612060C2F2D6
:10AC10000001087043F27061C2F20001086043F263
:10AC20008061C2F20001086043F27861C2F2000163
:10AC3000086043F22C604CF6CD41C2F20000C3F62E
:10AC4000CC7101604FF07E50C9F8000037E143F24B
:10AC5000746100224CF6CD43C2F20001C3F6CC73FE
:10AC6000028081ED001A43F27061C2F200010A60B5
:10AC700043F27861C2F200010B6043F27D6101236F
:10AC8000C2F200018BF800300B7018E19FEDAE1A94
:10AC9000B4EEC10AF1EE10FA07DA43F29460C2F2A0
:10ACA00000000078002800F00A8143F228610520A6
:10ACB00088F800000020C2F20001086043F22C6115
:10ACC0002060C9F80000C2F20001086043F25C5144
:10ACD000C2F200010870F2E0B5EEC02A30EE020ABE
:10ACE000F1EE10FA02DD4FF07E5304E0002330EE67
:10ACF0000A0ACBF68073B4EECA0A2B60F1EE10FAA2
:10AD000009DD9FED8D3A00BF30EE030AB4EECA0AAA
:10AD1000F1EE10FAF8DCB4EEC90AF1EE10FA08DA36
:10AD20009FED863A30EE030AB4EEC90AF1EE10FA4E
:10AD3000F8DB43F2486387ED000A0027C2F2000304
:10AD40001F6043F228630127C2F2000330EE411A6C
:10AD50000020186043F25C50B4EECA1AB0EE413ADB
:10AD6000C2F20000F1EE10FA07700ADD9FED724AA0
:10AD7000B0EE413A33EE043AB4EECA3AF1EE10FACC
:10AD8000F8DCB4EEC93AF1EE10FA08DA9FED6B4A3E
:10AD900033EE043AB4EEC93AF1EE10FAF8DB286863
:10ADA00043F22C6386ED003ABFEE003AB7EE004A5C
:10ADB000C2F2000305EE100AB5EEC05AF1EE10FA29
:10ADC000B4EECA1AB8BFB0EE434A196043F69451C4
:10ADD000F1EE10FA82ED002AC2F2000189ED004A7C
:10ADE00081ED000A43F23441C2F20001086008DD3F
:10ADF0009FED512A31EE021AB4EECA1AF1EE10FAA2
:10AE0000F8DCB4EEC91AF1EE10FA08DA9FED4B2A1D
:10AE100031EE021AB4EEC91AF1EE10FAF8DB43F281
:10AE20007D610122002086ED001AC2F20001CCF8FB
:10AE300000000A7043F24861C2F20001086043F268
:10AE40002861C2F20001086043F23851C2F20001E9
:10AE50000870DEF80000C9F800009AF80000F0B1B0
:10AE600043F6B850C2F2000090ED001A9FED342A6C
:10AE700030EE418AB4EE428AF1EE10FA1EBF9FED29
:10AE8000310AB4EE408AF1EE10FA11D1B0EE480A60
:10AE900005F084FCB0EE480A05F01EFE08E098F8C4
:10AEA0000000072810D80121814011F0D80F0BD0E5
:10AEB000042088F80000002020608BF80000BDEC22
:10AEC000068B01B0BDE8F08F0338C1B2042907D862
:10AED00040F6B06140B2C0F6010151F82000C3E76E
:10AEE00043F69850C2F20000BEE7B0EE480AF346BF
:10AEF00005F054FCB0EE480A05F0EEFDDE4689E4AC
:10AF0000B0EE480A05F04AFCB0EE480A05F0E4FD50
:10AF100042E5B0EE480A05F041FCB0EE480A05F003
:10AF2000DBFD2BE6B0EE480A05F038FCB0EE480A2F
:10AF300005F0D2FDF3E500BFDB0FC9C0DB0FC94050
:10AF40000000807F000080FF0000204243F220507C
:10AF500043F21851C2F20000C2F20001C0ED001A23
:10AF600043F61A5081ED001AC2F20000007803384F
:10AF7000042888BF7047DFE800F0060313030900C8
:10AF80000120FEF7D3B90020FEF7D0B943F2FD400F
:10AF9000C2F200000078B0FA80F04009FEF7C6B9AE
:10AFA0007047000084460020BCF1000F18BF002944
:10AFB00011D043F61A50C2F2000003780020072B8C
:10AFC00005D801229A4012F0D80F18BF7047CCF86C
:10AFD000000008600120704743F61A50C2F20000DA
:10AFE0000078C11E022904D3062809D0072818BFFB
:10AFF000704743F6A450C2F2000090ED000A70477B
:10B0000043F6A450C2F2000090ED000A7047000021
:10B0100043F61A5100204CF6CD42C2F20001C3F6AD
:10B02000CC62087043F25C51C2F20001087043F632
:10B030009451C2F20001086043F6A451C2F200012B
:10B04000086043F6A051C2F20001086043F2A0413B
:10B05000C2F20001086043F23441C2F2000108600C
:10B0600043F23041C2F20001086043F6CC51C2F213
:10B070000001086043F6D451C2F20001086043F6B3
:10B08000C051C2F200010A6040F23C014FF07E5212
:10B09000C2F200010A6043F23051C2F200010870AE
:10B0A00043F6B451C2F20001087043F6B851C2F23F
:10B0B0000001086043F2FD41C2F20001087043F252
:10B0C0002461C2F20001086043F61C51C2F2000183
:10B0D000086043F69851C2F20001086043F6BC5183
:10B0E000C2F20001086043F22851C2F20001086078
:10B0F00043F24C51C2F20001086043F23851C2F2EF
:10B100000001087043F2BC61C2F200010A6043F61C
:10B11000C8514CF6CD42C2F20001C3F6CC520A60CF
:10B1200043F6D051C2F20001086043F22C51C2F242
:10B130000001086043F25051C2F20001086043F27E
:10B140004051C2F20001086043F24651C2F20001D0
:10B15000088043F24451C2F20001088043F2495191
:10B16000C2F20001087043F24861C2F200010860B7
:10B1700043F61051C2F20001086043F22861C2F2A6
:10B180000001086043F22C61C2F20001086043F242
:10B19000AC61C2F20001086043F2B861C2F2000182
:10B1A000086043F2B461C2F20001086043F2B0618A
:10B1B000C2F20001087043F26A61C2F20001088025
:10B1C00043F27C61C2F20001087043F27861C2F27E
:10B1D0000001086043F27461C2F20001086043F2AA
:10B1E0007061C2F20001086043F28061C2F20001A6
:10B1F000086043F27D61C2F20001087043F26C61A5
:10B20000C2F20001087070479FED251AB4EEC10A22
:10B21000F1EE10FA09DD9FED232A00BF30EE020A9D
:10B22000B4EEC10AF1EE10FAF8DC9FED1F1AB4EE8D
:10B23000C10AF1EE10FA08DA9FED1C2A30EE020A7C
:10B24000B4EEC10AF1EE10FAF8DB43F2486043F6BF
:10B25000A451C2F20000C2F20001C0ED000A43F2A4
:10B26000286081ED000A0021C2F20000C0ED000A52
:10B2700043F22460C2F20000C0ED000A43F2FD4038
:10B28000C2F20000017043F6A050C2F2000001605B
:10B2900043F61050C2F20000C0ED000A704700BF34
:10B2A000DB0F4940DB0FC9C0DB0F49C0DB0FC940D2
:10B2B000B5EEC00AF1EE10FA02DA9FED090A08E0D5
:10B2C000B7EE001AB4EEC10AF1EE10FAC8BFB0EE44
:10B2D000410A40F23C00C2F2000080ED000A7047D3
:10B2E00000000000002843F2485118BF0120C2F2BC
:10B2F00000010870704700007047000043F61A51C3
:10B3000043F26C60C2F20001C2F2000009780078DA
:10B310000739B1FA81F149090840704700207047A8
:10B3200043F2A04143F6BC530028C2F20001C2F22E
:10B3300000030A6843F2B041C2F200010A6043F21E
:10B340004042C2F2000212684A6043F6C852C2F29A
:10B35000000212688A6043F6D052C2F200021268FC
:10B36000CA6043F6CC52C2F2000212680A6143F688
:10B37000D452C2F2000212684A6143F23042C2F271
:10B38000000212688A6143F23442C2F2000212687B
:10B39000CA6143F24862C2F2000212680A6243F2D2
:10B3A0007062C2F2000212684A6243F28062C2F224
:10B3B000000212688A624FF00002C1E90B221B688A
:10B3C0004B634FF07E53C1E90E3243F249530A6496
:10B3D00081F84420C2F200031B7881F845304FF019
:10B3E000010381F8463081F8472081F8482043F274
:10B3F000FC41C2F200010B7008BF704780B543F2F8
:10B40000B0414C22C2F20001F4F733FF80BD0000CE
:10B4100070B543F6905443F2FC45C2F20004C2F208
:10B42000000526682878002863D143F2A04043F63F
:10B43000BC52C2F20000C2F20002016843F2B04006
:10B44000C2F20000016043F24041C2F2000109680B
:10B45000416043F6C851C2F200010968816043F6B9
:10B46000D051C2F200010968C16043F6CC51C2F26A
:10B4700000010968016143F6D451C2F20001096874
:10B48000416143F23041C2F200010968816143F237
:10B490003441C2F200010968C16143F24861C2F25D
:10B4A00000010968016243F27061C2F2000109689B
:10B4B000416243F28061C2F20001096881620021A9
:10B4C000C0E90B11126842634FF07E52C0E90E21B1
:10B4D00043F24952016480F84410C2F2000212782B
:10B4E00080F84520012280F8462080F8471080F837
:10B4F0004810701C43F2B0414C22206043F6445087
:10B50000C2F20001BFF35F8FC2F20000F4F7B1FE98
:10B51000BFF35F8FB01C20600020287070BD00005A
:10B520002DE9F04104460CB343F6905743F64458D6
:10B530000026C2F20007C2F2000800BF3D68BFF358
:10B540005F8F204641464C22F4F793FEBFF35F8F96
:10B5500001363868F1B2281A18BF0120072988BFC0
:10B56000BDE8F08105F001010843E7D1BDE8F081B5
:10B570002DE9F04794B0F7F7EDFA002400200C9481
:10B58000CDE90A44CDE908440594CDE90344CDE969
:10B590000144F7F7BFFC01204FF4803103250690EA
:10B5A000079102210D91CDE90E501420CDE9100133
:10B5B00006A8CDE91211F8F793F820B1EFF3108047
:10B5C00072B600BFFEE70F200421CDE9010501A8F6
:10B5D000CDE903440594F7F7A7FE20B1EFF31080FF
:10B5E00072B600BFFEE7FAF769FEFAF7C1FDFAF797
:10B5F000DBFFFBF7D3F9FAF7FFFDFAF7FFFFFBF7E5
:10B6000055F8FBF70FF9FAF75BFCFAF767FFFAF763
:10B6100087FFFAF7A7FFFAF7F3FBFAF7E3FCFAF76D
:10B6200043FDFAF7E1FEFAF717FFFBF711F8FAF717
:10B630008BFD40F6C414C2F200042046F7F754FC18
:10B6400018B1EFF3108072B6FEE740F60025C2F2A3
:10B6500000052846F7F748FC18B1EFF3108072B6E2
:10B66000FEE740F63C28C2F200084046F7F73CFCF3
:10B6700018B1EFF3108072B6FEE70A20F6F7CAFCA5
:10B6800040F2C0477F21C2F200073846F4F7DAFFE4
:10B6900040F22C567F21C2F200063046F4F7D2FF6A
:10B6A00040F298597F21C2F200094846F4F7CAFFD8
:10B6B00040F2046A7F21C2F2000A5046F4F7C2FF4A
:10B6C0003846F5F7FDFB3868202707603046F5F768
:10B6D000F7FB306807604846F5F7F2FBD9F8000041
:10B6E00007605046F5F7ECFBDAF800000760FCF75E
:10B6F00039FA00200027FCF70FFA00F099F9002032
:10B70000142164223223FCF715FA002800F0FD8092
:10B710000020FCF701FA816B40F2CC06C2F2000671
:10B72000B164816B0289511AA6F854100189A6F8F8
:10B730004210816CF164816C4289511AA6F856104E
:10B740004189A6F84410816D31658289511AA6F8A5
:10B7500058108189A6F846100169F1654169316682
:10B760008069706640F20030C4F20100016801F0A7
:10B77000010231603271C1F300227271C1F3843170
:10B78000F180816801F0010271613276C1F300221B
:10B790007276C1F384317183C06800F00101B06238
:10B7A00086F82C10C0F3002186F82D10C0F38430E9
:10B7B000F08594F83A00306195F83A00706298F894
:10B7C0003A00B06340F2C000C2F200000188B187C5
:10B7D0004188F1878188A6F840100189A6F84410B5
:10B7E0004089A6F84600F4F7EFFE40F2640040F608
:10B7F000DC214FF090424FF40043C2F20000C2F24D
:10B800000001F4F76DFE03F09DF940F2B034C2F28E
:10B810000004204603F010FC40F624450021C2F24B
:10B8200000052846F9F798FD28460421F9F794FD0C
:10B8300028460821F9F790FD28460021F8F72AFD4F
:10B8400028460421F8F726FD28460821F8F722FDAE
:10B8500028460C21F9F780FD2846F8F7B1FE06AD21
:10B8600086F8F87086F8F97086F8FA7086F8FB703A
:10B8700086F8FC70C6F80071284601F0D1FA40F253
:10B88000021001210127CFF60070CDF81F004FF6FE
:10B89000FF70ADF82300284601F0A4FA86F8F9708D
:10B8A00001F0DCF901799FED1B0A86F80411C179DA
:10B8B00086F80711817A86F80A11417986F8051110
:10B8C000017A86F80811C17A86F80B11817986F819
:10B8D0000611417A86F80911007B86F80C01204692
:10B8E000FDF77AF946F26660C4F20600C6F8EC008D
:10B8F000C6F8E8002046FDF735F901F027FDFAF714
:10B90000ABFC01F039FD00BFFEE7EFF3108072B62B
:10B91000FEE700BF66660640002818BF002969D010
:10B920009FED351AB4EEC10AF1EE10FA0CDB9FED73
:10B93000332A00BF30EE020AB4EEC10AF1EE10FA6B
:10B94000F8DA01E030EE010AB5EEC00AF1EE10FAC5
:10B95000F8DB10B59FED2A1A9FED2A2A9FED2B4A9E
:10B960009FED293A41F20404C0F6010420EE010AD9
:10B9700030EE021AB4EEC41A31EE032AF1EE10FAD8
:10B98000B8BFB0EE412ABCEEC21ABCEEC03A13EE0C
:10B99000103A11EE10EAB8EE433AB8EE411A5A1CCA
:10B9A000DBB20EF1010C30EE430AD2B204EB83039A
:10B9B0005FFA8CFC04EB820293ED004A5FFA8EF38F
:10B9C00092ED005A04EB8C0204EB830393ED003AF2
:10B9D00092ED006A35EE445A05EE004A81ED004AC8
:10B9E00032EE410A36EE431A01EE003A80ED003A9B
:10B9F000BDE81040704700BFDB0FC940DB0FC9C076
:10BA000083F9224200008042000080C3000080438E
:10BA100043F61450C2F2000090ED000A7047000097
:10BA200043F6A850C2F2000090ED000A70470000F3
:10BA30002DE9F04182B00446002C76D043F27455D3
:10BA40000720C2F200052870284600F007FF2846AC
:10BA500000F0A2FF43F2444840F2CC060220002747
:10BA6000C2F200082873C2F20006C5E90477404616
:10BA700086F8D17001F05CFB01F0EAFB43F2FC5167
:10BA8000C2F20001086001F0D1FB43F2F851C2F2AA
:10BA9000000108602846C5E9147700F00FFE01A8F0
:10BAA000FCF7B4FA9DF8040086F89301FCF7B8FAA5
:10BAB0009FED211A9FED1E0ADFED1E0A86F8940104
:10BAC00043F20060A567C2F20000F0EE411A01F0F7
:10BAD00035FA43F25460C2F20000077043F274403A
:10BAE000C2F20000FCF7E2FC4046FCF7E5FA43F640
:10BAF0001450C2F200000760E06E88B1FCF7EAFF64
:10BB00000146E06EFCF7D8FF43F6A850C2F20000F1
:10BB100080ED000A43F20060C2F2000001F01CFA5E
:10BB200043F61850C2F20000077002B0BDE8F08181
:10BB30001FB7314479BD7648008022442DE9F04F8B
:10BB400081B02DED108BB6B0044641F20400CEF268
:10BB50000000002C006835901CBFE06E002800F04B
:10BB60004D85616F00291CBFD4F87890B9F1000FA2
:10BB700000F0448594F82010002940F03F8504F13E
:10BB80000408FCF7A7FF074640F2CC0B00EE107A42
:10BB9000C2F2000B3946B8EE400A8BED1F0AE06E88
:10BBA000FCF78AFF43F6A85AC2F2000A8AED000A9F
:10BBB000E56E99F800602846FCF7BCFF2846394638
:10BBC0003246FCF791FF9FEDE7AA9AED008A43F217
:10BBD0000065B0EE409AC2F200052846B0EE480A71
:10BBE000F0EE4A0A01F0C2F9284601F091F943F259
:10BBF0004C6043F61456C2F20000C2F2000680ED1B
:10BC0000000A28468BED360A86ED000A01F076F927
:10BC100043F254608BED370AC2F20000017801292B
:10BC200012D143F250609FEDD01A9FEDD02AC2F29C
:10BC3000000090ED000A38EE400A80EE0A0A20EE7D
:10BC4000010A80EE020A03E09FEDC90A012101709A
:10BC50008BED380A43F250606D469BED360A9BED42
:10BC6000381AC2F200002A1D05F10803294630EEF9
:10BC7000410A8BED390A80ED008ADAF80000CBF832
:10BC800010023068CBF8080240468BED1E9AFBF795
:10BC90004DFC32A931AA30AB284601F04DF843F2F1
:10BCA000145AC2F2000A9AF80000012835D199F816
:10BCB0000C00022831D043F21050DFEDAD0A99EDAF
:10BCC000010AC2F2000090ED001A02F0D1FE013824
:10BCD000012822D89DED321A9FEDA62A9DED310A4A
:10BCE000B0EEC13AB4EEC23AF1EE10FABEBFB0EE19
:10BCF000C03AB4EEC23AF1EE10FA08DA9DED303AED
:10BD0000B0EEC33AB4EEC23AF1EE10FA05DB31EE12
:10BD1000000AB1EE400A8DED300A329A41F2040871
:10BD200033A9CEF20008CBF8682000EE102A319B30
:10BD3000CBF86C3000EE903A309FCBF8707001EE8B
:10BD4000107AD8F80000239034A8F4F7D9FB43F612
:10BD50001850C2F20000017801310170C9B20A29FD
:10BD600004D300210170484600F042FE99F80C000F
:10BD7000022820D119A84946B0EE490A01F08EF9EF
:10BD800019AF35460DF1900C8FCF1E9E29968CE889
:10BD90008F002E46DDE91F01CDE92A019DF89000B4
:10BDA0008BF8D2002898CBF8D4000020CBF8F00014
:10BDB000CBF8F40013E0022000218BF8D200CBF87E
:10BDC000D410CBF8F010CBF8F41026918DF8900039
:10BDD0008DF8A41027918DF8A610CDE92A1143F211
:10BDE000FC57DFED600AB0EE490AC2F2000738687E
:10BDF000806880473868C0688047B0EE408A01F0AC
:10BE00000DFA072808D143F21050C2F2000080ED6D
:10BE1000008A01208AF8000001F0AAF930B109F186
:10BE20003400FDF779F90020C9F8540001F078FAE0
:10BE3000D8B101F0F1F9B0EE40AA89ED17AA8BED67
:10BE400081AA99F85800022828D09FED490A0020BD
:10BE50000221C9F85C004846F0EE400A00F0ACFE52
:10BE600089ED17AA8BED81AA18E001F0CFF989EDD1
:10BE7000040A01F0CFF989ED050A01F0CDF989ED49
:10BE8000170A8BED810A99F8580038B19FED380AEE
:10BE900048460021F0EE400A00F08EFE9FED34AAE5
:10BEA000B0EE4A0A01F036FA2EA82FA9B0EE480AE1
:10BEB0008BED1D8A01F020F9DDED2E1A9DED2F1A74
:10BEC000DDED330A9DED340A2DA82CA9FAF7ACFD5F
:10BED0002D98CBF88000CBF8840000EE100A2C9946
:10BEE000CBF8881000EE901A3A68DDED331A9DED1C
:10BEF000341A1269904701F013FA78B101F088F909
:10BF000099ED052AB1EE401AB0EE403AB4EEC02ADF
:10BF1000F1EE10FA0BDD89ED053A11E04FF08040AB
:10BF20004FF04041C9E91D01C9E91F0131E0B4EEFC
:10BF3000C12AB0EE413AF1EE10FAB8BF89ED053AE8
:10BF400089ED1D0A89ED1E1A89ED1F0A89ED201A57
:10BF500099ED1C2AB4EEC02AF1EE10FA10DD89ED3D
:10BF60001C0A16E017B7513800007042DB0FC940B9
:10BF700000000000CDCC4C3D00401C46CDCC4CBD5B
:10BF8000B4EEC12AB0EE410AF1EE10FAB8BF89ED65
:10BF90001C0A01F047F998B901F046F9B7EE001A0A
:10BFA000B4EEC10AF1EE10FA06DA9DED2D2A31EE5B
:10BFB000400A20EE020A01E01FED130A89ED040A8F
:10BFC000484600F037FB40F61C509DED2C0A9DEDD5
:10BFD0002DBA40F60852C2F20000C2F20002016817
:10BFE000C1B392ED002AB4EECB2AF1EE10FAC4BF31
:10BFF00082ED00BAB0EE4B2A40F60452C2F20002C3
:10C0000092ED004AB4EECB4AF1EE10FABCBF82EDDD
:10C0100000BAB0EE4B4A40F61452C2F2000292ED62
:10C02000001AB4EEC01AF1EE10FAC4BF82ED000A95
:10C03000B0EE401A40F61052C2F2000292ED003A01
:10C04000B4EEC03AF1EE10FABCBF82ED000AB0EED9
:10C05000403A26E082ED00BA40F6145240F604530E
:10C06000B0EE401AB0EE403AB0EE4B2AB0EE4B4A7A
:10C07000C2F20002C2F2000382ED000A40F6105242
:10C0800083ED00BA0023C2F2000282ED000A40F6FE
:10C090000C52C2F20002136040F61852C2F20002C3
:10C0A000136040F60C520131C2F20002016092EDC1
:10C0B000005A3BEE055A82ED005A40F61852C2F281
:10C0C000000292ED006A30EE066A82ED006A42F2EA
:10C0D0001072914247D31FED587A34EE424A85EEF2
:10C0E000075A86EE072AB5EEC05AF1EE10FA0BDABF
:10C0F0001FED5E6AB4EEC65AF1EE10FA0FDAB8EE32
:10C10000006A25EE065A08E01FED666AB4EEC65ACC
:10C11000F1EE10FA03DD35EE055A84EE054AB5EE70
:10C12000C02A33EE411A8BED624AF1EE10FA0BDAB7
:10C130001FED6E3AB4EEC32AF1EE10FA0FDAB8EE44
:10C14000003A22EE032A08E01FED763AB4EEC32A45
:10C15000F1EE10FA03DD32EE022A81EE021A00211E
:10C160008BED631A016099F80C00022812D124ADFE
:10C1700048468BED21BA294600F088FFDDED2C0AF8
:10C180004846B0EE4B0A2946B0EE491A00F0D4FA00
:10C1900099F80C00012804D8484600F081FB99F872
:10C1A0000C00002818BF012810D00228B0EE4AEA7F
:10C1B000B0EE4A9AB0EE4ABA40F0A4809DF8A400CE
:10C1C00058B11FED95BA9DED279A2FE099ED019A90
:10C1D000B0EE4AEAB0EE4ABA94E09DED2D0AFBF7C4
:10C1E00021FF99ED159A01F01DF878B109F11800B9
:10C1F000FCF792FF0020C9F85000CBF894009DEDA9
:10C200002D0AFBF70FFFB0EE40BA0FE001F00CF87B
:10C21000B0EE40AA9DED2D0AFBF704FF99ED141A2C
:10C220002AEE011A30EE01BA8BED251A43F2F855C9
:10C230001FEDB1AAC2F200052868002860D002688C
:10C24000684622A9904718B39DED229A9DED00BA49
:10C25000002000210025B5EE409AF1EE10FAB5EE6F
:10C2600040BA08BF0120F1EE10FA08BF01210142D7
:10C2700046D009F11800FCF74FFF09F13400FCF734
:10C280004BFFC9E91455CBF89450CBF8985037E0E0
:10C290002868A8B3426821A818A9904728689DED8E
:10C2A00018AA9DED2ECA9DED2FDA9DED21EA16A963
:10C2B000826817A890479DED160A9DED2E1A9DEDF8
:10C2C0002F2A9DED175A2EEE0D3A2EEE0C4A79EEDE
:10C2D0000A0A0AEE0C3A0AEE4D4A21EE006A20EEF6
:10C2E000027A33EE00AA05EE426A05EE017A3BEED1
:10C2F0000E2A34EE05EA30EE869A32EE07BA01E0F5
:10C30000B0EE4AEA68468BED279A8BED28BA00F02A
:10C31000ABFF01989FEDBFFACBF890020298CBF8E3
:10C3200094020398CBF898020498CBF89C020598E5
:10C33000CBF8A0020698CBF8A4020798CBF8A80285
:10C340000898CBF8AC020998CBF8B0029DF8000031
:10C350009DED0A0A01EE100AB8EE411A30EE010A0C
:10C360009FEDAF1A8BEDAD0A9DF8010000EE100AAB
:10C37000A9A0B8EE400A8BEDAE0A9DED0B0A20EEA7
:10C380000F0A8BEDAF0A9DF84C109DED102A9DED24
:10C39000123A002903EE012A18BF043090ED004A3A
:10C3A00032EE041A8BEDB11A8BEDB60A9DF84D00F2
:10C3B00000EE100AB8EE400A8BEDB20A9FED990A22
:10C3C0000F98CBF8CC021498CBF8D0029DED151A3B
:10C3D00021EE000A8BEDB50A00F020FF8BF8D100AA
:10C3E000D8F80000009096ED00DA00F019FFB0EEEA
:10C3F00040CA00F097FFA8B143F27440C2F20000B7
:10C40000FCF7ACF900F0D2FE00F086FF9FED7F0A4A
:10C410000020CBF86802CBF86C02CBF87002CBF8A6
:10C420008402ACE0DDED2F8ADDED2E9AB0EE4D0AF0
:10C430006BEE29AA6BEE28BAFCF7CEF8DDED330AD5
:10C440009DED340A43F2744549EE68AA49EE29BAD3
:10C450000646B0EE4C2AF0EE4D2AC2F200053AEE46
:10C46000CEEA3BEECAAA2846B0EE4E1AF0EE4A1AC1
:10C47000FCF7BAF9686900EE106ACBF84C02A869BB
:10C48000CBF85002286ACBF85402686ACBF85802FD
:10C49000E869CBF85C02B8EE40DAFBF7ABFF8BED56
:10C4A000980A8BED99DADFED581AB0EE4C1A3498F1
:10C4B000CBF820023398CBF824028BED8AEA8BED7F
:10C4C0008BAAA86ACBF8440295ED050AD5ED060AB9
:10C4D00000F092FE00F082FE8BED9A0A00F070FEF2
:10C4E0008BED9B0A00F054FE8BED9C0A00F042FE9F
:10C4F0008BED9D0A00F072FE9FED4BEAB0EE40AA74
:10C500003AEE4CCA00F044FEB4EECECAB0EE40DAC9
:10C51000F1EE10FA09DD9FED450A00BF3CEE00CABE
:10C52000B4EECECAF1EE10FAF8DC9FED410AB4EE9B
:10C53000C0CAF1EE10FA08DA9FED351A3CEE01CAD6
:10C54000B4EEC0CAF1EE10FAF8DB2DEE0F0A8BED57
:10C550009BCA8BEDA30A9BEDA30A00F0DFFE8BEDD7
:10C56000A10AB0EE4A0AF0EE4D0AB0EE4C1A00F005
:10C5700079FE00F075FE8BEDA00A00F06FFE8BEDEA
:10C58000A30A40F22045B0EE490AF0EE4B0AB0EEA5
:10C59000481AD8F80000C2F20005229022980099AB
:10C5A000401A68612046DDED2C3A9DED2D3ADDED17
:10C5B000302A9DED312ADDED321AFCF7ABFEE06E3C
:10C5C000FCF7D0FAD8F80000219000982399401A7F
:10C5D000219908442299401A286100F0A5FE02F032
:10C5E00011FBD8F8000018903598286018986860FA
:10C5F0001898A86018983599401AE86036B0BDECD4
:10C60000108B01B0BDE8F08F17B751380000000063
:10C61000DB0FC9409E9DAE3F000000000AD7233CBF
:10C62000CDCCCC3DE02E6542DB0F4940DB0FC9C0CD
:10C63000DB0F49C0002808BF7047017B02292AD1BF
:10C6400090ED040ABAEE061AB2EE062A40F2CC01C8
:10C65000C2F20001B4EEC10AF1EE10FAB4EEC20A61
:10C66000B8BFB0EE410AF1EE10FAC8BFB0EE420A10
:10C6700081ED230A90ED050AB4EEC10AF1EE10FA3D
:10C68000B4EEC20AB8BFB0EE410AF1EE10FAC8BF6C
:10C69000B0EE420A08E09FED080A40F2CC0000210B
:10C6A000C2F20000C0F88C1040F2CC00C2F20000D0
:10C6B00080ED240A704700BF0000000010B52DED8A
:10C6C000068B0446002C04BFBDEC068B10BD9FED0D
:10C6D000179A9FED17AA9FED148A9FED120A04F195
:10C6E0001800F0EE480AB0EE491AF0EE4A1AB0EE21
:10C6F000492AF0EE4A2AFCF7FFFC9FED0E0A04F1EE
:10C700003400F0EE480AB0EE491AF0EE4A1AB0EEE4
:10C71000492AF0EE4A2ABDEC068BBDE81040FCF732
:10C72000EBBC00BF6FCDBD3E39FD1C3DD7B35DC135
:10C73000D7B35D4169F00B3FF0B581B02DED088BAB
:10C7400005460C46B0EE608AB0EE409A002D18BF48
:10C75000002C7CD0287B022804BF207D002804D038
:10C760009FED3D0A002028655FE095F8581004F120
:10C770000800BAEE062AB2EE063A01F0FE010229DE
:10C7800008BF05F1140095ED040A90ED001AB4EE0F
:10C79000C20AB0EE40BAF1EE10FAB4EEC21AB0EE30
:10C7A00041AAB8BFB0EE42BAF1EE10FAB4EEC30A35
:10C7B000B8BFB0EE42AAF1EE10FAB4EEC31AC8BF89
:10C7C000B0EE43BAA07DF1EE10FAC8BFB0EE43AAB6
:10C7D000B0B194ED060A05F13406F0EE4A0AB0EE67
:10C7E000481A3046FCF748FC94ED070A05F1180793
:10C7F000F0EE4B0AB0EE491A3846FCF73DFC03E078
:10C8000005F1340605F118073846B0EE4B0AF0EE94
:10C81000490AFCF787FC85ED140A3046B0EE4A0A57
:10C82000F0EE480AFCF77EFC286D40F2CC0185ED65
:10C83000150A05F15402C2F20001C1F89400207DEE
:10C84000002818BF04F10C021068C1F89800BDEC74
:10C85000088B01B0F0BD00BF0000000000281EBF23
:10C860004FF080410022C0E9011243F25450C2F25D
:10C8700000000021017043F6AC50C2F200000160DC
:10C8800041F2BD20C2F20000017043F2A840C2F2A2
:10C890000000016043F2AC40C2F20000016070474A
:10C8A00010B5002876D041F2BD21C2F200010A780D
:10C8B000012A6FD143F2545EC2F2000E9EF800309E
:10C8C000002B67D0027B012A64D8012B28D0032BD0
:10C8D00060D143F6AC5240F2CC0CC2F20002C2F27C
:10C8E000000C1468631C136043F2AC420023C2F2D4
:10C8F00000021268C0E9012350228CF8D12043F2D3
:10C90000A842C2F200021268944238BF10BD0B70F8
:10C910008EF80030C0E9013351208CF8D10010BDF1
:10C9200043F6AC52C2F2000213685C1C146048F279
:10C930009F62C0F20102934203D84FF0804100226F
:10C9400009E040F63F52C0F2030293420BD80021A7
:10C950000122C4F22001416040F2CC01C2F2000188
:10C9600081F8D12014E000220224C4F24002426087
:10C9700040F2CC02C2F2000282F8D14049F2E03229
:10C98000C0F20402934222BF00220A708EF80020F7
:10C990000021816010BD000010B50446002C08BFC6
:10C9A00010BD9FED110ADFED110AB8EE001AF0EE8E
:10C9B000001A04F16800B0EE412AF0EE612AFCF79B
:10C9C0009BFB43F255610020C2F2000184F858003D
:10C9D000C4E917006066087043F256600421C2F291
:10C9E0000000017010BD00BF0AD7A33B931ADA36CE
:10C9F000B0B52DED028B0446002C00F0C680FFF789
:10CA000007F8B0EE408AFFF70BF840F2CC05C2F20F
:10CA1000000585ED828A206E01EE100AC5F80C0231
:10CA200031EE400A85ED850A94F85800012824D09B
:10CA3000022825D003283DD143F25660C2F20000FF
:10CA400001780131CAB2032A88BF0021042A01708B
:10CA500068D343F25561B0EEC01AC2F20001087803
:10CA6000012829D19FED4F2AB4EEC21AF1EE10FA37
:10CA700040F38E8000220A702EE094ED190A67E0E0
:10CA800095ED280A95ED271A9FED443A002104F10F
:10CA90006800F0EE480A21EE012AB7EE001A00EE17
:10CAA000002A94ED170AB4EEC32AF1EE10FAA8BFDB
:10CAB00001214BE0606963E09FED392AB4EEC21AB0
:10CAC000F1EE10FA08DA012008700020E06504F1A8
:10CAD0006800FCF721FB25E09FED341A9FED343A06
:10CAE0009FED344A20EE012AB4EEC32AF1EE10FA8B
:10CAF000B4EEC42AB8BFB0EE432AF1EE10FAC8BFB4
:10CB0000B0EE442A012884ED172A16D19FED260A9B
:10CB1000F7EE001A04F16800F0EE420AB0EE481A8F
:10CB2000FCF7CAFA43F25560C2F20000007810B177
:10CB30009FED1D0A1EE094ED172AB7EE001A04F1CE
:10CB40006800B0EE420AF0EE480A0021FCF752FB02
:10CB500094ED1E2A94ED1D1AB4EEC02AF1EE10FADF
:10CB6000B4EEC01AC8BFB0EE420AF1EE10FAB8BF78
:10CB7000B0EE410A002084ED050A206110EE100A93
:10CB8000C5F81802E06DC5F80402BDEC028BB0BD1B
:10CB90009FED050A0020E065ECE700BFAD472D439F
:10CBA00003FA0E3C39FA8E3C000000000000A0425F
:10CBB0000000C8C30000C843B0B52DED048B054686
:10CBC0000C46B0EE608AB0EE409A002D1CBF95F87E
:10CBD0005800A04202D1BDEC048BB0BD012C06D0A0
:10CBE000032C09D0022C02D1D5ED170A1FE005F164
:10CBF0006800FCF791FA24E0FEF712FF40F2CC0146
:10CC0000002085ED180ADFED140AC2F20001E86584
:10CC100081ED830AC1F8040243F25561C2F20001BA
:10CC2000087043F256600421C2F200000170F7EE72
:10CC3000001A05F16800B0EE490AB0EE481AFCF798
:10CC40003BFA40F2CC0085F85840C2F2000080F870
:10CC50000042BDEC048BB0BD0000000041F2B830D2
:10CC6000C2F200007047000080B582B0014651B3A7
:10CC70000A6843F231130020C5F242039A420AD1F6
:10CC80008DF806008DF80200ADF80400ADF8000044
:10CC90000A79022A01D902B080BDCB79022B12D8C1
:10CCA000887AFF2818BF01280DD10DF1040C01204E
:10CCB000EE460CF802000EF803004B79022B9CBFE5
:10CCC000087A022802D9002002B080BDCA7AFF2A61
:10CCD00018BF012AF7D101220CF803200EF800201A
:10CCE0008B79022B9CBF487A0228ECD8097BFF295C
:10CCF00018BF0129E7D101210CF803100EF800102C
:10CD00009DF8040000281CBF9DF805000028DAD01B
:10CD10009DF80610002000291CBF9DF80010002976
:10CD2000B9D09DF801000028CDD09DF80200002860
:10CD300018BF012002B080BD70B5002808BF70BDCB
:10CD400041F2BC2CC2F2000C9CF800C0BCF1000FF8
:10CD50003BD041F2B83C0029C2F2000C9CF808E03C
:10CD60009CF809409CF90B509CF90C6000EB8E0E6E
:10CD700000EB840401EE106A03EE105A94ED000AF1
:10CD80009EED002AB8EEC11AB8EEC33A0FD09CF857
:10CD9000076000EB86009CF90A6090ED004A05EE02
:10CDA000106AB8EEC55A24EE054A81ED004A002A01
:10CDB0001CBF22EE032A82ED002A002B1EBF20EEAC
:10CDC000010A83ED000A70BD70BD00291CBF066812
:10CDD0000E60002A1CBF41681160002B1CBF8068D8
:10CDE000186070BDB0B504460D467CB1012D0DD163
:10CDF0002046FFF739FF012808D194E80F0041F2DF
:10CE0000B835C2F200050FC5012003E0002D18BFA0
:10CE1000B0BD002041F2BC21C2F200010870B0BDDB
:10CE2000002808BF704743F2311140F20012C5F2EA
:10CE30004201C0F202020160012181720172C172DD
:10CE40004260022242720173002141737047000068
:10CE500080B586B040F6BC720028C0F60102CDE96C
:10CE600003204FF00002059246D041F2BC208DEC29
:10CE7000030AC2F200000078A8B141F2B8306B4654
:10CE8000C2F20000027903EB820282ED000A4279CD
:10CE9000807903EB820203EB8000C2ED000A80ED93
:10CEA000001A9DEC030A02EE101A40F2CC00B8EE14
:10CEB000422AC2F2000020EE823A20EE020A21EE5F
:10CEC000021ABCEEC32ABCEEC00ABCEEC11A10EEB8
:10CED000101AB8EE400A12EE102AB8EE422A11EEED
:10CEE000103A80ED2E0AB8EE410A80ED2F2A80ED2F
:10CEF000300A03A801F016FB06B080BD002814BF5D
:10CF000090ED070A9FED010A704700BF0000000086
:10CF1000002804BF9FED060A70479FED060A90EDBA
:10CF2000011A9FED052A21EE000A80EE020A7047E1
:10CF30000000000000007042DB0FC940002808BF5D
:10CF40007047002100F10C02C0E90011816082EC01
:10CF5000040AC1617047000000281FBF80ED000A6D
:10CF60000021C0E90111C16170470000002800F0F4
:10CF70008480F5EEC00AF1EE10FAD8BF704790ED4C
:10CF8000001A9FED3E2A30EE410AB4EEC20AF1EEDD
:10CF900010FA08DD9FED3A3A30EE030AB4EEC20A09
:10CFA000F1EE10FAF8DC9FED372AB4EEC20AF1EE8A
:10CFB00010FA08DA9FED343A30EE030AB4EEC20AF2
:10CFC000F1EE10FAF8DB80ED070A90ED043A90EDEF
:10CFD000022A20EE033A03EE202A80ED022A90ED89
:10CFE000063AB4EEC32AB0EE434AF1EE10FA0ADC78
:10CFF000B1EE434AB4EEC42AF1EE10FAB8BFB0EE77
:10D00000442AB0EE424A80ED024A90ED035A90ED78
:10D01000052A20EE050A34EE004AB4EEC24AF1EECB
:10D0200010FA06DCB1EE422AB4EEC24AF1EE10FA72
:10D030001BDA32EE400A80ED012AB4EEC30A80ED1D
:10D04000020AF1EE10FA04DDB0EE430A80ED020AA6
:10D050000FE0B1EE433AB4EEC30AF1EE10FAB8BFF6
:10D06000B0EE430A80ED020A03E0B0EE442A80ED00
:10D07000014A02EE201A80ED001A7047DB0F49408A
:10D08000DB0FC9C0DB0F49C0DB0FC940002808BF58
:10D09000704700291CBF40698860704791ED052AE0
:10D0A000B2EE061AB4EEC12AF1EE10FA0ADCBAEEBC
:10D0B000063AB0EE421AB4EEC32AF1EE10FAB8BF47
:10D0C000B0EE431A81B0022101709DF80310C170C7
:10D0D000BDF80110A0F80110002180ED010A80EDDB
:10D0E000021AC0E9061181758182C0E9031101B0FD
:10D0F00070470000FEF710BCFFF7FCBF7047000050
:10D10000FDF710B8FDF718B843F69C50C2F20000C6
:10D1100090ED000AFDF760BFFDF744BFFDF716BFB5
:10D1200043F69C50C2F2000080ED000AFDF734BACD
:10D1300010B540F6DC71044643F22060C2F20000F4
:10D14000C0F60101016043F2345040F6D071C2F2E2
:10D150000000C0F601010160FDF722F941F2C8307C
:10D16000C2F2000004602046BDE81040FFF7C6BFD1
:10D17000FCF7B4BF41F2C830C2F2000000680028DA
:10D1800014BF90ED070A9FED010A704700000000F0
:10D1900041F2C830C2F200000068002814BF90EDD0
:10D1A000010A9FED010A70470000000041F2C830FB
:10D1B000C2F200000068002818BFFAF79BBF704752
:10D1C00041F2C830C2F200000068002814BF90EDA0
:10D1D0000A0A9FED010A70470000000041F2C830C2
:10D1E000C2F200000068002814BF90ED090A9FED0C
:10D1F000010A70470000000041F2C830C2F200008E
:10D200000068002818BFFAF783BF7047FCF784BF97
:10D21000FCF7E0BFFCF7E6BFFDF716B8FDF79CB8DA
:10D22000FDF7B0B8FDF7B6B8FDF7B6B843F2345025
:10D23000C2F2000000687047FDF7E6BFFEF738B89D
:10D24000FEF750B840F6F870C0F6010070470000D5
:10D2500043F22060C2F2000000687047FCF7F2BCA5
:10D26000FCF7F8BCFCF7FEBC10B594B00446002CEB
:10D270004ED001A8FEF754F8FDF76EF82070FCF7C9
:10D28000B9FF6070FDF76EF884ED010AFDF77AF8DA
:10D2900084ED020AFDF76EF884ED030A019820611F
:10D2A000089860610798A0610598E061069820627F
:10D2B0000E986062FCF72AFF84ED0A0A0998E06282
:10D2C000FCF79EFF84ED0C0AFCF7A2FF84ED0D0A2B
:10D2D000FCF776FF84F83800FCF774FF84ED0F0A42
:10D2E000FCF70EFF84ED100A0B986064FCF702FF58
:10D2F00084ED120AFCF7F0FE84F84C00FCF798FF6E
:10D3000084F84D00FCF79AFF84ED140A0A986065D2
:10D3100014B010BDFDF7F0BFFCF782BEFCF792BE63
:10D32000FDF7ECBFFDF7FABFFEF772B8EFF305812A
:10D3300000291CBF6FF005007047002804BF0020C3
:10D34000704780B502F00CF8002080BDEFF3058037
:10D3500000281CBF6FF00500704740F29400C2F235
:10D360000000016800291CBF4FF0FF307047012109
:10D37000016000207047000010B5EFF30580002821
:10D380001EBF6FF00504204610BD40F29400C2F2AB
:10D390000000016801291EBF4FF0FF34204610BD78
:10D3A0004EF61F510024CEF200010C7002210160E4
:10D3B00002F0F0F8204610BDF0B585B000238C4691
:10D3C00000280493EFF305813BD0D1BB42B19469AF
:10D3D000002C08BF1824611E372911D9002330E022
:10D3E00000218023182404AACDE900429AB26346A2
:10D3F00002F0B2FC01281ABF00230493049B20E032
:10D400001179C9071CD11168D2E9025756694FEA50
:10D41000960E002E734608BF8023ADB100235C2F0B
:10D420000FD3002E1CBF1269002A0AD0CDE900429A
:10D4300072466346029502F0FDFC0346049300E049
:10D440000023184605B0F0BD0FB10023F9E71269BB
:10D45000002AC8D00023F4E7E8B1002918BF002A49
:10D4600019D040F21C43C2F200031B78002B08BF06
:10D47000704780B512684FF4FA6353639363D363C4
:10D48000FAF774F840F2CC000421C2F2000080F8F0
:10D490000F11BDE8804070472DE9F04F83B005467D
:10D4A0001446002D00F00D82002918BF002C00F05A
:10D4B000088240F21E40C2F200000078002800F00E
:10D4C00000822846FAF752F82968B5F9040043F6B5
:10D4D000195A43F6385643F2204CC2F2000AC2F2FF
:10D4E0000006C2F2000CCA68CB69C96A801AB5F995
:10D4F000062002EE100A9AF80000D21AB5F9083098
:10D5000001EE102A0028A3EB010100EE101AB8EE7C
:10D51000C00AB8EEC11AB8EEC22A31D001280DD027
:10D5200002284AD143F6205343F21845C2F20003C1
:10D53000C2F2000503F108011A1D04E0321D06F1D4
:10D5400008013346654693ED003A022833EE023A6D
:10D5500083ED003A92ED003A33EE013A82ED003A63
:10D5600091ED003A33EE003A81ED003A296801F17D
:10D570000101296000F0B180012800F03081E0B99C
:10D5800020684FF4FA6141638163C16343F6B05090
:10D59000C2F200000168B9B143F21C4243F62C53B9
:10D5A000C2F20002C2F20003126893ED005A93ED3A
:10D5B000014A93ED023A01321AE020684FF4FA6111
:10D5C00041638163C1637CE143F62C529FEDEF3AE6
:10D5D0000023C2F20002C2E90033936043F21C420E
:10D5E000C2F2000213600122B0EE434AB0EE435A89
:10D5F00043F62C5335EE022A34EE011A33EE000ABC
:10D600000131C2F20003B1F57A6F016083ED002AA7
:10D6100083ED011A83ED020A43F21C43C2F20003B8
:10D620001A60C0F04E8143F62052002143F22E438F
:10D630004FF4FA67C2F20002C6E90011B160C2F20B
:10D640000003C2E90011916043F21842016043F205
:10D650006860CCF80010C2F20000C2F20002116053
:10D6600043F225420078C2F20002117040F2CC026F
:10D670000121C2F200028AF8001082F80D0102288E
:10D680001B7882F80E3182F80F1143F22C414FF4CF
:10D69000FA62C2F200010B8840F2D071C0F2D07180
:10D6A00000914FF4FA61ADF804100FD803F5FA6158
:10D6B00040F69F72914238BF0A46694621F8102011
:10D6C000BDF80410BDF80220BDF800702068476363
:10D6D0008263C16303B0BDE8F08F43F22C4E43F286
:10D6E000686940F2D0784FF4FA6200254FF4FA638B
:10D6F0004FF4FA61C2F2000EC2F20009C0F2D07813
:10D70000BEF8007099F80000CDF80080ADF8042054
:10D71000B7F5FA6F38BFC7F5FA6502280DD840F69D
:10D720009F716A468D4238BF294622F81010BDF815
:10D730000420BDF80230BDF80010256843F6B05B48
:10D74000C2F2000B6963AB63EA6341F27073DBF80A
:10D75000001001319942CBF80010C0F0B28043F2C2
:10D760002541C2F200010B7801330B70D9B20129B7
:10D7700000F2AA8040F2CC02002143F22E4302289C
:10D78000CBF800104FF00101C2F20002C2F2000318
:10D790008AF8001082F80D011B7882F80E3182F8A9
:10D7A0000F114FF4FA614FF4FA624FF4FA63CDF8B7
:10D7B0000080ADF804100FD807F5FA6140F69F72AB
:10D7C000914238BF0A46694621F81020BDF804107E
:10D7D000BDF80220BDF800302068436378E743F2CB
:10D7E000686043F22C4140F2D0724FF4FA634FF478
:10D7F000FA674FF4FA66C2F20000C2F20001C0F20A
:10D80000D072007809880092ADF8043002280FD851
:10D8100001F5FA6340F69F77BB4238BF1F466B465F
:10D8200023F81070BDF80430BDF80270BDF8006038
:10D8300025686E63AF6343F6B057EB6341F27076D1
:10D84000C2F200073B680133B3423B6039D340F278
:10D85000CC06002343F22E45B1F5FA6F3B604FF042
:10D860000207C2F20006C2F200058AF8007086F8CC
:10D870000D012D7886F80E5186F80F7100924FF445
:10D88000FA624FF4FA67ADF8042038BFC1F5FA63C5
:10D8900002284FF4FA610DD840F69F716A468B4218
:10D8A00038BF194622F81010BDF80420BDF8021048
:10D8B000BDF80070206847638163C26303B0BDE8B0
:10D8C000F08F03B0BDE8F08FDCF8003043F22E4853
:10D8D000C2F2000898F80010002B1FBF43F218474F
:10D8E000C2F200073F68002F3BD043F6205296ED6E
:10D8F000005A96ED016A96ED027A00EE107A40F237
:10D90000CC0701EE103A00EBC00501EB4103C2F277
:10D910000002C2F2000792ED002A92ED013A92ED68
:10D92000024AB8EE400AB8EE411A07EB850202EB54
:10D93000830285EE015A86EE016A87EE011A82EEB5
:10D94000002A83EE003A84EE000A35EE422A36EED3
:10D95000433A31EE400A82ED442A82ED453A82EDA7
:10D96000460A4F1CF9B288F80070022910D840F618
:10D97000C872C0F6010232F81110AEF80010002192
:10D980008AF80010CBF8001093E100BF00000000FF
:10D9900040F2CC0C00EBC0010028C2F2000C0CEBF2
:10D9A000810191ED472A8DED002A91ED481A8DED08
:10D9B000011A91ED490A8DED020A09D043F2406344
:10D9C0000021C2F200035A5C6AB101318142FAD3EC
:10D9D000B2EE003AB4EEC32AF1EE10FACCBF002545
:10D9E000FF2510B90CE0FF2550B143F24063002140
:10D9F000C2F200035A5C012A16D001318142F9D3E8
:10DA0000B2EE003AB4EEC31AF1EE10FA0CDDFF2DBF
:10DA100042D0694601EB850191ED003AB4EEC31A9C
:10DA2000F1EE10FAC8BF012550B143F24063002166
:10DA3000C2F200035A5C022A1CD001318142F9D3A0
:10DA4000B2EE003AB4EEC30AF1EE10FA12DDFF2D89
:10DA500026D0694601EB850191ED003AB4EEC30A88
:10DA6000F1EE10FAC8BF0225EDB99FED9A3AFF23F7
:10DA700098BB3DE0FF2D14D143F258510022C2F271
:10DA800000010A6043F2A441C2F200010A78002AB0
:10DA900004BF02220A70AAE001250028C5D1CFE701
:10DAA0000225002DE1D058B19FED8A3A43F2406340
:10DAB0000021C2F200035A5CBAB301318142FAD3A9
:10DAC000B2EE003AB4EEC32AF1EE10FA2BDD0023D9
:10DAD000B0EE423A012D2BD050B143F24066002106
:10DAE000C2F20006725C012A1AD001318142F9D3D8
:10DAF000B2EE002AB4EEC21AF1EE10FA10DDA3F174
:10DB0000FF02B4EEC31A0021B2FA82F2F1EE10FA6B
:10DB1000C8BF0121520911431CBFB0EE413A012395
:10DB2000022D29D004E09FED6B3AFF23012DD3D1C4
:10DB300050B143F240660021C2F20006725C022A34
:10DB40001AD001318142F9D3B2EE001AB4EEC10A03
:10DB5000F1EE10FA10DDA3F1FF02B4EEC30A0021CA
:10DB6000B2FA82F2F1EE10FAC8BF01215209114354
:10DB70001CBFB0EE403A022369469FED571A9FED55
:10DB8000572A43F2436201EB8501C2F2000291ED94
:10DB9000000A43F25851C2F20001B4EEC13AF1EE6C
:10DBA00010FA80EE034AB5EEC00AB8BFB0EE424AA2
:10DBB000FF2B08BFB0EE424AF1EE10FA81ED004AA9
:10DBC00043F24061C2F200010D544FF0FF31A8BF93
:10DBD000012111540CEB800181ED5F0A43F20441F5
:10DBE000C2F200010A7801320A708CF8FC20013080
:10DBF0004FF4C8710027AEF80010C1B289F80000D8
:10DC000088F8007003293DD343F28465C2F2000511
:10DC10002846FFF705F943F240608DF80270ADF831
:10DC20000070C2F200000178E97143F24361C2F270
:10DC300000010A78AA724FF48072AA804278807834
:10DC40002A724A78EA720222AA7168728878287366
:10DC50002846FFF709F801281AD1E8796946012218
:10DC60000A54287A0A54687A0A549DF8000078B158
:10DC70009DF8010000281CBF9DF80200002807D075
:10DC800003200FE08AF80070CBF80070002110E04C
:10DC900043F2A440C2F200000178002904BF03212E
:10DCA000017004208AF8000098F8007099F80000CC
:10DCB000032140F2CC02C2F2000282F80D0182F888
:10DCC0000E7182F80F114FF4FA612068416381638D
:10DCD000FFE400BF000000006F12833A0000C6425C
:10DCE000F0B581B0044601F021FA44F6E81040F6A0
:10DCF0001467C2F20000C2F200070168013101603E
:10DD0000396869B145F27C10C2F200000068002851
:10DD100041D13868E16AC06A884298BF3C603AE005
:10DD20003C600068012836D140F62C660025C2F21E
:10DD3000000600BF701901F0B5F91435B5F58C6F08
:10DD4000F8D145F2E005C2F20005284601F0AAF933
:10DD500045F2F406C2F20006304601F0A3F945F29E
:10DD60002810C2F2000001F09DF945F29C10C2F2A9
:10DD7000000001F097F945F28810C2F2000001F0AE
:10DD800091F940F61C60C2F20000056040F6246084
:10DD9000C2F20000066044F6F410C2F2000001680E
:10DDA00001310160616444F6F811C2F20001E06AD9
:10DDB0000A68904288BF086040F62C6100EB800042
:10DDC000C2F2000101EB8000211D01F099F901F080
:10DDD000D3F945F27C10C2F20000006878B13868CF
:10DDE000E16AC06A88420AD24EF604504FF0805170
:10DDF000CEF200000160BFF34F8FBFF36F8F01B011
:10DE0000F0BD000070B582B001F090F945F2B41693
:10DE1000C2F20006306858BB45F2B404C2F20004F6
:10DE2000204601F03FF945F2C805C2F20005284638
:10DE300001F038F940F6186040F6205240F6C05321
:10DE40001021C2F20000C2F20002C2F2000304601C
:10DE500040F62860C2F200000560002000900A2011
:10DE600001F0EEFC002830601CBF04A101F01AFA9A
:10DE700002B0BDE8704001F07FB900BF546D72512F
:10DE8000000000002DE9F04744F6EC1540F62C6A3E
:10DE90004EF6045845F29C1744F6E8164FF08059A8
:10DEA000C2F20005C2F2000ACEF20008C2F2000778
:10DEB000C2F2000603E000BF204601F075F92868B1
:10DEC000D0B101F033F9F868C468201D01F0BCF846
:10DED00030680138306028680138286001F04CF95A
:10DEE00094F8590020B10128E6D00228E7D00EE0CE
:10DEF000206B01F059F9DFE7DAF800000228DED3E1
:10DF0000C8F80090BFF34F8FBFF36F8FD7E74FF084
:10DF1000100080F31188BFF36F8FBFF34F8F00BFE6
:10DF2000FEE7000008480068006880F308884FF0AA
:10DF3000000080F3148862B661B6BFF34F8FBFF361
:10DF40006F8F00DF00BF00BF08ED00E02DE9F04F4C
:10DF500085B0824601F0FCFF40F610690546C2F22A
:10DF60000009D9F80000854242D240F61864C2F296
:10DF700000042068016891B345F2B41BC2F2000BA3
:10DF8000C068C768D0F800803E1D304601F05CF8DC
:10DF9000396A3846884797F8280040071BD5B86982
:10DFA0004044404506D978603F613146206801F021
:10DFB00089F810E0DBF8000018B30020CDE9010873
:10DFC000039701F0B1FFDBF8000001A90022002354
:10DFD00001F0A6FCA8B1206801680029D0D140F664
:10DFE0002861C2F200010A6808600120226000E096
:10DFF0000020CAF80000C9F80050284605B0BDE866
:10E00000F08F4FF0100080F31188BFF36F8FBFF3D4
:10E010004F8F00BFFEE7000081B00020009040F26B
:10E020004800C2F2000000684FF0100181F311882F
:10E03000BFF36F8FBFF34F8F013001D0FEE700BFFA
:10E0400000980028FCD001B0704700002DE9F04F87
:10E0500089B040F6186A40F6286945F2B41801AC58
:10E060006E46C2F2000AC2F20009C2F20008A1E044
:10E070000020CDE9050B079701F056FFD8F8000006
:10E0800005A90022002301F04BFC002800F0FB80D2
:10E09000396A3846884740F62869C2F2000903E029
:10E0A00000F0FE0087F82800D8F800002146002282
:10E0B00001F03CFD002800F07D800198B0F1FF3FA9
:10E0C00006DCDDE902200499904701980028EBDB8B
:10E0D000039F786900281CBF381D00F0B5FF30464B
:10E0E000FFF734FF01990929DED8DFE801F00505C3
:10E0F000053A3D5905053A3D97F8281041F00101D0
:10E1000087F82810391DBD69029AAB1883427B60DD
:10E110003F6104D9904239D2934203D236E0801A4B
:10E12000A84238D3396A3846884797F8280040070C
:10E13000BAD5D8F80020B8690299002A00F0AD805D
:10E14000002208440592CDE9060701F0EDFED8F85B
:10E15000000005A90022002301F0E2FB0028A3D162
:10E160009BE097F828009BE797F8281041F0010101
:10E1700087F8281002990029B96100F098800A18E0
:10E18000394641F8042F82423F6104D9DAF8000091
:10E1900000F098FF88E7D9F8000000F093FF83E7CC
:10E1A00097F8280010F0020F7FF47AAF384600F09D
:10E1B000FBFF79E7DAF800004FF0000B0768002F4B
:10E1C0001CBFC068D0F800B001F036FA2046FFF757
:10E1D000BDFE0546019818B102F018F864E700BFCB
:10E1E000B7B15D4514D302F011F8DAF80000C06849
:10E1F000C76807F10409484600F026FF97F8280091
:10E2000010F0040F23D100F0FE0087F828003FE74C
:10E2100000222FB9D9F800000068B0FA80F0420956
:10E22000D8F80000ABEB050101F076F801F0EEFF45
:10E2300000287FF439AF4EF604504FF08051CEF2F3
:10E2400000000160BFF34F8FBFF36F8F2CE7B869F9
:10E2500000EB0B01A94279603F6102D9DAF80000B6
:10E2600008E0A5EB0B01814208D240F62860C2F21B
:10E2700000000068494600F025FF09E7D8F80000D3
:10E2800000287FF4F5AE4FF0100080F31188BFF343
:10E290006F8FBFF34F8F00BFFEE74FF0100080F38A
:10E2A0001188BFF36F8FBFF34F8F00BFFEE74FF0B2
:10E2B000100080F31188BFF36F8FBFF34F8F00BF43
:10E2C000FEE70000F0B581B0044600F02FFF94F99E
:10E2D0004560012E10DB04F1240500BF286858B109
:10E2E000284601F047FF002818BF01F0A1F871B2DD
:10E2F000701E01290646F1DCFF2684F8456000F017
:10E300003BFF00F013FF94F94470012F10DB04F180
:10E31000100500BF286858B1284601F02BFF0028DF
:10E3200018BF01F085F879B2781E01290746F1DCA3
:10E3300084F8446001B0BDE8F04000F01DBF00006B
:10E34000F0B581B0044601F077F940F62067C2F2DB
:10E350000007396849B145F2DC01C2F200010978D1
:10E36000002918BF4FF0004136E043F6DC5645F275
:10E3700080150020C2F20006C2F20005F31D16F05F
:10E380000702314623F0070318BF19469B1B4FF4C1
:10E390004066002AC5E9001018BFC3F540668A1917
:10E3A000083A22F007023A60C2E90000501A4860B9
:10E3B0003A680A6045F21011C2F20001086045F2A5
:10E3C0000811C2F20001086045F2DC000121C2F22E
:10E3D000000001704FF000410025002C00F09080FB
:10E3E00011EA040040F08C8004F1080515F00701E3
:10E3F0000FD0C1F10800054415F0070F09D04FF008
:10E40000100080F31188BFF36F8FBFF34F8F00BFF1
:10E41000FEE745F20812691EC2F20002106881424E
:10E4200023D245F28016C2F20006316833460E460A
:10E430007468AC4202D231680029F7D1386886424C
:10E4400013D03068D3F800C01860631B112B35D38C
:10E45000741914F0070F0AD04FF0100080F31188E0
:10E46000BFF36F8FBFF34F8FFEE7002548E0636077
:10E47000756045F28015C2F2000500BF2B461D688D
:10E48000A542FBD359685818A04202D0D4F804E042
:10E4900005E060681C4600EB010EC3F804E004EBE5
:10E4A0000E00A84206D1386885421FBF68687044D4
:10E4B00060602D68A342256018BF1C6070681168F9
:10E4C0000CF10805091A116045F21012C2F200029F
:10E4D0001368994238BF116045F2DC01C2F20001B5
:10E4E000097800294FF0000118BF40F00040C6E94C
:10E4F000001045F21C10C2F20000016801310160F9
:10E5000001F084FE680702BF284601B0F0BD4FF05D
:10E51000100080F31188BFF36F8FBFF34F8F00BFE0
:10E52000FEE7000000281CBFD0F800C0BCF1000FBF
:10E5300006D0DCF800C0BCF1000F08BF7047604790
:10E54000704700007047000070470000002808BFB7
:10E550007047406800281CBF0068002805D089B2B9
:10E56000416391B2816399B2C16370474EF219035E
:10E5700021F001014FF0807CC0F6000340E9033137
:10E580006FF0020140F804CC40E9091244387047AA
:10E59000F0B581B02DED108B86B0B0EE60FA0D466F
:10E5A000B0EE639AB0EE43AAB0EE62BAB0EE42CAE1
:10E5B000B0EE61DAB0EE418AB0EE40EA0446B5EE64
:10E5C00040FAF1EE10FA5FD19FEDC80A9FEDC81A2C
:10E5D0009FEDC83AB5EEC0EA9FEDC74A4AF6AB21B7
:10E5E000F1EE10FAC2F6AA2138EE002A9FEDC30A16
:10E5F00032EE011AB8BFB0EE412AB4EEC32A32EEB1
:10E60000000AF1EE10FAB8BFB0EE420A9FEDBC2A44
:10E6100020EE041ABDEEC11A11EE100A50FB01F1F2
:10E6200001EBD17101EB4101A0EB410704A805A961
:10E6300001EE107AB8EEC11A01EE020AFEF75CFD97
:10E640009FEDB00A9FEDB02AB0EECE1A9DED053ACF
:10E650009FEDAE4A9DED045A61EE00AA9FEDAC0A13
:10E66000BEEE001AF4EEC2AA23EE011AF1EE10FA81
:10E67000C8BFF0EE42AA2AEE842A05EE001A22EE66
:10E68000034A22EE015AA5E002A803A9B0EE480A07
:10E69000FEF732FD9DED030A9DED021A60EE0F9A22
:10E6A00061EE0F8A41EE0E9A40EE4E8A69EEA9AAFB
:10E6B00048EEA8AAB0EE6A0A02F0D6FAB4EE400A12
:10E6C000F1EE10FA03D0B0EE6A0A02F0CDFA9FED37
:10E6D000DD1AF7EE00AA20EE010AB4EEEA0AF1EE26
:10E6E00010FA11DCDFEDD8AAB4EEEA0AF1EE10FA66
:10E6F00008DD9FEDD61A9FEDD62A30EE010A40EED6
:10E7000002AA01E0F0EE40AAB0EE690AF0EE680A53
:10E7100001F06CFEF0EE408A04A805A9B0EE480AAC
:10E72000FEF7EAFC9DED051A9DED042A21EE0F0A85
:10E7300062EE0F0A02EE0E0A41EE4E0A01F056FE9C
:10E740009FEDC41A9FEDC42AB5EEC00A4AF6AB216C
:10E75000F1EE10FAC2F6AA21F5EEC08A30EE013AC7
:10E76000B8BFB0EE430AF1EE10FA20EE020A9FEDB8
:10E77000BB2ABDEEC00A10EE100A38EE810A50FB2B
:10E7800001F1B8BFF0EE408A01EBD17101EB41011C
:10E79000A0EB410704A805A901EE107AB8EEC10A62
:10E7A00040EE028AB0EE680AFEF7A6FC9DED051A5F
:10E7B0009FEDAB2A9DED040A9FEDAA4ABEEE003AFA
:10E7C00021EE033A2AEE822A00EE043A22EE014AB2
:10E7D00022EE035AB7EE000A9FEDA32A7E1C30EE0C
:10E7E000450A30EE441AB6EE000AB5EEC01AF1EE54
:10E7F00010FAB8BFB0EE421A052F17D821EE003A32
:10E80000DFE807F003243B4C628835EE040A34EE5F
:10E81000032A8DED033A30EE031A12EE101A8DED35
:10E82000042A11EE102A8DED051A1FE04FF07C50DE
:10E83000B0EE402AB0EE401A4FF07C514FF07C52BF
:10E84000CDE903000590002D79D191E035EE040A61
:10E8500035EE031A8DED033A30EE032A8DED051ADD
:10E8600011EE102A8DED042A12EE101A13EE100A82
:10E87000B0EE430A002D62D17AE035EE040A8DED48
:10E88000053A30EE032A34EE030A10EE100A12EEB7
:10E89000101A8DED042A8DED030A0FE035EE040AFF
:10E8A00035EE032A8DED053A30EE030A8DED042A8C
:10E8B00012EE101A8DED030A10EE100A13EE102A54
:10E8C000B0EE431ADDBB53E035EE040A34EE031A12
:10E8D0008DED043A30EE030A11EE102A8DED051A83
:10E8E00010EE100A8DED030A24E000BFDB0FC93FD4
:10E8F000DB0F4940DB0FC9404576743FDB0FC9C0D1
:10E90000920A86BFABAA2A3D46B6133FD7B3DD3F76
:10E91000D7B35D3F35EE040A8DED043A30EE031AAD
:10E9200035EE030A8DED051A8DED030A10EE100A7F
:10E9300011EE102A13EE101AB0EE432AC5B105A845
:10E9400004A903AAB0EE4D0AF0EE4C0AB0EE4B1A41
:10E95000F0EE481AB0EE4A2AF0EE492AF9F762F9C9
:10E9600003AA07CA00EE100A02EE101A01EE102ADE
:10E97000BEEE009A40F2CC0531EE094A32EE093A79
:10E9800030EE090AC2F2000531EE421AB0EEC33A87
:10E99000B0EEC44AC5F8C420C5F8C810C5F8CC000C
:10E9A000B0EEC00A01A802A9B4EEC43AF1EE10FA22
:10E9B000C8BFB0EE434AC5ED29AAB4EEC40AF1EED1
:10E9C00010FAC8BFB0EE404AB0EEC10A85ED2A4A3F
:10E9D00085ED2B0AB0EE480A85F8D060FEF78CFB77
:10E9E000DDED040A9DED031AB3EE082A9DED050A3C
:10E9F0009FED1E5A9DED026A204640F69F7130EE53
:10EA0000893A31EE094A30EE097A23EE023A04EEF1
:10EA1000423A9DED014A27EE022A23EE053A26EE00
:10EA2000035A23EE043A02EE045A02EE463A85ED0A
:10EA30002C5A85ED2D3AFEF70BFA06B0BDEC108B83
:10EA400001B0F0BDABAA2A3D46B6133F46B613BF90
:10EA5000CDCC4C3FDB0FC9404576743F920A86BF50
:10EA6000D7B3DD3FD7B35D3F000000003ACD133F81
:10EA700080B52DED048B82B0B0EE609AB0EE408A86
:10EA8000B5EE409AF1EE10FA1AD19FED2A0A9FEDE9
:10EA90002A2AB5EEC08AF1EE10FA31EE000A9FED97
:10EAA000241A30EE022AB8BFB0EE420AB4EEC10A10
:10EAB000F1EE10FAA4BF9FED211A30EE010A1EE01C
:10EAC000684601A9B0EE410AFEF716FB9DED011A5A
:10EAD0009DED002A21EE090A62EE090A02EE080AFB
:10EAE00041EE480A01F082FC9FED111AB5EEC00A12
:10EAF000F1EE10FA30EE011AB8BFB0EE410A9FED08
:10EB0000101A4AF6AB21C2F6AA2120EE010ABDEE88
:10EB1000C00A10EE100A50FB01F101EBD17101EBBC
:10EB20004101A0EB4100013002B0BDEC048B80BD7F
:10EB3000DB0FC940DB0FC93FDB0F4940DB0FC9C00A
:10EB40004576743F80B5A02000F07CFA41F2CC32CB
:10EB50004FF480510020C2F20002505241F20201F3
:10EB6000505442F20401505242F20601505443F60E
:10EB7000C451C2F20001086043F2A861C2F2000170
:10EB8000086043F22841C2F20001086040F22041CF
:10EB9000C2F20001086048608860C860086148618E
:10EBA0008861C861086248628862C8620863486315
:10EBB0008863C863086448648864C86481F8500046
:10EBC00081F85100A1F85200A1F8540081F85600D4
:10EBD00081F857008865A1F85C00C1F88400C1F88D
:10EBE0008800C1F88C00C1F89000C1F89400C1F809
:10EBF0009800C1F89C00886643F6D851C2F2000123
:10EC0000086080BD2DE9F04F93B040F22048C2F279
:10EC10000008D8F820000130C8F8200043F228404E
:10EC2000C2F20000016801310829016002D208F136
:10EC30002400DAE043F6C4550021C2F20005016069
:10EC40002F6807B34FF4805937F8096006F1340094
:10EC5000B0F5805F40D941F2020202200021B85491
:10EC60002960D8F830000130C8F8300041F2CC30CB
:10EC7000C2F20000825CD2B142F20601415CA9B14D
:10EC800008F12C00B1E041F2CC3041F20201C2F2B5
:10EC90000000415C41B142F20601415C002900F0F4
:10ECA0008B8008F12C00A0E0002186E0012101EB1F
:10ECB000812200EB8207002F00F0928041EA81213F
:10ECC0000022012300EB81004FF48051425241F2B7
:10ECD000020283542F60465AD8F808A0D8F80CB026
:10ECE0006846FCF71DFC40F2CC009FED437AC2F26F
:10ECF000000090EDA60A9DE82E0090ED361A9DEDDD
:10ED0000082A90ED243A90ED9B4A90EDA35A90ED9D
:10ED1000AD6A10EE104A90EDA00AB819BC514260DD
:10ED2000816011EE101A22EE071A9FED342AC3609B
:10ED30000561416111EE101A35EE411A816113EE41
:10ED4000101AC16124EE022A12EE101A016211EEAD
:10ED5000101A416216EE101A816210EE101AC1628A
:10ED60004FF0FF41016343F6D850C8F818A0C8F827
:10ED70001CB03421C2F20000C0F800B037F809001E
:10ED8000343011FA80F127F8090008F12800B1F5B4
:10ED9000805F2AD943F6C457C2F20007396821B30D
:10EDA00041F2020202238B5400213960D8F830105E
:10EDB0000131C8F8301018E0012101EB812200EB8D
:10EDC000820787B141EA8121002200EB81004FF4E4
:10EDD0008051425241F20201012242542F6031E738
:10EDE00008F12C0001E008F12C00016801310160FC
:10EDF00013B0BDE8F08F00BF9E9DAE3FE02E654290
:10EE00002DE9F04381B040F2204641F2CC3743F681
:10EE1000C459C2F20006C2F20007C2F20009B06B88
:10EE20000130B06341F20200395C86F8501042F2C2
:10EE30000601795C86F851104FF48051795AA6F892
:10EE4000521042F20401795AA6F85410D9F8001071
:10EE5000002918BF012186F8561040F63011C2F281
:10EE60000001D1F8882086F85720D1F89020B265AB
:10EE7000D1F88810212905D1F06B0130F06301B081
:10EE8000BDE8F083385C022801D1002405E042F29D
:10EE90000600385C022854D1012404EB842007EBDF
:10EEA0008005002D4DD04FF480502A5A002A48D0BA
:10EEB00040F630182946C2F200084046F6F724FF13
:10EEC00000281FBFB06C0130B06401B018BFBDE8AE
:10EED000F083716C05F5805003220131716441F2B9
:10EEE00002010088A6F85C0044EA842007EB800059
:10EEF000425443F2A860C2F200000560785C86F8D4
:10EF0000500042F20600385C86F851004FF4805001
:10EF1000385AA6F8520042F20400385AA6F85400B3
:10EF2000D9F80000002818BF012086F85600D8F84C
:10EF3000880086F85700D8F89000B06501B0BDE8A9
:10EF4000F083306C0130306401B0BDE8F083000024
:10EF5000B0B545680C46002D6DD08068F9F77EFE8F
:10EF600040F22041C2F2000181F8600020780428BC
:10EF700088BFB0BDDFE800F003111E4C5700A06849
:10EF800043F25C62C2F20002C1F884006068106063
:10EF9000486E01304866012049E0A06843F258629B
:10EFA000C2F200021060C1F888002889A1F87C0034
:10EFB00002203EE0A06843F25862C2F20002C1F8AB
:10EFC0008C0012681044C1F8900043F25C60C2F2F9
:10EFD000000062680068101AC1F89400D1F894002B
:10EFE000D1F89820904284BFD1F89400C1F89800DD
:10EFF000C868D1F890201044C1F89C002889A1F875
:10F000007E006889A1F88000486F013048670DE0F4
:10F01000C86E0130C866287B002818BF012081F81F
:10F020005E00287B05E0886F01308867002081F84A
:10F030005E0081F85F00B0BD4EF65171C0F6000170
:10F04000F9F7C8BDF1F77EBAD0E9013201699A60DB
:10F05000826853604B68834208BF4A6000220261A5
:10F0600008680138086008687047000044F6FC33FF
:10F07000C2F20003036044F6FC10C2F20000086014
:10F08000802010607047000045F25803C2F2000370
:10F09000036044F65840C2F2000008604FF48070EC
:10F0A0001060704700F108014FF0FF32C0E9011213
:10F0B000C0E90311002101607047000000210161D7
:10F0C0007047000080B5D1F800C01CF1010208D0E3
:10F0D00000F108029646DEF8042013686345F9D96A
:10F0E00003E0D0F810E0DEF804204A609160C1F837
:10F0F00008E0CEF80410086101680131016080BDAC
:10F1000042684A6093688B609368596091600861B7
:10F110000168013101607047DFF80C00016841F4BB
:10F1200070010160704700BF88ED00E04FF01000F3
:10F1300080F31188BFF36F8FBFF34F8F40F2480009
:10F14000C2F2000001684A1C0029026000D070472A
:10F150004EF60450CEF20000006810F0FF0F08BF1A
:10F1600070474FF0100080F31188BFF36F8FBFF32B
:10F170004F8F00BFFEE7000040F24800C2F20000DF
:10F18000016839B10139016018BF7047002080F370
:10F19000118870474FF0100080F31188BFF36F8F14
:10F1A000BFF34F8FFEE70000B0B50446002C08BF48
:10F1B000B0BD45F2DC0154F8040CA4F10805C2F21C
:10F1C00000010978002918BF4FF0004101420AD020
:10F1D0002A6892B14FF0100080F31188BFF36F8F4F
:10F1E000BFF34F8FFEE74FF0100080F31188BFF39D
:10F1F0006F8FBFF34F8F00BFFEE7884344F8040CC6
:10F2000000F01AFA45F2081054F8042CC2F200007B
:10F2100001681144016045F28011C2F2000100BF93
:10F2200008460168A942FBD34368C418AC4202BF38
:10F230001A4442600546AB188B420AD140F620635F
:10F24000C2F200031B6899421FBF4B681A446A60F0
:10F250000968A842296018BF056045F22010C2F273
:10F260000000016801310160BDE8B04000F0CEBF90
:10F270004EF21000002144F6D352CEF20000C1F24B
:10F2800062020160816040F20401C2F2000109687B
:10F29000A1FB02124FF0FF3101EB921141600721F7
:10F2A0000160704745F23C1CC2F2000CDCF8002003
:10F2B000FAB1634653F8082FF2B1634653F8102FA2
:10F2C000E2B1634653F8182FD2B1634653F8202FAA
:10F2D000C2B1634653F8282FB2B1634653F8302FBA
:10F2E000A2B1634653F8382F002A18BF704707228F
:10F2F0000DE0002263460AE0012208E0022206E057
:10F30000032204E0042202E0052200E00622196044
:10F310000CEBC2014860704770B515460E460446B6
:10F32000FFF704FF94F84400FF2804BF002084F88E
:10F33000440094F84500FF2804BF002084F84500ED
:10F34000FFF71AFFA06B28B904F1240031462A46C2
:10F3500000F0C6F82046BDE87040FEF7B3BF0000DD
:10F3600070B50446002C48D044F6F010C2F20000FC
:10F37000016841B14FF0100080F31188BFF36F8F27
:10F38000BFF34F8FFEE7016840F61465C2F2000537
:10F390000131016045F2B010C2F200000668286831
:10F3A0000430FFF751FE28683444B44244604FF003
:10F3B000010028BF0020002809D040F62460C2F2D6
:10F3C0000000006829680431FFF77CFE10E040F679
:10F3D0001C60C2F20000006829680431FFF772FE69
:10F3E00045F21410C2F2000001688C4238BF04607C
:10F3F00000F00CFF002818BF70BD4EF604504FF00F
:10F400008051CEF200000160BFF34F8FBFF36F8FCA
:10F4100070BD000045F21811C2F2000109680160D8
:10F4200045F2B011C2F20001096841607047000066
:10F4300045F2BC100121C2F20000016070470000DB
:10F4400070B50C4630B340F61465C2F20005296869
:10F450001831FFF737FE45F2B010C2F2000006681F
:10F4600028680430FFF7F0FD601C1CD02868344485
:10F47000B44244604FF0010028BF0020E8B140F6DC
:10F480002460C2F20000006829680431BDE87040C1
:10F49000FFF718BE4FF0100080F31188BFF36F8F95
:10F4A000BFF34F8FFEE72868011D45F28810C2F2B6
:10F4B0000000BDE87040FFF723BE40F61C60C2F2BA
:10F4C0000000006829680431FFF7FCFD45F21410C4
:10F4D000C2F2000001688C4238BF046070BD0000B9
:10F4E000F0B581B015460C4610B340F61466C2F272
:10F4F000000631681831FFF703FE45F2B010C2F282
:10F500000000076830680430FFF79EFD002D18BF2B
:10F510004FF0FF3415D0601C13D13068011D45F247
:10F520008810C2F2000001B0BDE8F040FFF7E8BD6E
:10F530004FF0100080F31188BFF36F8FBFF34F8F30
:10F54000FEE730683C44BC4244604FF0010028BFF5
:10F55000002058B140F62460C2F200000068316813
:10F56000043101B0BDE8F040FFF7ACBD40F61C60CF
:10F57000C2F20000006831680431FFF7A3FD45F2D4
:10F580001410C2F2000001688C4238BF046001B060
:10F59000F0BD000010B586B0002405A804A903AA98
:10F5A000CDE90444FFF762FDDDE90320059900235E
:10F5B000CDE900404DF6856002911DA1C0F6000026
:10F5C00000F038FC45F20C110028C2F2000108607E
:10F5D00022D000F0BDFE411C20D001281CD14FF0EC
:10F5E000100080F31188BFF36F8FBFF34F8F4FF080
:10F5F000FF3145F21410C2F20000016045F27C10A8
:10F600000121C2F20000016045F2B0100021C2F2F7
:10F610000000016000F066F806B010BD4FF0100069
:10F6200080F31188BFF36F8FBFF34F8FFEE700BFEA
:10F6300049444C450000000044F6F010C2F20000BE
:10F64000016801310160704744F6F010C2F2000019
:10F65000006800281FBF45F2BC10C2F20000012163
:10F66000016018BF704745F2BC1044F6F81C002139
:10F6700040F62C62C2F20000C2F2000CC2F200029C
:10F680000160DCF8001001EB810352F8230048B957
:10F6900002EB8300A0F11403D1B153F8140901392E
:10F6A0000028F9D001EB810002EB800353F8040F2E
:10F6B0004268181D1A60824204BF52681A60D068FE
:10F6C00040F61462C2F200021060CCF800107047DD
:10F6D0004FF0100080F31188BFF36F8FBFF34F8F8F
:10F6E000FEE700004EF200404CF27021CEF2000026
:10F6F000C4F20F11D0F800294B1C9A4209D14FF0E7
:10F70000100080F31188BFF36F8FBFF34F8F00BFDE
:10F71000FEE7D0F800298A4209D14FF0100080F3AB
:10F720001188BFF36F8FBFF34F8F00BFFEE7B0B5F7
:10F7300084B0017844F6DC12C2F200020291FF218B
:10F74000017001788DF807109DF8071001F0100185
:10F75000117044F6E0110722C2F200010A609DF91F
:10F760000720B2F1FF3F49DC062200BF0A60013AE0
:10F770009DF807305B008DF807309DF90730002BAE
:10F78000F4DB022A3AD14FF440720A600299017008
:10F79000D0F8201941F47001C0F82019D0F82019D0
:10F7A00041F07041C0F82019FFF762FD40F24804B3
:10F7B0000025C2F200042560FFF7AEFC4EF634705F
:10F7C000CEF20000016841F040410160FEF7AAFB63
:10F7D000FFF73AFF039520684FF0100181F311887D
:10F7E000BFF36F8FBFF34F8F013001D0FEE700BF33
:10F7F00003980028FCD0002004B0B0BD4FF01000EA
:10F8000080F31188BFF36F8FBFF34F8FFEE70000C7
:10F8100080B54FF0100080F31188BFF36F8FBFF3F6
:10F820004F8F00F09BFB00281FBF4EF60450CEF216
:10F8300000004FF080510160002080F3118880BDEE
:10F84000B0B582B01C4660B1ACB1F1B9EAB14FF0CD
:10F85000100080F31188BFF36F8FBFF34F8F00BF8D
:10F86000FEE74FF0100080F31188BFF36F8FBFF3F6
:10F870004F8F00BFFEE74FF0100080F31188BFF3F9
:10F880006F8FBFF34F8F00BFFEE751B14AB94FF002
:10F89000100080F31188BFF36F8FBFF34F8F00BF4D
:10F8A000FEE75023069D0193019B502B2DD1019B18
:10F8B00000294FF0010384F8463008BF2246226039
:10F8C000C4E90F01FFF732FC2068D4E90F1202FBF4
:10F8D00001030139A3600023A363606001FB020000
:10F8E000E060FF2084F8440084F8450004F1100033
:10F8F000FFF7D8FB04F12400FFF7D4FBFFF73CFC33
:10F9000084F84C50204602B0B0BD4FF0100080F398
:10F910001188BFF36F8FBFF34F8F00BFFEE700006A
:10F920002DE9F04F83B0044617461D460E46002CC5
:10F93000029714D0EEB1022D03D1E06B012840F004
:10F94000A38000F0F1FA00BBFFB14FF0100080F38C
:10F950001188BFF36F8FBFF34F8F00BFFEE74FF0EB
:10F96000100080F31188BFF36F8FBFF34F8F00BF7C
:10F97000FEE7206C0028DED04FF0100080F31188E5
:10F98000BFF36F8FBFF34F8FFEE7FFF7CFFBA06B87
:10F99000022D5AD0E16B884257D304F110086F460C
:10F9A0004FF0000A0298002800F07F80BAF1000FA3
:10F9B00004D13846FFF72EFD4FF0010AFFF7DCFBBC
:10F9C000FFF73AFEFFF7B2FB94F84400FF2804BFAC
:10F9D000002084F8440094F84500FF2804BF00206C
:10F9E00084F84500FFF7C8FB384602A900F06CF91F
:10F9F00000285DD1FFF79AFBD4F838B0D4F83C90DA
:10FA0000FFF7BAFBCB4515D102994046FFF718FD29
:10FA10002046FEF757FC00F0F9FB80B94EF6045083
:10FA20004FF08051CEF200000160BFF34F8FBFF363
:10FA30006F8F04E02046FEF745FC00F0E7FBFFF780
:10FA400075FBA06BE16B8842ACD2A76B226C22B332
:10FA5000BDB3E0683146F0F70CFCE168206C091A90
:10FA6000E160226891423FBF4042A1680844E060E3
:10FA7000002FA5F102013846B1FA81F118BF01202B
:10FA8000490908403F1A29E04FF0100080F311881F
:10FA9000BFF36F8FBFF34F8FFEE720680025E8B9F3
:10FAA000A06800F01BFBA56019E0FFF765FB04E010
:10FAB0002046FEF707FC00F0A9FB002003B0BDE8DC
:10FAC000F08F60683146F0F7D4FB6068216C084421
:10FAD0006060A168884224BF206860600020791CB3
:10FAE000A16354F8241F79B1204600F043FBB8B15C
:10FAF0004EF604514FF08050CEF200010860BFF383
:10FB00004F8FBFF36F8F0BE050B14EF604514FF0A3
:10FB10008050CEF200010860BFF34F8FBFF36F8FAC
:10FB2000FFF72AFB012003B0BDE8F08F2DE9F04F6D
:10FB300085B0044616460D46002C04960FD0002DC5
:10FB400046D000F0F1F9A0B99EB14FF0100080F35B
:10FB50001188BFF36F8FBFF34F8F00BFFEE74FF0E9
:10FB6000100080F31188BFF36F8FBFF34F8F00BF7A
:10FB7000FEE7FFF7DBFAD4F83890B9F1000F34D084
:10FB8000226C52B1E0688118E160A0688142284689
:10FB900024BF2168E160F0F76CFBA9F10100A063CC
:10FBA00054F8100F70B1204600F0E4FA50B14EF650
:10FBB00004514FF08050CEF200010860BFF34F8F28
:10FBC000BFF36F8FFFF7D8FA012005B0BDE8F08FC3
:10FBD000206C0028B5D04FF0100080F31188BFF3DF
:10FBE0006F8FBFF34F8F00BFFEE7002E65D004F18B
:10FBF00024004FF0000A02AF0DF110084FF0000B87
:10FC0000019000BFBBF1000F04D13846FFF702FCA2
:10FC10004FF0010BFFF7B0FAFFF70EFDFFF786FA82
:10FC200094F84400FF2808BF84F844A094F84500E5
:10FC3000FF2808BF84F845A0FFF79EFA38464146E2
:10FC400000F042F860B12046FEF73CFB00F0DEFA1F
:10FC5000FFF76CFAA66BFFF78FFA1EBB2FE000BF11
:10FC6000FFF764FAA66BFFF787FA2EB12046FEF77E
:10FC700029FB00F0CBFA15E004990198FFF7E0FBAF
:10FC80002046FEF71FFB00F0C1FA58B94EF60450AB
:10FC90004FF08051CEF200000160BFF34F8FBFF3F1
:10FCA0006F8F00BFFFF742FAD4F83890B9F1000F18
:10FCB0007FF466AF04980028A4D1FFF75DFA002016
:10FCC00005B0BDE8F08F000070B504460D46CCB11C
:10FCD0000DB3FFF72BFA45F2B01EC2F2000EDEF8AC
:10FCE000002029684B1C20D045F2181CD4E90003E1
:10FCF000C2F2000CDCF80060864218D09A4216D39B
:10FD0000012424E04FF0100080F31188BFF36F8FBF
:10FD1000BFF34F8FFEE74FF0100080F31188BFF361
:10FD20006F8FBFF34F8F00BFFEE700240FE0D21AA2
:10FD3000914209D9881A2860DCF800002060DEF8BA
:10FD400000006060002402E0002001242860FFF72A
:10FD500013FA204670BD00002DE9F04F81B09046A7
:10FD6000824699460F464FEA88052846FEF7E8FA8C
:10FD700004465CB35C20FEF7E3FA06461EB3DDF8EA
:10FD800028B0002034632946A52286F85900204671
:10FD9000F0F781FA306B002F00EB8800A0F104002F
:10FDA00020F0070817D006F1340000217A5C425495
:10FDB0004A1C0F2A03D8795C00291146F6D100208D
:10FDC00086F843000AE02046FFF7EEF94FF0FF30D7
:10FDD00001B0BDE8F08F002086F83400BBF1370F8A
:10FDE00006F104004FF0000428BF4FF0370BC6F8AF
:10FDF0002CB0C6E913B4FFF761F906F11800FFF75C
:10FE00005DF9CBF13800366151464A46B061404653
:10FE10007662746586F85840FEF7A8FB30600B9850
:10FE2000002818BF06603046FDF75AFF012001B0D8
:10FE3000BDE8F08F2DE9F04782B08246DDE90B0482
:10FE4000994615460F4640B38CB35C210191019948
:10FE50005C2936D101990A9E2063A522022184F8EB
:10FE60005910A900F0F717FA206B002F00EB85005E
:10FE7000A0F1040020F007082DD004F13400002187
:10FE80007A5C42544A1C0F2A03D8795C0029114637
:10FE9000F6D1002084F8430020E04FF0100080F3FA
:10FEA0001188BFF36F8FBFF34F8F00BFFEE74FF096
:10FEB000100080F31188BFF36F8FBFF34F8F00BF27
:10FEC000FEE74FF0100080F31188BFF36F8FBFF390
:10FED0004F8F00BFFEE7002084F83400372E04F176
:10FEE00004004FF0000528BF3726E662C4E9136519
:10FEF000FFF7E4F804F11800FFF7E0F8C6F1380066
:10FF0000246151464A46A06140466462656584F8B2
:10FF10005850FEF72BFB20602046FDF7E1FE2046FF
:10FF200002B0BDE8F087000045F27C10C2F200008C
:10FF30000068002804BF0120704744F6F010C2F2A8
:10FF4000000001680020002908BF0220704700005F
:10FF500045F2B010C2F20000006870472DE9F04F82
:10FF600081B044F6F010C2F20000006840B145F2E2
:10FF700024100024C2F2000001680131016089E010
:10FF800045F2B010C2F2000001684E1C066053D06A
:10FF900045F21411C2F200010868864201D2002421
:10FFA0005FE040F61C67C2F200073868006800286E
:10FFB00053D044F6F81940F62C6A40F6146B00242E
:10FFC000C2F20009C2F2000AC2F2000B3868C0682F
:10FFD000D0F80C80454655F8040F864227D32846B2
:10FFE000FFF732F8D8F8280000281CBF08F11800E5
:10FFF000FFF72AF8D8F82C00D9F8001088422946D3
:020000040801F1
:1000000088BFC9F8000000EB80000AEB8000FFF712
:1000100077F8D8F82C00DBF80010C96A884228BFAE
:100020000124386800680028D0D14FF0FF3045F235
:100030001411C2F2000113E040F61C60C2F200008D
:100040000168096851B34FF0100080F31188BFF3C5
:100050006F8FBFF34F8F00BFFEE74FF0FF300024DC
:10006000086040F6146040F62C61C2F20000C2F253
:1000700000010068C06A00EB800051F820000128F0
:1000800045F2BC10C2F2000088BF012400680028BD
:1000900018BF0124204601B0BDE8F08F40F624626D
:1000A0000168C2F2000213680360116045F2181182
:1000B000C2F200010A6801320A600168096821B1D0
:1000C0000068C068C068406801E04FF0FF3045F24A
:1000D0001411C2F2000108605AE70000B0B50446EE
:1000E000002C04BF0020B0BD40F61460C2F2000036
:1000F0000068A04209D04FF0100080F31188BFF3D0
:100100006F8FBFF34F8F00BFFEE7206D38B301380C
:1001100020654FF0000018BFB0BDE16AE26C91426B
:100120001CD0251D2846FEF78FFFE06CC0F138017A
:10013000E062A16144F6F811C2F200010A6890423F
:1001400088BF086040F62C6100EB8000C2F200011D
:1001500001EB80002946FEF7D3FF0120B0BD4FF030
:10016000100080F31188BFF36F8FBFF34F8F00BF74
:10017000FEE70000B0B5C068C5689DB105F1180480
:100180002046FEF761FF44F6F010C2F2000000685E
:1001900088B145F228102146C2F20000FEF7B0FFF8
:1001A0002C3521E04FF0100080F31188BFF36F8FE2
:1001B000BFF34F8FFEE72C1D2046FEF745FF44F6A8
:1001C000F81155F82C0FC2F200010A68904288BF5E
:1001D000086040F62C6100EB8000C2F2000101EBE8
:1001E00080002146FEF78CFF40F614612868C2F2B9
:1001F00000010968C96A88429CBF0020B0BD45F271
:10020000BC110120C2F200010860B0BD2DE9F04F21
:1002100081B044F6F014C2F20004206868B1FEF721
:1002200085FF206801382060206880B10024FEF737
:10023000A3FF204601B0BDE8F08F4FF0100080F31F
:100240001188BFF36F8FBFF34F8F00BFFEE744F6F7
:10025000E810C2F200000068002846D045F22815D8
:10026000C2F200052868002848D044F6F81640F687
:100270002C6840F6146B45F2BC194FF0010AC2F22B
:100280000006C2F20008C2F2000BC2F2000900BF71
:10029000E868C76807F11800FEF7D6FE3C1D204647
:1002A000FEF7D2FEF86A31688842214688BF306086
:1002B00000EB800008EB8000FEF722FFF86ADBF815
:1002C0000010C96A884228BFC9F800A02868002821
:1002D000DED140F61C60C2F200000168096831B14D
:1002E0000068C068C068406803E000249FE74FF0E2
:1002F000FF3045F21411C2F20001086045F22414E7
:10030000C2F20004256875B145F2BC160127C2F29D
:10031000000600BFFFF722FE002818BF3760013D2E
:10032000F8D10020206045F2BC10C2F20000006845
:1003300060B14EF604504FF080510124CEF200001F
:100340000160BFF34F8FBFF36F8F70E700246EE73C
:1003500080B586B0FDF756FD45F2B410C2F200003C
:10036000006800B3002004A903AACDE9040005A891
:10037000FEF78AFEDDE9032005990223CDE900306E
:100380004EF24D0002910DA10023C0F60000FFF7D0
:1003900051FD45F2B8110028C2F2000108601EBFED
:1003A000012006B080BD4FF0100080F31188BFF32C
:1003B0006F8FBFF34F8F00BFFEE700BF546D7220F9
:1003C000537663004100080218BF04200A0E18BFCC
:1003D00040F001004FF07F4232EA010108BF40F0D7
:1003E0000200012808BF05207047000010EE100A27
:1003F00010B510EE901A4FF0684202EB40032DED5D
:10040000028BB3F1654F3CBF02EB4102B2F1654F85
:100410007CD200BFC0F3C753C1F3C7529A1A1B2A3C
:1004200009DD10F0004F14BF9FED6E0A9FED6E0ABC
:10043000BDEC028B10BD12F11A0F1BDA11F0004F48
:1004400009D010F0004F0CBF9FED680A9FED680ABD
:10045000BDEC028B10BD80EE208A18EE100AFFF76B
:10046000B1FF042808BF00F033FCB0EE480ABDEC31
:10047000028B10BD4200B2EB410F37D910F0004F94
:1004800019BFDFED5C1A9FED5C1ADFED5C1A9FED82
:100490005C1AB0EE602A0A46F1EE400A80F0004194
:1004A000B0EE420A10460A1A5200B2F1807F34D2EE
:1004B000484010F0004FDFED532A9FED533A1DBF27
:1004C000BEEE002A71EEE21A31EE431AB6EE002AB1
:1004D00004BF71EEA21A31EE031AF0EE402A42EE8A
:1004E000602A40EE020A82EEA02A18E011F0004FC6
:1004F00004BF9FED461AF0EE411AD4D010F0004F21
:100500001CBFDFED431A9FED431A00E026E004BF55
:10051000DFED411A9FED411AC5E780EE202A22EE59
:10052000020ADFED3F0ADFED3F2ABDEC028B40EE11
:10053000202ADFED3D0A40EE220ADFED3C2A40EEA4
:10054000202ADFED3B0A40EE220A22EE000A00EEEE
:10055000201A31EE020A30EE210A10BD4FF07F4220
:10056000B2EB400F28BFB2EB410F05D2BDEC028BBE
:10057000BDE8104000F098BB40EA01035B0008BFF3
:1005800041F0FF410BD0B2EB400F08BFB2EB410F7F
:1005900008D120F0804000EE100A21F0804100EEEA
:1005A000901A37E7B2EB400F12BF5FEA410240F00A
:1005B000FF4001F000413FF42DAF4A0092EA4003B2
:1005C0003FF528AF002AACBF9FED1A1A9FED1A1A0B
:1005D00020EE010A60EE810A10EE100A10EE901A69
:1005E00018E70000DB0FC9BFDB0FC93FDB0F494035
:1005F000DB0F49C00000C9BF22AAFDB90000C93FF6
:1006000022AAFD390060ED3EC30ACE37000000008B
:10061000000049C022AA7DBA0000494022AA7D3AC2
:100620002DAD65BD8FB8D53D0FB511BE61C84C3E2F
:10063000A8AAAABE0000804F0000802F10B54FF07E
:100640000E412DED028BB0EE408A18EE100A01EB40
:100650004001B1F1145F5CD24FF0FE41B1EB400FAD
:1006600024BF9FED400AF0EE400A12D210F0004F76
:1006700019BFDFED3D0A9FED3D0ADFED3D0A9FED1D
:100680003D0AFFEE001A81EE881AB0EE418A18EE9C
:10069000100A4FF0FC41B1EB400F1BD210F0004F9D
:1006A000DFED351A9FED352A1DBFBEEE001A70EE44
:1006B000E10A30EE420AB6EE001A04BF70EEA10A5B
:1006C00030EE020A38EE412AF7EE001A48EE011A1F
:1006D00082EE218ADFED2A1A9FED2A2A28EE081AD7
:1006E00001EE212ADFED281A41EE021A9FED272A9A
:1006F00001EE212ADFED261A41EE021A28EE011A38
:1007000001EE210A30EE080ABDEC028B30EE200A21
:1007100010BD4FF0E441B1EB400F0CD918EE100AB8
:10072000FFF750FE042808BF00F0D2FAB0EE480AE6
:10073000BDEC028B10BD4FF07F41B1EB400F07D2F3
:10074000B0EE480ABDEC028BBDE8104000F0A9BA3B
:1007500010F0004F14BF9FED0F0A9FED0F0ABDEC84
:10076000028B10BD000000000000C9BF22AAFDB925
:100770000000C93F22AAFD390060ED3EC30ACE3712
:100780002DAD65BD8FB8D53D0FB511BE61C84C3ECE
:10079000A8AAAABEDB0FC9BFDB0FC93F10EE101A13
:1007A00008B5444A6846B2EB410F28D94FF0E640FD
:1007B000B0EB410F94BF00204FF0FF300090009845
:1007C000002861DB60EE000A10F0010F45D010F048
:1007D000020FDFED391A9FED391A00EEA11ADFED95
:1007E000381A40EE811A21EEA01AF0EE400A40EECF
:1007F000010A08BFF1EE600AB0EE600A08BD314B95
:1008000021F0004293423CD911F0004FDFED2E0A57
:1008100020EE201ADFED2D0A19BF31EE601A71EEBD
:10082000200A31EE201A71EE600ABDEEE01A11EED8
:10083000100A9FED271A00F0030000EEC10A9FED99
:10084000251A009000EEC10A9FED231A00EEC10A9E
:100850009FED221A00EEC10AB1E79FED211A9FED2C
:10086000210A10F0020F00EE810A9FED1F1A00EE20
:10087000801AB7EE000A00EE810A18BFB1EE400AF6
:1008800008BD00F02DFA9AE710EE100A4000B0F112
:100890007F4F3CBFB7EE000A08BD07D14FF0010003
:1008A00000F0D8FABDE8084000F002BABDE8084000
:1008B00000F0F7B9B61F927E336D4CB9DA82083C6E
:1008C000A0AA2ABE490E494683F9223F0000004BE8
:1008D0000000C93F00A0FD390020A2331A61342C6A
:1008E000B93AB2BACA9F2A3DDDFFFFBE10B510EE7D
:1008F000104A4FF019406949002200EB44002DEDE9
:10090000028B884257D8DFED660A14F0004F60EE84
:10091000200A14BFBEEE001AB6EE001A71EE200ACD
:10092000FDEEE00A10EE900A00EE900AF8EEE00A02
:100930009FED5C1A00EEC10A9FED5B1A00EEC10A42
:10094000DFED5A0A9FED5A1A00EE201ADFED590A20
:1009500040EE010A9FED581A584B00F0030100EEDB
:10096000201A21EE000A7B4403EB8103D3ED000A39
:10097000534B7B4403EB810393ED001A514B41EE43
:10098000000A7B4403EB8101801091ED000A70EEB8
:10099000800AEABB00EE100AB8EEC01ADFED4A1A70
:1009A0009FED4A0ABDEC028B01EE210ABCEEC00AA3
:1009B00020EE200A10BD4FF0FF40A0431DD04FF0A5
:1009C000CE40B0EB440F81BFF7EE000A30EE200AB4
:1009D000BDEC028B10BD3E48B0EB440F28BF012296
:1009E00091D2022000F036FA14F0004F15D0BDEC81
:1009F000028BBDE8104000F06BB914F5000F02BF88
:100A00009FED340ABDEC028B10BDBDEC028B00E003
:100A100009E0BDE8104000F044B9BDEC028BBDE830
:100A2000104000F04DB900EBD07359104FF07E52DA
:100A300002EBC15100EE101AA0EB630002EBC050B4
:100A400060EE200A00EE100A20EE208A18EE100A4E
:100A500088B118EE100AB0F1FF4F15D018EE100A49
:100A6000FFF7B0FC042808BF00F032F9B0EE480AE6
:100A7000BDEC028B10BD022000F0ECF9BDEC028B46
:100A8000BDE8104000F024B9022000F0E3F9BDEC0D
:100A9000028BBDE8104000F013B900000000501EAA
:100AA0003BAAB8400070313EF4FD053712BB2A3D29
:100AB00012BB2A3EFFFFFF3EFFFF7F3F06050000FF
:100AC0000A050000DA0400000000004B00007E4E22
:100AD0000000A0850000000000B510EE101A2DEDFA
:100AE000028B81B0524A6846B2EB410F2ED94FF0CB
:100AF000E640B0EB410F94BF00204FF0FF30009074
:100B00000098B0EE408A00286ADB10F0010F4BD04D
:100B100068EE080A9FED471A9FED470A00EE810A2A
:100B20009FED461A10F0020F00EE801AB7EE000A91
:100B300000EE810A02BF01B0BDEC028B00BD00BF18
:100B400001B0B1EE400ABDEC028B00BD3C4B21F080
:100B50000042934241D911F0004FDFED3A0A20EEF6
:100B6000201ADFED390A19BF31EE601A71EE200A42
:100B700031EE201A71EE600ABDEEE01A11EE100A95
:100B80009FED321A00F0030000EEC10A9FED301A0B
:100B9000009000EEC10A9FED2F1A00EEC10A9FEDF2
:100BA0002E1A00EEC10AABE728EE080A9FED2B1AB9
:100BB000DFED2B0A10F0020F40EE010A9FED291A1B
:100BC00000EE201A61EE000AB0EE480A08EE200A94
:100BD000B6D101B0BDEC028B00BD00F081F88FE70B
:100BE00018EE100A4000B0F17F4F0DD218EE100A37
:100BF000FFF7E8FB042808BF00F06AF8B0EE480AE7
:100C000001B0BDEC028B00BD09D1012000F022F93A
:100C100001B0BDEC028B5DF804EB00F049B801B007
:100C2000B0EE480ABDEC028B5DF804EB00F039B879
:100C3000B61F927EB93AB2BACA9F2A3DDDFFFFBE07
:100C4000490E494683F9223F0000004B0000C93F8E
:100C500000A0FD390020A2331A61342C336D4CB949
:100C6000DA82083CA0AA2ABE10B52DED028BB1EEA7
:100C7000C08A18EE100A20F00040C0F1FF40C00FFB
:100C80000AD010EE100A20F00040C0F1FF40C00F63
:100C900004BF012000F0DEF8B0EE480ABDEC028B84
:100CA00010BD30EE000A704730EE200A7047000099
:100CB000DFED020A80EEA00A70470000000000008D
:100CC0009FED020A20EE000A70470000000000704D
:100CD0009FED020A20EE000A70470000000000109D
:100CE0002DE9F0014FF07F42B2EB410F9FBF4FF073
:100CF000FF310160BDE8F00170474FF0004242EA69
:100D00000123C1F3C752783A551112F01F0C434C1E
:100D1000CCF120067C44C1F3C752A2F178024FEA1D
:100D2000621204EB820254F8254008BFD2E9015652
:100D300012D0556804FA0CF425FA06F73C4397687C
:100D400005FA0CF527FA06F8D26807FA0CFCF2400F
:100D500045EA08054CEA0206A4FB034CA5FB035236
:100D6000A6FB03631D449D4234BF012600261319D0
:100D7000334416B1934202D903E0934201D20122D7
:100D800000E00022624402F1200C9206DC0C42EAF0
:100D9000443200EE102A5B03DFED210AF8EEC01AA0
:100DA00000EE103A4FEA9C1C11F0004FB8EE400ADA
:100DB000C0F800C020EE201A00EE105ADFED190A2C
:100DC000B8EE400A20EE200A71EE810A70EE800A29
:100DD00010EE902A02F500626FF30B0200EE902AEB
:100DE00070EEE11A31EEC11ADFED101A30EE411A41
:100DF0009FED0D0A20EE800A01EE210A9FED0C1AEC
:100E000000EE810A04BFBDE8F0017047CCF18051CB
:100E10000160BDE8F001B1EE400A704778010000C2
:100E2000000000360000802C22AAFD29DB0FC92F0C
:100E30000000C92F02E008C8121F08C1002AFAD119
:100E400070477047002001E001C1121F002AFBD14A
:100E50007047000001490860704700000000002052
:100E60000000803F0030983F0000B53F0040D73F72
:100E700000000000320A7E397F661E395B991F39F7
:100E80000000803FF037983FF304B53FFD44D73F63
:100E9000000000006E83F9A22915444ED15727FCAB
:100EA000C0DD34F5999562DB4190433CAB6351FE64
:100EB000A43D0020A43D0020983D0020A43D00203A
:100EC000A43D002000000000000000000102030417
:100ED00006070809000000000102030413140108BA
:100EE0000000000000000000000000000000000002
:100EF00000040000080000000000000000000000E6
:100F0000010002000400060008000A000C001000A6
:100F100020004000800000010414010800000000CF
:100F200000000000000000000000000000020000BF
:100F300028000000000000000000000059740008B4
:100F40009577000855770008CD7700088977000865
:100F5000B1780008797800084D7900080001020393
:100F600004050607080C1014182030400101010385
:100F7000070100000804020408010101211401080E
:100F80000000000000000000000000000000000061
:100F90000002000018000000000000000000000037
:100FA000A18C0008998C0008798D0008618E0008DA
:100FB0009D8F0008DD8E0008AD8C00084DE500080F
:100FC00049E5000845E500089001580220030000AB
:100FD00019D1000801D1000805D10008219C0008A2
:100FE000359C000821D10008F59B00081DD10008A0
:100FF000F19B0008259C000821D20008F19B000805
:1010000021D3000800000000B10AC93C2EFB483D76
:1010100004A9963D36BDC83D73B2FA3D8340163EE5
:10102000A2102F3EC2C5473E135C603ECCCF783E37
:10103000938E883E32A0943EE59AA03ED47CAC3E8E
:101040002A44B83E15EFC33ECA7BCF3E80E8DA3E65
:101050007533E63EEA5AF13E275DFC3E3D9C033F78
:101060009BF5083FDA390E3F2A68133FC07F183FCF
:10107000D17F1D3F9967223F5636273F4AEB2B3FD2
:10108000BB85303FF304353F4268393FF9AE3D3F01
:1010900070D8413F03E4453F12D1493F029F4D3F85
:1010A0003D4D513F31DB543F5348583F1A945B3F0D
:1010B00005BE5E3F97C5613F59AA643FD86B673F45
:1010C000A7096A3F5E836C3F9ED86E3F0809713F57
:1010D0004714733F0BFA743F07BA763FF853783FD3
:1010E0009DC7793FBE147B3F283B7C3FAC3A7D3F98
:1010F00023137E3F6DC47E3F6D4E7F3F0FB17F3F18
:1011000043EC7F3F0000803F43EC7F3F0FB17F3FC8
:101110006D4E7F3F6DC47E3F23137E3FAC3A7D3FD3
:10112000283B7C3FBE147B3F9DC7793FF853783FF7
:1011300007BA763F0BFA743F4714733F0809713FB3
:101140009ED86E3F5E836C3FA7096A3FD86B673FAE
:1011500059AA643F97C5613F05BE5E3F1A945B3F45
:101160005348583F31DB543F3D4D513F029F4D3F67
:1011700012D1493F03E4453F70D8413FF9AE3D3FAE
:101180004268393FF304353FBB85303F4AEB2B3F84
:101190005636273F9967223FD17F1D3FC07F183FBA
:1011A0002A68133FDA390E3F9BF5083F3D9C033F09
:1011B000275DFC3EEA5AF13E7533E63E80E8DA3EB2
:1011C000CA7BCF3E15EFC33E2A44B83ED47CAC3E2A
:1011D000E59AA03E32A0943E938E883ECCCF783ED6
:1011E000135C603EC2C5473EA2102F3E8340163EB0
:1011F00073B2FA3D36BDC83D04A9963D2EFB483D6D
:10120000B10AC93C00000000B10AC9BC2EFB48BDB0
:1012100004A996BD36BDC8BD73B2FABD834016BEE3
:10122000A2102FBEC2C547BE135C60BECCCF78BE35
:10123000938E88BE32A094BEE59AA0BED47CACBE8C
:101240002A44B8BE15EFC3BECA7BCFBE80E8DABE63
:101250007533E6BEEA5AF1BE275DFCBE3D9C03BF76
:101260009BF508BFDA390EBF2A6813BFC07F18BFCD
:10127000D17F1DBF996722BF563627BF4AEB2BBFD0
:10128000BB8530BFF30435BF426839BFF9AE3DBFFF
:1012900070D841BF03E445BF12D149BF029F4DBF83
:1012A0003D4D51BF31DB54BF534858BF1A945BBF0B
:1012B00005BE5EBF97C561BF59AA64BFD86B67BF43
:1012C000A7096ABF5E836CBF9ED86EBF080971BF55
:1012D000471473BF0BFA74BF07BA76BFF85378BFD1
:1012E0009DC779BFBE147BBF283B7CBFAC3A7DBF96
:1012F00023137EBF6DC47EBF6D4E7FBF0FB17FBF16
:1013000043EC7FBF000080BF43EC7FBF0FB17FBFC6
:101310006D4E7FBF6DC47EBF23137EBFAC3A7DBFD1
:10132000283B7CBFBE147BBF9DC779BFF85378BFF5
:1013300007BA76BF0BFA74BF471473BF080971BFB1
:101340009ED86EBF5E836CBFA7096ABFD86B67BFAC
:1013500059AA64BF97C561BF05BE5EBF1A945BBF43
:10136000534858BF31DB54BF3D4D51BF029F4DBF65
:1013700012D149BF03E445BF70D841BFF9AE3DBFAC
:10138000426839BFF30435BFBB8530BF4AEB2BBF82
:10139000563627BF996722BFD17F1DBFC07F18BFB8
:1013A0002A6813BFDA390EBF9BF508BF3D9C03BF07
:1013B000275DFCBEEA5AF1BE7533E6BE80E8DABEB0
:1013C000CA7BCFBE15EFC3BE2A44B8BED47CACBE28
:1013D000E59AA0BE32A094BE938E88BECCCF78BED4
:1013E000135C60BEC2C547BEA2102FBE834016BEAE
:1013F00073B2FABD36BDC8BD04A996BD2EFB48BD6B
:10140000B10AC9BC554152545F444D415F44454205
:10141000554700434C495F5368656C6C5461736B6E
:101420000064656661756C745461736B0000000044
:10143000501401080000002050000000340E010884
:10144000A01401085000002070550000440E01084F
:10145000000000000024F400010000003C0F01081F
:1014600000000000BC0F01080000000000000000A8
:101470003C0F010800000000BC0F01080000000044
:1014800000000000000080BF000020400000803FFE
:101490000100000010000000AAAAAAAA0000000093
:1014A000FFFFFFFFFFFFFFFFFFFFFFFFFFFFFFFF4C
:1014B000FFFFFFFFFFFFFFFFFFFFFFFFFFFFFFFF3C
:1014C000FFFFFFFFFFFFFFFFFFFFFFFFFFFFFFFF2C
:1014D000FFFFFFFFFFFFFFFFFFFFFFFFFFFFFFFF1C
:1014E000FFFFFFFFFFFFFFFFFFFFFFFFFFFFFFFF0C
:1014F000FFFFFFFFFFFFFFFFFFFFFFFFFFFFFFFFFC
:10150000FFFFFFFFFFFFFFFFFFFFFFFFFFFFFFFFEB
:10151000FFFFFFFFFFFFFFFFFFFFFFFFFFFFFFFFDB
:10152000FFFFFFFFFFFFFFFFFFFFFFFFFFFFFFFFCB
:10153000FFFFFFFFFFFFFFFFFFFFFFFFFFFFFFFFBB
:10154000FFFFFFFFFFFFFFFFFFFFFFFFFFFFFFFFAB
:10155000FFFFFFFFFFFFFFFFFFFFFFFFFFFFFFFF9B
:10156000FFFFFFFFFFFFFFFFFFFFFFFFFFFFFFFF8B
:10157000FFFFFFFFFFFFFFFFFFFFFFFFFFFFFFFF7B
:10158000FFFFFFFFFFFFFFFFFFFFFFFFFFFFFFFF6B
:10159000FFFFFFFFFFFFFFFFFFFFFFFFFFFFFFFF5B
:1015A000FFFFFFFFFFFFFFFFFFFFFFFFFFFFFFFF4B
:1015B000FFFFFFFFFFFFFFFFFFFFFFFFFFFFFFFF3B
:1015C000FFFFFFFFFFFFFFFFFFFFFFFFFFFFFFFF2B
:1015D000FFFFFFFFFFFFFFFFFFFFFFFFFFFFFFFF1B
:1015E000FFFFFFFFFFFFFFFFFFFFFFFFFFFFFFFF0B
:1015F000FFFFFFFFFFFFFFFFFFFFFFFFFFFFFFFFFB
:10160000FFFFFFFFFFFFFFFFFFFFFFFFFFFFFFFFEA
:10161000FFFFFFFFFFFFFFFFFFFFFFFFFFFFFFFFDA
:10162000FFFFFFFFFFFFFFFFFFFFFFFFFFFFFFFFCA
:10163000FFFFFFFFFFFFFFFFFFFFFFFFFFFFFFFFBA
:10164000FFFFFFFFFFFFFFFFFFFFFFFFFFFFFFFFAA
:10165000FFFFFFFFFFFFFFFFFFFFFFFFFFFFFFFF9A
:10166000FFFFFFFFFFFFFFFFFFFFFFFFFFFFFFFF8A
:10167000FFFFFFFFFFFFFFFFFFFFFFFFFFFFFFFF7A
:10168000FFFFFFFFFFFFFFFFFFFFFFFFFFFFFFFF6A
:10169000FFFFFFFFFFFFFFFFFFFFFFFFFFFFFFFF5A
:1016A000FFFFFFFFFFFFFFFFFFFFFFFFFFFFFFFF4A
:1016B000FFFFFFFFFFFFFFFFFFFFFFFFFFFFFFFF3A
:1016C000FFFFFFFFFFFFFFFFFFFFFFFFFFFFFFFF2A
:1016D000FFFFFFFFFFFFFFFFFFFFFFFFFFFFFFFF1A
:1016E000FFFFFFFFFFFFFFFFFFFFFFFFFFFFFFFF0A
:1016F000FFFFFFFFFFFFFFFFFFFFFFFFFFFFFFFFFA
:10170000FFFFFFFFFFFFFFFFFFFFFFFFFFFFFFFFE9
:10171000FFFFFFFFFFFFFFFFFFFFFFFFFFFFFFFFD9
:10172000FFFFFFFFFFFFFFFFFFFFFFFFFFFFFFFFC9
:10173000FFFFFFFFFFFFFFFFFFFFFFFFFFFFFFFFB9
:10174000FFFFFFFFFFFFFFFFFFFFFFFFFFFFFFFFA9
:10175000FFFFFFFFFFFFFFFFFFFFFFFFFFFFFFFF99
:10176000FFFFFFFFFFFFFFFFFFFFFFFFFFFFFFFF89
:10177000FFFFFFFFFFFFFFFFFFFFFFFFFFFFFFFF79
:10178000FFFFFFFFFFFFFFFFFFFFFFFFFFFFFFFF69
:10179000FFFFFFFFFFFFFFFFFFFFFFFFFFFFFFFF59
:1017A000FFFFFFFFFFFFFFFFFFFFFFFFFFFFFFFF49
:1017B000FFFFFFFFFFFFFFFFFFFFFFFFFFFFFFFF39
:1017C000FFFFFFFFFFFFFFFFFFFFFFFFFFFFFFFF29
:1017D000FFFFFFFFFFFFFFFFFFFFFFFFFFFFFFFF19
:1017E000FFFFFFFFFFFFFFFFFFFFFFFFFFFFFFFF09
:1017F000FFFFFFFFFFFFFFFFFFFFFFFFFFFFFFFFF9
:04000005080001D915
:00000001FF
