:020000040800F2
:1000000038620020ED010008A9690008255D00089C
:10001000A5690008E1040008B573000800000000AD
:10002000000000000000000000000000F16B00086C
:10003000B105000800000000D1690008216C00082B
:10004000070200080702000807020008070200086C
:10005000070200080702000807020008070200085C
:100060000702000807020008070200080D05000843
:1000700019050008070200081D05000829050008E9
:1000800035050008390500081D03000807020008AF
:1000900007020008310600080702000807020008EE
:1000A000556C0008756C000807020008070200087C
:1000B00007020008070200080702000807020008FC
:1000C00007020008070200080702000807020008EC
:1000D00007020008A97300080702000807020008C9
:1000E0000702000807020008070200088D6C0008DC
:1000F000996C000807020008070200083D03000889
:1001000007020008070200080702000807020008AB
:10011000070200080702000807020008816C0008B7
:10012000070200080702000807020008070200088B
:100130000702000807020008490300080702000838
:10014000070200080702000807020008070200086B
:10015000070200080702000807020008070200085B
:10016000070200080702000807020008070200084B
:10017000070200080702000807020008070200083B
:10018000070200080702000807020008070200082B
:10019000070200080000000007020008070200082C
:1001A0000702000807020008070200083D5D00087A
:1001B00007020008070200080702000807020008FB
:1001C00007020008070200080702000807020008EB
:1001D0000702000807020008DFF80CD000F08CF8D6
:1001E00000480047358A00083862002006488047EA
:1001F00006480047FEE7FEE7FEE7FEE7FEE7FEE70C
:10020000FEE7FEE7FEE7FEE7416C0008D9010008C3
:100210002DE9F05F0546002092469B46884606463B
:10022000814640241BE0284641464746224600F0CE
:1002300053F853465A46C01A914110D311461846F6
:10024000224600F03AF82D1A67EB01084F46224685
:100250000120002100F031F817EB00094E41201E6B
:10026000A4F10104DFDC484631462A464346BDE896
:10027000F09F40EA01039B0703D009E008C9121F61
:1002800008C0042AFAD203E011F8013B00F8013B50
:10029000521EF9D27047D2B201E000F8012B491E7C
:1002A000FBD270470022F6E710B513460A46044613
:1002B0001946FFF7F0FF204610BD202A04DB203A44
:1002C00000FA02F1002070479140C2F1200320FAA9
:1002D00003F3194390407047202A04DB203A21FAA7
:1002E00002F00021704721FA02F3D040C2F120024F
:1002F0009140084319467047064C074D06E0E068F8
:1003000040F0010394E8070098471034AC42F6D35C
:10031000FFF766FFCCDE0008ECDE000880B540F297
:10032000CC40C2F2000001F04FF840F23850C2F267
:100330000000BDE8804001F047B8000040F2A45042
:10034000C2F2000001F040B840F21060C2F20000BA
:1003500001F03AB8B0B50446002021688B688A687D
:1003600013F0020F37D112F0010208BFB0BD886848
:1003700000F00D0001282FD188684FF6C072C7F633
:10038000FF72104040F0020088600320086002F015
:1003900053FA05462068806810F0010F04BF002062
:1003A000B0BD05E0806810F0010F04BF0020B0BDB3
:1003B00002F042FA411B20680229F3D9816811F04A
:1003C000010FEFD0E06D40F01000E065206E40F0CE
:1003D000010020660120B0BDE06D40F01000E06536
:1003E000206E40F0010020660120B0BD70B582B0E3
:1003F00004460020019021688A6812F0010F69D13B
:1004000088684FF6C076C7F6FF7606F17F02104285
:100410000AD0E06D40F01000E065206E40F0010071
:100420002066012002B070BD8868304040F00100B5
:10043000886040F20010C5F2000000F500728142B1
:10044000134618BF00F5C063B1F1A04F08BF1346B3
:10045000986810F4000F19D040F2040042F663517E
:10046000C2F20000C0F23E5100688009A0FB010109
:1004700088090C2100EB400001EB800002E000BF86
:1004800001980138019001980028F9D102F0D4F9BF
:1004900005462068016811F0010F1DD1816811F037
:1004A000010F01BF8168314041F00101816002F01C
:1004B000C3F9411B20680329ECD3016811F0010F37
:1004C000E8D1E06D40F01000E065206E40F00100E2
:1004D0002066012002B070BD002002B070BD000097
:1004E000FEE7000080B500BF012009F08BFDFBE7AF
:1004F0009FED052A30EEC11A80ED000A21EE020AB6
:1005000081ED000A704700BF3ACD133F40F2A4606E
:10051000C2F2000001F070BB07F030B940F6E40011
:10052000C2F2000001F068BB40F68400C2F2000095
:1005300001F062BB07F030B9704700004EF6FC5185
:10054000CEF200010A6842F080720A6041F20001B6
:100550000022CEF200014A600B6843F001030B60F9
:1005600044F24021C0F20F01484340F25C01C2F264
:100570000001086044F6D351C1F26201A0FB0113EF
:10058000990940F26003C2F2000319604DF68361DD
:10059000C4F21B31A0FB0101880C40F26401C2F2DD
:1005A0000001086040F26800C2F20000026070477B
:1005B00070470000EFF3108072B600BFFEE7000046
:1005C000B0B588B00025022040F6441402A9CDE958
:1005D000025504900120C2F2000405904FF400700F
:1005E000069040F2FF700790204601F019FD20466A
:1005F000022102220023009501F03EFD204602F078
:1006000009F820460121002201F088FC40F2780020
:1006100040F20221C2F20000C0E900150821856005
:10062000C0E90755C0E90555C0E9031508B0B0BDDC
:1006300040F64410C2F2000001F0D8BDB0B582B05F
:10064000044600200D46019094F85800012802BF8E
:10065000022002B0B0BD012084F858002046FFF708
:1006600079FEE16D10B141F010012DE041F2021070
:100670004FF6C07221EA0000C3F6FF7240F002009C
:10068000E06520688168114005F08042114341F027
:10069000004181604DF60261C0F204018268B2F14E
:1006A000FF3F0CDC019A01320192019A8A42F5D394
:1006B000E06D20F0120040F01001012004E0E16D37
:1006C000012060F301010020E165002184F8581049
:1006D00002B0B0BD704700002DE9F04381B00022A8
:1006E000009290F85820012A02D14FF0020E27E222
:1006F000012280F8582044F200024369C0F21042FF
:10070000002B1CBF0E6A012E16D14B68092B3DD160
:100710008F6A0B684FF4785606EA5343002F1FBFC9
:1007200007F07C073B43CF6A3B430768FE6C3240CF
:100730001A43FA64436629E0876E17B1436E0025B9
:100740000FE00023751EC0E919368F6A002F1FBF06
:1007500007F07C032B43CF6A43EA070518BF002349
:100760003746D1E90064013F876604F01F07C6F3EE
:10077000846606FA07F747EA050743EA0703436674
:1007800004D10768FE6C32401A43FA6403689A6821
:1007900012F0080F0FD191F82560DA6891F82670F1
:1007A0007F05002E22F4401204BF91F8246047EA2E
:1007B00006573A43DA609A689F684FF6FF7CC0F2AA
:1007C000070CFF0847EA9202D20710D18F6A91F80E
:1007D0002520002F1CBFCF6A002F0BD1DF68012A14
:1007E00027F0007608BF47F00076DE600FE04FF09C
:1007F000000EC7E0012A06D1C26D4FF0010E42F093
:100800002002C26505E0DA6822F00072DA604FF07B
:10081000000E91F830401A69012C08D1D1E90D453C
:1008200022F4FF7222432A4342F0020201E022F046
:1008300002021A6103F1140207240F68D1F808803C
:10084000C7F34065B8F1004F52F82550C7F304567E
:1008500004FA06F425EA04054FF0040404EAD75725
:1008600004D1D551126842F0004206E008FA06F4BD
:100870002C43D451126822F000425A61D1E9042479
:10088000DD68042A50D11A6E1C6E0A68C2F38465B2
:1008900092FAA2F612EA0C0F18BFB6FA86F5C4F364
:1008A0008464AC4201BF1A6E22F000421A660A68E4
:1008B0005C6EC2F3846492FAA2F512EA0C0F18BFC0
:1008C000B5FA85F45D6EC5F38465A54201BF5A6E25
:1008D00022F000425A660A689C6EC2F3846492FA5F
:1008E000A2F512EA0C0F18BFB5FA85F49D6EC5F398
:1008F0008465A54201BF9A6E22F000429A660A689A
:10090000DC6EC2F3846492FAA2F512EA0C0F18BFEF
:10091000B5FA85F4DA6EC2F38462A24202BFDA6EDF
:1009200022F00042DA662DE003F16007D1F8008082
:100930004FF2000657F82290C0F2FF3609EA060986
:10094000062606EA9505AC4008F0F8452C4344EA33
:10095000090444F0004447F822400A698C6957F8BA
:10096000225025F080752C4347F822400C690A7FFD
:1009700057F82450012A25F0007508BF45F000758E
:1009800047F824509A6812F0010F43D10A68CD68E5
:10099000D3F8B04042F0784705F0180602EA0C0898
:1009A00047F0FF672CFA06F687EA0C0706EA080606
:1009B00027403743C3F8B0700027C4F27F07BD4219
:1009C00028D192FAA2F7B8F1000F4FF00106B7FA5A
:1009D00087F708BF970E7A1C02F01E0702F01F026D
:1009E00096400A2F24BF46F000760A3A02EB4202F4
:1009F00046EA02520726C2F30457C2F340628D68EA
:100A000003EB8202BE40546905FA07F724EA0606A2
:100A1000374357610D680021C8F208010D4200F00C
:100A20008C8040F200310022C5F20001CCF221326C
:100A3000A1F5007401F58068A342464604BF40F268
:100A40000036C5F20006B3F1A04F04BF40F20036F5
:100A5000C5F200069542B76807F0E07C04D010228A
:100A6000C9F2C00295422CD1390266D440F200612D
:100A7000C5F200018B4218BFB3F1A04F5DD1B16840
:100A800042F66352C0F23E5221F0E07141EA0C019D
:100A900041F40001B16040F20401C2F200010968B2
:100AA0008909A1FB02129109182201EB410102EB15
:100AB000810101E000990139009100990029F9D1E3
:100AC0003BE0FA011ED40022CCF25272954219D1B9
:100AD000B3F1A04F0ED040F20012C5F200029342D3
:100AE0002BD040F20052C5F20002934225D0A3421F
:100AF00018BF41468A6822F0E07242EA0C0242F0D6
:100B0000807219E07A0218D40022CCF68432954221
:100B100013D1B3F1A04F08D040F20012C5F2000289
:100B200093420AD0A34218BF41468A6822F0E0727D
:100B300042EA0C0242F480028A60002180F85810D8
:100B40005FFA8EF001B0BDE8F083000080B540F29E
:100B5000CC4240F2003EC2F20002C4F2010E9042CA
:100B60006BD040F23851C2F20001884200F0B780E9
:100B700040F2A452C2F20002904200F0B88040F26B
:100B80001062C2F20002904218BF80BD116840F2AC
:100B9000A00C40F2A803C2F2000CC2F20003D1F88C
:100BA0008000ACF80400D1F880101986596B01312F
:100BB0005963DEF8001001F0010219601A71C1F3E7
:100BC00000225A71C1F38431D980DEF8081001F097
:100BD000010259611A76C1F300225A76C1F38431B9
:100BE0005983DEF80C1001F00102996283F82C2081
:100BF000C1F3002283F82D20C1F38431D98540F65A
:100C00009021C2F2000191F83A10196140F6CC210E
:100C1000C2F2000191F83A10596240F60831C2F26E
:100C2000000191F83A109963BCF800109987BCF85C
:100C30000210D987A3F8400080BD136840F2A00CD1
:100C4000C2F2000CD3F88020ACF80020D3F880006A
:100C500040F2A803C2F200031881D8680130D860BE
:100C6000DEF8000000F0010118601971C0F30021E6
:100C70005971C0F38430D880DEF8080000F001011B
:100C800058611976C0F300215976C0F38430588337
:100C9000DEF80C0000F00101986283F82C10C0F31C
:100CA000002183F82D10C0F38430D88540F69020C1
:100CB000C2F2000090F83A00186140F6CC20C2F26F
:100CC000000090F83A00586240F60830C2F2000086
:100CD00090F83A0098639A87BCF8020058E040F216
:100CE0003850C2F20000BDE8804006F095BC1168A3
:100CF00040F2A00C40F2A803C2F2000CC2F20003C2
:100D0000D1F88000ACF80200D1F880109983196AFC
:100D100001311962DEF8001001F0010219601A7148
:100D2000C1F300225A71C1F38431D980DEF8081072
:100D300001F0010259611A76C1F300225A76C1F31B
:100D400084315983DEF80C1001F00102996283F8B6
:100D50002C20C1F3002283F82D20C1F38431D985E2
:100D600040F69021C2F2000191F83A10196140F664
:100D7000CC21C2F2000191F83A10596240F60831D4
:100D8000C2F2000191F83A109963BCF800109987FB
:100D9000D887BCF80400A3F8400080BD704700006D
:100DA00070B5044640F200452068C5F20005A5F57F
:100DB0004071A5F580728842114618BF05F5407153
:100DC000B0F1A04F08BF11468E68816811F0080F7E
:100DD0001CBF022070BDC168C06C002908DB10F484
:100DE000C07005D1E06D40F02000E065012070BDCD
:100DF00094F85800012804BF022070BD012084F837
:100E000058002046FFF7F2FA00281EBF002184F8A0
:100E1000581070BDE06D43F2010240F2001C06F074
:100E20001F01C5F2000C10F4807F1ABF206E20F065
:100E3000080000202066E06D904340F48050E0659B
:100E40002068604507D040F20053C5F20003984285
:100E500007D12B4601E04FF0A043002918BF834281
:100E600003D1E36D23F48013E36560236FF0400644
:100E70000360002384F85830C36813F4001F1EBFBA
:100E8000436843F480634360A369082B08BF6FF095
:100E900020064268082B02EA060242604FF0200258
:100EA00008BF40224368604542EA0302426015D011
:100EB00040F20052C5F20002904213D1854211D097
:100EC000072905D8012202FA01F111F0C10F09D159
:100ED000E06D40F48010E065002070BD4FF0A0454B
:100EE0008542EDD1C16811F0007F1CBF002070BDAC
:100EF00081684FF6C072C7F6FF72114041F00801D9
:100F00008160002070BD0000704700007047000045
:100F100090F85820012A02BF0221C8B27047B0B52C
:100F200082B0012240F2001580F858200022C5F25C
:100F300000050192009205F540740368A34208BFC2
:100F400005F58062B3F1A04F04BF40F20012C5F274
:100F500000023AB392689C682243520722D405F5F6
:100F60000072AB42944618BF05F5C06CB3F1A04FB8
:100F700008BF9446D1F800E0DCF80820BEF1000F6D
:100F800022F460421BD04C68224390F8384042EA79
:100F90004432CCF8082043F48072AA4218D155F8A4
:100FA000F82C1CE0C16D41F02001C1650121002237
:100FB00080F8582002B0BDE8B040C8B2704743F492
:100FC0008071CCF80820A94219D155F8F81C1DE011
:100FD000D5F80823D5F8083405F5A0651A43AB68A1
:100FE0001A43D20709D1DCF80820896840F61F733C
:100FF0009A4342EA0E02114311E00021D7E7D5F8E7
:101000000813D5F8082405F5A0651143AA68114313
:10101000C90708D1DCF8081040F61F729143CCF8DC
:1010200008100021C3E70021C1E700002DE9F041CD
:1010300081B00022009290F85820012A01D10221AB
:10104000BAE1012280F858200768BB6813F0040F4A
:1010500039D1D1E900361F244FF6FF7CC0F2070CCE
:1010600006F01F05C6F3012607EB8606AC40326B7F
:10107000C3F38463AB40A2431A433263BA68BB68CC
:10108000DB0843EA9202D20740F0B1800A68D1F847
:10109000088007F114060725C2F34063B8F1004F3A
:1010A00056F82340C2F3045305FA03F524EA050E6B
:1010B0004FF0040404EAD2540BD146F804E032683D
:1010C00042F000430DE0C16D41F02001C1650121F6
:1010D0006FE108FA03F242EA0E023251326822F05E
:1010E00000437B61D1E90465FC68042E50D13A6E5F
:1010F0003A6E0C68C4F3846394FAA4F614EA0C0FF5
:1011000018BFB6FA86F3C2F384629A4201BF3A6E00
:1011100022F000423A660C687A6EC4F3846294FA54
:10112000A4F314EA0C0F18BFB3FA83F27B6EC3F377
:101130008463934201BF7A6E22F000427A660C68A3
:10114000BA6EC4F3846294FAA4F314EA0C0F18BFC5
:10115000B3FA83F2BB6EC3F38463934201BFBA6EEA
:1011600022F00042BA660C68FA6EC4F3846294FA04
:10117000A4F314EA0C0F18BFB3FA83F2FB6EC3F3A7
:101180008463934202BFFA6E22F00042FA662EE0B8
:1011900007F16003D1F800E04FF2000253F8268017
:1011A000C0F2FF3208EA0208062202EA940205FAB7
:1011B00002F20EF0F8452A4342EA080242F00042E9
:1011C00043F826200A698E6953F8225025F080756D
:1011D0002E4343F822600E690A7F53F82650012AF5
:1011E00025F0007508BF45F0007543F82650BA6831
:1011F00012F0010F42D10E68CA68D7F8B05046F01D
:10120000784402F0180306EA0C0E44F0FF642CFA4E
:1012100003F384EA0C0403EA0E0325402B43C7F8CA
:10122000B0300023C4F27F039A4227D196FAA6F287
:10123000BEF1000FB2FA82F208BFB20E01260132EF
:1012400002F01E0302F01F0296400A2B24BF46F054
:1012500000760A3A02EB420246EA02520726C2F33D
:101260000453C2F340628D6807EB82029E405469CA
:1012700005FA03F324EA0606334353610D6800219F
:10128000C8F208010D4200F0938040F200330022C2
:10129000C5F20003CCF22132A3F5007403F5806E91
:1012A000A742714604BF40F20031C5F20001B7F118
:1012B000A04F04BF40F20031C5F2000195428E6894
:1012C00006F0E07C04D01022C9F2C002954230D171
:1012D00032026DD440F20062C5F20002974218BF9C
:1012E000B7F1A04F64D18A6822F0E07242EA0C02A2
:1012F00042F400028A6040F2040142F66352C2F2F4
:101300000001C0F23E5209688909A1FB021291094D
:101310000C2201EB410102EB8101009100990029AF
:1013200046D000BF00990139009100990029F9D1F8
:101330003EE0F1011FD40021CCF252718D421AD14E
:10134000B7F1A04F0FD040F200120021C5F2000209
:1013500097422ED040F20052C5F20002974228D0A8
:10136000A74218BF7346996821F0E07141EA0C0169
:1013700041F080711BE071024FF0000119D400228E
:10138000CCF68432954214D1B7F1A04F08D040F288
:101390000011C5F200018F420AD0A74218BF734660
:1013A000996821F0E07141EA0C0141F480019960F3
:1013B0000021002280F85820C8B201B0BDE8F081B9
:1013C00070470000704700002DE9F047044640F2E6
:1013D000001A2068C5F2000A0AF5C0680AF500760E
:1013E0004146504508BF3146B0F1A04F08BF3146D5
:1013F000026843688F6802EA0305A9070DD5E06D0E
:1014000010F0100F02BFE06D40F40060E065204670
:10141000FFF760F9206802210160690707F01F09E2
:1014200058BF5FEA057151D5214651F85C2F12F083
:10143000100F02BF0A6842F400720A60C26812F418
:10144000406F3DD10AF5806203469042024608BFD4
:101450000AF54072504508BF4FF0A04282420CD0BE
:10146000B9F1090F00F20481012340F2212703FAA8
:1014700009F33B42034608BF1346DA6812F4005FE3
:101480001ED1026812F0080F1AD0826812F0040F01
:101490000CD1426822F00C024260086820F480708F
:1014A0000860086810F4805F06D009E0E06D04F180
:1014B000600140F01000E065086840F0010008603D
:1014C0002046FFF77DFF20680C210160A90658BF68
:1014D0005FEA456132D5214651F85C2F12F0100FBA
:1014E00002BF0A6842F400520A605045C26C02F41E
:1014F000C073C26809D040F20057C5F20007B84275
:10150000074613D10AF5407701E04FF0A047874224
:1015100007460BD0B9F1070F00F29080012707FAB8
:1015200009F717F0C10F074600F08880FF68F3B392
:101530002046FFF70BFB206860210160290609D5D2
:10154000E06D40F48030E065204600F0A3F92068AB
:1015500080210160E9050AD5E06D40F40030E065C6
:101560002046FFF7D1FC20684FF480710160A90587
:101570000AD5E06D40F48020E0652046FFF7C6FC08
:1015800020684FF400710160E90643D5E16B99B31F
:10159000B9F1000F2AD050454FF4604208BFB04661
:1015A000B0F1A04F08BFB04608F1080121E0BB012F
:1015B00005D502F4406207F400531A43B8D102681B
:1015C000BB02B5D412F04002B2D0826812F0080F0C
:1015D00040D1426822F060024260086820F48050E6
:1015E0000860086810F4807FA2D139E000F10C0196
:1015F0000122096811420BD0E06D40F48060E06583
:10160000206E40F0020020662046FFF7DBFE2068D7
:1016100010210160690558BFBDE8F087E16D41F414
:101620008041E165216E41F0080121664FF480613F
:1016300001602046BDE8F047FFF7B0BB504514D02D
:1016400040F20057C5F20007B842074608BF0AF546
:1016500040776BE7E06D04F1600140F01000E06559
:10166000086840F00100086062E74FF0A0475DE7BE
:10167000134602E770B582B004460020002C0190AA
:1016800002BF012002B070BDE06D30B9204600F00D
:1016900003F90020206684F8580021684FF6C070D6
:1016A000C5F6FF708A6812F0005F1EBF8A680240AC
:1016B0008A608A6812F0805F1ED18A6800F18050CB
:1016C000104042F6635240F08050C0F23E528860B3
:1016D00040F20400C2F2000000688009A0FB020290
:1016E0009009022202EB400002E000BF019801389D
:1016F000019001980028F9D1886810F0805F09D125
:10170000E06D40F01000E065206E40F001002066C2
:10171000012000E000208A68C2F38006E26DE36DDC
:1017200002F01002324303D043F010010120ADE07B
:1017300023F4817242F00202E2658A6812F0010F1E
:101740002BD140F2001E41F48072C5F2000E7245AA
:1017500003D15EF8F8CC734607E0DEF80823DEF824
:10176000083443EA020C0EF5A0639A6842EA0C02C0
:10177000D20712D10EF500727145134618BF0EF54F
:10178000C063B1F1A04F08BF1346D4F804C09A68F3
:1017900022F47C1242EA0C029A60627FE36B43EA15
:1017A0004232D4E902352A4394F824501A4342EADB
:1017B0000543012D06D1A26A0025CFF6FE7505EB83
:1017C00042421343E26A44F20705CFF6F075002A5D
:1017D0001FBF02F478721A43236B1343CA682A406E
:1017E0001A43CA600A69636B22F040621A430A61B5
:1017F0008A68C2F3C00232433AD194F83830227F6B
:10180000CE6844F202055B00AE4343EA82323243C3
:10181000CA6022690B694AB143F4803343F6FF760C
:101820000B61D1F8C030B3431A4307E023F4803290
:1018300043F6FF730A61D1F8C0209A43C1F8C02073
:1018400094F840300A69012B0FD140F2FD7322EA6F
:10185000030CD4E91136D4E9135243EA0C033343A1
:101860002B431A4342F0010201E022F001020A6117
:1018700063690A6B22F00F02012B02BF236A013B4E
:101880001A430A630122E16D62F30101E16502B0CE
:1018900070BD000070470000F0B59BB0044600200A
:1018A00054211A90CDE91800CDE9160001A8FEF7E1
:1018B000F9FC206800F130404FEA3020062800F2A1
:1018C000EE8041F24C0540F20044C4F20205C4F639
:1018D0000004DFE800F00448E4E494E4BD004FF4C1
:1018E000004001904FF00050129001A801F0F8FA6A
:1018F000002818BFFEF75EFE40F26C00C2F2000046
:1019000001684A1C0029026008D1286840F4005090
:101910002860286800F4005000900098286803268A
:10192000002740F001002860286800F001000090C6
:101930000098286840F002002860286816AD294603
:1019400000F0020000900098042016904FF09040A4
:101950001796189700F082FE41F2020016A9C1C145
:101960002046294642E04FF4004001904FF00050DD
:10197000129001A801F0B4FA002818BFFEF71AFE71
:1019800040F26C00C2F2000001684A1C00290260AB
:1019900008D1286840F400502860286800F40050FE
:1019A000009000982868002640F00400286028680D
:1019B00000F0040000900098286840F001002860C2
:1019C0002868032500F00100009000981820169068
:1019D00004F5806016AC17951896214600F03EFE7F
:1019E000012016A961C14FF09040214600F036FE5B
:1019F00012200221002201F0C7F8122024E04FF447
:101A0000803001904FF00040139001A801F068FA77
:101A1000002818BFFEF7CEFD40F27000C2F20000B1
:101A200001684A1C0029026008D1286840F48040FF
:101A30002860286800F48040009000982F20022140
:101A4000002201F0A1F82F2001F08EF81BB0F0BDAC
:101A50004FF4803001904FF00040139001A801F046
:101A60003FFA002818BFFEF7A5FD40F27000C2F251
:101A7000000001684A1C0029026008D1286840F46F
:101A800080402860286800F48040009000983E2044
:101A90000221002201F078F83E2001F065F81BB029
:101AA000F0BD000010B50446002C04BF012010BD9D
:101AB00094F8210028B9002084F82000204600F086
:101AC0000BF8002001216062C4E90100C4E90300B1
:101AD000606184F8211010BD016841F24800C4F231
:101AE0000200A0F58962914218BF704781B0016879
:101AF00041F008010160006800F0080000900098C3
:101B000001B07047002802BF01210846704790F8D5
:101B10002510022925D1016801230A6822F001025B
:101B20000A600A6822F00E020A60816C0A6822F4D8
:101B300080720A60D0E9101202F01F0203FA02F26A
:101B40004A60D0E913124A60416D00291FBF0A683C
:101B500022F480720A60D0E9161218BF4A60002190
:101B600002E00421C1630121012280F82520002226
:101B700080F824200846704790F82510022931D1BA
:101B800001680A6822F001020A600A6822F00E0267
:101B90000A60816C0A6822F480720A60D0E9102120
:101BA00001F01F03012101FA03F35360D0E913236D
:101BB0005360426D002A1FBF136823F480731360C3
:101BC000D0E9162318BF536080F82510002180F853
:101BD0002410826B22B180B590470021BDE880407F
:101BE0000846704704210022C163012180F82510B6
:101BF00080F8242008467047B0B5D0E910C4DCF85E
:101C00000010026804F01F0E136813F0040F1EBFCB
:101C1000042404FA0EF414EA01050ED0116811F040
:101C2000200F02BF116821F004011160CCF80440BC
:101C3000016BD9B3BDE8B04008479C071AD5022410
:101C400004FA0EF414EA010514D0116811F0200F03
:101C500006D1116821F00A011160012180F82510D8
:101C60000021CCF8044080F82410C16AF1B1BDE82D
:101C7000B04008471B0719D5082303FA0EF3194093
:101C800008BFB0BD116821F00E011160012101FAF9
:101C90000EF2CCF80420C16380F82510002180F8F2
:101CA0002410416B11B1BDE8B0400847B0BD000041
:101CB0000121002800F0A7802DE9F04F02680027DD
:101CC0004FF6F83500F1180CC4F20207CBF6FD759B
:101CD00007F581633E464CF6CD47CCF6CC479A4299
:101CE00038BF05F580659A4205EB0204A4FB074561
:101CF0004FF6FC74C3F6FF7404EA950906F5806498
:101D000047F6F076C0F844903CBF0024C4F20204C9
:101D10009A4204644FF0020480F825401468D0E928
:101D20000287D0E904E524EA060A9CE840184AEA5A
:101D3000080444EA070444EA0E0747EA050747EAAD
:101D4000060740F2000647EA0B07C4F2020647EA1C
:101D50000C07176006F5026738BF06F500679A4260
:101D600009EB070506F508674CF6CD468564C764A0
:101D70006FF00707CCF6CC4657FA82F7A7FB06763A
:101D80004FF0080707EB161738BF3709B8F5804F33
:101D900007F01F0201FA02F240F68401C4F20201C8
:101DA000026504D1002343602B600A601EE0436893
:101DB00003F07F072F600A605A1E032A16D84FF4DB
:101DC000FE7201F1BC06012502EA83021F330A44B8
:101DD00003F01F0302F1780705FA03F3C0E9157653
:101DE0000027C3659767C1F8C03003E00021C0E950
:101DF0001511C16500210122C16380F8252080F8FA
:101E00002410BDE8F04F08467047000090F824C049
:101E1000BCF1010F44D04FF0010C80F824C090F8C1
:101E200025C0BCF1010F38D170B54FF0020C01266E
:101E300080F825C04FF0000CC0F83CC0D0F800C0BE
:101E4000DCF800E02EF0010ECCF800E0D0E913E45D
:101E5000CEF80440D0F854E0BEF1000F1CBFD0E92A
:101E600016456560D0E9104505F01F0506FA05F531
:101E70006560CCF804308368102B0B4608BF13460E
:101E8000CCF8083008BF0A46CCF80C20026BDCF80E
:101E9000001042B141F00E010DE0002180F8241045
:101EA0000220C0B2704721F00401CCF80010DCF829
:101EB000001041F00A01CCF80010806C016811F4A8
:101EC000803F1EBF016841F480710160BEF1000FC8
:101ED0001EBFDEF8000040F48070CEF80000DCF891
:101EE000000040F00100CCF800000020BDE8704088
:101EF000C0B27047B0B5044600F09EFC054640F203
:101F00004800611CC2F20000006818BF044400BF12
:101F100000F092FC401BA042FAD3B0BD90F85C30B8
:101F2000013BDBB2012B72D810B5006811F0070C31
:101F3000D0F858E00EF0010300D01BB311F0380FB9
:101F400002D01EF002041DD011F4E07F02D01EF07A
:101F5000040417D011F4F05F02D01EF0080411D071
:101F600011F4604F02D01EF010040BD011F4403F6A
:101F700002D01EF0200405D011F47C0F06D01EF014
:101F8000400403D1C46D44F00104C465002B18BFA4
:101F9000BCF1000F23D111F0380F18BF1EF002035F
:101FA0001DD111F4E07F18BF1EF0040317D111F406
:101FB000F05F18BF1EF0080311D111F4604F18BF75
:101FC0001EF010030BD111F4403F18BF1EF0200388
:101FD00005D111F47C0F18BF1EF0400303D0C36D70
:101FE00043F00203C3650B06BDE8104042BFD0F8C2
:101FF000DC301343C0F8DC30CB0542BFD0F8E03012
:102000001A43C0F8E02000F15402002003E000F180
:10201000600201200221136819431160704700001B
:10202000B0B590F85C20013AD2B2012A13D8D1E9B8
:102030000042D1E90253D1E904CEA9078CB1406C2A
:102040004CEA437341EA0E0140F8323000EBC20023
:1020500041600020B0BD016E41F002010166012027
:10206000B0BD006C41EA0E0141EAC36141EA0C4196
:1020700040F822100020B0BD90F85CC0BCF1010F08
:1020800010D100689200DDF800C042EA011141EA77
:10209000430150F8802F41EA0C0122F03F020A432D
:1020A000002104E050F8601F41F0040201210260A9
:1020B000084670477047000070470000F0B590F880
:1020C0005C50022D1ED1D0F800C040291ED1DCF892
:1020D000905015F00F0F00F08180DCF89040C4F3B1
:1020E000012EDCF8905015F0807F08D0DCF880508D
:1020F00015F4007F1EBF250A013505F0030E00F11F
:1021000048041CE0016E41F008016AE0DCF89850D8
:1021100015F00F0F62D0DCF89840C4F3012EDCF804
:10212000985015F0807F08D0DCF8805015F4807F3F
:102130001EBF250A013505F0030E00F14C0424688A
:102140000EEBCE0554F8356016F08046566054F814
:102150003560C6F38A4718BF26F06047176054F809
:10216000356006F00056966054F8356004EBC504FF
:1021700006F000461661A588D561E58815F00F05C3
:10218000D560656805F480155561656805F400152E
:102190009561E57905F07F05156265684FEAD575AB
:1021A000556211D04DF2347504F1080C0024C0F6CC
:1021B000000500BF1CF804601E550134D668AE5DF2
:1021C000B442F7D3D0F800C00CF19C00402908BFFE
:1021D0000CF19400C0F800E00020F0BD016E41F465
:1021E000807101660120F0BD704700002DE9F04FBD
:1021F00085B004462068016D426DD0F85090D0F84B
:1022000054A0D0F850B0D0F8548001EA0205016D16
:102210000491416D0391016D0291416D0191416DF8
:10222000026D01EA0207790604D5402101652046C6
:10223000FFF7DAFF09EA0A0605F4E055F8050BD5C1
:1022400020684FF48073D0F8D810D0F8E0200365F0
:102250002046114000F0FAF908EA0B0806F00706DC
:102260002DB1206829460565204600F0F3F908F0F5
:1022700038052EB1206831460665204600F0BCF9CD
:102280002DB1206829460565204600F0C1F9B80542
:1022900006D520684FF400710165204600F0DCF996
:1022A00038060AD520688023D0F8D410D0F8DC2076
:1022B00003652046114000F0CBF9B80406D520682C
:1022C0004FF400510165204600F0BEF9DDE9011030
:1022D00000EA0105380406D520684FF40041016585
:1022E000204600F0AFF9DDE903107A0400EA0100AE
:1022F00005F4602107D522684FF480431365226EF0
:1023000042F08002226600F4710521B12068016567
:102310002046FFF7D1FE3DB120680565204650F804
:10232000601F2943016001E004F16000006800289B
:1023300004BF05B0BDE8F08F204605B0BDE8F04F02
:10234000FFF7B8BE2DE9F0410446002C04BF012080
:10235000BDE8F08194F85C0028B9002084F85D00A5
:10236000204600F0F5F82068816921F010018161B4
:1023700000F062FA054600BF2068816911F0080F7D
:1023800005D000F059FA401B0B28F5D310E0816905
:1023900041F00101816100F04FFA05462068816932
:1023A00011F0010F0ED100F047FA401B0B28F5D3B6
:1023B000206E032140F001002066012084F85C10AB
:1023C000BDE8F081816946F2004CC4F2000C604522
:1023D00041F00201816104BF6268CCF80021227CD7
:1023E000836943F04005012A08BF23F04005856159
:1023F000627C836923F48045012A08BF43F4804549
:102400008561A27C836943F48055012A08BF23F4C7
:10241000805585618369D4F808E023F4407343EA6A
:102420000E038361836923F0A4038361036923F0AE
:1024300010030361E368ABB1012B03D1836943F05F
:1024400004030EE08569022B09D045F08005032BBB
:102450008561056945F01005056103D1856945F081
:102460002003836104F114054FF07E466FF0FF08EE
:10247000BEF5407F2ACD226A06EB436608EB0525B0
:10248000A2F1010245EA060542EA050240F2000512
:10249000CFF6FF7505EB014141EA0201C16110D1A0
:1024A00004F124066FF00F0746CE236B07EB0313EE
:1024B00008EB0627013A05EB01413A431A43114361
:1024C000C160E16BD0F8C02011430CF58042C0F828
:1024D000C0100CF5806188420CF5006104BF4AF21F
:1024E0005072C4F20002884208BF02F5D46222642E
:1024F000D0F88010636B21F4F81141EA0341C0F871
:10250000801002F170016164D0F88010A36B21F09B
:10251000706141EA0361C0F8801002F1B00000214F
:10252000A06402F5C470E06402F51870206502F53D
:102530001E70606502F5547042F8041B8242FBD3A2
:1025400000200121A065206684F85C10BDE8F081C0
:1025500010B59CB00446002054211B90CDE9190011
:10256000CDE9170002A8FDF79DFE206846F2004164
:10257000C4F20001884201D01CB010BD4FF480505D
:1025800002904FF00070109002A800F0A9FC002803
:1025900018BFFEF70FF841F24C00C4F20200C16808
:1025A00041F00071C160C16801F0007101910199B1
:1025B000016841F00101016017A9006800F0010005
:1025C000019001984FF4C0501790022018900020FD
:1025D000199003201A9009201B904FF0904000F0B2
:1025E0003DF815200321002200F0CEFA152000F05E
:1025F000BBFA1CB010BD000041F2603241F258330A
:102600004021C2F20002C2F20003FFF757BD0000F2
:102610007047000090F85C1001290BD1022180F86E
:102620005C1001688A6922F001028A61002101665A
:1026300008467047016E41F0040101660121084619
:1026400070470000704700007047000070470000AE
:102650007047000070470000704700002DE9F04F00
:1026600082B00E68002E00F0DC8041F200420627A6
:102670004FF0010B00250124C4F60002904200F146
:1026800038424FEAB22308BF0527052B4FF000035D
:1026900038BF4FEAB2270097A4F101090BFA09FCF1
:1026A00016EA0C0800F0B480D1F804A00AF0030E7A
:1026B000AEF10102012A15D8D0F808B0CF68032284
:1026C0009A402BEA02029F404FF0010B3A4382608E
:1026D000CAF30012476802FA09F227EA0C073A43E4
:1026E000426007E0BEF1030F04D18A68012A26D0B8
:1026F00001E000BF8A68C66803279A40BEF1020F56
:1027000007FA03F726EA070742EA0702C26016D172
:1027100005F01C020F2707FA02FC4FF6FC77C7F6FC
:10272000FF7707EA59060644376A27EA0C0C0F6957
:1027300007FA02F242EA0C023262D1F804A00668FB
:1027400003270AF003021AF4403F07FA03F702FADC
:1027500003F226EA070742EA0702026058D041F274
:10276000600240F2004E05F00C06C4F20202C4F210
:10277000010E17463A6842F001023A603A6802F0E8
:102780000102019229F00302019F72444FF60847AB
:10279000CFF6FF77B9460F2752F809C0B7402CEAA9
:1027A000070C009F07FA06F64CEA060742F8097084
:1027B000DEF808204F6822EA080217F4801F18BFCD
:1027C00042EA080217F4001FCEF8082040F20C423B
:1027D000C4F201021646326822EA080218BF42EA31
:1027E000080217F4003F3260DEF8042022EA0802F3
:1027F00018BF42EA080217F4803FCEF80420DEF842
:10280000002022EA080218BF42EA0802CEF800209F
:102810000E680233043536FA04F204F101047FF441
:102820003BAF02B0BDE8F08F00F12803002A18BFCB
:1028300000F118031960704745F25C60C2F20000B5
:102840000068704790F84120202A03D190F840207A
:10285000012A02D10221C8B27047242280F8412007
:102860000268136823F001031360136823F4805394
:102870001360136819431160116841F00101116080
:10288000202180F84110002180F84010C8B2704724
:1028900090F84120202A03D190F84020012A02D14B
:1028A0000221C8B27047242280F8412002681368D0
:1028B00023F001031360136823F4706343EA0121DA
:1028C0001160116841F001011160202180F8411070
:1028D000002180F84010C8B27047000010B50446CF
:1028E000002C04BF012010BD94F8410028B900203D
:1028F00084F84000204600F045F824204FF40443BB
:1029000084F841002068016821F0010101606168DC
:1029100021F070610161816821F400418160D4E996
:102920000212012A08BF4FF40043022A41EA0301C0
:102930008160416821F4006308BF41F40063436093
:1029400004F11003416841F0007141F4004141601D
:10295000C16821F40041C1600ECB114341EA03215B
:10296000C160D4E9071211430160016841F001011F
:10297000016000202021606484F84110206384F805
:10298000420010BDB0B59CB00446002502A85421F9
:102990001B95CDE91955CDE91755FDF783FC206846
:1029A00045F20041C4F20001884201D01CB0B0BD24
:1029B0004020029002A8099500F092FA002818BF62
:1029C000FDF7F8FD41F24C0417A9C4F20204206897
:1029D00040F002002060206800F0020001900198A1
:1029E0004FF440701790122018900020CDE9190084
:1029F00004201B9040F20040C4F60000FFF72EFEBA
:102A0000E06840F40010E060E06800F4001001901D
:102A100001981CB0B0BD000040F2480045F25C6176
:102A2000C2F20000C2F2000100680A6810440860A7
:102A30007047000080B5032000F0D8F80F2000F0A8
:102A400009F800281CBF012080BD00F055F80020C7
:102A500080BD0000B0B586B0044641F25800C4F213
:102A60000200016841F0200101606946006800F041
:102A700020000190019801A800F022FD00F042FD25
:102A80004DF6836540F6A44141F2004240F2E7333F
:102A9000C4F21B35C2F20001C4F20002A0FB05051E
:102AA0004FF0FF3000EB95400025C1E900200846BB
:102AB000C1E902530D6101F005FC0546CDB940F6B0
:102AC000A440C2F2000001F06BFD05468DB937202D
:102AD00000F04AF80F2C0BD83720214600220025A1
:102AE00000F052F840F24C00C2F20000046000E036
:102AF0000125284606B0B0BD80B582B041F258002D
:102B00000022C4F20200816841F001018160816805
:102B100001F0010101910199016841F080510160CA
:102B20000F21006800F08050009000986FF00100C5
:102B300000F02AF802B0BDE8804000F0C7B90000FC
:102B40000028B8BF704700F01F010122400902FAB7
:102B500001F14EF28012CEF2000242F82010BFF3D3
:102B60004F8FBFF36F8F70470028B8BF704700F0DA
:102B70001F010122400902FA01F14EF20012CEF2C9
:102B8000000242F82010704710B500F00F034EF617
:102B90000C5E00F1604CB0F1FF3FA3F10403CEF2F4
:102BA000000E734403F10C04C8BF0CF56444DEF856
:102BB0000000C0F3022000F1040CC31E80F00700E7
:102BC000BCF1070F4FF0010C38BF0023042828BFC9
:102BD00004200CFA00F0013808400CFA03F10F3120
:102BE0009840114008430001207010BD4EF60C5172
:102BF0004FF6FF03CEF200010A681A4060F30A2282
:102C000042F0806040F0FD700860704710B582B0FF
:102C100004463CB194F83A0005281CBF94F83A00E9
:102C2000022802D1012002B010BD41F26000C4F2BE
:102C30000200016841F001010160006800F001003C
:102C40000190019894F83A00002804BF002084F80D
:102C50003900204600F050F8A168E26A41F02000F7
:102C6000602809D1206804F1080C036823F01003E0
:102C70001A430260626809E0206804F10C0C0368E2
:102C800023F010031A43026062680A43036843F6A4
:102C90001161CEF200011940DCF800301A431143F3
:102CA00022691143D4E909231143227D012A08BF77
:102CB00041F480711943D4E90C2341EAC24141EA4D
:102CC00003610160816900290BDB816904F1180C43
:102CD0009CE80C1021F03F011143194341EA0C011B
:102CE000816194F83A00002804BF012084F83A007A
:102CF000002002B010BD000080B586B0002240F276
:102D00000C3141F24C0C0592CDE90322CDE90122B0
:102D1000C4F20101C4F2020C036840F20040C4F6A0
:102D200000008B4221D040F20831C4F201018B42F5
:102D300032D040F20030C4F2010083422AD1DCF8E4
:102D4000000001A940F00100CCF80000DCF8000010
:102D500000F00100009000980A20019003200290EA
:102D6000002003904FF0904029E0DCF8001041F083
:102D70000201CCF80010DCF8001001F00201009113
:102D800000994FF4406101910321CDE9021201A99C
:102D9000FFF764FC06B080BDDCF8001041F00201D2
:102DA000CCF80010DCF8001001F00201009100994D
:102DB00005210191032102910021039101A9FFF74F
:102DC0004DFC06B080BD000000281CBF90F83A10F2
:102DD00005290DD090F83A10012909D101680A6837
:102DE00042F001020A60042180F83A100020704786
:102DF0000120704747F200010028C4F200012FD0E3
:102E00000A68B0F5007F59D1D1F8800040F4807095
:102E1000C1F8800002F4C060B0F5806F52D108683C
:102E2000012262F34A203222086040F20400C2F21A
:102E30000000006850434DF68362C4F21B32A0FBD1
:102E400002026FEA924000BF4A6900281CBF0130AD
:102E500012F48062F8D1486910F4806F32D02AE011
:102E60000868D1F8802000F4C06022F48072B0F5C8
:102E7000806FC1F8802025D10868012262F34A20C2
:102E80003222086040F20400C2F2000000685043A1
:102E90004DF68362C4F21B32A0FB02026FEA92403D
:102EA0004A6900281CBF013012F48062F8D14869D9
:102EB00010F4806F06D00320C0B27047022060F388
:102EC0004A220A600020C0B27047000047F20800A2
:102ED000C4F20000016841F48041016070470000C5
:102EE0002DE9F04182B0044641F28806A078C4F290
:102EF0000206000701D4002061E056F8300C47F2CA
:102F00000007C4F2000710F0805F0ED156F8300CB5
:102F10004FF0010840F0805046F8300C56F8300C65
:102F200000F080500190019801E04FF000083868EF
:102F300040F480703860FFF77FFC0546386810F475
:102F4000807F06D1FFF778FC401B0228F6D90320CA
:102F50002CE0B06810F4407021D0216D88420BD075
:102F6000B068B16841F4803120F44070B160B1685C
:102F700021F48031B160B060C00710D0FFF75CFC75
:102F8000054641F2883700BFB06810F0020F06D145
:102F9000FFF752FC401BB842F6D9032006E0B068A8
:102FA000216D20F440700843B0600020B8F1010F9B
:102FB00002BF56F8301C21F0805146F8301C2168C1
:102FC00011F0010F3ED18A0744D44A074AD40A07B8
:102FD00050D4CA0656D48A065CD44A0662D40A067D
:102FE00068D4CA056ED48A0375D48A057CD44A0590
:102FF00000F183800A0500F19380CA0400F1A380E8
:103000008A0400F1B3804A0400F1C3800A0400F18D
:10301000D380CA0300F1E38049030FD57169E26CE4
:1030200021F44011B2F5001F41EA0201716102BFB3
:1030300056F87C1C41F4801146F87C1CC0B202B0EA
:10304000BDE8F0813268636822F003021A433260FF
:103050008A07BAD53268A36822F00C021A4332609C
:103060004A07B4D53268E36822F030021A4332606E
:103070000A07AED53268236922F0C0021A433260D3
:10308000CA06A8D53268636922F440721A433260D6
:103090008A06A2D53268A36922F440621A433260DC
:1030A0004A069CD53268E36922F440521A433260E2
:1030B0000A0696D53268236A22F440421A433260E7
:1030C000CA0590D53268636A22F440321A433260EE
:1030D0008A037FF58AAF7269A36A22F003021A435A
:1030E00072618A057FF583AF3268E36A22F4402279
:1030F0001A4332604A057FF57DAF3268236B22F4B4
:103100004012B3F5801F42EA0302326002BF56F854
:103110007C2C42F4801246F87C2C0A057FF56DAFBA
:103120003268636B22F44002B3F5800F42EA030277
:10313000326002BF56F87C2C42F4801246F87C2C98
:10314000CA047FF55DAF3268A36B22F04072B3F121
:10315000807F42EA0302326002BF56F87C2C42F4C0
:10316000801246F87C2C8A047FF54DAF3268E36B01
:1031700022F04062B3F1006F42EA0302326002BF04
:1031800056F87C2C42F4801246F87C2C4A047FF5D9
:103190003DAF3268236C22F04062B3F1006F42EA27
:1031A0000302326002BF56F87C2C42F4801246F8CB
:1031B0007C2C0A047FF52DAF3268636C22F04052FC
:1031C000B3F1805F42EA0302326002BF56F87C2C02
:1031D00042F4803246F87C2CCA037FF51DAF32687A
:1031E000A36C22F04042B3F1804F42EA0302326006
:1031F00002BF56F87C2C42F4803246F87C2C4903FE
:103200007FF51CAF0AE700002DE9F04704460D46A4
:10321000002C62D041F2080AC4F2020ADAF8F80F70
:1032200000F00F00A8420CD2DAF8F80F20F00F00DF
:103230002843CAF8F80FDAF8F80F00F00F00A84298
:103240004BD1216842F20048C0F2F40811F0010F9E
:103250000DD14FF00009880700F19A80B9F1800F75
:1032600040F0AF80DAF8000020F0F000A7E06068DE
:103270004BF2004CC0F2C44C032828D15AF8083C49
:1032800013F0007F29D0DAF804300222DAF8043093
:10329000DAF80470DAF80460C6F34166C3F3031386
:1032A000C7F30627013302EB4602B8FBF3F37B4377
:1032B000B3FBF2F262454BD9DAF8002012F0F00FBE
:1032C0003CD0890744D5A168002941D136E05AF89D
:1032D000081C022805D1890305D40120C0B2BDE82D
:1032E000F0874905F9D5DAF8001001F00C0104293E
:1032F0002ED0DAF8001001F00C01082928D0DAF8F5
:10330000001001F00C010C2922D1DAF80410022778
:10331000DAF80410DAF80420DAF80430C3F3416371
:10332000C1F30311C2F30622013107EB4303B8FBDB
:10333000F1F15143B1FBF3F1614509D9DAF800101D
:1033400008224FF0800962F30711CAF8001001E06B
:103350004FF00009DAF8001021F003010843CAF821
:103360000000FFF769FA064641F28837DAF80000F4
:10337000616800F00C00B0EB810F05D0FFF75CFA3C
:10338000801BB842F2D93AE0216888077FF566AF22
:10339000480742BFDAF8000040F4E060CAF80000D5
:1033A000080741BFDAF80000072262F30D20CAF8CF
:1033B0000000DAF80000A26820F0F0001043CAF81C
:1033C0000000DAF8F80F00F00F00A8421CD9DAF874
:1033D000F80F20F00F002843CAF8F80FFFF72CFA77
:1033E000064641F2883700BFDAF8F80F00F00F0008
:1033F000A84208D0FFF720FA801BB842F4D9032076
:10340000C0B2BDE8F0872168480707D5DAF80000A8
:10341000E26820F4E0601043CAF80000080708D50D
:10342000DAF80000216920F4605040EAC100CAF8CF
:103430000000DAF8000000F00C00042825D0DAF8CB
:10344000000000F00C0008281FD0DAF8000000F09F
:103450000C000C2817D1DAF804000223DAF8040073
:10346000DAF80410DAF80420C2F34162C0F3031062
:10347000C1F30621013003EB4202B8FBF0F04843F0
:10348000B0FBF2F801E04FF00008DAF800004DF26E
:10349000B861C0F60001C0F30310085C40F20401FB
:1034A000C2F2000100F01F0028FA00F0086040F2AC
:1034B0004C00C2F200000068BDE8F047FFF7CABA4E
:1034C0000F22026041F20802C4F20202136803F004
:1034D00003034360136803F0F0038360136803F48D
:1034E000E063C3604FF4E063126803EAD202026152
:1034F00042F20000C4F20200006800F00F00086011
:103500007047000040F2040041F208014DF2C86229
:10351000C2F20000C4F20201C0F6000200680968AD
:10352000C1F30221515C01F01F01C8407047000047
:1035300040F2040041F208014DF2C862C2F20000FC
:10354000C4F20201C0F6000200680968C1F3C2219A
:10355000515C01F01F01C8407047000041F20C01AE
:10356000C4F2020151F8040C00F00C0242F20040D7
:10357000C0F2F400042A08BF704751F8042C02F08E
:103580000C02082A1BD051F8042C02F00C020C2A61
:103590001CBF002070470A6802230A68D1F800C0E7
:1035A0000968C1F34161C2F30312013203EB410127
:1035B000B0FBF2F0CCF306225043B0FBF1F07047C1
:1035C0002DE9F04381B004465CB3207841F2000954
:1035D00041F20C07C4F20209C4F20207C00725D168
:1035E000207880075AD42078000740F1C3806169B1
:1035F000D7F88800002900F0AA8040F00100C7F841
:103600008800FFF719F90546D7F8880010F0020F77
:1036100040F0B080FFF710F9401B0228F4D90320D6
:1036200000E00120C0B201B0BDE8F08357F8040CFF
:1036300000F00C01386808295FD000F003000C3955
:103640000338B1FA81F1B0FA80F049094009084025
:10365000012852D06668B6F5803F09D0D9F800003D
:10366000B6F5A02F40F0FB8040F48020C9F80000A0
:10367000D9F8000040F48030C9F80000FFF7DCF80A
:10368000054600BFD9F8000010F4003FA8D1FFF7AD
:10369000D3F8401B6428F5D90320C3E757F8040C7E
:1036A00000F00C013868042933D000F003000C3915
:1036B0000238B1FA81F1B0FA80F0490940090840B6
:1036C000012826D0E168D9F80000002900F0A88080
:1036D00040F48070C9F80000FFF7AEF8054600BF5F
:1036E000D9F8000010F4806F40F0AF80FFF7A4F825
:1036F000401B0228F4D9032094E7D9F8000010F405
:10370000003F3FF46DAF606800287FF469AF01208F
:1037100088E7D9F8000010F4806F03D0E068002833
:1037200000F0408157F8080C216920F0FE4040EA83
:10373000016047F8080C40F24C00C2F2000000683B
:10374000FFF788F900283FF44EAF01206AE720F028
:103750000100C7F88800FFF76FF80546D7F8880022
:1037600010F0020F06D0FFF767F8401B0228F5D9CA
:10377000032057E72078400740F1B380F86C10F041
:10378000805F0BD1F86C4FF0010840F08050F86476
:10379000F86C00F080500090009801E04FF00008B5
:1037A00046F20006CFF6FE7659F8060010F4807F48
:1037B00014D159F8060040F4807049F80600FFF76C
:1037C0003BF8054659F8060010F4807F06D1FFF754
:1037D00033F8401B0228F5D9032023E7A668012E01
:1037E00007D0D7F88400052E57D140F00400C7F861
:1037F0008400D7F8840040F00100C7F88400FFF788
:103800001BF8054641F28836D7F8840010F0020F05
:1038100060D1FFF711F8401BB042F5D9032001E752
:1038200020F48070C9F80000FFF706F8054600BFD5
:10383000D9F8000010F4806F3FF4D5AEFEF7FCFF1E
:10384000411B03200229F3D9ECE657F8080C216943
:1038500020F0FE4040EA016047F8080CC3E620F47F
:103860008030C9F80000D9F8000020F48020C9F8A1
:103870000000FEF7E1FF0546002E7FF403AF00BF16
:10388000D9F8000010F4003F3FF4AAAEFEF7D4FFD1
:10389000411B03206429F3D9C4E620F00100C7F8D6
:1038A0008400D7F8840020F00400C7F88400FEF7F5
:1038B000C3FF0546002EA5D141F28836D7F8840013
:1038C00010F0020F06D0FEF7B7FF411B0320B142F4
:1038D000F4D9A7E6B8F1010F02BFF86C20F08050D0
:1038E000F864207880062BD5A169D7F88C0099B1AF
:1038F00040F00100C7F88C00FEF79EFF054600BFB0
:10390000D7F88C0010F0020F1AD1FEF795FF411B7B
:1039100003200229F4D985E620F00100C7F88C00C5
:10392000FEF78AFF054600BFD7F88C0010F0020FA3
:1039300006D0FEF781FF411B03200229F4D971E66E
:10394000E669002E00F0A98057F8040C00F00C0086
:103950000C2803D1012E27D1012063E6D9F80000FD
:1039600020F08070C9F80000FEF766FF0546022EC1
:103970000CD100BFD9F8000010F0007F48D0FEF74E
:103980005BFF411B03200229F4D94BE6D9F8000064
:1039900010F0007F7AD0FEF74FFF411B0320022971
:1039A000F4D93FE601203DE63868216A00F00302C1
:1039B0008A4274D1616A6FF00F0202EB011100F0CC
:1039C000F0028A426DD1A16A00F4FE42B2EB012FEF
:1039D00069D1E16A00F07842B2EBC16F65D1216B29
:1039E0000022CFF6E07202EA015100F4C002A1F514
:1039F00000118A425BD1616B4FF07E4200F0C060E3
:103A000002EA016101F17E41884246D0012009E6C7
:103A100004F1200638686FF00F054ECE05EB021258
:103A200048F20C05C0F29F1528400843216B104353
:103A30000022CFF6E07240EA032002EA01514FF083
:103A40007E42A1F500110843616B40EAC66002EABC
:103A5000016101F17E4108433860D9F8000040F06F
:103A60008070C9F80000386840F080703860FEF758
:103A7000E3FE0446D9F8000010F0007F0DD1FEF7F8
:103A8000DBFE011B03200229F4D9CBE538684FF691
:103A9000FC71CFF6EE61084038600020C2E50120DD
:103AA000C0E50120BEE50120BCE50120BAE501200A
:103AB000B8E50000B0B50446002C04BF0120B0BD3D
:103AC000606A20B10020206104F1140005E0606804
:103AD000B0F5827F03D004F11C00002101600020BA
:103AE000A06294F85D1021B984F85C00204600F0D3
:103AF00053F802204FF4805E84F85D00206801686E
:103B000021F040010160D4F80CC0BCF5E06F4CF42A
:103B1000006388BF4FF0000EB3F5706F1CBF002329
:103B2000A362D4E90131D4E9042503F4827301F4DA
:103B3000044102F002021943114305F0010211434E
:103B4000A26902F400731943E36903F038031943CF
:103B5000236A03F080031943A36A03F40053194353
:103B60000160042101EA1241626A636B02F01002F3
:103B700042EA0E02114303F0080211430CF4706292
:103B800011434160C16921F40061C161002001213C
:103B9000206684F85D10B0BD2DE9F04786B000279F
:103BA000044643F6004240F21C0841F24C000597DF
:103BB000CDE90377CDE90177C4F20002C4F202082F
:103BC000C4F202002168914255D043F20002C4F2CF
:103BD0000102914240F0A5804169002741F48051E3
:103BE0004161416901F4805100910099016841F0FF
:103BF0000101016001A9006800F001000090009837
:103C0000E0200190022002900320039704900520F9
:103C100005904FF09040FEF721FD40F204750A2018
:103C200080264FF480794FF4806AC2F20005C5E91E
:103C3000008005F11000C5E9027780E840062846BB
:103C4000C5E90777FEF734F8002818BFFCF7B2FC87
:103C5000A565AC6240F2647508F114000B211022D6
:103C6000C2F2000585E8870005F1100080E84006F3
:103C7000C5E907774AE0C16841F40041C160C16805
:103C800001F4004100910099016841F002010160D6
:103C900001A9006800F0020000900098382001900F
:103CA0000220CDE9020706200497059040F200406B
:103CB000C4F60000FEF7D2FC40F2C47508F15000D3
:103CC0000E2180264FF480794FF4806AC2F20005FD
:103CD00085E883002846C5E90376C5E9059AC5E964
:103CE0000777FDF7E5FF002818BFFCF763FCA56523
:103CF000AC6240F6240508F164000F211022002375
:103D0000C2F2000585E84F06C5E907332846FDF7EE
:103D1000CFFF002805F1280618BFFCF74BFC6565AE
:103D2000346006B0BDE8F0872DE9F04381B01E464F
:103D300015460F460446FEF77FFD94F85D10814658
:103D400001290BD06068B0F5827F16D104294FF0AD
:103D5000020004BFA168002940F03E810120002F2D
:103D600000F03A81002D18BF002E00F0358194F844
:103D70005C00012803D102202EE102202CE1012069
:103D8000DDF8208084F85C0094F85D0004281CBFF6
:103D9000052084F85D00002020662564A4F84660B4
:103DA000A4F84460A763E687A687C4E913002068E7
:103DB000E1684268B1F5E06F22F480552B4698BF68
:103DC00042F48053012E88BF2B464360026812F0F4
:103DD000400F02BF026842F040020260B1F5E06F9E
:103DE0006368A6F10102B2FA82F24FEA5212B3FA04
:103DF00083F34FEA531342EA030247D9012A06D15B
:103E000037F8021BC160A763E08F0138E087012605
:103E100008F10105E08F20B9B4F84600002800F051
:103E2000BB802068816811F0020F0CD0E18F012E59
:103E300009D141B1A16B002631F8022BC260A16308
:103E4000E18F0139E187816811F0010F1CBFB4F8DF
:103E5000461000290AD0C068216C012621F8020B07
:103E60002164B4F846000138A4F84600FEF7E4FCEB
:103E7000002DCFD0A0EB09004045CBD3012084F822
:103E80005D00002084F85C000320A5E0012A13D126
:103E9000E18F022908D337F8021BC160A7634FF6F0
:103EA000FE71E08F084406E039780173A06B0130A1
:103EB000A063E08F0138E087012708F101054FF684
:103EC000FE7600BFE08F18B9B4F84600002863D032
:103ED0002068816811F0020F18D0E18F012F15D1F1
:103EE000A1B1E28FA16B022A06D331F8022BC26086
:103EF000A163E18F314407E009780173A06B0130C1
:103F0000A063E18F206801390027E187816811F003
:103F1000010F1CBFB4F84610002922D0B4F8461097
:103F2000022912D3C168226C22F8021B2264B4F861
:103F300046103144A4F84610B4F8461001299EBF3B
:103F4000416841F4805141600AE0007B216C0870B7
:103F5000206C01302064B4F846000138A4F8460013
:103F60000127FEF769FCA0EB0900294640454FF008
:103F7000000028BF0120002D18BF0121B8F1000F5B
:103F80001CBF084001289DD1012084F85D0000205D
:103F900084F85C0003201FE020464FF4C0514246E5
:103FA0004B4602F047FD68B9204641464A4602F0BA
:103FB000B9FD38B920464FF4C06142464B4602F085
:103FC00039FD68B1206E40F0200020662020206678
:103FD000002084F85C000120C0B201B0BDE8F0838D
:103FE000012084F85D00002084F85C00206E002829
:103FF00018BF0120F0E70000704700007047000084
:104000007047000090F83C20012A02BF0221C8B28C
:104010007047B0B5012248F2FF7480F83C20CEF61C
:10402000F074D1E900C3D1E902E203EA040522F405
:104030007C522EF470531A4304F500632A4303EABA
:104040000C0304F5C0551A430B692B4004F5F045E9
:104050001A434B691A4304F560531A400B6B2B400B
:1040600000251A43CB69CEF6FF751A438B6905EA22
:10407000034342F6004513430268C4F20105AA4215
:104080001EBF45F20005C4F20105AA4205D043F265
:104090000045C4F20105AA4216D14FF6FF75CDF6D0
:1040A0000F452B40D1E9085CD1E90A4E0021CDF63D
:1040B000F04101EA0451194325F0085319432CF04B
:1040C0000053194341EA0E030021536480F83C1069
:1040D000BDE8B040C8B270477047000070470000AC
:1040E0007047000090F83C300222012B6AD010B5D6
:1040F000012342F6004E80F83C3080F83D20C4F2A7
:10410000010E02685368D2F808C072451EBF45F21E
:104110000004C4F20104A24205D043F20044C4F2F8
:104120000104A24203D14C6823F4700323434FF6E9
:104130008F74CFF6FF5423400C682343536042F63C
:10414000FF33C4F201039A420BDC40F2FF73C4F266
:1041500000039A4210DCB2F1804F26D040F20043B7
:1041600012E043F6FF73C4F201039A4211DC724578
:104170001BD043F2004314E040F60003C4F20003F6
:104180009A4212D040F60043C4F200039A420CD087
:1041900010E045F20003C4F201039A4205D044F254
:1041A0000003C4F201039A4204D189682CF0800311
:1041B000194391600121002280F83D1080F83C20D5
:1041C000BDE81040D0B2704739B10322082908BFBA
:1041D0000222042908BF012200E00022024492F8D2
:1041E0004420012A1CBF01207047022241B1082946
:1041F00009D0042914BF80F8472080F8452004E046
:1042000080F8442001E080F8462001F00F010422EC
:104210008A400168086A90430862086A104308628D
:10422000486C40F40040486442F6FF30C4F201009C
:1042300081420BDC40F2FF70C4F20000814214DCCA
:10424000B1F1804F2AD040F2004016E043F6FF70F3
:10425000C4F20100814215DC42F60040C4F20100C4
:1042600081421BD043F2004014E040F60000C4F24B
:104270000000814212D040F60040C4F200008142AA
:104280000CD016E045F20000C4F20100814205D0D6
:1042900044F20000C4F2010081420AD1886807227A
:1042A000C0F2010202400020062A18BFB2F5803F8A
:1042B00004D0086840F0010008600020704700004A
:1042C0007047000010B50446002C04BF012010BD4B
:1042D00094F83D0028B9002084F83C00204600F006
:1042E000BFF8022040F6FF3284F83D00C4F200021D
:1042F0002068016890420EDD43F2FF32C4F20102F1
:10430000904218DC40F60042C4F2000290421ED0F7
:1043100042F6004217E0B0F1804F1EBF40F200426B
:10432000C4F20002904212D040F60002C4F2000231
:1043300090420CD00FE045F20002C4F2010290421C
:1043400005D043F20042C4F20102904203D1A268B8
:1043500021F07001114343F2FF32C4F20102904296
:1043600014DC40F2FF72C4F20002904223DD40F6FA
:104370000002C4F2000290421EBF40F60042C4F2A6
:10438000000290422DD042F6004226E044F2FF3275
:10439000C4F20102904218DD44F20042C4F201026C
:1043A00090421EBF45F20002C4F20102904218D0B2
:1043B00044F6000211E0B0F1804F12D040F200420A
:1043C000C4F2000290420CD00FE043F20042C4F26B
:1043D0000102904205D044F20002C4F20102904270
:1043E00003D1226921F440711143E268A36921F0ED
:1043F0008001C262194362688262A0F18042A2F524
:1044000096324FEAB222092A08D8012303FA02F2AF
:1044100040F2E5231A421CBF62690263026842F05F
:1044200004020260012242610160002084F84820F9
:1044300084F83E2084F83F2084F8402084F841200E
:1044400084F8422084F8432084F8442084F84520EE
:1044500084F8462084F8472084F83D2010BD0000F1
:1044600080B582B0016843F2004241F26000C4F2BC
:104470000102C4F2020091421FD042F60042C4F28F
:10448000010291421CBF02B080BD0168002241F4CC
:10449000006101600121006800F400600190019852
:1044A0001820FEF771FB1820FEF75EFB1920012192
:1044B0000022FEF769FB192016E00168002241F492
:1044C000005101600121006800F400500090009844
:1044D0002B20FEF759FB2B20FEF746FB2C20012159
:1044E0000022FEF751FB2C2002B0BDE88040FEF711
:1044F0003BBB000090F83D1001291CBF0120704714
:10450000022180F83D10016842F6FF30C4F201003C
:1045100081420BDC40F2FF70C4F20000814214DCE7
:10452000B1F1804F2AD040F2004016E043F6FF7010
:10453000C4F20100814215DC42F60040C4F20100E1
:1045400081421BD043F2004014E040F60000C4F268
:104550000000814212D040F60040C4F200008142C7
:104560000CD016E045F20000C4F20100814205D0F3
:1045700044F20000C4F2010081420AD18868072297
:10458000C0F2010202400020062A18BFB2F5803FA7
:1045900004D0086840F00100086000207047000067
:1045A00090F83D1001291CBF01207047022180F8BE
:1045B0003D100168C86840F00100C86042F6FF3055
:1045C000C4F2010081420BDC40F2FF70C4F2000033
:1045D000814214DCB1F1804F2AD040F2004016E055
:1045E00043F6FF70C4F20100814215DC42F6004040
:1045F000C4F2010081421BD043F2004014E040F6B7
:104600000000C4F20000814212D040F60040C4F223
:10461000000081420CD016E045F20000C4F2010017
:10462000814205D044F20000C4F2010081420AD167
:1046300088680722C0F2010202400020062A18BF43
:10464000B2F5803F04D0086840F001000860002007
:1046500070470000016841F21113C0F211030A6AA9
:104660001A4208D10A6A44F244431A4202BF0A6855
:1046700022F001020A60012180F83D1000207047FD
:1046800090F83C300222012B00F0A180B0B501234C
:1046900088244FF6887C80F83C3080F83D20CFF6A7
:1046A000CE74CFF6CF7C02689368234093600B688A
:1046B000B3F5005F0DDA3F2B21DD5F2B31DD602B81
:1046C00000F08780702B00F0B380B3F5805F75D069
:1046D000F5E02F24C0F21004A34217DD4F21C0F2F1
:1046E00010018B4250DD5021C0F210018B421EBFE1
:1046F0006021C0F210018B4259D0702152E01F2B73
:1047000049DC002B53D0102B51D0D8E0B3F1101F4F
:1047100046DAB3F5005F00F09A80B3F5801F46D00B
:10472000CDE04DF20044402BCBF6FE7400F09E80AD
:10473000502B40F0C480D1F804E0CB68116A156AB0
:1047400014444FEAB424092C25F0010515620AD857
:10475000012505FA04F440F2E5252C421EBF146A37
:1047600024F004041462946921F00A0141EA0E0164
:1047700024F0F00444EA031393611162916801EAA2
:104780000C0141F0570118E03021C0F210018B42BA
:104790000DD0402106E0202B18BF302B07D08EE033
:1047A00005D02021C0F210018B4240F08880916832
:1047B00001EA0C01194341F0070191600022012137
:1047C00080F83D10002180F83C10BDE8B040D0B228
:1047D0007047D1F804E0CB68116A146A24F0100421
:1047E000146242F60044C4F20104A2421EBF45F224
:1047F0000004C4F20104A24205D043F20044C4F212
:104800000104A24203D1146A24F0400414629469A2
:1048100021F0A00141EA0E1124F4704444EA03336C
:1048200093611162916801EA0C0141F06701C4E7EC
:10483000D1E90134C968234343EA0121936823F491
:104840007F4319439160916841F07701B5E7D1E961
:104850000134C968234343EA0121936823F47F4369
:1048600019439160916841F48041A6E7D1F804E0D2
:10487000CB68116A156A14444FEAB424092C25F058
:10488000010515620AD8012505FA04F440F2E52570
:104890002C421EBF146A24F004041462946921F0AF
:1048A0000A0141EA0E0124F0F00444EA0313936183
:1048B0001162916801EA0C0141F047017DE7012294
:1048C0007DE7000070470000F0B581B00446206825
:1048D000C768066907EA0605A90714D56FF0020143
:1048E000016101212177806910F0030F03D0204678
:1048F000FFF7E8FF05E0204600F01EF9204600F033
:10490000C3FC00202077680715D520686FF00401EC
:10491000016102212177806910F4407F03D0204695
:10492000FFF7D0FF05E0204600F006F9204600F032
:10493000ABFC00202077280715D520686FF0080110
:10494000016104212177C06910F0030F03D02046D4
:10495000FFF7B8FF05E0204600F0EEF8204600F033
:1049600093FC00202077E80615D520686FF0100131
:10497000016108212177C06910F4407F03D02046EF
:10498000FFF7A0FF05E0204600F0D6F8204600F033
:104990007BFC00202077E80706D020686FF001013B
:1049A0000161204600F098FD17F0800718BF16F44B
:1049B000025006D020686FF4025101612046FFF7D3
:1049C0001DFB002F18BF16F4807006D020686FF40E
:1049D000807101612046FFF70FFB680606D520684D
:1049E0006FF040010161204600F080FDA80606D569
:1049F00020686FF0200101612046FFF701FBE8020B
:104A000006D520686FF4801101612046FFF766FB30
:104A1000A80206D520686FF4001101612046FFF757
:104A20005BFB680206D520686FF4800101612046B7
:104A3000FFF756FB28025CBF01B0F0BD20686FF4A1
:104A400000010161204601B0BDE8F040FFF738BC2D
:104A50002DE9F04186B0002143F2004340F20044CA
:104A60000591CDE90311CDE90111C4F20103C4F6AA
:104A70000004026841F24C00C4F202009A4241D0A4
:104A800042F60041C4F201018A4252D1016801ADEF
:104A9000022600274FF0060841F00201016001687C
:104AA00001F0020100910099016841F001010160EB
:104AB0002946006800F00100009000984FF4C040C3
:104AC000019020460296CDE90377CDF81480FDF7DA
:104AD000C5FD4FF4004001A9C1C104200497294637
:104AE00005902046FDF7BAFD4FF4E06001A9C1C171
:104AF0004FF090402946CDE90478FDF7AFFD06B0B0
:104B0000BDE8F081026842F004020260006800F033
:104B10000400009000984FF4EE5001900220CDE97F
:104B200002010420049101A9059004F58060FDF7BD
:104B300095FD06B0BDE8F08170470000B0B50446B1
:104B40000D46002C04BF0120B0BD94F83D0028B9EB
:104B5000002084F83C00204600F0BAF8022040F61D
:104B6000FF3284F83D00C4F20002206801689042E0
:104B70000EDD43F2FF32C4F20102904218DC40F62F
:104B80000042C4F2000290421ED042F6004217E0FA
:104B9000B0F1804F1EBF40F20042C4F200029042CA
:104BA00012D040F60002C4F2000290420CD00FE096
:104BB00045F20002C4F20102904205D043F20042E5
:104BC000C4F20102904203D1A26821F070011143A6
:104BD00043F2FF32C4F20102904214DC40F2FF7251
:104BE000C4F20002904223DD40F60002C4F200024B
:104BF00090421EBF40F60042C4F2000290422DD007
:104C000042F6004226E044F2FF32C4F20102904232
:104C100018DD44F20042C4F2010290421EBF45F288
:104C20000002C4F20102904218D044F6000211E0E2
:104C3000B0F1804F12D040F20042C4F20002904224
:104C40000CD00FE043F20042C4F20102904205D0C2
:104C500044F20002C4F20102904203D1226921F41D
:104C600040711143E268A36921F08001C2621943D7
:104C700062688262A0F18042A2F596324FEAB222C7
:104C8000092A08D8012303FA02F240F2E5231A4266
:104C90001CBF62690263026842F0040202600122E2
:104CA00042610160016821F0080101600168294347
:104CB0000160002084F8482084F83E2084F83F20DA
:104CC00084F8442084F8452084F83D20B0BD0000DD
:104CD000006844F20001C4F20101884218BF704725
:104CE00080B582B041F260000022C4F20200016887
:104CF00041F4803101600121006800F480300190AE
:104D000001981820FDF740FF182002B0BDE8804050
:104D1000FDF72ABF90F83C30012B02BF0223D8B226
:104D200070474FEAB2020123052A80F83C3000F2B6
:104D3000D6812DE9F0474DF2004C48F6FF4A4FF678
:104D40008C79CBF6FE7CCFF6FF6ACFF6FE79DFE8F2
:104D500012F006005100A600FB004F018701026817
:104D6000D2F82080136A23F0010328F002061362B0
:104D70001346D2F804E053F8185F0F688C6805EA10
:104D80000905344345EA070802EB0C074FEAB7264A
:104D9000092E0FD8012740F2E525B7402F421FBF4B
:104DA000176A27F004071762CF681CBF24F00805B4
:104DB00047EA0504092E0CD80127B74040F2E52642
:104DC00037421FBFD1E905762EF440752F4347EADD
:104DD000060EC2F804E0C2F818804F6857631462E8
:104DE000976947F008079761976927F0040797616B
:104DF00009696EE10268D2F82080136A23F010037B
:104E000028F0200513621346D2F804E053F8186F17
:104E10008C680F6845EA041406EA0A0542F6004663
:104E2000C4F2010645EA0728B2421EBF45F2000659
:104E3000C4F20106B24205D043F20046C4F20106B4
:104E4000B24208D1166A24F0800426F040061662A9
:104E5000CE6844EA061402EB0C074FEAB726092E87
:104E60000DD80127B74040F2E52637421FBFD1E9F0
:104E700005762EF4406545EA870747EA860EC2F8B4
:104E800004E0C2F818804F6897631462976947F48A
:104E900000679761976927F48067976117E1026857
:104EA000146A136A23F4807324F4007413621346A3
:104EB000D2F804E053F81C5F0E688F6805EA090514
:104EC00044EA072445EA060842F60046C4F2010611
:104ED000B2421EBF45F20006C4F20106B24205D03E
:104EE00043F20046C4F20106B24208D1166A24F425
:104EF000006426F480661662CE6844EA062402EB5B
:104F00000C074FEAB726092E0DD80127B74040F20B
:104F1000E52637421FBFD1E905762EF4405545EA14
:104F2000071747EA061EC2F804E0C2F81C804F6863
:104F3000D7631462D76947F00807D761D76927F0AC
:104F40000407D7610969C4E00268146A136A23F48C
:104F5000805324F4005413621346D2F804E053F84B
:104F60001C5F0E688F6805EA0A0544EA073445EAC3
:104F7000062842F60046C4F20106B2421EBF45F2C0
:104F80000006C4F20106B24205D043F20046C4F264
:104F90000106B24208D1166A24F4004426F4804681
:104FA0001662CE6844EA063402EB0C074FEAB726D5
:104FB000092E0DD80127B74040F2E52637421FBF22
:104FC000D1E905762EF4404545EA871747EA861E63
:104FD000C2F804E0C2F81C804F6817641462D769F5
:104FE00047F40067D761D76927F48067D7616EE01F
:104FF0000268D2F820E0136A23F480332EF40035DF
:1050000013621346D2F8048053F8504F8F680E682D
:1050100045EA074E09F1030502EB0C072C40264335
:105020004FEAB724092C0AD8012740F2E525A7400A
:105030002F421EBF4F6928F4803545EA0728C2F881
:10504000048016654F689764C2F820E0176D47F03A
:1050500008071765176D27F004071765096938E019
:105060000268D2F820E0136A23F480132EF40016AD
:1050700013621346D2F8048053F8504F8F680D68BE
:1050800046EA075E0AF5407602EB0C07344044EA34
:1050900005254FEAB724092C0AD8012740F2E52656
:1050A000A74037421EBF4F6928F4802646EA87286A
:1050B000C2F8048015654F68D764C2F820E0176D08
:1050C00047F400671765176D27F48067176509694E
:1050D00009021A68114319600023BDE8F047002156
:1050E00080F83C10D8B2704710B50446002C04BFBD
:1050F000012010BD94F83D0028B9002084F83C0040
:10510000204600F0BFF8022040F6FF3284F83D0050
:10511000C4F200022068016890420EDD43F2FF32C3
:10512000C4F20102904218DC40F60042C4F20002D0
:1051300090421ED042F6004217E0B0F1804F1EBFF1
:1051400040F20042C4F20002904212D040F6000247
:10515000C4F2000290420CD00FE045F20002C4F20B
:105160000102904205D043F20042C4F20102904293
:1051700003D1A26821F07001114343F2FF32C4F25F
:105180000102904214DC40F2FF72C4F2000290422D
:1051900023DD40F60002C4F2000290421EBF40F63A
:1051A0000042C4F2000290422DD042F6004226E0B6
:1051B00044F2FF32C4F20102904218DD44F2004290
:1051C000C4F2010290421EBF45F20002C4F2010285
:1051D000904218D044F6000211E0B0F1804F12D096
:1051E00040F20042C4F2000290420CD00FE043F2C1
:1051F0000042C4F20102904205D044F20002C4F21F
:105200000102904203D1226921F440711143E26806
:10521000A36921F08001C262194362688262A0F131
:105220008042A2F596324FEAB222092A08D8012319
:1052300003FA02F240F2E5231A421CBF62690263DC
:10524000026842F004020260012242610160002013
:1052500084F8482084F83E2084F83F2084F84020D9
:1052600084F8412084F8422084F8432084F84420C4
:1052700084F8452084F8462084F8472084F83D20AF
:1052800010BD0000704700007047000071B180B58C
:105290000B1F4FF0010C05224FEAB30EBEF1040FB5
:1052A00038BF0CEBB302BDE8804000E000220244AE
:1052B00092F83E20012A1CBF0120704761B10A1FED
:1052C0004FEAB202032A0BD8DFE802F0020E1216F0
:1052D000022280F83F2012E0022280F83E200EE0F9
:1052E000022280F843200AE0022280F8402006E0F3
:1052F000022280F8412002E0022280F8422001F0E0
:105300001F01012202FA01F30168086A984308624A
:10531000086A18430862A1F18040A0F596304FEA70
:10532000B020072853D802FA00F010F0E50F4ED055
:10533000486C40F40040486442F6FF30C4F201007B
:1053400081420BDC40F2FF70C4F20000814214DCA9
:10535000B1F1804F2AD040F2004016E043F6FF70D2
:10536000C4F20100814215DC42F60040C4F20100A3
:1053700081421BD043F2004014E040F60000C4F22A
:105380000000814212D040F60040C4F20000814289
:105390000CD016E045F20000C4F20100814205D0B5
:1053A00044F20000C4F2010081420AD18868072259
:1053B000C0F2010202400020062A18BFB2F5803F69
:1053C00004D0086840F0010008600020704742F6F1
:1053D000FF30C4F201008142B4DD43F6FF70C4F235
:1053E00001008142C0DD44F20000C4F201008142AC
:1053F000DCD045F20000C4F20100814298D0E0E721
:1054000080B501F01F024FF0010E0EFA02FC026897
:10541000136A23EA0C0341F2111C1362C0F2110C4F
:10542000136A1362A2F18043A3F596334FEAB323C4
:10543000072B14D80EFA03F313F0E50F0FD0136AFD
:1054400013EA0C0F11D1D2F820E044F244431EEAD3
:10545000030F02BF536C23F40043536405E045F28D
:105460000003C4F201039A42E9D0136A13EA0C0F55
:105470000AD1D2F820C044F244431CEA030F02BF11
:10548000136823F0010313604FEAB101042909D81E
:10549000DFE801F0030D12171C00012180F83E1017
:1054A000002080BD012180F84310002080BD012133
:1054B00080F83F10002080BD012180F840100020BE
:1054C00080BD012180F84110002080BD012180F8BD
:1054D0004210002080BD0000006841F20041C4F28B
:1054E0000001884208BFFDF797BA70477047000077
:1054F00090F88410012902BF0221C8B2704724210C
:10550000C0F8881002681368116821F0010123F0C7
:10551000005311600021416613602022C0F88820EA
:1055200080F88410C8B270477047000070470000D0
:1055300090F88420012A02BF0221C8B27047B0B59A
:105540004FF0010E242280F884E0C0F88820026821
:10555000D2F800C0136823F001031360936823F0AE
:10556000606319439160416EC9B191684DF2B87E94
:105570004DF2B075C0F6000EC0F60005C1F34261F1
:105580001EF80130695CC900B1FBF3F193685B0F51
:105590001EF80340EB5CDB00B3FBF4FE00E00121EE
:1055A000A0F86AE0A0F868102021C2F800C0C0F896
:1055B0008810002180F88410BDE8B040C8B2704760
:1055C00090F88420012A02BF0221C8B27047B0B50A
:1055D0004FF0010E242280F884E0C0F88820026891
:1055E000D2F800C0136823F001031360936823F01E
:1055F000604319439160416EC9B191684DF2B87E24
:105600004DF2B075C0F6000EC0F60005C1F3426160
:105610001EF80130695CC900B1FBF3F193685B0FC0
:105620001EF80340EB5CDB00B3FBF4FE00E001215D
:10563000A0F86AE0A0F868102021C2F800C0C0F805
:105640008810002180F88410BDE8B040C8B27047CF
:105650007047000070470000704700002DE9F041DE
:10566000044640F62F012068C26902EA010701687A
:105670008368202F0DD101F0200703F080563743B7
:1056800007D0616F002900F0AC812046BDE8F041F1
:10569000084740F60F074FF6FE781740CEF6FF7822
:1056A00052D040F220160125C0F20046C1F200059A
:1056B0000E401D402E4347D0D6070BD011F4807604
:1056C0001FBF01260662D4F8906046F0010618BF9D
:1056D000C4F8906003F0010697070AD5002E1FBF9B
:1056E00002270762D4F8907047F0040718BFC4F887
:1056F000907057070AD5002E1FBF04270762D4F801
:10570000907047F0020718BFC4F8907017070CD5C7
:1057100001F020072F431FBF08270762D4F89070BD
:1057200047F0080718BFC4F8907017055ED511F050
:1057300080675BD04FF400672546076255F8907F7D
:1057400047F020072F6053E0E66E02EA0105EF06FE
:105750003DD5012E3BD110210162816811F0400F2F
:1057600040F0B680B4F85C10B4F85E20B4F85E3057
:10577000002B00F03681891A89B211B931E100BFDE
:10578000206850E8000F226820F4907042E800037F
:10579000002BF5D1206850E8020F226800EA0800CB
:1057A00042E80203002BF5D12020C4F88C00002031
:1057B000E0666067206850E8000F226820F0100063
:1057C00042E80003002BF5D102202067CCE0D7028D
:1057D00040F1CF8013F4800700F0CB804FF48011AC
:1057E00001622046BDE8F041FFF734BF04F19005A7
:1057F0002F68002F00F0F58012F020020BD001F08E
:10580000200103F0805211431CBF616F002902D0B8
:105810002046884720682968826801F0280102F044
:105820004002114309D12046FFF716FF0020C4F8BB
:105830009000BDE8F08100BF206850E8000F2168AB
:1058400020F4907041E80002002AF5D1206850E869
:10585000020F216800EA080041E80202002AF5D19F
:10586000E06E01280AD100BF206850E8000F2168CF
:1058700020F0100041E80002002AF5D12020C4F8F1
:105880008C000020E06660672068816811F0400F9E
:1058900001D17BE0206850E8020F216820F0400031
:1058A00041E80202002AF5D1D4F8800000286DD02A
:1058B00046F65561C0F600018163FCF75DF90028EA
:1058C00000F08F80D4F88000816BBDE8F04108477C
:1058D000D4F880100B685F68B4F85C20B9B2002976
:1058E00078D0914276D2A4F85E70196811F0200F3A
:1058F00001D033E0206850E8000F216820F4807068
:1059000041E80002002AF5D1206850E8020F216822
:1059100020F0010041E80202002AF5D1206850E899
:10592000020F216820F0400041E80202002AF5D170
:105930002020C4F88C000020E06600BF206850E8FA
:10594000000F216820F0100041E80002002AF5D184
:10595000D4F88000FCF7D6F8B4F85C200220206769
:10596000B4F85E00101A81B22046BDE8F041FFF79E
:10597000DBBD17060FD501F0800703F400033B439E
:1059800009D0A16F00297FF480AE2AE02046BDE84F
:10599000F041FFF761BE6B0625D550E8000F216886
:1059A00020F0400041E8000252B100BF206850E8FA
:1059B000000F216820F0400041E80002002AF5D1E4
:1059C0002020C4F888000020A0672046BDE8F041F0
:1059D00000F086B98A4204D1186810F0200F7FF4D5
:1059E000F3AEBDE8F081100207D511F0804004D07D
:1059F0002046BDE8F041FFF72BBED001F1D5B1F153
:105A0000FF3FC8BFBDE8F0812046BDE8F041FFF789
:105A10008DBD000010B50446DCB1D4F8880028B96B
:105A2000002084F88400204600F028F82420C4F8E0
:105A300088002068016821F001010160A06A002847
:105A40001CBF204601F02EF9204601F0A3FA0128E0
:105A500001D1012010BD2068416821F490414160CE
:105A6000816821F02A018160016841F00101016033
:105A70002046BDE8104001F08BB900002DE9F0414F
:105A80009CB00446002602A854211B96CDE9196655
:105A9000CDE91766FAF706FC206843F6000140F2EC
:105AA000080841F24C0740F20045C4F20101C4F27B
:105AB0000208C4F20207C4F60005884255D048F235
:105AC0000001C4F20001884240F0B5802020002689
:105AD000029002A80896FDF703FA002818BFFAF70B
:105AE00069FD3869022140F001003861386900F031
:105AF000010001900198386840F00400386038686F
:105B000000F004000190019803201790CDE91816C9
:105B10001A90082017A91B9005F58060FCF79EFDE0
:105B200040F2A4652320C2F20005C5F80080686039
:105B30001020C5E9020680202E62C5E90666C5E987
:105B400004062846FCF7B4F8002818BFFAF732FD1F
:105B50005B2004210022E567AC62FDF715F85B20AD
:105B6000FDF702F81CB0BDE8F0810120CDE9020686
:105B700002A8FDF7B5F9002818BFFAF71BFD7869F0
:105B8000002617A940F480407861786900F48040CD
:105B900001900198386840F002003860386800F0E1
:105BA000020001900198C020179002201890072051
:105BB000CDE919661B902846FCF750FD40F6E40538
:105BC00008F13C008027C2F20005286019206860B7
:105BD0001020C5E9020628462E62C5E90666C5E919
:105BE0000476FCF765F8002818BFFAF7E3FCE567D0
:105BF000AC6240F6840508F1500018212022C2F260
:105C0000000585E843002846C5E90367C5E9056640
:105C1000C5E90726FCF74CF8002818BFFAF7CAFCBC
:105C2000252004210022C4F88050AC62FCF7ACFFB0
:105C30002520FCF799FF1CB0BDE8F081B0B5044603
:105C40001346D4F8880020281EBF0220C0B2B0BD81
:105C5000002918BF002B27D0002221202165A4F89D
:105C60005430A4F85630C4F89020C4F88800E06F8F
:105C7000E8B146F6297C46F66D7E46F65D65C0F6CF
:105C8000000CC0F6000EC0F60005C0E90BCEC0E95E
:105C90000D5222682832FCF7B9F840B11020C4F840
:105CA00090002020C4F888000120C0B2B0BD206858
:105CB0004021016250E8020F216840F0800041E875
:105CC00002024AB1206850E8020F216840F08000CB
:105CD00041E80202002AF5D10020C0B2B0BD0000A8
:105CE00040F6FC11C2F20001884200D0704740F239
:105CF0002C40C2F20000C16C0131C16443F210605B
:105D0000C2F200000168002908BF70474FF48052BA
:105D100000238B5241F202028B5403607047000053
:105D200070470000FEE70000002808BF7047002A07
:105D3000C0E90012038118BF9361704740F6FC1060
:105D4000C2F20000FFF78ABC10B592B0002468468A
:105D50003C211194CDE90F44FAF7A4FA40F2CC406B
:105D60004FF0A0414FF440320423C2F2000080E81B
:105D700016000121C0E90344C0E9054304774477D4
:105D8000016280F8244080F83840C46380F84040C5
:105D9000FBF770FC002818BFFAF70CFC40F2CC406F
:105DA0000FA90F94C2F20000FBF7B2F8002818BF49
:105DB000FAF700FC42F200000121CBF29060009063
:105DC00009200190032002907F200390042004907A
:105DD00000200590089184218DF824008DF825007D
:105DE0008DF826000A9180210B918DF8300040F249
:105DF000CC406946C2F20000FAF76EFC002818BFDA
:105E0000FAF7D8FB12B010BDF0B597B00025684680
:105E10003C21CDE91555CDE91355CDE91155CDE915
:105E20000F55FAF73FFA40F2385040F200114FF4A4
:105E3000403201230426C2F20000C5F2000180E8CE
:105E40002600C0E90355C0E90536057745770362AA
:105E500080F82450C0E90B5580F83850C56380F8AD
:105E60004050FBF707FC002818BFFAF7A3FB0224F9
:105E700006207F270FA9C0F230440F94CDE910050A
:105E800040F23850CDE912761495C2F20000FBF7CB
:105E9000CDF8002818BFFAF78DFB40F2002004214E
:105EA000C2F2B0500090092001900320CDE9020712
:105EB00004910021059108909C208DF824108DF804
:105EC00025108DF826100A9080200B9040F2385053
:105ED0008DF830106946C2F20000FAF7FDFB002889
:105EE00018BFFAF767FB40F20F1000946946019063
:105EF00040F23850C2F20000FAF7EEFB002818BF5B
:105F0000FAF758FB20206946C1F2F040009040F2B9
:105F10001520019040F23850C2F20000FAF7DCFB85
:105F2000002818BFFAF746FB17B0F0BD10B592B0C5
:105F3000002468463C211194CDE90F44FAF7B2F9E8
:105F400040F2A45040F200414FF440320423C2F228
:105F50000000C5F2000180E816000121C0E90344F9
:105F6000C0E9054304774477016280F8244080F853
:105F70003840C46380F84040FBF77CFB002818BF22
:105F8000FAF718FB40F2A4500FA90F94C2F20000D8
:105F9000FAF7BEFF002818BFFAF70CFB42F2000028
:105FA0000121CBF29860009009200190032002901B
:105FB0007F20039004200490002005900891842104
:105FC0008DF824008DF825008DF826000A91802197
:105FD0000B918DF8300040F2A4506946C2F20000E7
:105FE000FAF77AFB002818BFFAF7E4FA12B010BDEE
:105FF00070B590B001A83C21FAF754F940F2106056
:1060000040F200614FF44032002404250126C2F220
:106010000000C5F2000180E81600C0E90344C0E9B1
:10602000054504774477066280F8244080F83840BC
:10603000C46380F84040FBF71DFB002818BFFAF747
:10604000B9FA202001A9C9F2F0400190092002907C
:10605000032003907F20CDE904058420069409964F
:106060008DF828408DF829408DF82A400B9080202B
:106070000C9040F210608DF83440C2F20000FAF744
:106080002BFB002818BFFAF795FA10B070BD00007E
:1060900080B540F27C6040F60041C2F20000C4F2DC
:1060A00002010160FBF7FEFC00281CBFBDE8804038
:1060B000FAF780BA80BD000080B582B041F2480096
:1060C0000022C4F20200016841F00401016001688D
:1060D00001F0040101910199016841F001010160A1
:1060E0000421006800F00100009000980B20FCF7EC
:1060F0004BFD0B20FCF738FD0C2002210022FCF7A1
:1061000043FD0C20FCF730FD0D2002210022FCF79E
:106110003BFD0D20FCF728FD0E2005210022FCF799
:1061200033FD0E20FCF720FD0F2005210022FCF797
:106130002BFD0F20FCF718FD102001210022FCF799
:1061400023FD1020FCF710FD112001210022FCF797
:106150001BFD112002B0BDE88040FCF705BD00002A
:10616000B0B540F6441046F200414FF440724FF093
:106170000A0E03234FF00C0C01240D25C2F200007F
:10618000C4F20001016000214160826081740182DB
:10619000C160C0E905E3C0E907C3022200F124039E
:1061A00034C302631C22C0E90D21C163FCF7CAF8A5
:1061B00000281CBFBDE8B040FAF7FCB9B0BD000034
:1061C00080B546F615404DF2C8720021C0F60000B9
:1061D000C0F6000203F05CFF40F28C314DF20C720D
:1061E000C2F20001C0F60002086046F67570002198
:1061F000C0F6000003F04CFF40F29C014DF2D0626B
:10620000C2F20001C0F60002086040F2E540002141
:10621000C0F6000003F03CFF40F25801C2F200015A
:10622000086080BD2DE9F04F87B041F24C004FF07F
:10623000000840F600040022CDF81880C4F20200E5
:10624000C4F60004016841F004010160016801F036
:10625000040101910199016841F020010160016888
:1062600001F0200101910199016841F001010160F3
:10627000016801F0010101910199016841F00201F9
:106280000160016801F0020101910199016841F08A
:106290000801016042F22401006800F0080001904A
:1062A00001982046FCF7C0FA4FF0904010210022E0
:1062B0004FF0100BFCF7B8FA4FF090404FF400414C
:1062C00001220127FCF7B0FA04F5806A04210122BB
:1062D0005046FCF7A9FA42F2040002AE4FF0020960
:1062E000CDE9020720463146CDE90498FCF7B6F91E
:1062F0004FF440403146CDE902082046CDF81080E9
:10630000FCF7ACF903254FF090403146CDE902B7D8
:10631000CDF810800595FCF7A1F9202002A981E8AD
:106320008102204631460595FCF798F94FF400703C
:1063300002A981E8010320463146FCF78FF94FF4AA
:1063400000403146CDE902074FF09040CDE9047599
:10635000FCF784F904203146CDE902075046CDE927
:106360000478FCF77BF907B0BDE8F08F80B540F604
:10637000A81045F200410122C2F20000C4F200015F
:10638000016049F6E451C3F2D2014160002181600D
:10639000C0E90711C0E90511C0E90321FCF79EFA25
:1063A000002818BFFAF706F940F6A8100021C2F23B
:1063B0000000FCF747FA002818BFFAF7FBF840F690
:1063C000A8100021C2F20000FCF762FA00281CBFEE
:1063D000BDE88040FAF7EEB880BD000080B540F619
:1063E000FC1048F2000148F6805200234FF00C0CDC
:1063F000C2F20000C4F20001C0F25B0280E80E00AD
:10640000C0E90333C0E905C3C0E908338362FFF77D
:1064100001FB002818BFFAF7CDF840F6FC10002168
:10642000C2F20000FFF7CCF8002818BFFAF7C2F854
:1064300040F6FC100021C2F20000FFF779F80028B6
:1064400018BFFAF7B7F840F6FC10C2F20000FFF7E9
:106450004FF800281CBFBDE88040FAF7ABB880BDFC
:1064600080B540F6902040F2003100224023C2F275
:106470000000C4F2010180E80E00012102614FF426
:10648000004301754FF400318261C0E90913C26213
:10649000FCF7BCFB00281CBFBDE88040FAF78AB8B7
:1064A00080BD000080B540F6CC2040F208310022CB
:1064B0004023C2F20000C4F2010180E80E00012175
:1064C00002614FF4004301754FF400318261C0E96D
:1064D0000913C262FCF79AFB00281CBFBDE880408C
:1064E000FAF768B880BD000080B540F6083040F289
:1064F0000C3100224023C2F20000C4F2010180E806
:106500000E0008214FF400430161012101754FF491
:1065100000318261C0E90913C262FCF777FB0028F1
:106520001CBFBDE88040FAF745B880BDB0B540F665
:10653000443043F200014FF4827200234FF4706C38
:106540004FF0010E4FF400741825C2F20000C4F29F
:10655000010180E80E100721C0E9043EC0E90645AC
:10656000C0E90833C0E90A31C0E90C33FDF7A2FAEB
:1065700000281CBFBDE8B040FAF71CB8B0BD000051
:1065800070B540F6A83043F600414FF48272002304
:106590004FF4706C4FF0020E01244FF40075182672
:1065A000C2F20000C4F2000180E80E5000F11401B4
:1065B00070C10721C0E90833C0E90A31C0E90C33D2
:1065C000FDF778FA00281CBFBDE87040F9F7F2BF6C
:1065D00070BD000010B584B040F6584044F2000190
:1065E00000244FF6FF72C2F20000C4F201010394CE
:1065F000CDE90144C0E900140821C0E90242C0E924
:1066000004448461FEF79AFA002818BFF9F7D2FF14
:1066100040F6584001A901940394C2F20000FDF72E
:1066200061FD002818BFF9F7C5FF04B010BD0000D8
:1066300010B59CB0002401A83421CDE91A44CDE95D
:106640001844CDE91644CDE91444CDE91244CDE90E
:106650001044CDE90E44F9F725FE40F60C4042F611
:106660000041202240F69F734FF4007CC2F20000EC
:10667000C4F20101C0E9001400F1080181E80C1026
:10668000C0E90544FDF71EFE002818BFF9F792FF88
:106690004FF4805018A9189040F60C40C2F2000048
:1066A000FDF7EEFF002818BFF9F784FF40F60C4015
:1066B000C2F20000FEF718FD002818BFF9F77AFFB4
:1066C0007020002415A9159040F60C40CDE9164421
:1066D000C2F20000FDF706FD002818BFF9F76AFFB7
:1066E00060200EA900220E904FF4FA60CDE9134409
:1066F000CDE91144CDE90F0440F60C40C2F2000090
:10670000FEF708FB002818BFF9F754FF40F60C40CD
:106710000EA90422C2F20000FEF7FCFA002818BFFE
:10672000F9F748FF40F60C400EA90822C2F200001B
:10673000FEF7F0FA002818BFF9F73CFF40F2CE70E0
:106740000EA90C220F9040F60C40C2F20000FEF79A
:10675000E1FA002818BFF9F72DFF00207821CDE9D4
:1067600001000390CDE904104FF40051069102217D
:10677000CDE907104FF000710990CDE90A10CDE97D
:106780000C0040F60C4001A9C2F20000FDF73AFCF3
:10679000002818BFF9F70EFF40F60C40C2F20000C7
:1067A000FEF756F91CB010BD10B59CB0002401A82E
:1067B0003421CDE91A44CDE91844CDE91644CDE998
:1067C0001444CDE91244CDE91044CDE90E44F9F763
:1067D00069FD40F6F04043F20041202240F69F73ED
:1067E0004FF4007CC2F20000C4F20101C0E90014C1
:1067F00000F1080181E80C10C0E90544FDF762FDD5
:10680000002818BFF9F7D6FE4FF4805018A9189049
:1068100040F6F040C2F20000FDF732FF002818BF3A
:10682000F9F7C8FE40F6F040C2F20000FEF75CFC4B
:10683000002818BFF9F7BEFE7020002415A9159096
:1068400040F6F040CDE91644C2F20000FDF74AFCE4
:10685000002818BFF9F7AEFE60200EA900220E90A6
:106860004FF4FA60CDE91344CDE91144CDE90F04AA
:1068700040F6F040C2F20000FEF74CFA002818BFC4
:10688000F9F798FE40F6F0400EA90422C2F200008B
:10689000FEF740FA002818BFF9F78CFE40F6F040EA
:1068A0000EA90822C2F20000FEF734FA002818BF31
:1068B000F9F780FE40F6B6300EA90C220F9040F694
:1068C000F040C2F20000FEF725FA002818BFF9F7E1
:1068D00071FE00200421CDE901000390CDE90410F0
:1068E0004FF4005106910221CDE907104FF00071DD
:1068F0000990CDE90A10CDE90C0040F6F04001A95D
:10690000C2F20000FDF77EFB002818BFF9F752FE27
:1069100040F6F040C2F20000FEF79AF81CB010BD3D
:1069200080B540F63C5043F600010C22C2F2000054
:10693000C4F2010101604FF4E13141600021C0E97E
:1069400002110161C0E90911C0E90711C0E905217F
:10695000FFF760F8002818BFF9F72CFE40F63C500E
:106960000021C2F20000FEF72BFE002818BFF9F745
:1069700021FE40F63C500021C2F20000FEF7D8FD97
:10698000002818BFF9F716FE40F63C50C2F200008E
:10699000FEF7AEFD00281CBFBDE88040F9F70ABE37
:1069A00080BD0000FEE70000FEE7000020EE212A87
:1069B00020EEA13A00EE812A00EE413A80ED002A55
:1069C00081ED003A70470000000000000000000068
:1069D000EFF30980BFF36F8F154B1A681EF0100F8D
:1069E00008BF20ED108A20E9F04F10602DE9090062
:1069F0004FF0100080F31188BFF34F8FBFF36F8FFC
:106A000005F00AFE4FF0000080F31188BDE8090090
:106A100019680868B0E8F04F1EF0100F08BFB0EC1E
:106A2000108A80F30988BFF36F8F704700BF00BFE3
:106A3000E00E00202DE9F04F83B000271E4690465F
:106A40000D4681468DF80770FBF7F6FE301A00EB15
:106A5000080BFBF7F1FE824640F204002321D9F82F
:106A60000040C2F2000000684843000D00FB0BF03C
:106A70000290A068284251D008F1010620465F46E6
:106A8000B5F5C06F02BF217B8DF807109DF8071088
:106A900066B1FBF7D1FEA0EB0A00B84213D2029810
:106AA00040B1029801380290D9F80000816829426B
:106AB000E6D106E0D9F80000002781682942DFD13D
:106AC0002CE000272AE0D9F80000416821F0E0011D
:106AD0004160D9F80410B1F5827F0BD1D9F80810C4
:106AE000B1F5004F18BFB1F5806F03D1016821F0F7
:106AF00040010160D9F82810B1F5005F07D10168A5
:106B000021F400510160016841F40051016001204D
:106B1000032789F85D00002089F85C00F8B203B013
:106B2000BDE8F08FF0B581B015460E460446FBF780
:106B300083FE281A8719FBF77FFE054640F2040002
:106B4000C2F200000068C0F3CB30784300902068A8
:106B5000816811F0800F01D1002742E0013600BFAB
:106B600056B1FBF769FE401BB84213D2009840B102
:106B70000098013800902068816811F0800FEFD1F3
:106B800006E020680027816811F0800FE8D128E036
:106B9000002726E02068416821F0E001416061683B
:106BA000B1F5827F0AD1A168B1F5004F18BFB1F5E8
:106BB000806F03D1016821F040010160A16AB1F545
:106BC000005F07D1016821F400510160016841F4C0
:106BD000005101600120032784F85D00002084F843
:106BE0005C00F8B201B0F0BD000000000000000041
:106BF000074B19680868B0E8F04F80F30988BFF3C5
:106C00006F8F4FF0000080F31188704700BF00BF06
:106C1000E00E002080B500BF012003F0F3F9FBE790
:106C200080B54EF21000CEF20000006806F07CF94C
:106C300001281CBFBDE8804005F0EABD80BD000012
:106C40004EF68850CEF20000016841F470010160F8
:106C50007047000080B540F60C40C2F20000FDF71E
:106C600033FE40F65840C2F20000BDE88040FDF718
:106C70002BBE000040F60C40C2F20000FDF724BE1F
:106C800040F6A440C2F20000FDF71EBE40F6F04000
:106C9000C2F20000FDF718BE40F6F040C2F200005C
:106CA000FDF712BE816A11F0080F38D1CA0741D131
:106CB0008A074AD44A0753D4CA065CD48A0608D540
:106CC00002689368D0F840C023F4005343EA0C03F1
:106CD000936080B54A0615D5D0F800E0DEF804C010
:106CE000436C2CF48012B3F5801F42EA0302CEF805
:106CF000042007D1DEF80420836C22F4C0021A437A
:106D0000CEF804200906BDE8804058BF70470168EE
:106D10004A68C06C22F40022104348607047026841
:106D20005368D0F838C023F4004343EA0C0353609F
:106D3000CA07BDD002685368D0F82CC023F40033D2
:106D400043EA0C0353608A07B4D502685368D0F84D
:106D500030C023F4803343EA0C0353604A07ABD5B9
:106D600002685368D0F834C023F4802343EA0C034C
:106D70005360CA06A2D502689368D0F83CC023F4D9
:106D8000805343EA0C0393608A0699D4A1E700007C
:106D9000B0B582B004460020C4F89000FBF74CFD6B
:106DA00005462068016811F0080F1BD06FF07E4087
:106DB0004FF4001100222B460090204600F04AFAC2
:106DC00078B100BF206850E8000F216820F08000F3
:106DD00041E80002002AF5D12020C4F888000320F1
:106DE00031E02068006810F0040F24D06FF07E407E
:106DF0004FF4800100222B460090204600F02AFA32
:106E0000C8B100BF206850E8000F216820F49070DE
:106E100041E80002002AF5D1206850E8020F2168FD
:106E200020F0010041E80202002AF5D12020C4F838
:106E30008C00032007E02020C4F88800C4F88C00F0
:106E40000020E06620670021C0B284F8841002B000
:106E5000B0BD0000806AFEF7FFBB0000806AD0F87A
:106E60008810D0F88CC00268936821291ED113F0D5
:106E700080011BD052E8001F03E000BF016851E809
:106E8000001F026821F0C00142E80013002BF5D179
:106E9000016851E8021F026821F4000142E8021370
:106EA000002BF5D12021C0F8881002689368BCF14E
:106EB000220F31D113F040012ED052E8001F02E022
:106EC000016851E8001F026821F4907142E8001344
:106ED000002BF5D14FF6FE7CCEF6FF7C026852E81F
:106EE000022F036802EA0C0243E802210029F5D1CF
:106EF000C16E01290AD100BF016851E8001F026874
:106F000021F0100142E80013002BF5D12021C0F838
:106F10008C100021C1664167D0F8901041F010013B
:106F2000C0F89010FEF798BB0168806A096811F0FC
:106F3000200F18BFFEF7D4BE0021A0F8561000BFE6
:106F4000016851E8021F026821F0800142E8021343
:106F5000002BF5D1016851E8001F026841F04001A3
:106F600042E80013002BF5D170470000806AFEF75D
:106F7000D7BE000010B540F22C44C2F2000400BF9E
:106F8000606B0130606304F0E3FD012003F03AF828
:106F9000F6E70000F0B581B0044646F6F31648F275
:106FA000000C44F6FF7741F2880E40F2021521688A
:106FB000A068D4E90423CCF6FF76C4F2000CC4F236
:106FC0000007C4F2020EC0F202051043614540EA18
:106FD0000300E3690A6802EA060240EA03004FF28E
:106FE000FF4640EA0200C1F2FF1608604868E26806
:106FF00020F4405040EA02004860A0691CBF226AA9
:107000001043B9428A6802EA06024FF0100640EACD
:1070100002008860C86A626A20F00F0040EA02003D
:10702000C86242F20040C0F2F40015DC44F20047AE
:10703000C4F20007B94222D044F60007C4F20007A8
:10704000B94220D044F60047C4F20007B9422FD11C
:10705000DEF80070BE0921E045F20007C4F2000727
:10706000B94214D0614516D043F60007C4F20107B7
:10707000B9421DD1DEF8006005F580650EE0DEF84E
:107080000070BE080AE0DEF800703E0906E0DEF897
:1070900000703E0A02E0DEF80070BE0A86F00207C9
:1070A0006FF31F5507F0030747EA870725FA07F62E
:1070B000614515D0B3F5004F24D106F01F0301211F
:1070C000082B00F2BB80DFE803F0056673B96BB9EB
:1070D000B9B97100FCF716FA002840F05F8063E050
:1070E00006F01F030121082B00F2A880DFE803F05F
:1070F00005A624A61CA6A6A62200FCF703FAB8B192
:10710000626A19E006F01F030121082B00F2968045
:10711000DFE803F0056E7B94739494947900FCF798
:10712000F1F9002867D16CE0FCF718FA0028E7D1E4
:10713000002183E04FF400404DF2F4616568C0F631
:10714000000131F81220012105EB4507B0FBF2F3F5
:10715000BB4273D32F03BB4270D800210023F9F741
:1071600057F809022A46002341EA1061000210EB99
:10717000550041F10001F9F74BF84FF6FF42A0F539
:107180004071C0F20F02914203D82168C86000210B
:1071900054E0012152E0FCF7CBF928B1626A07E024
:1071A000FCF7DCF90028F9D1002147E04FF400405A
:1071B0004DF2F461C0F6000131F81210B0FBF1F0AD
:1071C00061684A0802EB40004FF6EF72B0FBF1F045
:1071D000A0F11001914209D84FF6F0710140C0F3BF
:1071E000420008432168C860002127E0012125E012
:1071F000FCF79EF928B1626A07E0FCF7AFF90028B6
:10720000F9D100211AE04FF400404DF2F461C0F6CC
:10721000000131F812104FF6EF72B0FBF1F0616827
:1072200000EB5100B0FBF1F0A0F11001914204D845
:10723000216880B2C860002100E001210120A4F88B
:107240006A00A4F868000020C4E91D00084601B0E7
:10725000F0BD00002DE9F04704460E46994620682F
:10726000C1693140891BB1FA81F14F0997422ED192
:10727000DDF820A04FF6FE78CEF6FF780AF1010582
:10728000E5B1FBF7D9FA0321BAF1000F00F08980CC
:10729000A0EB0900504500F284802068016811F0DD
:1072A000040F18BF802E09D0402E07D0C16911F0FD
:1072B000080F10D1C16911F4006F40D1C16931408C
:1072C000891BB1FA81F1490991EA070FD8D0002151
:1072D000C8B2BDE8F0870821016200E0206850E8EC
:1072E000000F216820F4907041E80002002AF5D1D7
:1072F000206850E8020F216800EA080041E8020215
:10730000002AF5D1E06E01280AD100BF206850E8BC
:10731000000F216820F0100041E80002002AF5D19A
:1073200020200821C4F88C000020E0666067C4F8C3
:107330009010012184F88400C8B2BDE8F0874FF4B2
:107340000061016201E000BF206850E8000F216881
:1073500020F4907041E80002002AF5D1206850E83E
:10736000020F216800EA080041E80202002AF5D174
:10737000E06E01280AD100BF206850E8000F2168A4
:1073800020F0100041E80002002AF5D12020002161
:10739000C4F88C00E1666167C4F8900084F884103A
:1073A0000321C8B2BDE8F08740F63C50C2F20000AD
:1073B000FEF754B9FEE70000002818BF002909D0E5
:1073C000002A1CBF0368002B04D01B68002B08BFD9
:1073D00070471847704700000846114600F086B80D
:1073E0002DE9F04381B00446994617460E46002029
:1073F000002C1CBF2568002D54D0002F1CBFD5F8D1
:107400003480B8F1000F3FD069680020002949D0CE
:10741000012121772062A684E784687848B105F1CC
:107420000C010022002300BF013341F8102B8342DE
:10743000FAD3E86B00281FBF006800214163816315
:1074400018BFC1634046A96BFDF720FFB8B940469D
:10745000FDF750F878B93744FBF7EEF9064600BF60
:10746000206AB84214D2FBF7E7F9801B4845F7D9E8
:107470004046FDF7EFF8A96B4046FDF7C1FF00203D
:10748000207701B0BDE8F083002001B0BDE8F083B3
:107490004046FDF7DFF8A96B4046FDF7B1FF00203D
:1074A0002077012001B0BDE8F0830000002808BF6C
:1074B000704700291CBFD0F80CC0C1F800C0002ADA
:1074C0001CBF01691160002B1CBF40691860704728
:1074D000002201600277026242620969C0E9032268
:1074E000C0E90521028142607047000080B509684B
:1074F000D1F88020828012B2D1F88430C3801BB2D0
:10750000D1F888C0A0F808C00168D1F80CE091ED6E
:10751000040AA2EB0E0201EE102AB8EEC11ACA69E3
:10752000D1F82CE020EE010A80ED030A91ED080A63
:107530009A1A01EE102A0FFA8CF2B8EEC11AA2EBD9
:107540000E0220EE010A01EE102A80ED040A91EDF0
:107550000C0AB8EEC11A20EE010A80ED050A80BDC2
:10756000B0B548B100291CBF0268002A04D01378C6
:1075700013B953688B4200D0B0BD00291CBF92F8EC
:1075800001C0BCF1000F24D0051D08321378013B67
:10759000032B07D8DFE803F002090D110B6803F194
:1075A000800E0DE04FF0000E0CE00B6803F1840E2E
:1075B00006E00B6803F1880E02E00B6803F18C0E05
:1075C000DEF800E025F802EBBCF1010C02F110023C
:1075D000DCD1017F0029CFD0D0F800C0016A4A1C5D
:1075E0000262838C9942C7D39CF80110002908BF1E
:1075F000B0BDD21A04300CF10C0300BF1D6830F985
:10760000024B0139A4EB050494FBF2F4254443F842
:10761000105BF3D1B0E70000B0B50546002D71D086
:10762000002000F045F90446002C08BFB0BD94F8D6
:107630002000211D20B108462946FFF791FF28E0D0
:1076400040F22A40C2F20000007828B1626F08467A
:10765000294602F095FD1CE040F22840C2F20000ED
:10766000007828B1626F0846294602F061FD10E0FB
:1076700040F22940C2F20000007818B1204600F024
:10768000C9FA06E0206F2A46FFF796FE204601F071
:10769000D9FCA06B40F2A801C2F200018864A06B83
:1076A0002289101AA1F854002089A1F84200A06C88
:1076B000C864A06C6289101AA1F856006089A1F80C
:1076C0004400A06D0865A289101AA1F85800A0898D
:1076D000A1F846002069C86560690866A069486627
:1076E00040F22A40C2F20000007828B940F2284057
:1076F000C2F20000007828B104F0B0F8BDE8B04054
:1077000004F026BAB0BD000040F2280240F20C019D
:107710000128C2F20002C2F2000118BF00220028B4
:1077200018BF114608467047012813D018BB40F611
:10773000F04140F21400C2F20001C2F20000CA6837
:10774000416040F69F718A4202BF008A88427047BA
:10775000F8F730BF40F60C4140F23000C2F20001B1
:10776000C2F20000CA68416040F69F718A4204BFBD
:10777000008A884200D17047F8F71CBF40F2F03011
:10778000C2F2000000F0F0BA80B500F00BF840F251
:107790009030C2F2000080BD40F2A430C2F200007E
:1077A00000F0E2BA70B540F2A4344DF2EC7043F64A
:1077B0000041052206234FF0904640F29035C2F278
:1077C0000004C0F60000C4F20001C2F2000584E823
:1077D0004F004FF4004047F6E53140F2E4364FF0F9
:1077E00090424FF40043A0820020C0F60001C2F294
:1077F0000006A07547F6F130C0F60000C4E9065057
:10780000216240F6A8313046C2F20001FEF78CFA40
:1078100040F2C8324DF6200128462346C2F200024B
:10782000C0F60001166000F039FA284600F0E6F9CB
:107830002046BDE8704000F07FBA000040F2300200
:1078400040F214010128C2F20002C2F2000118BF86
:107850000022002818BF114608467047B0B50C46F4
:10786000054624B32846FFF74FFF20672846FFF759
:10787000E5FF60672846FFF757FF012D0BD0002D6D
:1078800018BFB0BD40F6F04040F23851C2F20000DF
:10789000C2F2000104E040F60C400021C2F20000F8
:1078A0002163216421650C21C4E91801A066B0BDE3
:1078B00041F28C32C0EB40110128C2F2000202EB0F
:1078C000810188BF002108467047000001280ED8BA
:1078D000C0EB401C41F28C30C2F2000000EB8C0C7B
:1078E000BCF1000F1CBF9CF80000002801D1002053
:1078F00070470CF10400FFF773BD00002DE9F04361
:1079000081B0FFF741FF43F2B45141F28C344FF0A4
:107910000108002603274FF00209C2F20001C2F25B
:107920000004086084F80080E0660020A66784F800
:107930002C6084F82D7084F834802146C3F604400E
:10794000C4E90E6084F84490C4E9126084F854706D
:10795000C4E916600020FFF781FF207820B1201DC8
:1079600004F12C01FFF7B4FD254640F2144005F860
:107970007C6FC2F20000E8664FF07E50AE6785F87B
:107980002C6085F82D7085F834802946C5E90E6095
:1079900085F84490C5E9126085F85470C5E9166011
:1079A0000120FFF75BFF2878002804BF01B0BDE885
:1079B000F08304F1800004F1A80101B0BDE8F043B8
:1079C000FFF786BD43F29C40C2F20000007870478A
:1079D00043F29C4043F681620021C2F20000C3F6EC
:1079E0009162017042604CF6CD42C3F64C52826007
:1079F0008182C0E90311C0E90611C0E90811C0E99C
:107A00000A1143F20C60C2F20000017043F2085008
:107A1000C2F20000017043F2D040C2F20000C0E99F
:107A2000001143F2D840C2F20000C0E9001143F255
:107A30000C504FF07E51C2F2000001607047000010
:107A400010B543F29C420228C2F2000210D8517DC8
:107A500071B102EB80008169D0F824E0D068002980
:107A600018BF0846BEF1000F08BFD2F810E002E0D0
:107A7000D068D2F810E0002802F1040318BFBEF16C
:107A8000000F2BD0127D022A28D390ED001AB4EEFD
:107A9000C01AF1EE10FA20DAA2F1010C00EB8C0111
:107AA00091ED001AB4EEC01AF1EE10FA12DDBCF13D
:107AB000000F0FD000230022591C00EB810494ED2D
:107AC000002AB4EEC02AF1EE10FA1DDA0132D3B268
:107AD0009C45F1D80EEB8C0300E0734693ED001A41
:107AE00043F2085043F20C51C2F20000C2F200010E
:107AF00091ED000A007821EE000A002808BFB0EEE0
:107B0000401AB0EE410A10BD00EB83000EEB81017C
:107B10000EEB830290ED003A92ED001A91ED004ACF
:107B200032EE432A30EE430A34EE413A80EE020A46
:107B300000EE031AD4E7000010B50446FFF748FF33
:107B4000002C1CBF0020207010BD0000FFF73ABFC2
:107B500080B52DED028BB0EE408AFFF733FF02288F
:107B60001EBF9FED060ABDEC028B80BDB0EE480A39
:107B7000BDEC028BBDE8804000F002B800000000C0
:107B800080B52DED028B43F29C40B0EE408A9FED14
:107B9000140AC2F20000017802291ED143F20C61DE
:107BA000C2F200010978C1B190ED022AB0EEC81A04
:107BB000B4EEC21AF1EE10FA0FDB0020B0EE410A6B
:107BC000FFF73EFFB0EE401AB5EEC08AB1EE410AB3
:107BD000F1EE10FAA8BFB0EE410ABDEC028B80BDF9
:107BE0000000000040F29030C2F2000000F070B8D7
:107BF00040F29030C2F2000000F076B800281CBFBE
:107C00000168002902D0496801B108474FF0FF30F0
:107C100070470000002808BF704740F244019FED04
:107C2000050AC2F20001D1ED000AB0EE401A00F0E0
:107C30000FBA00BF0000000000281CBF0268002A25
:107C400002D0926902B110479FED010A704700BF50
:107C50000000000000281CBF0168002902D0C9688C
:107C600001B108470020704700281CBF00680028A9
:107C700004D0C36913B10846114618479FED010AA5
:107C8000704700BF00000000002814BF90ED040AF8
:107C90009FED010A704700BF000000004FF0000C8C
:107CA000002980E80E10C0F810C01CBF0968002928
:107CB00000D170470847000000281CBF0168002958
:107CC00004D08968002908BF704708477047000042
:107CD00000281CBF0168002904D04969002908BF99
:107CE000704708477047000000281CBF0168002942
:107CF00004D00969002908BF704708477047000091
:107D000000281CBFD0F80CC0BCF1000F0AD080B511
:107D100084B08DF8041001A9CDE90223E04704B036
:107D2000BDE8804070470000C1607047002818BF60
:107D300080ED040A7047000000281CBF016800297C
:107D400004D04968002908BF704708477047000001
:107D500000281CBF0168002904D00968002908BF59
:107D6000704708477047000000281CBF01680029C1
:107D700004D08969002908BF704708477047000090
:107D800000281CBF0168002904D08968002908BFA9
:107D9000704708477047000000281CBF0168002991
:107DA00004D0C968002908BF704708477047000021
:107DB000002814BF807D00207047000000281CBFF1
:107DC0000368002B02D01B6903B118474FF0FF3046
:107DD0007047000000281CBF0168002902D0496AD2
:107DE00001B1084700207047002808BF704790ED98
:107DF000002A31EE601A01EE020A80ED020A90EDCF
:107E0000051AB4EEC10AF1EE10FA02DD80ED021A95
:107E1000704790ED061AB4EEC10AF1EE10FAB8BF41
:107E200080ED021A70470000002808BF704790EDEF
:107E3000002A00EEE11A01EE020A80ED020A90ED3E
:107E4000051AB4EEC10AF1EE10FA02DD80ED021A55
:107E5000704790ED061AB4EEC10AF1EE10FAB8BF01
:107E600080ED021A70470000002808BF704700210B
:107E700080EC020A8160C0ED031A80ED041AC0EDA7
:107E8000052A80ED062A704700281CBF002181606A
:107E900070470000002804BF9FED310A704790ED45
:107EA000011A90ED023A30EE602A02EE013A80EDBE
:107EB000023A90ED051AB4EEC13AB0EE410AF1EE85
:107EC00010FA06DC90ED060AB4EEC03AF1EE10FAB4
:107ED00003DAB0EE403A80ED020A90ED004A90EDF0
:107EE000030A22EE044A33EE043AB4EEC03AF1EE4D
:107EF00010FA12DD30EE442AB4EEC12A80ED022AD7
:107F0000F1EE10FA06DC90ED061AB4EEC12AF1EE9D
:107F100010FA23DA80ED021A704790ED042AB0EED1
:107F2000430AB4EEC23AF1EE10FAA8BF704732EE3F
:107F3000440AB4EEC10A80ED020AF1EE10FA09DC3F
:107F400090ED061AB4EEC10AF1EE10FAA4BFB0EE3D
:107F5000420A7047B0EE420A80ED021A704700BF35
:107F60000000000028B149B190ED023A00F108018B
:107F700023E09FED362AB0EE420A704790ED013AB9
:107F800090ED022A30EE604A00F1080104EE032A67
:107F900080ED022A90ED053AB4EEC32AF1EE10FA14
:107FA00006DC90ED063AB4EEC32AF1EE10FA02DADE
:107FB00081ED003A01E0B0EE423A90ED004A90EDDA
:107FC000032A50EE010A20EE841A31EE033AB4EE91
:107FD000C23AF1EE10FA16DD32EE411A81ED001AC6
:107FE00090ED050AB4EEC01AF1EE10FA06DC90ED41
:107FF000060AB4EEC01AF1EE10FA24DA81ED000A96
:10800000B0EE420A704790ED040AB0EE432AB4EE97
:10801000C03AF1EE10FA16DA30EE412A81ED002A6C
:1080200090ED051AB4EEC12AF1EE10FA07DC90EDDE
:10803000061AB4EEC12AF1EE10FAA8BF7047B0EEEE
:10804000402A81ED001AB0EE420A7047000000009D
:1080500000281CBF406F002804D04168002918BFC9
:1080600003F044B97047000000281CBF406F00288F
:1080700004D04168002918BF03F038B970470000E8
:10808000818A0069816170470169808A0004886182
:108090007047000010B50446A16807296CD800207D
:1080A000C4F20200DFE801F004090E13181D2236A5
:1080B0000268C2F3C002EAB930E00268C2F3C0123B
:1080C000C2B92BE00268C2F3C0229AB926E0026866
:1080D000C2F3C03272B921E00268C2F3C0424AB9A9
:1080E0001CE00268C2F3C05222B917E00268C2F372
:1080F000C0629AB14DF29072C0F6000252F821109F
:108100004160204600F07CF8216AA9B32046BDE812
:10811000104008470268D20F002AEBD1012242EA40
:1081200081039A400368134208BF10BD4DF250729C
:10813000C0F6000252F8212042606268536823F0C2
:1081400001035360536823F0020353604DF2C07281
:10815000C0F60002515C01430B6823F001030B6081
:10816000E168515C0843016821F0010101600020D1
:10817000A075E1690029C9D110BD000070B50446A1
:1081800000204DF2C07500266168A075C0F600059C
:10819000C4F20206086840F0400041F80C0BA068E9
:1081A000285C30438160E0682A5C062842EA0603C6
:1081B0009960915921F002019151915921F00801E2
:1081C0009151915921F00401915105D0022806D115
:1081D0000D20FAF7B5FC02E01120FAF7B1FCA06817
:1081E000285C3043016841F002010160016841F000
:1081F000080101602046BDE8704000F001B80000B1
:1082000010B541684DF2C07E40F2000CC0F6000E81
:10821000C4F2020C4A6822F001024A604A6822F065
:1082200002024A6083681EF80320072B52F80C10E4
:1082300021F0010142F80C10C4681EF8041051F836
:108240000C2022F0010241F80C204FF00001817552
:108250000FD8012040EA83018840DCF80010014279
:108260001FBF4DF25070C0F6000050F82300CCF84C
:108270000400072B00F26680DFE803F004070B0F11
:1082800013171F1BDCF800001AE0DCF800000009DF
:1082900016E0DCF80000000A12E0DCF80000000B39
:1082A0000EE0DCF80000000C0AE0DCF80000000D35
:1082B00006E0DCF80000000F02E0DCF80000000E31
:1082C000C0071FBF4DF27070C0F6000050F82300C9
:1082D000CCF80400072B35D8DFE803F004090E13AF
:1082E000181D2227DCF80000C0F3C00020E0DCF8F5
:1082F0000000C0F3C0101BE0DCF80000C0F3C02099
:1083000016E0DCF80000C0F3C03011E0DCF800003B
:10831000C0F3C0400CE0DCF80000C0F3C05007E040
:10832000DCF80000C0F3C06002E0DCF80000C00F21
:1083300000281FBF4DF29070C0F6000050F82300D7
:10834000CCF80400072C00F27780DFE804F0040783
:108350000B0F13171F1BDCF800001AE0DCF80000FD
:10836000000916E0DCF80000000A12E0DCF800006A
:10837000000B0EE0DCF80000000C0AE0DCF8000066
:10838000000D06E0DCF80000000F02E0DCF8000061
:10839000000EC0071FBF4DF27070C0F6000050F80D
:1083A0002400CCF80400012040EA84018840DCF875
:1083B000001001421FBF4DF25070C0F6000050F88F
:1083C0002400CCF80400072C88BF10BDDFE804F0BF
:1083D00004090E13181D2622DCF80000C0F3C000AB
:1083E00020E0DCF80000C0F3C0101BE0DCF8000067
:1083F000C0F3C02016E0DCF80000C0F3C03011E08C
:10840000DCF80000C0F3C0400CE0DCF80000C0F372
:10841000C05007E0DCF80000C00F03E0DCF800000B
:10842000C0F3C06000281FBF4DF29070C0F600007E
:1084300050F82400CCF8040010BD000000294FF0D3
:10844000FF3318BF002A00F0A280827D002A1EBFE1
:108450004FF0FF331846704770B542684DF2C07C4C
:1084600040F2000EC0F6000CC4F2020E536823F076
:1084700001035360536823F00203536083681CF8C0
:108480000340072B54F80E5025F0010544F80E5018
:10849000C4681CF8045055F80E6026F0010645F833
:1084A0000E604FF0000585750FD8012545EA83065B
:1084B000B540DEF800602E421FBF4DF25075C0F689
:1084C000000555F82350CEF80450072B2DD8DFE8CF
:1084D00003F004070B0F13171B1FDEF800501AE000
:1084E000DEF800502D0916E0DEF800502D0A12E0EB
:1084F000DEF800502D0B0EE0DEF800502D0C0AE0E7
:10850000DEF800502D0D06E0DEF800502D0E02E0E2
:10851000DEF800502D0FED071FBF4DF27075C0F64D
:10852000000555F82350CEF804501CF804500126DD
:1085300045EA0E05E9601CF8031041EA0E014D689A
:1085400066F30F054D601CF8041041EA0E014D68FA
:1085500066F30F054D608675506840F0010050606D
:10856000506840F0020050601CF8040040EA0E0021
:10857000016841F0010101601CF80300002340EA9A
:108580000E00016841F001010160BDE8704018462D
:108590007047000000294FF0FF3318BF002A00F099
:1085A0009A80837D002B1EBF4FF0FF331846704723
:1085B000F0B5D0F804C04DF2C07E0024C0F6000E25
:1085C000C4F20204DCF8043023F00103CCF80430D8
:1085D000DCF8043023F00203CCF8043083681EF882
:1085E0000350072B2E5926F001062E51C5681EF8A0
:1085F0000560375927F0010737514FF0000686759F
:108600000DD8012646EA8307BE40276837421FBFC0
:108610004DF25076C0F6000656F823606660072BD0
:1086200024D8DFE803F00406090C0F121518266899
:1086300013E02668360910E02668360A0DE0266841
:10864000360B0AE02668360C07E02668360D04E093
:108650002668360E01E02668360FF6071FBF4DF27A
:108660007076C0F6000656F8236066601EF8036058
:108670002643F26001261EF805202243D1601EF831
:10868000031021434A6866F30F024A601EF8051082
:1086900021434A6866F30F024A608675DCF80400DD
:1086A00040F00100CCF80400DCF8040040F00200C7
:1086B000CCF804001EF805002043016841F00101D8
:1086C00001601EF8030000232043016841F001010E
:1086D0000160BDE8F04018467047000080B50B20EF
:1086E00004210022FAF750FA0C2001210022FAF7A7
:1086F0004BFA0D2001210022FAF746FA0E2005213F
:108700000022FAF741FA0F2005210022FAF73CFA7D
:10871000102001210022FAF737FA1120012100224E
:10872000FAF732FA122002210022FAF72DFA2F204E
:1087300002210022FAF728FA3E2002210022FAF74D
:1087400023FA182001210022FAF71EFA192001212C
:108750000022FAF719FA2B2001210022FAF714FA65
:108760002C2001210022FAF70FFA15200321002204
:10877000FAF70AFA5B2004210022FAF705FA25200D
:1087800004210022BDE88040FAF7FEB910B582B09E
:108790000446002C02BF002002B010BD2368002058
:1087A000DBB1ADF80600ADF8040001AA21896068CC
:1087B000090481614FF47A700DF1060100901846AA
:1087C0000123FBF7B1FA00281ABF0020ADF804001E
:1087D000BDF80400616822898A6102B010BD000002
:1087E000B0B5044665687DB1286800281CBFA16843
:1087F000002909D0FFF7CAFF28812889A881A0682D
:10880000FFF7BEFA0020B0BD4FF0FF30B0BD000052
:10881000406800281EBF00680028FFF7B7BF4FF070
:10882000000070474068002814BF0089002070478E
:108830004168002904BF4FF0FF3070470020888056
:10884000887208818881C1E90400087670470000B9
:10885000F0B581B004466668E6B3B07A41F204052B
:10886000CEF20005B8B1307EFF2804D00130C3B28B
:108870003076032B30D3A06830B1FFF75DFAA068E3
:10888000FFF78AFA0020B07200200421042330761A
:1088900020462A682BE000203076A068D0B12F68EF
:1088A000FFF756FAA068311DB21DFFF787FAB8B17D
:1088B0006668002E1CBFA068002806D0FFF73CFAAF
:1088C000A068FFF769FA0020B0722A6820460421E8
:1088D00000230CE001B0F0BD2A682046032106E029
:1088E0002A68012000217261B072D31B204601B0BA
:1088F000BDE8F040FFF704BAB0B504466568002D46
:108900001CBFA068002806D0FFF716FAA068FFF782
:1089100043FA0020A87241F2040004210323CEF29E
:10892000000002682046BDE8B040FFF7E9B900004A
:10893000F0B581B004466568002D1CBFA068002812
:1089400016D0A97A012913D141F20406CEF200060D
:108950003768FFF7F1F9E888022128810020A87222
:1089600020463268D31B01B0BDE8F040FFF7C8B91C
:1089700001B0F0BD48439FED0E2A9FED0E1A80B264
:1089800003EE100AB8EE433A03EE020AB4EEC10A4F
:10899000F1EE10FAA2BF9FED081A30EE010A7047FF
:1089A000B5EEC00AF1EE10FAB8BF30EE010A70471A
:1089B000DB0FC938DB0FC940DB0FC9C0406800F0CE
:1089C0000BB800004068002804BF00207047807A80
:1089D000002818BF01207047002804BF9FED110A2E
:1089E000704782898A1AB2F5C04F02DD9FED0E0AE8
:1089F00004E012F5C04F08DA9FED0C0A90ED041A5E
:108A000030EE010A80ED040A01E090ED040A9FEDCA
:108A1000081A02EE101AB8EE422A818102EE010A0B
:108A2000704700BF00000000DB0FC9C0DB0FC9406A
:108A3000DB0FC9382DE9F04794B0F9F7FBFF0024AC
:108A400000200C94CDE90A44CDE908440594CDE911
:108A50000344CDE90144FAF7CDF901204FF4803108
:108A600003250690079102210D91CDE90E501420A7
:108A7000CDE9100106A8CDE91211FAF7A1FD20B148
:108A8000EFF3108072B600BFFEE70F200421CDE99E
:108A9000010501A8CDE903440594FAF7B5FB20B11F
:108AA000EFF3108072B600BFFEE7FDF7BBFBFDF7EA
:108AB00003FBFDF73BFDFDF733FFFDF751FBFDF732
:108AC0005FFDFDF7B5FDFDF76FFEFDF79DF9FDF7C5
:108AD000C7FCFDF7E7FCFDF707FDFDF735F9FDF7EE
:108AE00025FAFDF785FAFDF741FCFDF777FCFDF768
:108AF00071FDFDF7CDFAFFF7F1FD40F204004DF6F0
:108B00008361C2F20000C4F21B310068A0FB0101C6
:108B1000880C03F0AFF940F69024C2F2000420461E
:108B2000FAF752F918B1EFF3108072B6FEE740F68B
:108B3000CC25C2F200052846FAF746F918B1EFF342
:108B4000108072B6FEE740F60838C2F200084046D0
:108B5000FAF73AF918B1EFF3108072B6FEE70A207F
:108B6000F9F7C8F940F2CC477F21C2F20007384636
:108B7000F7F764FD40F238567F21C2F20006304616
:108B8000F7F75CFD40F2A4597F21C2F20009484684
:108B9000F7F754FD40F2106A7F21C2F2000A5046F6
:108BA000F7F74CFD3846F8F7FBF8386820270760E0
:108BB0003046F8F7F5F8306807604846F8F7F0F8FF
:108BC000D9F8000007605046F8F7EAF8DAF8000034
:108BD0000760FEF793FE00200027FEF769FE00F015
:108BE000A7F90020142164223223FEF76FFE00282B
:108BF00000F0FB800020FEF75BFE816B40F2A806D0
:108C0000C2F20006B164816B0289511AA6F85410B1
:108C10000189A6F84210816CF164816C4289511A75
:108C2000A6F856104189A6F84410816D31658289F5
:108C3000511AA6F858108189A6F846100169F16505
:108C4000416931668069706640F20030C4F201000B
:108C5000016801F0010231603271C1F300227271CA
:108C6000C1F38431F180816801F0010271613276D3
:108C7000C1F300227276C1F384317183C06800F0C1
:108C80000101B06286F82C10C0F3002186F82D1087
:108C9000C0F38430F08594F83A00306195F83A00DA
:108CA000706298F83A00B06340F2A000C2F200008F
:108CB0000188B1874188F1878088A6F84000F7F7DE
:108CC0007FFC4FF090404FF4004101220125F9F75D
:108CD000ABFD40F6004004210122C4F60000F9F784
:108CE000A3FD02F059FD0020FEF7E2FDC06E03F087
:108CF00057F840F6F0440021C2F200042046FCF789
:108D0000C5FA20460421FCF7C1FA20460821FCF7E9
:108D1000BDFA20460021FBF757FA20460421FBF755
:108D200053FA20460821FBF74FFA20460C21FCF7A6
:108D3000ADFA2046FBF7DEFB06AC86F8F87086F845
:108D4000F97086F8FA7086F8FB7086F8FC70C6F841
:108D50000071204600F0DEFF40F202100121CFF644
:108D60000070CDF81F004FF6FF70ADF823002046CD
:108D700000F0B2FF86F8F95000F0EAFE017986F8BB
:108D80000411C17986F80711817A86F80A114179B0
:108D900086F80511017A86F80811C17A86F80B1158
:108DA000817986F80611417A86F80911007B86F8E8
:108DB0000C010020FEF77CFDC46E9FED0E0A2046DC
:108DC000FEF7B4FF49F6E060C4F24B00C6F8EC00D1
:108DD000C6F8E8002046FEF76FFF01F023F9FDF723
:108DE000EFF901F035F900BFFEE7EFF3108072B63E
:108DF000FEE700BFE09E4B40002818BF002969D065
:108E00009FED351AB4EEC10AF1EE10FA0CDB9FEDBE
:108E1000332A00BF30EE020AB4EEC10AF1EE10FAB6
:108E2000F8DA01E030EE010AB5EEC00AF1EE10FA10
:108E3000F8DB10B59FED2A1A9FED2A2A9FED2B4AE9
:108E40009FED293A4DF6FC14C0F6000420EE010A0D
:108E500030EE021AB4EEC41A31EE032AF1EE10FA23
:108E6000B8BFB0EE412ABCEEC21ABCEEC03A13EE57
:108E7000103A11EE10EAB8EE433AB8EE411A5A1C15
:108E8000DBB20EF1010C30EE430AD2B204EB8303E5
:108E90005FFA8CFC04EB820293ED004A5FFA8EF3DA
:108EA00092ED005A04EB8C0204EB830393ED003A3D
:108EB00092ED006A35EE445A05EE004A81ED004A13
:108EC00032EE410A36EE431A01EE003A80ED003AE6
:108ED000BDE81040704700BFDB0FC940DB0FC9C0C1
:108EE00083F9224200008042000080C300008043DA
:108EF00043F2E050C2F2000090ED000A704700001B
:108F000043F21460C2F2000090ED000A70470000C6
:108F100043F24060C2F2000090ED000A704700008A
:108F200043F24060C2F2000090ED000A704700007A
:108F30002DE9F04182B00546002D77D04DF60800AE
:108F400043F210540227C0F60000C2F20004007D74
:108F500020702046677000F06FFC204600F00AFD8C
:108F600040F2A80800264FF07C50C2F2000888F8B2
:108F7000D1602773C4E904602046C4E91466C4E9DB
:108F80001666C4E91866A66600F078FB01A8FEF72D
:108F9000D3FD9DF8040088F89301FEF7D7FD9FEDFF
:108FA000271A9FED240ADFED240A88F8940143F282
:108FB000B850AC67C2F20000F0EE411A00F042FF78
:108FC00043F2EC50C2F20000067043F21460C2F2A9
:108FD00000000660E86EB0B1FEF73CFE0146E86EA8
:108FE000FEF72AFE43F24060C2F2000080ED000A64
:108FF00043F2B850C2F2000000F032FF43F2E450F6
:10900000C2F2000006809FED0E0A00200221C4F289
:10901000A0202067C8F804022046F0EE400A00F0C5
:1090200057FD43F21860C2F20000067002B0BDE8BE
:10903000F08100BF1FB7314479BD764800802244DB
:10904000000000002DE9F04F81B02DED068BA0B09F
:1090500041F2040A0446CEF2000A002CDAF80000BD
:109060001F901CBFE06E002800F0B582616F0029E0
:109070001CBFD4F87890B9F1000F00F0AC8294F8DE
:109080002010002940F0A78204F10408FEF7E2FD59
:10909000074640F2A80000EE107AC2F200003946FE
:1090A000B8EE400A80ED1F0AE06EFEF7C5FD43F200
:1090B000406BC2F2000B8BED000AE56E99F8006080
:1090C0002846FEF7E1FD284639463246FEF7CCFD3C
:1090D00043F2E4509BED009AB0EE408AC2F20000E9
:1090E0000188C7290AD80131B0EE490A018043F24C
:1090F000B850C2F2000000F0B3FE09E0DFEDEC0A68
:1091000043F2B850B0EE490AC2F2000000F0B2FEDD
:1091100043F2B85540F2A80BC2F20005C2F2000BB0
:10912000284600F06FFE43F2E0562846C2F20006E1
:1091300086ED000A00F07CFE306843F21461C2F252
:1091400000010860284600F053FE43F2EC508BED1E
:10915000370AC2F200000178012914D143F2E85025
:109160009FEDD31A9FEDD32A9FEDD33AC2F20000B0
:1091700090ED000A39EE400A80EE010A20EE020A64
:1091800080EE030A03E09FEDCD0A012101708BED13
:10919000380A43F2E8500EAD96ED001AC2F2000014
:1091A0002A1D05F10803294631EE400A8BED390AE4
:1091B00080ED009A40468BED1E8AFEF777F91CA9D8
:1091C0001BAA1AAB284600F031FD99F80C000228C2
:1091D0002DD0DFEDBA0A99ED010AB0EE481A02F07F
:1091E00071FA0138012822D89DED1C1A9FEDB42A8E
:1091F0009DED1B0AB0EEC13AB4EEC23AF1EE10FAA0
:10920000BEBFB0EEC03AB4EEC23AF1EE10FA08DAE0
:109210009DED1A3AB0EEC33AB4EEC23AF1EE10FA4E
:1092200005DB31EE000AB1EE400A8DED1A0A1C9AF8
:109230001DA9C9F8582000EE102A1B9BC9F85C3004
:1092400000EE903A1A9FC9F8607001EE107ADAF8D1
:1092500000000D901EA8F7F74BF943F21860C2F218
:109260000000017801310170C9B20A2904D300213C
:109270000170484600F0A2FB99F80C00022820D1AA
:1092800002A84946B0EE480A00F08CFE02AF0DF18C
:10929000380C8FCF079E13968CE88F00DDE908010C
:1092A000CDE914019DF838009DED0F9A8BF8D2009E
:1092B0001298CBF8D4000020CBF8F000CBF8F400E3
:1092C00015E00220B0EE489A00218BF8D200CBF8CE
:1092D000D410CBF8F010CBF8F41010918DF83800C2
:1092E0008DF84C1011918DF84E10CDE9141118A87D
:1092F00019A9B0EE490A8BED1D9A00F081FEDDED53
:10930000181A9DED191ADDED1D0A9DED1E0A17A80C
:1093100016A9FDF74BFB1798C9F864001699C9F810
:109320006810CBF88400484600F064F940F6E85035
:109330009DED160A9DED17AA40F6D452C2F2000028
:10934000C2F200020168C1B392ED002AB4EECA2A4B
:10935000F1EE10FAC4BF82ED00AAB0EE4A2A40F640
:10936000D052C2F2000292ED004AB4EECA4AF1EEC7
:1093700010FABCBF82ED00AAB0EE4A4A40F6E052B5
:10938000C2F2000292ED001AB4EEC01AF1EE10FA29
:10939000C4BF82ED000AB0EE401A40F6DC52C2F2C1
:1093A000000292ED003AB4EEC03AF1EE10FABCBF02
:1093B00082ED000AB0EE403A26E082ED00AA40F6C7
:1093C000E05240F6D053B0EE401AB0EE403AB0EE64
:1093D0004A2AB0EE4A4AC2F20002C2F2000382ED0B
:1093E000000A40F6DC5283ED00AA0023C2F200021C
:1093F00082ED000A40F6D852C2F20002136040F635
:10940000E452C2F20002136040F6D8520131C2F2B7
:109410000002016092ED005A3AEE055A82ED005AC0
:1094200040F6E452C2F2000292ED006A30EE066AA3
:1094300082ED006A42F21072914252D39FED6B7A34
:1094400034EE424A85EE075A86EE072AB5EEC05A38
:10945000F1EE10FA0BDA9FED666AB4EEC65AF1EE41
:1094600010FA0FDAB8EE006A25EE065A08E09FED12
:109470005E6AB4EEC65AF1EE10FA03DD35EE055A17
:1094800084EE054AB5EEC02A33EE411A8BED624AEE
:10949000F1EE10FA16DA9FED563AB4EEC32AF1EE69
:1094A00010FA1ADAB8EE003A22EE032A13E000BFEF
:1094B00017B7513800007042DB0FC94000000000B0
:1094C000CDCC4C3D9FED483AB4EEC32AF1EE10FAF4
:1094D00003DD32EE022A81EE021A00218BED631ABF
:1094E000016099F80C00022812D10EAD48468BEDB0
:1094F00021AA294600F04EFDDDED160A4846B0EEE1
:109500004A0A2946B0EE481A00F004F999F80C000E
:10951000012804D8484600F0B1F999F80C00DFEDB5
:10952000310A002818BF012807D0022808D19DF869
:109530004C0040B19DED110A0FE099ED010A0CE0DD
:10954000B0EE600A09E09DED170A99ED148AFEF766
:10955000FFFA78EE000A99ED150A8BED270ACBED9C
:10956000280A40F22C45B0EE491ADAF80000C2F29F
:1095700000050C90DAF800000B900B980C99401A3B
:1095800068612046DDED163A9DED173ADDED1A2AA9
:109590009DED1B2ADDED1C1AFEF766FDE06EFEF761
:1095A0008BFBDAF800000A900C980D99401A0A9982
:1095B00008440B99401A286102F050F9DAF80000CB
:1095C00001901F982860019868600198A860019830
:1095D0001F99401AE86020B0BDEC068B01B0BDE8D1
:1095E000F08F00BF00000000CDCC4C3D00401C4679
:1095F000CDCC4CBD002808BF7047017B02292AD181
:1096000090ED040AB9EE041AB1EE042A40F2A80162
:10961000C2F20001B4EEC10AF1EE10FAB4EEC20AD1
:10962000B8BFB0EE410AF1EE10FAC8BFB0EE420A80
:1096300081ED230A90ED050AB4EEC10AF1EE10FAAD
:10964000B4EEC20AB8BFB0EE410AF1EE10FAC8BFDC
:10965000B0EE420A08E09FED080A40F2A80000219F
:10966000C2F20000C0F88C1040F2A800C2F2000064
:1096700080ED240A704700BF0000000010B52DEDFA
:109680000A8B0446002C04BFBDEC0A8B10BD4DF6BE
:1096900008009FED1CBA9FED1C2A9FED1D9A9FEDBF
:1096A0001B8AC0F6000090ED000A90ED011A90EDC3
:1096B00002CA04F11800F0EE491AF0EE492A20EE31
:1096C0000B3A21EE0B0AB0EE481A23EE02AAB0EED6
:1096D000482AF0EE4A0AFEF7C7FB04F134002CEEEC
:1096E0000B0AF0EE4A0AB0EE481AF0EE491AB0EE54
:1096F000482AF0EE492ABDEC0A8BBDE81040FEF77F
:10970000B3BB00BF7C59C44517B75138D7B35DC14F
:10971000D7B35D41F0B581B02DED088B05460C4601
:10972000B0EE608AB0EE409A002D18BF002C7CD0BD
:10973000287B022804BF207D002804D09FED3D0A2D
:10974000002028655FE095F86C1004F10800B9EE80
:10975000042AB1EE043A01F0FE01022908BF05F126
:10976000140095ED040A90ED001AB4EEC20AB0EEB2
:1097700040BAF1EE10FAB4EEC21AB0EE41AAB8BF88
:10978000B0EE42BAF1EE10FAB4EEC30AB8BFB0EED2
:1097900042AAF1EE10FAB4EEC31AC8BFB0EE43BA53
:1097A000A07DF1EE10FAC8BFB0EE43AAB0B194EDBF
:1097B000060A05F13406F0EE4A0AB0EE481A3046C1
:1097C000FEF712FB94ED070A05F11807F0EE4B0ABD
:1097D000B0EE491A3846FEF707FB03E005F1340600
:1097E00005F118073846B0EE4B0AF0EE490AFEF7CD
:1097F00051FB85ED140A3046B0EE4A0AF0EE480AF5
:10980000FEF748FB286D40F2A80185ED150A05F129
:109810005402C2F20001C1F89400207D002818BF54
:1098200004F10C021068C1F89800BDEC088B01B07F
:10983000F0BD00BF0000000000281EBF4FF08041B7
:109840000022C0E9011243F20050C2F200000021E0
:10985000017043F24460C2F20000016041F28930BD
:10986000C2F20000017043F2F840C2F20000016051
:1098700043F2FC40C2F200000160704710B50028BE
:1098800076D041F28931C2F200010A78012A6FD103
:1098900043F2005EC2F2000E9EF80030002B67D04B
:1098A000027B012A64D8012B28D0032B60D143F21C
:1098B000446240F2A80CC2F20002C2F2000C14682A
:1098C000631C136043F2FC420023C2F200021268E0
:1098D000C0E9012350228CF8D12043F2F842C2F2B1
:1098E00000021268944238BF10BD0B708EF8003031
:1098F000C0E9013351208CF8D10010BD43F244621D
:10990000C2F2000213685C1C146048F29F62C0F24D
:109910000102934203D84FF08041002209E040F653
:109920003F52C0F2030293420BD800210122C4F23D
:109930002001416040F2A801C2F2000181F8D1206B
:1099400014E000220224C4F24002426040F2A80265
:10995000C2F2000282F8D14049F2E032C0F20402C1
:10996000934222BF00220A708EF8002000218160FD
:1099700010BD000010B50446002C08BF10BD9FEDBF
:109980000D0ADFED0D0AB9EE041AF1EE041A04F126
:109990008800B0EE412AF0EE612AFEF765FA002059
:1099A00084F86C00C4E91C00C4E91E00C4E920006E
:1099B00010BD00BF8FC2753C6F12033BB0B52DEDDB
:1099C000048B0446002C77D0FFF79AFAB0EE408A59
:1099D000FFF7A6FAB0EE409AFFF79AFA94F86C00F7
:1099E00003280BD002282ED0012865D194ED1E0A41
:1099F00094ED251A94ED262A002548E094ED1D0AE1
:109A00009FED301A9FED302A9FED303A04F1880027
:109A10000025F0EE480A002130EE490A20EE010A46
:109A2000B7EE001AB4EEC20AF1EE10FAB4EEC30AB1
:109A3000B8BFB0EE420AF1EE10FAC8BFB0EE430A6A
:109A400084ED1C0A1DE040F2A8009FED1D3A0021A4
:109A50000025F0EE480AC2F2000090ED280A90EDD1
:109A6000271A04F1880021EE012AB7EE001A00EE51
:109A7000002A94ED1C0AB4EEC32AF1EE10FAA8BF36
:109A80000121FEF76FFA94ED251A94ED262AB4EE23
:109A9000C02A0020F1EE10FAB4EEC01AC8BFB0EE32
:109AA000420AF1EE10FAB8BF0125002D18BFB0EE42
:109AB000410A84ED050A2061BDEC048BB0BD00BFF6
:109AC000AD472D430000704200007AC300007A4386
:109AD000B0B52DED048B05460C46B0EE608AB0EEB5
:109AE000409A002D1CBF95F86C00A04202D1BDEC3D
:109AF000048BB0BD012C06D0032C09D0022C02D15E
:109B0000D5ED1C0A0CE005F18800FEF7BDF911E067
:109B1000FFF706FADFED0D0A002085ED1D0A286724
:109B2000F7EE001A05F18800B0EE490AB0EE481AC7
:109B3000FEF77AF940F2A80085F86C40C2F2000006
:109B400080F80042BDEC048BB0BD00BF00000000F7
:109B500041F28440C2F200007047000080B582B03C
:109B6000014651B30A6843F231130020C5F24203A3
:109B70009A420AD18DF806008DF80200ADF8040073
:109B8000ADF800000A79022A01D902B080BDCB7974
:109B9000022B12D8887AFF2818BF01280DD10DF1A9
:109BA000040C0120EE460CF802000EF803004B797D
:109BB000022B9CBF087A022802D9002002B080BD87
:109BC000CA7AFF2A18BF012AF7D101220CF8032014
:109BD0000EF800208B79022B9CBF487A0228ECD823
:109BE000097BFF2918BF0129E7D101210CF80310D7
:109BF0000EF800109DF8040000281CBF9DF8050019
:109C00000028DAD09DF80610002000291CBF9DF81E
:109C100000100029B9D09DF801000028CDD09DF892
:109C20000200002818BF012002B080BD70B50028D6
:109C300008BF70BD41F2883CC2F2000C9CF800C025
:109C4000BCF1000F3BD041F2844C0029C2F2000C61
:109C50009CF808E09CF809409CF90B509CF90C60BA
:109C600000EB8E0E00EB840401EE106A03EE105A36
:109C700094ED000A9EED002AB8EEC11AB8EEC33A80
:109C80000FD09CF8076000EB86009CF90A6090ED0D
:109C9000004A05EE106AB8EEC55A24EE054A81ED79
:109CA000004A002A1CBF22EE032A82ED002A002B64
:109CB0001EBF20EE010A83ED000A70BD70BD0029B1
:109CC0001CBF06680E60002A1CBF41681160002B93
:109CD0001CBF8068186070BDB0B504460D467CB1ED
:109CE000012D0DD12046FFF739FF012808D194E856
:109CF0000F0041F28445C2F200050FC5012003E0C8
:109D0000002D18BFB0BD002041F28831C2F2000121
:109D10000870B0BD002808BF704743F2311140F20F
:109D20000012C5F24201C0F20202016001218172FB
:109D30000172C172426002224272017300214173BA
:109D40007047000000281CBF4268002A4FD080B531
:109D500084B001AA82EC030A41F28832C2F2000206
:109D60001278CAB141F2844C01AAC2F2000C9CF8EC
:109D7000043002EB830383ED000A9CF8053002EB0C
:109D80008303C3ED000A9CF8063002EB830282EDE8
:109D9000001A01AA92EC030A02EE101A40F2A80C73
:109DA000B8EE422AC2F2000C20EE823A20EE020AFD
:109DB00021EE021ABCEEC32ABCEEC00ABCEEC11AE8
:109DC00010EE101AB8EE400A12EE102A11EE103AF8
:109DD000B8EE422A8CED2E0AB8EE410A8CED2F2AFD
:109DE0008CED300A01F012FA04B0BDE880407047F3
:109DF000002814BF90ED070A9FED010A704700BFCD
:109E000000000000002804BF9FED060A70479FED88
:109E1000060A90ED011A9FED052A21EE000A80EE58
:109E2000020A70470000000000007042DB0FC940CA
:109E3000002814BF90ED000A9FED010A704700BF93
:109E400000000000002808BF7047002100F10C024C
:109E5000C0E90011816082EC040AC1617047000012
:109E600000281FBF80ED000A0021C0E90111C16177
:109E700070470000002800F08480F5EEC00AF1EE83
:109E800010FAD8BF704790ED001A9FED3E2A30EED1
:109E9000410AB4EEC20AF1EE10FA08DD9FED3A3A3B
:109EA00030EE030AB4EEC20AF1EE10FAF8DC9FEDD0
:109EB000372AB4EEC20AF1EE10FA08DA9FED343A0E
:109EC00030EE030AB4EEC20AF1EE10FAF8DB80EDD0
:109ED000070A90ED043A90ED022A20EE033A03EED1
:109EE000202A80ED022A90ED063AB4EEC32AB0EEA5
:109EF000434AF1EE10FA0ADCB1EE434AB4EEC42A4A
:109F0000F1EE10FAB8BFB0EE442AB0EE424A80ED4E
:109F1000024A90ED035A90ED052A20EE050A34EE30
:109F2000004AB4EEC24AF1EE10FA06DCB1EE422A63
:109F3000B4EEC24AF1EE10FA1BDA32EE400A80EDBE
:109F4000012AB4EEC30A80ED020AF1EE10FA04DD34
:109F5000B0EE430A80ED020A0FE0B1EE433AB4EEF0
:109F6000C30AF1EE10FAB8BFB0EE430A80ED020A60
:109F700003E0B0EE442A80ED014A02EE201A80EDA3
:109F8000001A7047DB0F4940DB0FC9C0DB0F49C027
:109F9000DB0FC940002808BF704700291CBF40697B
:109FA0008860704791ED052AB1EE041AB4EEC12A1B
:109FB000F1EE10FA0ADCB9EE043AB0EE421AB4EE51
:109FC000C32AF1EE10FAB8BFB0EE431A81B00221F5
:109FD00001709DF80310C170BDF80110A0F80110C8
:109FE000002180ED010A80ED021AC0E90611817599
:109FF0008182C0E9031101B070470000FEF7FCBE8A
:10A00000FFF7FCBFEFF3058100291CBF6FF00500CF
:10A010007047002804BF0020704780B502F088F91F
:10A02000002080BDEFF3058000281CBF6FF0050005
:10A03000704740F27400C2F20000016800291CBFA2
:10A040004FF0FF3070470121016000207047000091
:10A0500010B5EFF3058000281EBF6FF00504204601
:10A0600010BD40F27400C2F20000016801291EBF59
:10A070004FF0FF34204610BD4EF61F510024CEF2A3
:10A0800000010C700221016002F06CFA204610BD44
:10A09000F0B585B000238C4600280493EFF30581CA
:10A0A0003BD0D1BB42B19469002C08BF1824611E7B
:10A0B000372911D9002330E000218023182404AA75
:10A0C000CDE900429AB2634602F046FE01281ABF6B
:10A0D00000230493049B20E01179C9071CD1116867
:10A0E000D2E9025756694FEA960E002E734608BF12
:10A0F0008023ADB100235C2F0FD3002E1CBF12694B
:10A10000002A0AD0CDE9004272466346029502F069
:10A1100091FE0346049300E00023184605B0F0BD0D
:10A120000FB10023F9E71269002AC8D00023F4E731
:10A13000B0B505460C460DB3002C18BF002A1DD043
:10A1400040F22840C2F200000078002808BFB0BDED
:10A15000506840B110464FF4FA614FF4FA624FF480
:10A16000FA6301F053F828462146FDF7BFF940F2A3
:10A17000A8000421C2F2000080F80F11B0BD000059
:10A180002DE9F04F81B02DED068B84B005461446C5
:10A19000002D00F00B84002918BF002C00F006846D
:10A1A00040F22A40C2F200000078002800F0FE834E
:10A1B0002846FDF79BF92968B5F9040043F2196BAD
:10A1C00043F2346643F2E847C2F2000BC2F20006E3
:10A1D000C2F20007CA68CB69C96A801AB5F90620BD
:10A1E00002EE100A9BF80000D21AB5F9083001EE11
:10A1F000102A0028A3EB010100EE101AB8EEC08A65
:10A20000B8EEC19AB8EEC2AA31D001280DD002280A
:10A210004FD143F21C6543F2E043C2F20005C2F2A3
:10A22000000305F108012A1D04E0321D06F10801B2
:10A2300035463B4695ED000A022830EE0A0A85EDC8
:10A24000000A92ED000A30EE090A82ED000A91ED53
:10A25000000A30EE080A81ED000A196801F10101D7
:10A26000196000F0BA80012800F0318108BB6068F5
:10A2700040B120464FF4FA614FF4FA624FF4FA63AA
:10A2800000F0C4FF43F24860C2F20000016819B355
:10A2900043F2E44243F22863C2F20002C2F2000336
:10A2A000126893ED002A93ED011A93ED020A013230
:10A2B00026E06068002800F0798320464FF4FA61B8
:10A2C0004FF4FA624FF4FA6304B0BDEC068B01B0B0
:10A2D000BDE8F04F00F09ABF43F228629FEDE20A1A
:10A2E0000023C2F20002C2E90033936043F2E44269
:10A2F000C2F2000213600122B0EE401AB0EE402A12
:10A3000043F2286332EE0A2A31EE091A30EE080AC7
:10A310000131C2F20003B1F57A6F016083ED002ACA
:10A3200083ED011A83ED020A43F2E443C2F2000313
:10A330001A60C0F03B8343F21C62002143F2F643F3
:10A34000C2F20002C6E90011B160C2F20003C2E924
:10A350000011916043F2E042016043F2F85039602D
:10A36000C2F20000C2F20002116043F2EC42007837
:10A37000C2F20002117040F2A8020121C2F20002F2
:10A380008BF8001082F80D011B7882F80E3182F8EC
:10A390000F116168002900F0098343F2F4414FF482
:10A3A000FA6302284FF4FA62C2F200010F884FF4F8
:10A3B000FA61CDE9013303930BD807F5FA6140F652
:10A3C0009F7201AB914238BF0A4601A941F8202093
:10A3D0000ECB204600F01AFFE8E2606843F2F44931
:10A3E00043F2F85AC2F20009C2F2000A08B3B9F8FF
:10A3F00000109AF800004FF4FA6300254FF4FA6257
:10A40000CDE901330393B1F5FA6F38BFC1F5FA65B1
:10A4100002284FF4FA6109D840F69F7101AA01ABF6
:10A420008D4238BF294642F820100ECB204600F05E
:10A43000EDFE43F2486041F27072C2F20000016822
:10A44000013191420160C0F0B18243F2EC41C2F2AD
:10A4500000010A7801320A70D1B2012900F2A1800C
:10A46000002140F2A80243F2F64301609AF800008E
:10A470000121C2F20002C2F200038BF8001082F840
:10A480000D011B7882F80E3182F80F1161680029E6
:10A4900000F08C82B9F800704FF4FA6302284FF490
:10A4A000FA624FF4FA61CDE9013303930BD807F553
:10A4B000FA6140F69F7201AB914238BF0A4601A98A
:10A4C00041F820200ECB204600F0A0FE6EE260682E
:10A4D00043F2F44543F2F857C2F20005C2F2000716
:10A4E000D8B138782E884FF4FA634FF4FA624FF4FB
:10A4F000FA61CDE90133039302280BD806F5FA611E
:10A5000040F69F7201AB914238BF0A4601A941F85B
:10A5100020200ECB204600F079FE43F2486141F244
:10A520007072C2F200010868013090420860C0F009
:10A530003D823F7840F2A802002043F2F6430860D3
:10A540000221C2F20002C2F200038BF8001082F86E
:10A550000D711B7882F80E3182F80F1161680029A5
:10A5600000F0248229884FF4FA634FF4FA62CDE9AF
:10A5700001330393B1F5FA6F38BFC1F5FA60022FCA
:10A580004FF4FA6109D840F69F7101AB884238BF99
:10A59000014601A840F827100ECB204600F036FEF9
:10A5A00004E23A6843F2F648C2F2000898F8001054
:10A5B000002A1FBF43F2E043C2F200031B68002BD6
:10A5C0003DD043F21C659AF8007096ED005A96ED66
:10A5D000016A96ED027A00EE103A40F2A80304EE0A
:10A5E000102AC2F20005C2F2000395ED001A95EDA3
:10A5F000012A95ED023AB8EE400AB8EE444A07EB5C
:10A60000C70285EE045A86EE046A03EB820201EB70
:10A61000410381EE001A82EE002A83EE000A87EEE3
:10A62000043A02EB830235EE411A36EE422A33EE4B
:10A63000400A82ED441A82ED452A82ED460A4F1CFB
:10A64000F9B288F80070022910D84DF65402C0F60D
:10A65000000232F8111000228BF800200260A9F8E5
:10A6600000109AF8001093E1000000009AF8001022
:10A6700040F2A80CC2F2000C01EBC10300290CEB64
:10A68000830393ED472A8DED012A93ED481A8DED52
:10A69000021A93ED490A8DED030A09D043F2D85707
:10A6A0000023C2F20007FE5C6EB101338B42FAD385
:10A6B000B2EE003AB4EEC32AF1EE10FACCBF00239A
:10A6C000FF2311B90CE0FF2351B143F2D856002704
:10A6D000C2F20006F25D012A16D001378F42F9D38B
:10A6E000B2EE003AB4EEC31AF1EE10FA0CDDFF2B15
:10A6F00042D001AA02EB830292ED003AB4EEC31AF3
:10A70000F1EE10FAC8BF012351B143F2D856002729
:10A71000C2F20006F25D022A1CD001378F42F9D343
:10A72000B2EE003AB4EEC30AF1EE10FA12DDFF2BDE
:10A7300026D001AA02EB830292ED003AB4EEC30ADE
:10A74000F1EE10FAC8BF0223EBB99FED9B3AFF2749
:10A7500099BB3DE0FF2B14D143F204520023C2F217
:10A760000002136043F2F742C2F200021378002B9A
:10A7700004BF02231370AAE001230029C5D1CFE74B
:10A780000223002BE1D059B19FED8B3A43F2D8560A
:10A790000027C2F20006F55DBDB301378F42FAD340
:10A7A000B2EE003AB4EEC32AF1EE10FA2BDD002728
:10A7B000B0EE423A012B2BD051B143F2D8550026CE
:10A7C000C2F20005AA5D012A1AD001368E42F9D3E1
:10A7D000B2EE002AB4EEC21AF1EE10FA10DDA7F1C3
:10A7E000FF06B4EEC31A0022B6FA86F6F1EE10FAAE
:10A7F000C8BF0122760932431CBFB0EE413A01279F
:10A80000022B29D004E09FED6C3AFF27012BD3D116
:10A8100051B143F2D8550026C2F20005AA5D022AC2
:10A820001AD001368E42F9D3B2EE001AB4EEC10A44
:10A83000F1EE10FA10DDA7F1FF06B4EEC30A002214
:10A84000B6FA86F6F1EE10FAC8BF01227609324355
:10A850001CBFB0EE403A022701AA9FED581A9FEDA7
:10A86000582A02EB830292ED000A43F20452C2F22C
:10A870000002B4EEC13AF1EE10FA80EE034AB5EEF2
:10A88000C00AB8BFB0EE424AFF2F08BFB0EE424A3E
:10A89000F1EE10FA82ED004A43F2D852C2F2000201
:10A8A000535443F2DB534FF0FF32A8BF0122C2F2F0
:10A8B00000035A540CEB810282ED5F0A43F2CC4252
:10A8C000C2F200021378013313708CF8FC300131AE
:10A8D0004FF4C8720027A9F80020CAB28AF8001005
:10A8E00088F80070032A3DD343F2FC55C2F20005FC
:10A8F0002846FFF70FFA43F2D8508DF80670ADF8EE
:10A900000470C2F200000178E97143F2DB51C2F237
:10A9100000010A78AA724FF48072AA804278807887
:10A920002A724A78EA720222AA71687288782873B9
:10A930002846FFF713F9012819D1E87901A9012266
:10A940000A54287A0A54687A0A549DF8040070B1AF
:10A950009DF8050000281CBF9DF80600002806D0C1
:10A9600003200EE08BF800700760002210E043F235
:10A97000F740C2F200000178002904BF03210170F2
:10A98000042098F800709AF8001003228BF8000059
:10A9900040F2A800C2F2000080F80D1180F80E719C
:10A9A00080F80F21606800287FF487AC04B0BDEC0C
:10A9B000068B01B0BDE8F08F000000006F12833AF3
:10A9C0000000C642F0B581B0044601F097FB45F2A5
:10A9D000606040F6E067C2F20000C2F20007016862
:10A9E00001310160396869B145F6F450C2F20000E6
:10A9F0000068002841D13868E16AC06A884298BF7F
:10AA00003C603AE03C600068012836D140F6F866C8
:10AA10000025C2F2000600BF701901F02BFB1435AF
:10AA2000B5F58C6FF8D145F65855C2F200052846A9
:10AA300001F020FB45F66C56C2F20006304601F0EC
:10AA400019FB45F6A050C2F2000001F013FB45F6D9
:10AA50001460C2F2000001F00DFB45F60060C2F286
:10AA6000000001F007FB40F6E860C2F2000005605C
:10AA700040F6F060C2F20000066045F26C60C2F27F
:10AA80000000016801310160616445F27061C2F249
:10AA90000001E06A0A68904288BF086040F6F861E9
:10AAA00000EB8000C2F2000101EB8000211D01F0EB
:10AAB0000FFB01F049FB45F6F450C2F200000068BC
:10AAC00078B13868E16AC06A88420AD24EF604500A
:10AAD0004FF08051CEF200000160BFF34F8FBFF303
:10AAE0006F8F01B0F0BD000070B582B001F006FBC1
:10AAF00045F62C66C2F20006306858BB45F62C5469
:10AB0000C2F20004204601F0B5FA45F64055C2F203
:10AB10000005284601F0AEFA40F6E46040F6EC523B
:10AB200040F68C631021C2F20000C2F20002C2F2B1
:10AB30000003046040F6F460C2F2000005600020EB
:10AB400000900A2001F07CFE002830601CBF04A1A8
:10AB500001F090FB02B0BDE8704001F0F5BA00BF13
:10AB6000546D7251000000002DE9F04745F2646514
:10AB700040F6F86A4EF6045845F6146745F26066EA
:10AB80004FF08059C2F20005C2F2000ACEF200086E
:10AB9000C2F20007C2F2000603E000BF204601F047
:10ABA000EBFA2868D0B101F0A9FAF868C468201D52
:10ABB00001F02EFA306801383060286801382860CA
:10ABC00001F0C2FA94F8590020B10128E6D0022819
:10ABD000E7D00EE0206B01F0CFFADFE7DAF80000F3
:10ABE0000228DED3C8F80090BFF34F8FBFF36F8FFA
:10ABF000D7E74FF0100080F31188BFF36F8FBFF3DA
:10AC00004F8F00BFFEE7000008480068006880F32F
:10AC100008884FF0000080F3148862B661B6BFF375
:10AC20004F8FBFF36F8F00DF00BF00BF08ED00E064
:10AC30002DE9F04F85B0824602F08AF940F6DC69D2
:10AC40000546C2F20009D9F80000854242D240F61A
:10AC5000E464C2F200042068016891B345F62C6BED
:10AC6000C2F2000BC068C768D0F800803E1D3046B5
:10AC700001F0CEF9396A3846884797F8280040072E
:10AC80001BD5B8694044404506D978603F613146DC
:10AC9000206801F0FFF910E0DBF8000018B3002095
:10ACA000CDE90108039702F03FF9DBF8000001A9A4
:10ACB0000022002301F034FEA8B1206801680029B9
:10ACC000D0D140F6F461C2F200010A6808600120A8
:10ACD000226000E00020CAF80000C9F800502846B1
:10ACE00005B0BDE8F08F4FF0100080F31188BFF37E
:10ACF0006F8FBFF34F8F00BFFEE7000081B00020D1
:10AD0000009040F25000C2F2000000684FF01001C5
:10AD100081F31188BFF36F8FBFF34F8F013001D0E4
:10AD2000FEE700BF00980028FCD001B0704700008B
:10AD30002DE9F04F89B040F6E46A40F6F46945F633
:10AD40002C6801AC6E46C2F2000AC2F20009C2F2DF
:10AD50000008A1E00020CDE9050B079702F0E4F818
:10AD6000D8F8000005A90022002301F0D9FD002831
:10AD700000F0FB80396A3846884740F6F469C2F231
:10AD8000000903E000F0FE0087F82800D8F8000072
:10AD90002146002201F0CAFE002800F07D800198C3
:10ADA000B0F1FF3F06DCDDE90220049990470198ED
:10ADB0000028EBDB039F786900281CBF381D01F0D9
:10ADC00027F93046FFF734FF01990929DED8DFE87B
:10ADD00001F00505053A3D5905053A3D97F828105B
:10ADE00041F0010187F82810391DBD69029AAB189E
:10ADF00083427B603F6104D9904239D2934203D2AF
:10AE000036E0801AA84238D3396A3846884797F81E
:10AE100028004007BAD5D8F80020B8690299002A5E
:10AE200000F0AD80002208440592CDE9060702F04B
:10AE30007BF8D8F8000005A90022002301F070FD7E
:10AE40000028A3D19BE097F828009BE797F82810EB
:10AE500041F0010187F8281002990029B96100F03A
:10AE600098800A18394641F8042F82423F6104D97C
:10AE7000DAF8000001F00EF988E7D9F8000001F0D7
:10AE800009F983E797F8280010F0020F7FF47AAFF2
:10AE9000384601F071F979E7DAF800004FF0000B5D
:10AEA0000768002F1CBFC068D0F800B001F0ACFBF1
:10AEB0002046FFF7BDFE0546019818B102F0A6F93D
:10AEC00064E700BFB7B15D4514D302F09FF9DAF82B
:10AED0000000C068C76807F10409484601F098F807
:10AEE00097F8280010F0040F23D100F0FE0087F837
:10AEF00028003FE700222FB9D9F800000068B0FA17
:10AF000080F04209D8F80000ABEB050101F0ECF944
:10AF100002F07CF900287FF439AF4EF604504FF070
:10AF20008051CEF200000160BFF34F8FBFF36F8FEF
:10AF30002CE7B86900EB0B01A94279603F6102D9A7
:10AF4000DAF8000008E0A5EB0B01814208D240F6D8
:10AF5000F460C2F200000068494601F09BF809E77E
:10AF6000D8F8000000287FF4F5AE4FF0100080F311
:10AF70001188BFF36F8FBFF34F8F00BFFEE74FF015
:10AF8000100080F31188BFF36F8FBFF34F8F00BFA6
:10AF9000FEE74FF0100080F31188BFF36F8FBFF30F
:10AFA0004F8F00BFFEE70000F0B581B0044601F00E
:10AFB000A5F894F94560012E10DB04F1240500BFCB
:10AFC000286858B1284602F0D5F8002818BF01F0CB
:10AFD00017FA71B2701E01290646F1DCFF2684F8CB
:10AFE000456001F0B1F801F089F894F94470012F3F
:10AFF00010DB04F1100500BF286858B1284602F0A4
:10B00000B9F8002818BF01F0FBF979B2781E0129C0
:10B010000746F1DC84F8446001B0BDE8F04001F07F
:10B0200093B80000F0B581B0044601F0EDFA40F6A7
:10B03000EC67C2F20007396809B345F65451C2F211
:10B0400000010978002918BF4FF00041002C00F0E2
:10B050007E8011EA04007AD1083414F0070148D048
:10B06000C1F10800044414F0070F42D04FF0100063
:10B0700080F31188BFF36F8FBFF34F8FFEE743F26A
:10B08000546645F6F8550020C2F20006C2F20005EB
:10B09000F31D16F00702314623F0070318BF1946C7
:10B0A0009B1B4FF40056002AC5E9001018BFC3F5DA
:10B0B00000568A19083A22F007023A60C2E90000F5
:10B0C000501A48603A680A6045F68851C2F2000199
:10B0D000086045F68051C2F20001086045F6545000
:10B0E0000121C2F2000001704FF00041002CB0D1EC
:10B0F0002DE045F6805E611EC2F2000EDEF8000013
:10B10000814224D245F6F856C2F20006316800BFEB
:10B1100032460E467368A34202D231680029F7D145
:10B120003868864213D03068D2F800C010601A1B0D
:10B13000112A43D3331913F0070F1CD04FF010001E
:10B1400080F31188BFF36F8FBFF34F8FFEE702F0DC
:10B150005DF800F08BFF0024600702BF204601B0BD
:10B16000F0BD4FF0100080F31188BFF36F8FBFF375
:10B170004F8F00BFFEE75A60746045F6F854C2F284
:10B18000000400BF224614689C42FBD3516850184B
:10B19000984201D05D6803E0586813464518556031
:10B1A0005819A04206D1386884421FBF60682844FD
:10B1B000586024689A421C6018BF136045F6885294
:10B1C0007068DEF800100CF10804C2F20002136887
:10B1D000091ACEF80010994238BF116045F6545153
:10B1E000C2F20001097800294FF0000118BF40F0B9
:10B1F0000040C6E9001045F69450C2F20000016814
:10B200000131016002F002F8A6E7000000281CBF2F
:10B21000D0F800C0BCF1000F06D0DCF800C0BCF1D3
:10B22000000F08BF7047604770470000704700007C
:10B2300070470000002808BF7047D0F804C0BCF178
:10B24000000F1CBFDCF800C0BCF1000F37D080B588
:10B2500090F80CE0BEF1020F09D0BEF1010F0AD048
:10B26000BEF1000F04BF89B2CCF8341006E089B2F9
:10B27000CCF83C1002E089B2CCF83810417B0029B0
:10B28000BDE8804007D0012909D0022904BF91B24E
:10B29000CCF83C1006E091B2CCF8341002E091B248
:10B2A000CCF83810807B58B1012802BF98B2CCF896
:10B2B00038007047022804BF98B2CCF83C007047B1
:10B2C00098B2CCF8340070474AF6FD4321F00101F2
:10B2D0004FF0807CC0F6000340E903316FF00201BB
:10B2E00040F804CC40E9091244387047B0B52DED60
:10B2F000108B84B004464DF60800B0EE60AAB7EE9D
:10B3000000FAB0EE418AB0EE409AC0F60000B5EE09
:10B3100040AA90ED03EAF1EE10FACFEE0E8A5DD16D
:10B320009FEDE30A9FEDE31A9FEDDC3AB5EEC09A7C
:10B330009FEDDB4A4AF6AB21F1EE10FAC2F6AA21E4
:10B3400038EE002A9FEDDC0A32EE011AB8BFB0EEEB
:10B35000412AB4EEC32A32EE000AF1EE10FAB8BF69
:10B36000B0EE420A9FEDCF2A20EE041ABDEEC11ABC
:10B3700011EE100A50FB01F101EBD17101EB41011B
:10B38000A0EB410502A803A901EE105AB8EEC11ABC
:10B3900001EE020AFEF734FE9FEDBD1AB0EEC90AB7
:10B3A0009DED032A9FEDC03A9DED025ABEEE004A84
:10B3B00020EE28FA9FEDBD0AB4EEC1FAF1EE10FAC4
:10B3C000C8BFB0EE41FA22EE041A2FEE033A05EEA2
:10B3D000001A23EE020A23EE011AA1E0684601A931
:10B3E000B0EE480AFEF70CFE9DED010A9DED001A35
:10B3F00020EE0ACA21EE0ABA01EE09CA00EE49BAE5
:10B400002CEE0CDA0BEE0BDAB0EE4D0A02F016F968
:10B41000B4EE400AF1EE10FA03D0B0EE4D0A02F09D
:10B420000DF928EE800AB4EECF0AF1EE10FA11DC25
:10B430009FED97FAB4EECF0AF1EE10FA08DD9FED1A
:10B44000951A9FED952A30EE010A00EE02FA01E00E
:10B45000B0EE40FAB0EE4C0AF0EE4B0A01F0C6FF37
:10B46000B0EE40BA02A803A9B0EE480AFEF7C8FD44
:10B470009DED031A9DED022A21EE0A0A62EE0A0AE8
:10B4800002EE090A41EE490A01F0B0FF9FED831A6E
:10B490009FED832AB5EEC00A4AF6AB21F1EE10FA11
:10B4A000C2F6AA21B5EEC0BA30EE013AB8BFB0EE8E
:10B4B000430AF1EE10FA20EE020A9FED7A2ABDEE61
:10B4C000C00A10EE100A3BEE010A50FB01F1B8BFB2
:10B4D000B0EE40BA01EBD17101EB4101A0EB4105A7
:10B4E00002A803A901EE105AB8EEC10A00EE02BA92
:10B4F000B0EE4B0AFEF784FD9DED031A9FED6A2A1C
:10B500009DED020A9FED694ABEEE003A21EE033A34
:10B510002FEE022A00EE043A22EE010A22EE031A6E
:10B52000B7EE002A9FED653AB6EE009A681C32EE3F
:10B53000412A32EE402AB5EEC02AF1EE10FAB8BF29
:10B54000B0EE432A052D0FD822EE092ADFE805F0D8
:10B5500003111A232C3331EE001A30EE02AAB0EE9A
:10B56000429A31EE02BA2EE0B0EE49AAB0EE49BAE4
:10B5700029E031EE000A31EE02BAB0EE429A30EE26
:10B5800002AA20E031EE001A30EE029AB0EE42BA82
:10B5900031EE02AA17E031EE000A31EE02AAB0EE57
:10B5A00042BA30EE029A0EE031EE001A30EE02BAE4
:10B5B00031EE029A05E031EE000A31EE029A30EEE9
:10B5C00002BAB0EE42AABEEE000A40F2A80503A9F4
:10B5D0003BEE00DA3AEE00CA79EE008AC2F20005CC
:10B5E000B0EECC0AB0EECD1A85ED31BA85ED32AAB7
:10B5F00085ED339AB0EEE82AB4EEC10AF1EE10FA06
:10B60000C8BFB0EE401A3BEE4A0A85ED29FAB4EE07
:10B61000C12AB0EEC00AF1EE10FAC8BFB0EE421A6D
:10B6200085ED2A1A85ED2B0A85F8D00002A8B0EE28
:10B63000480AFEF7E5FC9FED221A9DED032A9DEDD9
:10B64000023A2EEE0C0A002C0EEE680A20EE010AD9
:10B650002EEE0D1A20EE024A20EE030A01EE034AF6
:10B6600001EE420A85ED2C4A85ED2D0A1CBF218A88
:10B67000002908D02046B0EE4B0AF0EE4A0AB0EEA0
:10B68000491AFEF75FFB04B0BDEC108BB0BD00BFE4
:10B6900046B6133F46B613BFCDCC4C3FDB0FC94077
:10B6A0004576743F920A86BFD7B3DD3FD7B35D3F7F
:10B6B000DB0FC93FDB0F4940DB0FC9C000000000B2
:10B6C0003ACD133F80B52DED048B82B0B0EE609A79
:10B6D000B0EE408AB5EE409AF1EE10FA1AD19FED25
:10B6E0002A0A9FED2A2AB5EEC08AF1EE10FA31EE51
:10B6F000000A9FED241A30EE022AB8BFB0EE420ACB
:10B70000B4EEC10AF1EE10FAA4BF9FED211A30EE9B
:10B71000010A1EE0684601A9B0EE410AFEF770FC7E
:10B720009DED011A9DED002A21EE090A62EE090A3B
:10B7300002EE080A41EE480A01F058FE9FED111A88
:10B74000B5EEC00AF1EE10FA30EE011AB8BFB0EE55
:10B75000410A9FED101A4AF6AB21C2F6AA2120EE4B
:10B76000010ABDEEC00A10EE100A50FB01F101EB18
:10B77000D17101EB4101A0EB4100013002B0BDEC01
:10B78000048B80BDDB0FC940DB0FC93FDB0F494095
:10B79000DB0FC9C04576743F80B5A02000F06AFB7E
:10B7A00000F060FB41F294424FF480510020C2F25D
:10B7B0000002505241F20201505442F20401505230
:10B7C00042F20601505443F24C61C2F2000108609B
:10B7D00043F21061C2F20001086043F2F041C2F28C
:10B7E0000001086040F22C41C2F20001086048608C
:10B7F0008860C860086148618861C8610862486201
:10B800008862C862086348638863C86308644864E0
:10B810008864C86481F8500081F85100A1F8520092
:10B82000A1F8540081F8560081F857008865A1F806
:10B830005C00C1F88400C1F88800C1F88C00C1F830
:10B840009000C1F89400C1F89800C1F89C00886687
:10B8500043F25061C2F20001086080BD2DE9F04F53
:10B860008DB040F22C45C2F20005286A01302862F2
:10B8700043F2F040C2F20000016801310229016088
:10B8800002D205F1240001E143F24C680021C2F22A
:10B8900000080160D8F80070F7B14FF480503E5AAC
:10B8A00006F13400B0F5805F40D941F20202022077
:10B8B0000021B854C8F80010286B0130286341F209
:10B8C0009440C2F20000825CD2B142F20601415CB7
:10B8D000A9B105F12C00D9E041F2944041F20201F6
:10B8E000C2F20000415C41B142F20601415C002914
:10B8F00000F0B28005F12C00C8E00021ADE001218C
:10B9000001EB812200EB8207002F00F0BA8041EAB0
:10B9100081210022012300EB81004FF4805142522B
:10B9200041F202028354C8F80070465AD5F808A0C4
:10B93000D5F80C9001A83021F4F7B4FC40F22A406D
:10B9400007F5805BC2F20000007838B940F2284069
:10B95000C2F200000078002800F09E8040F2A800AB
:10B96000C2F20000B0F9541000EE101AB8EEC00A8E
:10B970008DED010AB0F9561000EE101AB8EEC00AAB
:10B980008DED020AB0F9581000EE101AB8EEC00A98
:10B990008DED030A90F80D1100EE101AB8EE400A72
:10B9A0008DED040A90F80E1100EE101AB8EE400A60
:10B9B0008DED050A90F80F1100EE101AB8EE400A4E
:10B9C000D0F8A0108DED060A0791D0F898100891D4
:10B9D000D0F88C100991D0F890100A9190ED2A1AA5
:10B9E00040F2A8008DED0B1AC2F2000090F8D100D1
:10B9F00000EE100AB8EE400A8DED0C0ABC1901A940
:10BA000030222046F4F735FC4FF0FF40342120630C
:10BA100043F25060C5F818A0C5F81C90C2F20000AF
:10BA2000C0F80090BBF80000343011FA80F1ABF898
:10BA3000000005F12800B1F5805F27D9D8F8001083
:10BA400021B341F2020202238B540021C8F80010F6
:10BA5000296B0131296319E0012101EB812200EBFF
:10BA600082078FB141EA8121002200EB81004FF46F
:10BA70008051425241F2020101224254C8F8007042
:10BA80000BE705F12C0001E005F12C000168013104
:10BA900001600DB0BDE8F08F00200024FBF708FF27
:10BAA000002818BF846F01A8214600F07FF9002804
:10BAB000A4D100200024FBF7FBFE00281CBF806FF0
:10BAC00000280BD0816D04460191C16D0291016E79
:10BAD00003910121009190ED1A0A06E09FED1B0AE7
:10BAE0000020CDE90144039400908DED040AFDF798
:10BAF0000FFA8DED050AFDF713FA00988DED060A91
:10BB0000012812D194ED1D0A8DED070A9DED051A4D
:10BB100030EE410A8DED080AFDF7EAF98DED090ACC
:10BB2000206F0A9094ED051A5AE7002407949DEDC2
:10BB3000050AB1EE400A8DED080AFDF7D9F99FED2F
:10BB4000031A8DED090A0A944AE700BF00000000BD
:10BB50002DE9F04381B040F22C4641F2944743F284
:10BB60004C69C2F20006C2F20007C2F20009B06BD3
:10BB70000130B06341F20200395C86F8501042F2A5
:10BB80000601795C86F851104FF48051795AA6F875
:10BB9000521042F20401795AA6F85410D9F8001054
:10BBA000002918BF012186F8561040F6FC11C2F298
:10BBB0000001D1F8882086F85720D1F89020B2658E
:10BBC000D1F88810212905D1F06B0130F06301B064
:10BBD000BDE8F083385C022801D1002405E042F280
:10BBE0000600385C022854D1012404EB842007EBC2
:10BBF0008005002D4DD04FF480502A5A002A48D09D
:10BC000040F6FC182946C2F200084046FAF716F83A
:10BC100000281FBFB06C0130B06401B018BFBDE890
:10BC2000F083716C05F5805003220131716441F29B
:10BC300002010088A6F85C0044EA842007EB80003B
:10BC4000425443F21060C2F200000560785C86F84E
:10BC5000500042F20600385C86F851004FF48050E4
:10BC6000385AA6F8520042F20400385AA6F8540096
:10BC7000D9F80000002818BF012086F85600D8F82F
:10BC8000880086F85700D8F89000B06501B0BDE88C
:10BC9000F083306C0130306401B0BDE8F083000007
:10BCA00070B504460D46002C18BF002D00F07780BB
:10BCB000A068FCF77DF840F22C46C2F2000686F838
:10BCC00060002878042888BF70BDDFE800F0031109
:10BCD0001D536000A86843F2F451C2F20001C6F897
:10BCE000840068680860706E0130706601203CE076
:10BCF000A86843F2F051C2F200010860C6F888005B
:10BD0000022086F85F0070BDA86843F2F051C2F2CD
:10BD10000001C6F88C0009680844C6F8900043F298
:10BD2000F450C2F2000069680068081AC6F894006E
:10BD3000D6F89400D6F89810884284BFD6F89400BC
:10BD4000C6F89800F068D6F890100844C6F89C0031
:10BD50002046FBF77FFFA6F88000B6F88000A6F823
:10BD60007E00706F01307067002086F85E0086F8F4
:10BD70005F0070BDF06E0130F0662046FCF72AF8D7
:10BD800086F85E0096F85E0086F85F0070BDB06FC2
:10BD90000130B067002086F85E0086F85F0070BD55
:10BDA0004BF6A141C0F60001FBF7BEBF70B50446DB
:10BDB0000D4684B140F20800C2F200000178FF296C
:10BDC00009D0032909D84DF6DC10C0F6000000EBBD
:10BDD000C100466807E0002070BD4DF65C060021FA
:10BDE000C0F60006017071682846884784ED000A95
:10BDF0002846F168884784ED010A2846716988471A
:10BE000084ED020A2846F169884784ED030A284632
:10BE1000716A884784ED040A2846F16A884784EDF0
:10BE2000050A2846716B884784ED060A2846F16B9F
:10BE3000884784ED070A2846716C884784ED080A14
:10BE40002846F16C884784ED090A2846716D8847B9
:10BE500084ED0A0A2846F16D8847012084ED0B0A1B
:10BE600070BD000040F208000121C2F20000017024
:10BE700070470000F4F762BB40F2A800C2F2000075
:10BE800090ED2A0A7047000040F2A800C2F20000BC
:10BE900090ED310A7047000040F2A800C2F20000A5
:10BEA00090ED320A7047000040F2A800C2F2000094
:10BEB00090ED330A7047000040F2A800C2F2000083
:10BEC00090ED1F0A70470000002814BF90ED160A7D
:10BED0009FED010A704700BF00000000002814BF5A
:10BEE00090ED170A9FED010A704700BF00000000A7
:10BEF000002814BF90ED180A9FED010A704700BF9B
:10BF000000000000002814BF90ED190A9FED010AFF
:10BF1000704700BF00000000002814BF90ED040A25
:10BF20009FED010A704700BF00000000002814BF09
:10BF300090ED1A0A9FED010A704700BF0000000053
:10BF4000002814BF90ED050A9FED010A704700BF5D
:10BF500000000000002814BF90ED050A9FED010AC3
:10BF6000704700BF0000000040F22C40C2F2000009
:10BF700090ED030AB8EE400A7047000040F2A800B6
:10BF8000C2F2000090F8D10000EE100AB8EE400AAC
:10BF900070470000FCF7ACBF002814BF90ED1C0AEE
:10BFA0009FED010A704700BF0000000040F2A800AA
:10BFB000C2F2000090ED390A7047000040F2A8007C
:10BFC000C2F2000090ED1D0A70470000FCF7A8BF08
:10BFD00040F2A800C2F2000090ED280A704700006D
:10BFE00040F2A800C2F2000090ED270A704700005E
:10BFF00040F2A800C2F2000090ED2C0A7047000049
:10C0000040F2A800C2F2000090ED2D0A7047000037
:10C01000D0E9013201699A60826853604B688342BB
:10C0200008BF4A6000220261086801380860086899
:10C030007047000045F67403C2F20003036045F246
:10C040007460C2F200000860802010607047000039
:10C0500045F6D043C2F20003036045F6D000C2F2B9
:10C06000000008604FF4807010607047F4F7A2BAC7
:10C07000F4F7A0BA00F108014FF0FF32C0E9011255
:10C08000C0E9031100210160704700000021016137
:10C090007047000080B5D1F800C01CF1010208D043
:10C0A00000F108029646DEF8042013686345F9D9CA
:10C0B00003E0D0F810E0DEF804204A609160C1F897
:10C0C00008E0CEF80410086101680131016080BD0C
:10C0D00042684A6093688B60936859609160086118
:10C0E0000168013101607047DFF80C00016841F41C
:10C0F00070010160704700BF88ED00E04FF0100054
:10C1000080F31188BFF36F8FBFF34F8F40F2500061
:10C11000C2F2000001684A1C0029026000D070478A
:10C120004EF60450CEF20000006810F0FF0F08BF7A
:10C1300070474FF0100080F31188BFF36F8FBFF38B
:10C140004F8F00BFFEE7000040F25000C2F2000037
:10C15000016839B10139016018BF7047002080F3D0
:10C16000118870474FF0100080F31188BFF36F8F74
:10C17000BFF34F8FFEE70000B0B50446002C08BFA8
:10C18000B0BD45F6545154F8040CA4F10805C2F2B0
:10C1900000010978002918BF4FF0004101420AD080
:10C1A0002A6892B14FF0100080F31188BFF36F8FAF
:10C1B000BFF34F8FFEE74FF0100080F31188BFF3FD
:10C1C0006F8FBFF34F8F00BFFEE7884344F8040C26
:10C1D00000F01AFA45F6805054F8042CC2F2000020
:10C1E00001681144016045F6F851C2F2000100BF38
:10C1F00008460168A942FBD34368C418AC4202BF99
:10C200001A4442600546AB188B420AD140F6EC63F3
:10C21000C2F200031B6899421FBF4B681A446A6050
:10C220000968A842296018BF056045F69850C2F217
:10C230000000016801310160BDE8B04000F0E6BFD8
:10C240004EF21000002144F6D352CEF20000C1F2AB
:10C2500062020160816040F20401C2F200010968DB
:10C26000A1FB02124FF0FF3101EB92114160072157
:10C270000160704745F6B45CC2F2000CDCF80020A7
:10C28000FAB1634653F8082FF2B1634653F8102F02
:10C29000E2B1634653F8182FD2B1634653F8202F0A
:10C2A000C2B1634653F8282FB2B1634653F8302F1A
:10C2B000A2B1634653F8382F002A18BF70470722EF
:10C2C0000DE0002263460AE0012208E0022206E0B7
:10C2D000032204E0042202E0052200E006221960A5
:10C2E0000CEBC2014860704770B515460E46044617
:10C2F000FFF704FF94F84400FF2804BF002084F8EF
:10C30000440094F84500FF2804BF002084F845004D
:10C31000FFF71AFFA06B28B904F1240031462A4622
:10C3200000F0C6F82046BDE87040FEF73DBE0000B4
:10C3300070B50446002C48D045F26860C2F2000097
:10C34000016841B14FF0100080F31188BFF36F8F87
:10C35000BFF34F8FFEE7016840F6E065C2F20005CB
:10C360000131016045F62860C2F2000006682868C5
:10C370000430FFF74DFE28683444B44244604FF067
:10C38000010028BF0020002809D040F6F060C2F26A
:10C390000000006829680431FFF77CFE10E040F6D9
:10C3A000E860C2F20000006829680431FFF772FEFD
:10C3B00045F68C50C2F2000001688C4238BF046020
:10C3C00000F024FF002818BF70BD4EF604504FF057
:10C3D0008051CEF200000160BFF34F8FBFF36F8F2B
:10C3E00070BD000045F69051C2F20001096801607D
:10C3F00045F62861C2F200010968416070470000FB
:10C4000045F634600121C2F200000160704700006F
:10C4100070B50C4630B340F6E065C2F200052968FD
:10C420001831FFF737FE45F62860C2F200000668B3
:10C4300028680430FFF7ECFD601C1CD028683444E9
:10C44000B44244604FF0010028BF0020E8B140F63C
:10C45000F060C2F20000006829680431BDE8704055
:10C46000FFF718BE4FF0100080F31188BFF36F8FF5
:10C47000BFF34F8FFEE72868011D45F60060C2F24A
:10C480000000BDE87040FFF723BE40F6E860C2F24E
:10C490000000006829680431FFF7FCFD45F68C5068
:10C4A000C2F2000001688C4238BF046070BD000019
:10C4B000F0B581B015460C4610B340F6E066C2F206
:10C4C000000631681831FFF703FE45F62860C2F216
:10C4D0000000076830680430FFF79AFD002D18BF90
:10C4E0004FF0FF3415D0601C13D13068011D45F6A4
:10C4F0000060C2F2000001B0BDE8F040FFF7E8BD07
:10C500004FF0100080F31188BFF36F8FBFF34F8F90
:10C51000FEE730683C44BC4244604FF0010028BF55
:10C52000002058B140F6F060C2F2000000683168A7
:10C53000043101B0BDE8F040FFF7ACBD40F6E86063
:10C54000C2F20000006831680431FFF7A3FD45F630
:10C550008C50C2F2000001688C4238BF046001B008
:10C56000F0BD000010B586B0002405A804A903AAF8
:10C57000CDE90444FFF75EFDDDE9032005990023C2
:10C58000CDE900404AF6693002911DA1C0F60000D5
:10C5900000F050FC45F684510028C2F2000108600A
:10C5A00022D000F0D5FE411C20D001281CD14FF034
:10C5B000100080F31188BFF36F8FBFF34F8F4FF0E0
:10C5C000FF3145F68C50C2F20000016045F6F45090
:10C5D0000121C2F20000016045F628600021C2F28C
:10C5E0000000016000F07EF806B010BD4FF01000B2
:10C5F00080F31188BFF36F8FBFF34F8FFEE700BF4B
:10C6000049444C450000000045F26860C2F2000059
:10C61000016801310160704745F26860C2F20000B4
:10C62000006800281FBF45F63460C2F200000121F7
:10C63000016018BF704710B545F6346040F6E064FD
:10C640000021C2F20000C2F2000401602068006B09
:10C650000168B1F1A53F0BD14168B1F1A53F04BF1D
:10C660008168B1F1A53F03D1C068B0F1A53F04D006
:10C67000206821683431FFF7FBFC45F2706C40F60E
:10C68000F862C2F2000CC2F20002DCF8001001EB0A
:10C69000810352F8230048B902EB8300A0F1140390
:10C6A000B1B153F8140901390028F9D001EB810028
:10C6B00002EB800353F8040F4268181D1A6082428F
:10C6C00004BF52681A60D0682060CCF8001010BD1A
:10C6D0004FF0100080F31188BFF36F8FBFF34F8FBF
:10C6E000FEE700004EF200404CF27021CEF2000056
:10C6F000C4F20F11D0F800294B1C9A4209D14FF017
:10C70000100080F31188BFF36F8FBFF34F8F00BF0E
:10C71000FEE7D0F800298A4209D14FF0100080F3DB
:10C720001188BFF36F8FBFF34F8F00BFFEE7B0B527
:10C7300084B0017845F25462C2F200020291FF21F6
:10C74000017001788DF807109DF8071001F01001B5
:10C75000117045F258610722C2F200010A609DF98A
:10C760000720B2F1FF3F49DC062200BF0A60013A10
:10C770009DF807305B008DF807309DF90730002BDE
:10C78000F4DB022A3AD14FF440720A600299017038
:10C79000D0F8201941F47001C0F82019D0F8201900
:10C7A00041F07041C0F82019FFF74AFD40F25004F3
:10C7B0000025C2F200042560FFF796FC4EF63470A7
:10C7C000CEF20000016841F040410160FEF71CFA22
:10C7D000FFF722FF039520684FF0100181F31188C5
:10C7E000BFF36F8FBFF34F8F013001D0FEE700BF63
:10C7F00003980028FCD0002004B0B0BD4FF010001A
:10C8000080F31188BFF36F8FBFF34F8FFEE70000F7
:10C8100080B54FF0100080F31188BFF36F8FBFF326
:10C820004F8F00F09BFB00281FBF4EF60450CEF246
:10C8300000004FF080510160002080F3118880BD1E
:10C84000B0B582B01C4660B1ACB1F1B9EAB14FF0FD
:10C85000100080F31188BFF36F8FBFF34F8F00BFBD
:10C86000FEE74FF0100080F31188BFF36F8FBFF326
:10C870004F8F00BFFEE74FF0100080F31188BFF329
:10C880006F8FBFF34F8F00BFFEE751B14AB94FF032
:10C89000100080F31188BFF36F8FBFF34F8F00BF7D
:10C8A000FEE75023069D0193019B502B2DD1019B48
:10C8B00000294FF0010384F8463008BF2246226069
:10C8C000C4E90F01FFF71AFC2068D4E90F1202FB3C
:10C8D00001030139A3600023A363606001FB020030
:10C8E000E060FF2084F8440084F8450004F1100063
:10C8F000FFF7C0FB04F12400FFF7BCFBFFF724FCAB
:10C9000084F84C50204602B0B0BD4FF0100080F3C8
:10C910001188BFF36F8FBFF34F8F00BFFEE700009A
:10C920002DE9F04F83B0044617461D460E46002CF5
:10C93000029714D0EEB1022D03D1E06B012840F034
:10C94000A38000F0F1FA00BBFFB14FF0100080F3BC
:10C950001188BFF36F8FBFF34F8F00BFFEE74FF01B
:10C96000100080F31188BFF36F8FBFF34F8F00BFAC
:10C97000FEE7206C0028DED04FF0100080F3118815
:10C98000BFF36F8FBFF34F8FFEE7FFF7B7FBA06BCF
:10C99000022D5AD0E16B884257D304F110086F463C
:10C9A0004FF0000A0298002800F07F80BAF1000FD3
:10C9B00004D13846FFF716FD4FF0010AFFF7C4FB1C
:10C9C000FFF722FEFFF79AFB94F84400FF2804BF0C
:10C9D000002084F8440094F84500FF2804BF00209C
:10C9E00084F84500FFF7B0FB384602A900F06CF967
:10C9F00000285DD1FFF782FBD4F838B0D4F83C9022
:10CA0000FFF7A2FBCB4515D102994046FFF700FD89
:10CA10002046FEF7C9FA00F0F9FB80B94EF6045043
:10CA20004FF08051CEF200000160BFF34F8FBFF393
:10CA30006F8F04E02046FEF7B7FA00F0E7FBFFF740
:10CA40005DFBA06BE16B8842ACD2A76B226C22B37A
:10CA5000BDB3E0683146F3F70CFCE168206C091ABD
:10CA6000E160226891423FBF4042A1680844E06013
:10CA7000002FA5F102013846B1FA81F118BF01205B
:10CA8000490908403F1A29E04FF0100080F311884F
:10CA9000BFF36F8FBFF34F8FFEE720680025E8B923
:10CAA000A06800F01BFBA56019E0FFF74DFB04E058
:10CAB0002046FEF779FA00F0A9FB002003B0BDE89C
:10CAC000F08F60683146F3F7D4FB6068216C08444E
:10CAD0006060A168884224BF206860600020791CE3
:10CAE000A16354F8241F79B1204600F043FBB8B18C
:10CAF0004EF604514FF08050CEF200010860BFF3B3
:10CB00004F8FBFF36F8F0BE050B14EF604514FF0D3
:10CB10008050CEF200010860BFF34F8FBFF36F8FDC
:10CB2000FFF712FB012003B0BDE8F08F2DE9F04FB5
:10CB300085B0044616460D46002C04960FD0002DF5
:10CB400046D000F0F1F9A0B99EB14FF0100080F38B
:10CB50001188BFF36F8FBFF34F8F00BFFEE74FF019
:10CB6000100080F31188BFF36F8FBFF34F8F00BFAA
:10CB7000FEE7FFF7C3FAD4F83890B9F1000F34D0CC
:10CB8000226C52B1E0688118E160A06881422846B9
:10CB900024BF2168E160F3F76CFBA9F10100A063F9
:10CBA00054F8100F70B1204600F0E4FA50B14EF680
:10CBB00004514FF08050CEF200010860BFF34F8F58
:10CBC000BFF36F8FFFF7C0FA012005B0BDE8F08F0B
:10CBD000206C0028B5D04FF0100080F31188BFF30F
:10CBE0006F8FBFF34F8F00BFFEE7002E65D004F1BB
:10CBF00024004FF0000A02AF0DF110084FF0000BB7
:10CC0000019000BFBBF1000F04D13846FFF7EAFBEB
:10CC10004FF0010BFFF798FAFFF7F6FCFFF76EFAFB
:10CC200094F84400FF2808BF84F844A094F8450015
:10CC3000FF2808BF84F845A0FFF786FA384641462A
:10CC400000F042F860B12046FEF7AEF900F0DEFADF
:10CC5000FFF754FAA66BFFF777FA1EBB2FE000BF71
:10CC6000FFF74CFAA66BFFF76FFA2EB12046FEF7DE
:10CC70009BF900F0CBFA15E004990198FFF7C8FB87
:10CC80002046FEF791F900F0C1FA58B94EF604506B
:10CC90004FF08051CEF200000160BFF34F8FBFF321
:10CCA0006F8F00BFFFF72AFAD4F83890B9F1000F60
:10CCB0007FF466AF04980028A4D1FFF745FA00205E
:10CCC00005B0BDE8F08F000070B504460D46CCB14C
:10CCD0000DB3FFF713FA45F6286EC2F2000EDEF828
:10CCE000002029684B1C20D045F6905CD4E9000355
:10CCF000C2F2000CDCF80060864218D09A4216D3CB
:10CD0000012424E04FF0100080F31188BFF36F8FEF
:10CD1000BFF34F8FFEE74FF0100080F31188BFF391
:10CD20006F8FBFF34F8F00BFFEE700240FE0D21AD2
:10CD3000914209D9881A2860DCF800002060DEF8EA
:10CD400000006060002402E0002001242860FFF75A
:10CD5000FBF9204670BD00002DE9F04F81B09046F0
:10CD6000824699460F464FEA88052846FEF75AF94B
:10CD700004465CB35C20FEF755F906461EB3DDF8A9
:10CD800028B0002034632946A52286F859002046A1
:10CD9000F3F781FA306B002F00EB8800A0F104005C
:10CDA00020F0070817D006F1340000217A5C4254C5
:10CDB0004A1C0F2A03D8795C00291146F6D10020BD
:10CDC00086F843000AE02046FFF7D6F94FF0FF301F
:10CDD00001B0BDE8F08F002086F83400BBF1370FBA
:10CDE00006F104004FF0000428BF4FF0370BC6F8DF
:10CDF0002CB0C6E913B4FFF749F906F11800FFF7A4
:10CE000045F9CBF13800366151464A46B06140469B
:10CE10007662746586F85840FEF756FA30600B98D3
:10CE2000002818BF06603046FDF7CCFD012001B098
:10CE3000BDE8F08F2DE9F04782B08246DDE90B04B2
:10CE4000994615460F4640B38CB35C210191019978
:10CE50005C2936D101990A9E2063A522022184F81B
:10CE60005910A900F3F717FA206B002F00EB85008B
:10CE7000A0F1040020F007082DD004F134000021B7
:10CE80007A5C42544A1C0F2A03D8795C0029114667
:10CE9000F6D1002084F8430020E04FF0100080F32A
:10CEA0001188BFF36F8FBFF34F8F00BFFEE74FF0C6
:10CEB000100080F31188BFF36F8FBFF34F8F00BF57
:10CEC000FEE74FF0100080F31188BFF36F8FBFF3C0
:10CED0004F8F00BFFEE7002084F83400372E04F1A6
:10CEE00004004FF0000528BF3726E662C4E9136549
:10CEF000FFF7CCF804F11800FFF7C8F8C6F13800C6
:10CF0000246151464A46A06140466462656584F8E2
:10CF10005850FEF7D9F920602046FDF753FD204612
:10CF200002B0BDE8F087000045F6F450C2F2000000
:10CF30000068002804BF0120704745F26860C2F213
:10CF4000000001680020002908BF0220704700008F
:10CF500045F62860C2F20000006870472DE9F04FE6
:10CF600081B045F26860C2F20000006840B145F649
:10CF70009C500024C2F2000001680131016089E088
:10CF800045F62860C2F2000001684E1C066053D0CE
:10CF900045F68C51C2F200010868864201D2002495
:10CFA0005FE040F6E867C2F20007386800680028D2
:10CFB00053D045F2706940F6F86A40F6E06B002401
:10CFC000C2F20009C2F2000AC2F2000B3868C0685F
:10CFD000D0F80C80454655F8040F864227D32846E2
:10CFE000FFF716F8D8F8280000281CBF08F1180031
:10CFF000FFF70EF8D8F82C00D9F80010884229461F
:10D0000088BFC9F8000000EB80000AEB8000FFF742
:10D010005FF8D8F82C00DBF80010C96A884228BFF6
:10D020000124386800680028D0D14FF0FF3045F661
:10D030008C51C2F2000113E040F6E860C2F2000039
:10D040000168096851B34FF0100080F31188BFF3F5
:10D050006F8FBFF34F8F00BFFEE74FF0FF3000240C
:10D06000086040F6E06040F6F861C2F20000C2F2EB
:10D0700000010068C06A00EB800051F82000012820
:10D0800045F63460C2F2000088BF01240068002821
:10D0900018BF0124204601B0BDE8F08F40F6F062D1
:10D0A0000168C2F2000213680360116045F69051F6
:10D0B000C2F200010A6801320A600168096821B100
:10D0C0000068C068C068406801E04FF0FF3045F676
:10D0D0008C51C2F2000108605AE70000B0B5044666
:10D0E000002C04BF0020B0BD40F6E060C2F200009A
:10D0F0000068A04209D04FF0100080F31188BFF300
:10D100006F8FBFF34F8F00BFFEE7206D38B301383C
:10D1100020654FF0000018BFB0BDE16AE26C91429B
:10D120001CD0251D2846FEF773FFE06CC0F13801C6
:10D13000E062A16145F27061C2F200010A689042AA
:10D1400088BF086040F6F86100EB8000C2F2000181
:10D1500001EB80002946FEF7BBFF0120B0BD4FF078
:10D16000100080F31188BFF36F8FBFF34F8F00BFA4
:10D17000FEE70000B0B5C068C5689DB105F11804B0
:10D180002046FEF745FF45F26860C2F200000068E5
:10D1900088B145F6A0502146C2F20000FEF798FF84
:10D1A0002C3521E04FF0100080F31188BFF36F8F12
:10D1B000BFF34F8FFEE72C1D2046FEF729FF45F2F7
:10D1C000706155F82C0FC2F200010A68904288BFC6
:10D1D000086040F6F86100EB8000C2F2000101EB4C
:10D1E00080002146FEF774FF40F6E0612868C2F235
:10D1F00000010968C96A88429CBF0020B0BD45F69D
:10D2000034610120C2F200010860B0BD2DE9F04F89
:10D2100081B045F26864C2F20004206868B1FEF78C
:10D220006DFF206801382060206880B10024FEF77F
:10D230008BFF204601B0BDE8F08F4FF0100080F367
:10D240001188BFF36F8FBFF34F8F00BFFEE745F22A
:10D250006060C2F200000068002846D045F6A05584
:10D26000C2F200052868002848D045F2706640F6F2
:10D27000F86840F6E06B45F634694FF0010AC2F2F7
:10D280000006C2F20008C2F2000BC2F2000900BFA1
:10D29000E868C76807F11800FEF7BAFE3C1D204693
:10D2A000FEF7B6FEF86A31688842214688BF3060D2
:10D2B00000EB800008EB8000FEF70AFFF86ADBF85D
:10D2C0000010C96A884228BFC9F800A02868002851
:10D2D000DED140F6E860C2F200000168096831B1B1
:10D2E0000068C068C068406803E000249FE74FF012
:10D2F000FF3045F68C51C2F20001086045F69C549F
:10D30000C2F20004256875B145F634660127C2F201
:10D31000000600BFFFF722FE002818BF3760013D5E
:10D32000F8D10020206045F63460C2F200000068A9
:10D3300060B14EF604504FF080510124CEF200004F
:10D340000160BFF34F8FBFF36F8F70E700246EE76C
:10D3500080B586B0FDF7C8FB45F62C60C2F2000030
:10D36000006800B3002004A903AACDE9040005A8C1
:10D37000FEF76EFEDDE9032005990223CDE90030BA
:10D380004AF6315002910DA10023C0F60000FFF7CC
:10D3900051FD45F630610028C2F2000108601EBF51
:10D3A000012006B080BD4FF0100080F31188BFF35C
:10D3B0006F8FBFF34F8F00BFFEE700BF546D722029
:10D3C000537663004100080218BF04200A0E18BFFC
:10D3D00040F001004FF07F4232EA010108BF40F007
:10D3E0000200012808BF05207047000010EE100A57
:10D3F00010B510EE901A4FF0684202EB40032DED8D
:10D40000028BB3F1654F3CBF02EB4102B2F1654FB5
:10D410007CD200BFC0F3C753C1F3C7529A1A1B2A6C
:10D4200009DD10F0004F14BF9FED6E0A9FED6E0AEC
:10D43000BDEC028B10BD12F11A0F1BDA11F0004F78
:10D4400009D010F0004F0CBF9FED680A9FED680AED
:10D45000BDEC028B10BD80EE208A18EE100AFFF79B
:10D46000B1FF042808BF00F009F9B0EE480ABDEC8E
:10D47000028B10BD4200B2EB410F37D910F0004FC4
:10D4800019BFDFED5C1A9FED5C1ADFED5C1A9FEDB2
:10D490005C1AB0EE602A0A46F1EE400A80F00041C4
:10D4A000B0EE420A10460A1A5200B2F1807F34D21E
:10D4B000484010F0004FDFED532A9FED533A1DBF57
:10D4C000BEEE002A71EEE21A31EE431AB6EE002AE1
:10D4D00004BF71EEA21A31EE031AF0EE402A42EEBA
:10D4E000602A40EE020A82EEA02A18E011F0004FF6
:10D4F00004BF9FED461AF0EE411AD4D010F0004F51
:10D500001CBFDFED431A9FED431A00E026E004BF85
:10D51000DFED411A9FED411AC5E780EE202A22EE89
:10D52000020ADFED3F0ADFED3F2ABDEC028B40EE41
:10D53000202ADFED3D0A40EE220ADFED3C2A40EED4
:10D54000202ADFED3B0A40EE220A22EE000A00EE1E
:10D55000201A31EE020A30EE210A10BD4FF07F4250
:10D56000B2EB400F28BFB2EB410F05D2BDEC028BEE
:10D57000BDE8104000F07FB840EA01035B0008BF3F
:10D5800041F0FF410BD0B2EB400F08BFB2EB410FAF
:10D5900008D120F0804000EE100A21F0804100EE1A
:10D5A000901A37E7B2EB400F12BF5FEA410240F03A
:10D5B000FF4001F000413FF42DAF4A0092EA4003E2
:10D5C0003FF528AF002AACBF9FED1A1A9FED1A1A3B
:10D5D00020EE010A60EE810A10EE100A10EE901A99
:10D5E00018E70000DB0FC9BFDB0FC93FDB0F494065
:10D5F000DB0F49C00000C9BF22AAFDB90000C93F26
:10D6000022AAFD390060ED3EC30ACE3700000000BB
:10D61000000049C022AA7DBA0000494022AA7D3AF2
:10D620002DAD65BD8FB8D53D0FB511BE61C84C3E5F
:10D63000A8AAAABE0000804F0000802F10B52DEDD3
:10D64000028BB1EEC08A18EE100A20F00040C0F143
:10D65000FF40C00F0AD010EE100A20F00040C0F1C9
:10D66000FF40C00F04BF012000F020F8B0EE480AD0
:10D67000BDEC028B10BD30EE200A70479FED020A10
:10D6800020EE000A704700000000001002E008C809
:10D69000121F08C1002AFAD170477047002001E02C
:10D6A00001C1121F002AFBD1704700000149086028
:10D6B0007047000000000020000000000000000093
:10D6C0000102030406070809000000000102030428
:10D6D0000BDE000800000000000000000000000059
:10D6E000000000000004000008000000000000002E
:10D6F00000000000010002000400060008000A000B
:10D700000C0010002000400080000001FCDD00083B
:10D710000000000000000000000000000000000009
:10D7200000020000280000000000000000000000CF
:10D73000D97300080001020304050607080C101441
:10D740001820304000000000000000000000000031
:10D750000200000020000000000200000020000085
:10D760000000020000002000000000020000002075
:10D770000100000010000000000100000010000087
:10D780000000010000001000000000010000001077
:10D790000800000080000000000800000080000079
:10D7A0000000080000008000000000080000008069
:10D7B000010101030701000008040204080101013E
:10D7C000081C3044586C809419DE000800000000EA
:10D7D0000000000000000000000000000002000047
:10D7E0001800000000000000000000008980000810
:10D7F000818000087D81000801820008958500086D
:10D800003D8400089580000823DBF93DC576773814
:10D81000C573B6380000C0414F0200000700000089
:10D8200031880008E1870008518800082588000831
:10D8300031890008F9880008BD8900087589000849
:10D8400011880008C589000835B2000831B2000807
:10D850002DB20008900158022003000025DE0008C8
:10D86000C9BE00083ADE0008DDBE000845DE00083B
:10D87000F1BE000850DE000805BF00088EDE00087B
:10D880002DBF00087BDE0008BDBF0008ADDE00082C
:10D89000D1BF0008B4DE0008E1BF00085DDE00086B
:10D8A00019BF000864DE000841BF0008BBDE0008A5
:10D8B00079BE000876DE00087DBF000825DE00087E
:10D8C000C9BE00083ADE0008DDBE000845DE0008DB
:10D8D000F1BE000850DE000805BF00088EDE00081B
:10D8E0002DBF00087BDE0008BDBF00089FDE0008DA
:10D8F000F1BF0008A6DE000801C0000828DE00080D
:10D9000089BE00083DDE000899BE000848DE000818
:10D91000A9BE000876DE00087DBF000825DE0008ED
:10D92000C9BE00083ADE0008DDBE000845DE00087A
:10D93000F1BE00088EDE00082DBF00086BDE000877
:10D94000CDBF00087BDE0008BDBF000864DE000814
:10D9500055BF000891DE0008ADBF000884DE000856
:10D9600095BF000853DE000899BF000830DE0008AC
:10D9700069BF0008C4DE0008B9BE000825DE000843
:10D98000C9BE00083ADE0008DDBE000845DE00081A
:10D99000F1BE000850DE000805BF00088EDE00085A
:10D9A0002DBF00087BDE0008BDBF0008ADDE00080B
:10D9B000D1BF0008B4DE0008E1BF000884DE000823
:10D9C00095BF000853DE000899BF000864DE000818
:10D9D00055BF000876DE00087DBF0008000000008B
:10D9E0005CD80008010000001CD9000802000000FB
:10D9F0007CD9000803000000BCD80008000000002B
:10DA0000B10AC93C2EFB483D04A9963D36BDC83D30
:10DA100073B2FA3D8340163EA2102F3EC2C5473E68
:10DA2000135C603ECCCF783E938E883E32A0943E0D
:10DA3000E59AA03ED47CAC3E2A44B83E15EFC33EE6
:10DA4000CA7BCF3E80E8DA3E7533E63EEA5AF13EC5
:10DA5000275DFC3E3D9C033F9BF5083FDA390E3FB6
:10DA60002A68133FC07F183FD17F1D3F9967223F2F
:10DA70005636273F4AEB2B3FBB85303FF304353FFB
:10DA80004268393FF9AE3D3F70D8413F03E4453F1E
:10DA900012D1493F029F4D3F3D4D513F31DB543F35
:10DAA0005348583F1A945B3F05BE5E3F97C5613FA0
:10DAB00059AA643FD86B673FA7096A3F5E836C3FF2
:10DAC0009ED86E3F0809713F4714733F0BFA743FAD
:10DAD00007BA763FF853783F9DC7793FBE147B3F26
:10DAE000283B7C3FAC3A7D3F23137E3F6DC47E3F95
:10DAF0006D4E7F3F0FB17F3F43EC7F3F0000803F83
:10DB000043EC7F3F0FB17F3F6D4E7F3F6DC47E3F43
:10DB100023137E3FAC3A7D3F283B7C3FBE147B3FC6
:10DB20009DC7793FF853783F07BA763F0BFA743FA9
:10DB30004714733F0809713F9ED86E3F5E836C3F68
:10DB4000A7096A3FD86B673F59AA643F97C5613FF1
:10DB500005BE5E3F1A945B3F5348583F31DB543F4C
:10DB60003D4D513F029F4D3F12D1493F03E4453F98
:10DB700070D8413FF9AE3D3F4268393FF304353F2D
:10DB8000BB85303F4AEB2B3F5636273F9967223FF4
:10DB9000D17F1D3FC07F183F2A68133FDA390E3FFF
:10DBA0009BF5083F3D9C033F275DFC3EEA5AF13E52
:10DBB0007533E63E80E8DA3ECA7BCF3E15EFC33EC2
:10DBC0002A44B83ED47CAC3EE59AA03E32A0943EB6
:10DBD000938E883ECCCF783E135C603EC2C5473EF4
:10DBE000A2102F3E8340163E73B2FA3D36BDC83DAB
:10DBF00004A9963D2EFB483DB10AC93C0000000037
:10DC0000B10AC9BC2EFB48BD04A996BD36BDC8BD2E
:10DC100073B2FABD834016BEA2102FBEC2C547BE66
:10DC2000135C60BECCCF78BE938E88BE32A094BE0B
:10DC3000E59AA0BED47CACBE2A44B8BE15EFC3BEE4
:10DC4000CA7BCFBE80E8DABE7533E6BEEA5AF1BEC3
:10DC5000275DFCBE3D9C03BF9BF508BFDA390EBFB4
:10DC60002A6813BFC07F18BFD17F1DBF996722BF2D
:10DC7000563627BF4AEB2BBFBB8530BFF30435BFF9
:10DC8000426839BFF9AE3DBF70D841BF03E445BF1C
:10DC900012D149BF029F4DBF3D4D51BF31DB54BF33
:10DCA000534858BF1A945BBF05BE5EBF97C561BF9E
:10DCB00059AA64BFD86B67BFA7096ABF5E836CBFF0
:10DCC0009ED86EBF080971BF471473BF0BFA74BFAB
:10DCD00007BA76BFF85378BF9DC779BFBE147BBF24
:10DCE000283B7CBFAC3A7DBF23137EBF6DC47EBF93
:10DCF0006D4E7FBF0FB17FBF43EC7FBF000080BF81
:10DD000043EC7FBF0FB17FBF6D4E7FBF6DC47EBF41
:10DD100023137EBFAC3A7DBF283B7CBFBE147BBFC4
:10DD20009DC779BFF85378BF07BA76BF0BFA74BFA7
:10DD3000471473BF080971BF9ED86EBF5E836CBF66
:10DD4000A7096ABFD86B67BF59AA64BF97C561BFEF
:10DD500005BE5EBF1A945BBF534858BF31DB54BF4A
:10DD60003D4D51BF029F4DBF12D149BF03E445BF96
:10DD700070D841BFF9AE3DBF426839BFF30435BF2B
:10DD8000BB8530BF4AEB2BBF563627BF996722BFF2
:10DD9000D17F1DBFC07F18BF2A6813BFDA390EBFFD
:10DDA0009BF508BF3D9C03BF275DFCBEEA5AF1BE50
:10DDB0007533E6BE80E8DABECA7BCFBE15EFC3BEC0
:10DDC0002A44B8BED47CACBEE59AA0BE32A094BEB4
:10DDD000938E88BECCCF78BE135C60BEC2C547BEF2
:10DDE000A2102FBE834016BE73B2FABD36BDC8BDA9
:10DDF00004A996BD2EFB48BDB10AC9BC5541525479
:10DE00005F444D415F444542554700434C495F5391
:10DE100068656C6C5461736B0064656661756C74E5
:10DE20005461736B00696100647574795F7461009B
:10DE30006973725F64656C74610069620064757413
:10DE4000795F746200696300647574795F7463005C
:10DE50006964006F6D6567615F7265660069645F24
:10DE60007265660069715F726566007468657461E9
:10DE70005F6D656368006D61726B007468657461E5
:10DE80005F656C006F6D6567615F706C6C006971D8
:10DE900000706C6C5F6F6D6567615F6572720076B4
:10DEA000645F6573740076715F6573740075645F99
:10DEB0006F75740075715F6F757400647574795F48
:10DEC00064657600656E635F72617700F0DE00085E
:10DED00000000020580000008CD6000848DF000831
:10DEE00058000020E06100009CD6000800000000FF
:10DEF000000000000024F400FF00000030D70008FC
:10DF00000000000048D800080000000000000000E9
:10DF1000000102009F0F000030D700080000000041
:10DF200048D80008000000000000000000010200C6
:10DF30009F0F00000000803F010000001000000063
:10DF4000AAAAAAAA00000000FFFFFFFFFFFFFFFF31
:10DF5000FFFFFFFFFFFFFFFFFFFFFFFFFFFFFFFFD1
:10DF6000FFFFFFFFFFFFFFFFFFFFFFFFFFFFFFFFC1
:10DF7000FFFFFFFFFFFFFFFFFFFFFFFFFFFFFFFFB1
:10DF8000FFFFFFFFFFFFFFFFFFFFFFFFFFFFFFFFA1
:10DF9000FFFFFFFFFFFFFFFFFFFFFFFFFFFFFFFF91
:10DFA000FFFFFFFFFFFFFFFFFFFFFFFFFFFFFFFF81
:10DFB000FFFFFFFFFFFFFFFFFFFFFFFFFFFFFFFF71
:10DFC000FFFFFFFFFFFFFFFFFFFFFFFFFFFFFFFF61
:10DFD000FFFFFFFFFFFFFFFFFFFFFFFFFFFFFFFF51
:10DFE000FFFFFFFFFFFFFFFFFFFFFFFFFFFFFFFF41
:10DFF000FFFFFFFFFFFFFFFFFFFFFFFFFFFFFFFF31
:04000005080001D915
:00000001FF
